BusinessTravel_Travel_Frequently,BusinessTravel_Travel_Rarely,Department_Research & Development,Department_Sales,EducationField_Life Sciences,EducationField_Marketing,EducationField_Medical,EducationField_Other,EducationField_Technical Degree,JobRole_Human Resources,JobRole_Laboratory Technician,JobRole_Manager,JobRole_Manufacturing Director,JobRole_Research Director,JobRole_Research Scientist,JobRole_Sales Executive,JobRole_Sales Representative,MaritalStatus_Married,MaritalStatus_Single,OverTime_Yes,Age,DistanceFromHome,Education,EnvironmentSatisfaction,JobInvolvement,JobSatisfaction,NumCompaniesWorked,PercentSalaryHike,RelationshipSatisfaction,StockOptionLevel,TotalWorkingYears,TrainingTimesLastYear,WorkLifeBalance,YearsAtCompany,YearsInCurrentRole,YearsSinceLastPromotion,YearsWithCurrManager,YearsWithCurrManager_Ratio,YearsSinceLastPromotion_Ratio,CompanyTenure_Ratio,MonthlyIncome_Log
0.0,1.0,0.0,1.0,1.0,0.0,0.0,0.0,0.0,0.0,0.0,1.0,0.0,0.0,0.0,0.0,0.0,0.0,0.0,0.0,0.8461538461538461,-0.4166666666666667,0.5,-0.5,1.0,-0.5,1.3333333333333333,0.0,0.0,2.0,2.111111111111111,-1.0,0.0,-0.2857142857142857,-0.2,0.0,-0.2,0.0,0.25000000000000006,-1.177331759149941,1.1058222794571402
0.0,1.0,1.0,0.0,0.0,0.0,0.0,0.0,1.0,0.0,1.0,0.0,0.0,0.0,0.0,0.0,0.0,1.0,0.0,0.0,-1.0769230769230769,-0.4166666666666667,-1.0,0.0,0.0,0.5,-0.6666666666666666,0.0,0.0,0.0,-0.7777777777777778,-1.0,0.0,-0.42857142857142855,-0.4,0.3333333333333333,-0.4,-0.5000000000000001,1.222222222222222,-0.30460448642266824,-0.6525098821022217
0.0,1.0,0.0,1.0,0.0,1.0,0.0,0.0,0.0,0.0,0.0,1.0,0.0,0.0,0.0,0.0,0.0,1.0,0.0,0.0,0.7692307692307693,-0.3333333333333333,-1.0,-1.0,0.0,0.0,0.3333333333333333,-0.3333333333333333,0.5,0.0,1.4444444444444444,0.0,0.0,1.0,1.2,1.0,1.2,0.5769230769230769,0.3846153846153847,-0.30460448642266824,1.190978621192994
0.0,1.0,0.0,1.0,0.0,0.0,1.0,0.0,0.0,0.0,0.0,0.0,0.0,0.0,0.0,0.0,1.0,1.0,0.0,0.0,-0.8461538461538461,0.5,-1.0,-0.5,0.0,0.0,-0.3333333333333333,-0.5,0.0,-1.0,-0.3333333333333333,-2.0,0.0,0.2857142857142857,0.2,-0.3333333333333333,0.6,0.75,-0.3333333333333333,0.5135773317591499,-0.8291357132451759
1.0,0.0,1.0,0.0,0.0,0.0,1.0,0.0,0.0,0.0,1.0,0.0,0.0,0.0,0.0,0.0,0.0,0.0,0.0,1.0,0.5384615384615384,0.16666666666666666,1.0,0.5,0.0,0.0,0.3333333333333333,-0.16666666666666666,-0.5,0.0,0.0,0.0,0.0,0.42857142857142855,0.8,1.0,0.8,0.8333333333333334,0.7037037037037037,0.19126328217237307,0.1204721628938825
0.0,1.0,1.0,0.0,0.0,0.0,1.0,0.0,0.0,0.0,0.0,0.0,0.0,0.0,1.0,0.0,0.0,1.0,0.0,1.0,-0.6153846153846154,-0.4166666666666667,0.5,-1.0,-2.0,0.5,1.0,-0.16666666666666666,0.5,-1.0,-0.5555555555555556,1.0,-1.0,-0.2857142857142857,-0.2,0.3333333333333333,-0.2,0.0,0.8333333333333334,-0.30460448642266824,-0.35053585349203414
0.0,1.0,1.0,0.0,1.0,0.0,0.0,0.0,0.0,0.0,0.0,0.0,0.0,0.0,1.0,0.0,0.0,1.0,0.0,0.0,1.1538461538461537,-0.5,0.0,0.0,0.0,0.5,-0.3333333333333333,-0.5,-0.5,-1.0,-1.0,-3.0,-1.0,-0.5714285714285714,-0.6,-0.3333333333333333,-0.6,-1.5,-0.3333333333333333,-0.30460448642266824,-0.5798377026448457
1.0,0.0,1.0,0.0,1.0,0.0,0.0,0.0,0.0,0.0,0.0,0.0,1.0,0.0,0.0,0.0,0.0,1.0,0.0,0.0,0.5384615384615384,1.6666666666666667,0.0,0.0,0.0,-1.0,2.0,-0.5,0.0,0.0,0.8888888888888888,-2.0,0.0,0.42857142857142855,0.8,-0.3333333333333333,-0.4,-1.1666666666666667,-0.3333333333333333,-0.4768532902504195,0.7347145742623455
0.0,1.0,0.0,1.0,1.0,0.0,0.0,0.0,0.0,0.0,0.0,0.0,0.0,0.0,0.0,1.0,0.0,1.0,0.0,0.0,0.3076923076923077,0.5833333333333334,-0.5,0.5,0.0,-1.0,-0.3333333333333333,0.16666666666666666,0.0,0.0,-0.5555555555555556,-1.0,0.0,0.0,0.2,0.0,-0.2,-0.5000000000000001,0.05555555555555555,0.42266824085005905,-0.07225901049137858
0.0,1.0,0.0,1.0,0.0,1.0,0.0,0.0,0.0,0.0,0.0,0.0,0.0,0.0,0.0,1.0,0.0,1.0,0.0,1.0,-0.6923076923076923,0.25,0.0,0.5,-1.0,0.5,-0.3333333333333333,-0.5,0.5,-1.0,-0.4444444444444444,0.0,0.0,0.14285714285714285,-0.2,1.0,0.2,0.2142857142857142,1.0,0.4746162927981108,0.13545408727346175
0.0,1.0,0.0,1.0,1.0,0.0,0.0,0.0,0.0,0.0,0.0,0.0,0.0,0.0,0.0,0.0,1.0,0.0,1.0,0.0,0.0,0.16666666666666666,0.5,0.0,-1.0,-1.0,1.6666666666666667,1.5,-0.5,-1.0,0.0,1.0,0.0,0.0,0.0,-0.3333333333333333,0.0,0.0,-0.3333333333333333,-0.40377804014167656,-0.36634324109261956
0.0,1.0,1.0,0.0,1.0,0.0,0.0,0.0,0.0,0.0,0.0,0.0,0.0,1.0,0.0,0.0,0.0,0.0,0.0,0.0,-0.5384615384615384,-0.5,0.0,0.5,-1.0,0.5,0.3333333333333333,0.0,-0.5,1.0,-0.1111111111111111,-1.0,-1.0,0.2857142857142857,0.8,0.0,0.8,1.125,-0.04166666666666665,0.13175914994096796,1.1148481789914095
0.0,1.0,1.0,0.0,0.0,0.0,0.0,1.0,0.0,0.0,0.0,0.0,0.0,0.0,1.0,0.0,0.0,1.0,0.0,0.0,0.6923076923076923,0.08333333333333333,0.5,0.5,0.0,0.5,2.3333333333333335,0.0,-1.0,1.0,0.2222222222222222,0.0,0.0,0.7142857142857143,1.2,2.6666666666666665,1.0,0.6818181818181819,1.575757575757576,0.2828081009899192,-0.28851527001494875
0.0,1.0,1.0,0.0,1.0,0.0,0.0,0.0,0.0,0.0,1.0,0.0,0.0,0.0,0.0,0.0,0.0,0.0,1.0,0.0,-1.0,1.0833333333333333,-1.0,-1.0,0.0,0.0,-0.6666666666666666,0.0,-0.5,-1.0,-0.5555555555555556,-1.0,0.0,-0.14285714285714285,0.0,0.0,-0.2,-0.29999999999999993,0.1333333333333334,0.059031877213695266,-0.7523310048802898
1.0,0.0,1.0,0.0,0.0,0.0,1.0,0.0,0.0,0.0,0.0,0.0,0.0,0.0,0.0,0.0,0.0,0.0,1.0,0.0,-0.15384615384615385,-0.5,0.0,0.5,-1.0,-1.0,-0.6666666666666666,1.0,0.0,-1.0,0.4444444444444444,0.0,0.0,1.1428571428571428,1.2,1.0,1.2,0.4285714285714287,0.3333333333333333,0.49539551357733175,0.06236144479309353
0.0,1.0,1.0,0.0,1.0,0.0,0.0,0.0,0.0,0.0,1.0,0.0,0.0,0.0,0.0,0.0,0.0,0.0,1.0,0.0,-1.3076923076923077,-0.4166666666666667,0.0,-0.5,-1.0,0.5,-0.3333333333333333,1.3333333333333333,0.0,-1.0,-1.0,0.0,-1.0,-0.5714285714285714,-0.6,0.0,-0.6,-1.5,0.8333333333333334,-0.30460448642266824,-1.4414116660950496
0.0,1.0,1.0,0.0,0.0,0.0,1.0,0.0,0.0,0.0,0.0,0.0,0.0,0.0,0.0,0.0,0.0,1.0,0.0,0.0,0.6153846153846154,0.6666666666666666,0.0,-1.0,0.0,0.5,-0.3333333333333333,-0.5,0.5,0.0,0.0,-1.0,0.0,0.7142857142857143,0.8,-0.3333333333333333,0.4,-0.1363636363636364,-0.3333333333333333,0.5879574970484059,0.4443595714463806
0.0,0.0,1.0,0.0,0.0,0.0,0.0,0.0,1.0,0.0,0.0,0.0,0.0,0.0,1.0,0.0,0.0,1.0,0.0,0.0,0.8461538461538461,0.5833333333333334,0.5,0.0,0.0,-0.5,2.0,0.6666666666666666,0.0,0.0,0.6666666666666666,1.0,1.0,0.42857142857142855,0.8,0.0,0.8,0.8333333333333334,-0.07407407407407407,-0.3687756094173207,0.08422175517601663
0.0,1.0,0.0,1.0,0.0,0.0,0.0,0.0,1.0,0.0,0.0,0.0,0.0,0.0,0.0,1.0,0.0,1.0,0.0,0.0,-0.38461538461538464,0.0,0.0,-0.5,1.0,0.5,0.6666666666666666,-0.5,-0.5,0.0,0.0,0.0,-1.0,0.42857142857142855,0.8,2.0,0.8,0.8333333333333334,1.4814814814814814,0.19126328217237307,0.3100314889186781
1.0,0.0,1.0,0.0,0.0,0.0,1.0,0.0,0.0,0.0,0.0,0.0,0.0,0.0,0.0,0.0,0.0,1.0,0.0,1.0,0.7692307692307693,-0.5,0.0,0.0,-1.0,-1.0,0.0,-0.16666666666666666,0.0,0.0,1.2222222222222223,2.0,-1.0,0.7142857142857143,1.2,2.6666666666666665,0.4,-0.1363636363636364,1.575757575757576,-0.40377804014167656,0.7216796566807143
0.0,1.0,1.0,0.0,0.0,0.0,1.0,0.0,0.0,0.0,0.0,0.0,0.0,0.0,1.0,0.0,0.0,1.0,0.0,0.0,-0.23076923076923078,0.16666666666666666,0.0,-1.0,0.0,0.5,-0.6666666666666666,-0.16666666666666666,-0.5,0.0,0.5555555555555556,2.0,0.0,1.2857142857142858,1.4,1.0,1.4,0.4999999999999999,0.2888888888888889,0.5135773317591499,-0.559759284955843
0.0,1.0,0.0,1.0,1.0,0.0,0.0,0.0,0.0,0.0,0.0,0.0,0.0,0.0,0.0,1.0,0.0,0.0,1.0,0.0,0.15384615384615385,-0.5,0.5,-1.0,-1.0,0.5,0.6666666666666666,1.3333333333333333,0.0,-1.0,0.2222222222222222,-1.0,1.0,0.42857142857142855,0.0,-0.3333333333333333,0.8,0.8333333333333334,-0.3333333333333333,-0.052856234674416455,0.5253782162758102
0.0,1.0,1.0,0.0,1.0,0.0,0.0,0.0,0.0,0.0,1.0,0.0,0.0,0.0,0.0,0.0,0.0,0.0,1.0,0.0,0.0,-0.16666666666666666,-0.5,0.5,0.0,-0.5,2.0,0.3333333333333333,0.5,-1.0,0.6666666666666666,0.0,1.0,1.1428571428571428,1.6,0.6666666666666666,0.8,0.0,0.16666666666666666,0.2729356205292032,0.1591069228161291
0.0,1.0,0.0,0.0,1.0,0.0,0.0,0.0,0.0,1.0,0.0,0.0,0.0,0.0,0.0,0.0,0.0,0.0,1.0,0.0,0.7692307692307693,-0.5,-0.5,0.5,0.0,-1.0,1.3333333333333333,-0.3333333333333333,0.0,-1.0,0.0,0.0,1.0,0.2857142857142857,0.6,1.3333333333333333,0.8,1.125,1.125,-0.00708382526564351,-0.3618795456765013
0.0,1.0,1.0,0.0,1.0,0.0,0.0,0.0,0.0,0.0,0.0,0.0,0.0,0.0,0.0,0.0,0.0,0.0,1.0,0.0,0.38461538461538464,-0.16666666666666666,0.0,-0.5,1.0,-0.5,0.3333333333333333,-0.3333333333333333,-1.0,-1.0,0.1111111111111111,0.0,-2.0,-0.2857142857142857,-0.2,0.0,-0.2,0.0,0.25000000000000006,-0.8500590318772137,0.30188321284388403
0.0,1.0,0.0,1.0,0.0,1.0,0.0,0.0,0.0,0.0,0.0,0.0,0.0,0.0,0.0,0.0,1.0,0.0,1.0,0.0,-1.2307692307692308,1.1666666666666667,0.0,0.0,1.0,0.5,-0.3333333333333333,0.5,0.5,-1.0,-0.8888888888888888,-1.0,0.0,-0.42857142857142855,-0.4,0.3333333333333333,-0.2,0.4999999999999999,1.222222222222222,0.059031877213695266,-0.5957125377189686
0.0,1.0,0.0,1.0,0.0,0.0,0.0,0.0,1.0,0.0,0.0,0.0,0.0,0.0,0.0,1.0,0.0,1.0,0.0,0.0,-0.38461538461538464,-0.16666666666666666,0.0,-1.0,0.0,0.0,-0.3333333333333333,0.8333333333333334,0.0,0.0,-0.4444444444444444,0.0,0.0,0.0,-0.2,-0.3333333333333333,-0.2,-0.5000000000000001,-0.3333333333333333,0.16292798110979928,0.4873293612305547
0.0,0.0,1.0,0.0,0.0,0.0,1.0,0.0,0.0,0.0,0.0,0.0,0.0,0.0,1.0,0.0,0.0,0.0,0.0,1.0,-0.38461538461538464,-0.3333333333333333,-0.5,0.0,0.0,-1.0,-0.3333333333333333,-0.16666666666666666,0.5,0.0,-0.6666666666666666,0.0,1.0,-0.14285714285714285,-0.2,0.3333333333333333,0.0,0.29999999999999993,0.6000000000000001,0.34994096812278636,-0.4671244406387421
0.0,1.0,0.0,1.0,0.0,1.0,0.0,0.0,0.0,0.0,0.0,1.0,0.0,0.0,0.0,0.0,0.0,1.0,0.0,0.0,0.7692307692307693,-0.4166666666666667,0.0,0.0,0.0,-1.0,2.0,1.5,-1.0,-1.0,2.0,-1.0,0.0,3.0,2.4,4.666666666666667,1.2,-0.5000000000000001,0.9629629629629631,0.5605992753328176,1.1679498405443323
0.0,1.0,1.0,0.0,0.0,0.0,1.0,0.0,0.0,0.0,0.0,0.0,0.0,1.0,0.0,0.0,0.0,1.0,0.0,1.0,1.3076923076923077,-0.3333333333333333,0.5,0.0,0.0,0.0,0.3333333333333333,0.3333333333333333,0.5,2.0,1.2222222222222223,2.0,-1.0,0.0,0.0,0.0,0.0,0.0,0.05555555555555555,-0.8996458087367177,1.197449598111496
0.0,1.0,1.0,0.0,0.0,0.0,0.0,0.0,1.0,0.0,1.0,0.0,0.0,0.0,0.0,0.0,0.0,0.0,0.0,0.0,-0.9230769230769231,1.1666666666666667,-0.5,0.0,-1.0,-1.0,-0.6666666666666666,0.0,-0.5,2.0,-0.8888888888888888,0.0,0.0,-0.5714285714285714,-0.4,-0.3333333333333333,-0.6,-1.5,-0.3333333333333333,-0.6682408500590319,-0.7423213139531896
0.0,1.0,1.0,0.0,1.0,0.0,0.0,0.0,0.0,0.0,1.0,0.0,0.0,0.0,0.0,0.0,0.0,1.0,0.0,0.0,1.2307692307692308,0.3333333333333333,0.5,0.5,0.0,0.0,2.0,1.0,-0.5,0.0,-0.1111111111111111,0.0,0.0,0.0,-0.2,0.0,0.2,0.4999999999999999,0.05555555555555555,-0.30460448642266824,-0.44136619074763767
1.0,0.0,1.0,0.0,0.0,0.0,1.0,0.0,0.0,0.0,1.0,0.0,0.0,0.0,0.0,0.0,0.0,0.0,1.0,0.0,0.0,-0.3333333333333333,-0.5,0.5,0.0,-0.5,0.6666666666666666,-0.3333333333333333,0.0,-1.0,0.3333333333333333,0.0,-1.0,0.42857142857142855,0.8,2.0,-0.2,-0.8333333333333334,1.4814814814814814,-0.14876033057851248,-0.8327783253400546
0.0,1.0,1.0,0.0,0.0,0.0,0.0,1.0,0.0,0.0,1.0,0.0,0.0,0.0,0.0,0.0,0.0,1.0,0.0,1.0,-0.5384615384615384,0.5,-0.5,0.5,-1.0,-0.5,0.6666666666666666,-0.16666666666666666,-1.0,0.0,0.0,-1.0,0.0,-0.14285714285714285,0.0,-0.3333333333333333,0.0,0.29999999999999993,-0.3333333333333333,-0.602125147579693,-0.20752842736917
0.0,1.0,1.0,0.0,0.0,0.0,1.0,0.0,0.0,0.0,1.0,0.0,0.0,0.0,0.0,0.0,0.0,0.0,0.0,0.0,-0.6153846153846154,0.8333333333333334,-0.5,0.0,0.0,-1.0,-0.3333333333333333,-0.3333333333333333,0.5,0.0,0.0,-1.0,0.0,0.7142857142857143,-0.6,0.0,1.0,0.6818181818181819,-0.12121212121212119,0.5879574970484059,-0.08904230664387168
0.0,1.0,1.0,0.0,1.0,0.0,0.0,0.0,0.0,0.0,0.0,1.0,0.0,0.0,0.0,0.0,0.0,1.0,0.0,0.0,0.46153846153846156,-0.4166666666666667,0.0,-1.0,0.0,0.0,1.0,-0.5,-1.0,-1.0,1.5555555555555556,-1.0,-1.0,2.4285714285714284,0.6,1.0,2.2,0.32608695652173925,0.07246376811594205,0.5244864226682407,1.265217097165389
0.0,1.0,0.0,1.0,0.0,0.0,1.0,0.0,0.0,0.0,0.0,0.0,0.0,0.0,0.0,0.0,1.0,0.0,1.0,1.0,-1.1538461538461537,-0.16666666666666666,-1.0,0.0,0.0,-1.0,-0.3333333333333333,-0.5,0.5,-1.0,-0.8888888888888888,3.0,0.0,-0.42857142857142855,-0.2,0.0,-0.2,0.4999999999999999,0.4444444444444444,0.059031877213695266,-0.7080928519364565
0.0,1.0,1.0,0.0,0.0,0.0,1.0,0.0,0.0,0.0,0.0,0.0,0.0,0.0,1.0,0.0,0.0,1.0,0.0,0.0,1.2307692307692308,0.08333333333333333,0.5,0.0,-1.0,-0.5,0.0,0.16666666666666666,-1.0,-1.0,0.1111111111111111,0.0,-1.0,0.42857142857142855,-0.2,2.0,0.8,0.8333333333333334,1.4814814814814814,0.059031877213695266,-0.012167063728652104
0.0,1.0,1.0,0.0,0.0,0.0,1.0,0.0,0.0,0.0,0.0,0.0,0.0,0.0,1.0,0.0,0.0,1.0,0.0,0.0,-1.0769230769230769,-0.08333333333333333,-1.0,-1.0,0.0,0.0,-0.6666666666666666,1.0,0.5,-1.0,-0.7777777777777778,0.0,0.0,-0.42857142857142855,-0.2,0.3333333333333333,-0.2,0.4999999999999999,1.222222222222222,-0.30460448642266824,-0.562503699319202
0.0,0.0,1.0,0.0,1.0,0.0,0.0,0.0,0.0,0.0,0.0,0.0,0.0,0.0,1.0,0.0,0.0,1.0,0.0,0.0,-0.15384615384615385,-0.3333333333333333,0.5,0.0,-1.0,0.5,0.3333333333333333,0.5,0.5,2.0,-0.4444444444444444,-1.0,0.0,-0.7142857142857143,-0.6,-0.3333333333333333,-0.6,-1.5,-0.3333333333333333,-1.395513577331759,-0.49423766917991907
0.0,1.0,0.0,1.0,0.0,1.0,0.0,0.0,0.0,0.0,0.0,0.0,0.0,0.0,0.0,1.0,0.0,1.0,0.0,0.0,0.0,0.75,0.5,0.0,-1.0,-1.0,0.6666666666666666,-0.16666666666666666,-1.0,1.0,0.1111111111111111,0.0,-1.0,-0.2857142857142857,-0.2,-0.3333333333333333,-0.2,0.0,-0.3333333333333333,-0.8500590318772137,0.11508798343626096
0.0,1.0,1.0,0.0,0.0,0.0,1.0,0.0,0.0,0.0,0.0,1.0,0.0,0.0,0.0,0.0,0.0,1.0,0.0,1.0,-0.23076923076923078,0.6666666666666666,-1.0,-0.5,0.0,0.0,1.6666666666666667,-0.3333333333333333,0.5,-1.0,0.5555555555555556,-1.0,1.0,0.2857142857142857,0.6,2.0,0.8,1.125,1.7083333333333335,-0.4409681227863046,0.9533222262583121
0.0,1.0,1.0,0.0,1.0,0.0,0.0,0.0,0.0,0.0,0.0,0.0,1.0,0.0,0.0,0.0,0.0,1.0,0.0,0.0,-1.0769230769230769,-0.5,-0.5,0.5,-1.0,0.5,1.3333333333333333,1.3333333333333333,-1.0,1.0,-0.6666666666666666,-1.0,-2.0,-0.42857142857142855,-0.2,0.3333333333333333,-0.2,0.4999999999999999,1.222222222222222,-0.5227863046044864,-0.044727864151741625
0.0,1.0,1.0,0.0,0.0,0.0,0.0,0.0,1.0,0.0,0.0,1.0,0.0,0.0,0.0,0.0,0.0,0.0,0.0,0.0,1.5384615384615385,-0.25,0.5,0.5,0.0,-1.0,0.6666666666666666,-0.16666666666666666,0.5,0.0,2.0,-1.0,0.0,0.0,-0.2,1.0,-0.2,-0.5000000000000001,1.222222222222222,-1.0193380287424174,1.3174148718223857
0.0,1.0,1.0,0.0,1.0,0.0,0.0,0.0,0.0,0.0,0.0,0.0,0.0,0.0,0.0,0.0,0.0,0.0,0.0,1.0,-0.5384615384615384,0.0,0.0,0.0,0.0,0.5,-0.3333333333333333,-0.5,-0.5,1.0,-0.4444444444444444,-1.0,0.0,0.14285714285714285,-0.6,0.0,-0.6,-1.5,0.0,0.4746162927981108,0.2669937565537454
0.0,1.0,0.0,1.0,1.0,0.0,0.0,0.0,0.0,0.0,0.0,0.0,0.0,0.0,0.0,1.0,0.0,0.0,1.0,0.0,0.0,-0.5,0.5,-0.5,0.0,0.0,1.3333333333333333,-0.16666666666666666,-1.0,-1.0,0.5555555555555556,2.0,0.0,-0.5714285714285714,-0.6,-0.3333333333333333,-0.6,-1.5,-0.3333333333333333,-1.2591499409681228,0.2942241013180927
0.0,1.0,0.0,1.0,0.0,0.0,1.0,0.0,0.0,0.0,0.0,0.0,0.0,0.0,0.0,1.0,0.0,0.0,0.0,0.0,-0.15384615384615385,0.5,0.5,0.5,0.0,0.0,-0.3333333333333333,0.6666666666666666,0.0,0.0,-0.1111111111111111,-1.0,-1.0,0.42857142857142855,0.8,0.0,-0.4,-1.1666666666666667,-0.07407407407407407,0.34994096812278636,0.5189940575790776
0.0,1.0,1.0,0.0,0.0,0.0,0.0,1.0,0.0,0.0,0.0,0.0,0.0,0.0,1.0,0.0,0.0,0.0,1.0,0.0,-0.15384615384615385,-0.08333333333333333,0.5,-1.0,0.0,0.0,-0.3333333333333333,0.0,0.0,-1.0,0.6666666666666666,0.0,0.0,1.5714285714285714,2.0,0.3333333333333333,1.4,0.26470588235294124,-0.05882352941176469,0.6579623584971177,-0.03796758005783308
0.0,1.0,1.0,0.0,0.0,0.0,1.0,0.0,0.0,0.0,0.0,0.0,0.0,1.0,0.0,0.0,0.0,0.0,0.0,1.0,1.0769230769230769,0.0,-0.5,-0.5,-1.0,0.0,1.0,-0.3333333333333333,0.5,0.0,2.111111111111111,-1.0,-1.0,3.142857142857143,0.0,4.0,1.0,-0.6428571428571429,0.7500000000000001,0.5681227863046044,1.2581244264982887
0.0,1.0,1.0,0.0,0.0,0.0,1.0,0.0,0.0,0.0,0.0,0.0,1.0,0.0,0.0,0.0,0.0,1.0,0.0,0.0,0.15384615384615385,-0.4166666666666667,0.0,0.0,0.0,-0.5,0.6666666666666666,-0.5,-1.0,1.0,-0.3333333333333333,-1.0,0.0,0.0,-0.2,0.0,0.2,0.4999999999999999,0.05555555555555555,-0.031877213695395555,-0.028896981365
0.0,1.0,0.0,1.0,1.0,0.0,0.0,0.0,0.0,0.0,0.0,0.0,0.0,0.0,0.0,1.0,0.0,1.0,0.0,0.0,-0.46153846153846156,-0.5,0.0,-0.5,-1.0,-1.0,-0.3333333333333333,-0.5,0.5,0.0,0.0,1.0,0.0,0.7142857142857143,1.0,1.6666666666666667,0.8,0.40909090909090906,0.9393939393939393,0.5879574970484059,0.6319646928220998
0.0,1.0,0.0,1.0,0.0,1.0,0.0,0.0,0.0,0.0,0.0,1.0,0.0,0.0,0.0,0.0,0.0,1.0,0.0,0.0,0.6153846153846154,-0.16666666666666666,0.0,-0.5,0.0,-0.5,1.6666666666666667,-0.5,0.0,0.0,1.7777777777777777,2.0,0.0,2.4285714285714284,1.2,0.6666666666666666,1.4,-0.19565217391304351,-0.0289855072463768,0.38226420044601844,1.2309419835775288
1.0,0.0,1.0,0.0,0.0,0.0,1.0,0.0,0.0,0.0,0.0,1.0,0.0,0.0,0.0,0.0,0.0,1.0,0.0,0.0,0.9230769230769231,-0.25,1.0,0.0,-1.0,0.5,0.0,1.8333333333333333,-0.5,0.0,1.4444444444444444,0.0,0.0,-0.42857142857142855,-0.2,0.3333333333333333,-0.2,0.4999999999999999,1.222222222222222,-1.2136953955135772,1.0587375262918852
0.0,1.0,1.0,0.0,0.0,0.0,1.0,0.0,0.0,0.0,0.0,0.0,0.0,0.0,1.0,0.0,0.0,1.0,0.0,1.0,1.6923076923076923,0.16666666666666666,0.0,-0.5,-1.0,-0.5,0.6666666666666666,1.0,-0.5,0.0,-0.1111111111111111,0.0,-1.0,-0.5714285714285714,-0.6,-0.3333333333333333,-0.6,-1.5,-0.3333333333333333,-1.177331759149941,-0.38355550200751914
0.0,0.0,0.0,1.0,1.0,0.0,0.0,0.0,0.0,0.0,0.0,0.0,0.0,0.0,0.0,1.0,0.0,1.0,0.0,0.0,-0.5384615384615384,-0.4166666666666667,0.0,0.5,0.0,0.0,-0.3333333333333333,0.0,-1.0,0.0,-0.6666666666666666,0.0,-1.0,-0.14285714285714285,0.0,-0.3333333333333333,-0.2,-0.29999999999999993,-0.3333333333333333,0.34994096812278636,-0.07020734720365668
0.0,1.0,0.0,1.0,1.0,0.0,0.0,0.0,0.0,0.0,0.0,0.0,0.0,0.0,0.0,1.0,0.0,0.0,1.0,0.0,-0.15384615384615385,1.1666666666666667,0.5,0.5,1.0,0.5,-0.3333333333333333,-0.3333333333333333,0.5,-1.0,0.0,0.0,0.0,0.7142857142857143,0.8,1.3333333333333333,0.8,0.40909090909090906,0.7272727272727273,0.5879574970484059,0.06129086176074954
0.0,0.0,1.0,0.0,1.0,0.0,0.0,0.0,0.0,0.0,1.0,0.0,0.0,0.0,0.0,0.0,0.0,1.0,0.0,0.0,-0.6923076923076923,0.08333333333333333,1.0,-1.0,-2.0,0.0,-0.3333333333333333,0.8333333333333334,0.5,2.0,-0.7777777777777778,1.0,0.0,-0.2857142857142857,-0.2,0.0,-0.2,0.0,0.25000000000000006,0.24085005903187715,-0.07596317195100788
0.0,1.0,0.0,1.0,0.0,0.0,1.0,0.0,0.0,0.0,0.0,0.0,0.0,0.0,0.0,1.0,0.0,0.0,1.0,0.0,0.46153846153846156,0.5833333333333334,-0.5,0.0,-1.0,0.0,1.6666666666666667,0.5,-1.0,-1.0,0.0,3.0,0.0,0.0,0.2,-0.3333333333333333,0.0,0.0,-0.3333333333333333,-0.40377804014167656,0.21084480516154486
1.0,0.0,1.0,0.0,1.0,0.0,0.0,0.0,0.0,0.0,0.0,0.0,0.0,0.0,1.0,0.0,0.0,0.0,0.0,1.0,0.38461538461538464,1.25,0.0,0.5,0.0,0.5,0.3333333333333333,0.0,-1.0,1.0,0.2222222222222222,1.0,-1.0,0.14285714285714285,-0.2,0.6666666666666666,0.0,-0.21428571428571436,0.6666666666666666,-0.3885205703387521,0.08422175517601663
0.0,1.0,0.0,1.0,1.0,0.0,0.0,0.0,0.0,0.0,0.0,0.0,0.0,0.0,0.0,1.0,0.0,0.0,1.0,0.0,0.07692307692307693,-0.3333333333333333,0.0,0.0,0.0,0.5,0.0,-0.3333333333333333,-1.0,-1.0,0.2222222222222222,0.0,0.0,0.0,0.0,0.0,0.0,0.0,0.05555555555555555,-0.5563527381709199,0.3762947652122142
0.0,1.0,1.0,0.0,0.0,0.0,0.0,0.0,1.0,0.0,1.0,0.0,0.0,0.0,0.0,0.0,0.0,1.0,0.0,1.0,-0.8461538461538461,-0.25,-1.0,0.5,0.0,0.5,-0.3333333333333333,0.16666666666666666,-0.5,0.0,-0.3333333333333333,0.0,1.0,0.2857142857142857,0.8,1.3333333333333333,0.6,0.75,1.125,0.5135773317591499,-0.2900627624725485
1.0,0.0,0.0,1.0,0.0,0.0,1.0,0.0,0.0,0.0,0.0,0.0,0.0,0.0,0.0,1.0,0.0,1.0,0.0,0.0,-0.23076923076923078,1.5,0.0,-0.5,0.0,0.0,-0.3333333333333333,-0.3333333333333333,-1.0,0.0,0.0,0.0,-1.0,0.7142857142857143,0.8,-0.3333333333333333,-0.4,-1.2272727272727273,-0.3333333333333333,0.5879574970484059,-0.09302229865834276
0.0,1.0,0.0,1.0,0.0,0.0,1.0,0.0,0.0,0.0,0.0,0.0,0.0,0.0,0.0,1.0,0.0,0.0,1.0,0.0,-0.3076923076923077,-0.08333333333333333,0.5,-0.5,0.0,0.0,-0.3333333333333333,0.3333333333333333,-1.0,-1.0,0.2222222222222222,-3.0,0.0,0.8571428571428571,1.0,1.3333333333333333,0.8,0.2500000000000001,0.638888888888889,0.4506402688220869,0.0010466130071592878
0.0,1.0,1.0,0.0,1.0,0.0,0.0,0.0,0.0,0.0,0.0,0.0,0.0,0.0,1.0,0.0,0.0,1.0,0.0,1.0,0.0,-0.16666666666666666,0.5,-0.5,-1.0,-1.0,2.3333333333333335,0.0,0.5,0.0,-0.4444444444444444,0.0,1.0,-0.5714285714285714,-0.4,-0.3333333333333333,-0.6,-1.5,-0.3333333333333333,-1.0838252656434475,-0.3629935110038873
0.0,1.0,1.0,0.0,0.0,0.0,1.0,0.0,0.0,0.0,1.0,0.0,0.0,0.0,0.0,0.0,0.0,0.0,0.0,1.0,-0.7692307692307693,0.75,0.5,-1.0,0.0,-0.5,0.0,-0.16666666666666666,0.5,0.0,-0.5555555555555556,-1.0,0.0,-0.2857142857142857,-0.2,-0.3333333333333333,-0.2,0.0,-0.3333333333333333,-0.30460448642266824,-0.7108987343434225
0.0,1.0,1.0,0.0,1.0,0.0,0.0,0.0,0.0,0.0,0.0,0.0,1.0,0.0,0.0,0.0,0.0,1.0,0.0,0.0,0.3076923076923077,0.6666666666666666,0.0,-1.0,-1.0,0.0,-0.3333333333333333,-0.16666666666666666,0.5,1.0,0.8888888888888888,-1.0,0.0,1.8571428571428572,2.4,4.333333333333333,1.8,0.39473684210526305,1.3859649122807016,0.671472068601255,0.7001900355265303
1.0,0.0,1.0,0.0,0.0,0.0,1.0,0.0,0.0,0.0,0.0,0.0,1.0,0.0,0.0,0.0,0.0,0.0,1.0,1.0,0.23076923076923078,1.25,0.0,0.5,0.0,-1.0,-0.3333333333333333,-0.16666666666666666,0.0,-1.0,1.2222222222222223,-1.0,0.0,2.2857142857142856,0.6,0.3333333333333333,1.0,-0.40909090909090906,-0.12121212121212119,0.6871310507674144,0.7399841327761325
0.0,0.0,1.0,0.0,0.0,0.0,1.0,0.0,0.0,0.0,0.0,1.0,0.0,0.0,0.0,0.0,0.0,0.0,1.0,0.0,0.9230769230769231,-0.5,0.5,-1.0,1.0,0.5,0.0,1.3333333333333333,0.0,-1.0,1.8888888888888888,0.0,-1.0,0.0,0.2,0.3333333333333333,-0.4,-1.0000000000000002,0.4444444444444444,-1.0059031877213693,1.1587947061405606
0.0,0.0,1.0,0.0,1.0,0.0,0.0,0.0,0.0,0.0,1.0,0.0,0.0,0.0,0.0,0.0,0.0,0.0,0.0,0.0,-0.3076923076923077,-0.5,0.0,0.5,0.0,0.5,-0.6666666666666666,-0.3333333333333333,-0.5,0.0,-0.6666666666666666,-1.0,0.0,-0.2857142857142857,-0.6,-0.3333333333333333,-0.2,0.0,-0.3333333333333333,-0.08642266824085014,-0.7348824426512528
0.0,1.0,1.0,0.0,0.0,0.0,1.0,0.0,0.0,0.0,0.0,0.0,0.0,0.0,1.0,0.0,0.0,0.0,1.0,1.0,0.5384615384615384,-0.08333333333333333,0.0,-1.0,-1.0,0.0,-0.3333333333333333,0.0,-1.0,-1.0,1.1111111111111112,0.0,-2.0,2.142857142857143,0.8,0.0,1.0,-0.3571428571428572,-0.2222222222222222,0.6824085005903185,-0.19436397412302114
1.0,0.0,1.0,0.0,1.0,0.0,0.0,0.0,0.0,0.0,0.0,0.0,0.0,0.0,0.0,0.0,0.0,0.0,0.0,0.0,0.23076923076923078,-0.4166666666666667,0.0,-1.0,0.0,0.5,1.6666666666666667,-0.5,0.5,2.0,1.2222222222222223,1.0,0.0,1.8571428571428572,0.8,3.3333333333333335,0.4,-0.7105263157894738,1.0175438596491229,0.38961038961038963,0.8466776599575919
1.0,0.0,1.0,0.0,1.0,0.0,0.0,0.0,0.0,0.0,1.0,0.0,0.0,0.0,0.0,0.0,0.0,0.0,1.0,1.0,-1.2307692307692308,-0.08333333333333333,0.0,0.5,-1.0,0.5,-0.3333333333333333,0.6666666666666666,-0.5,-1.0,-1.0,2.0,0.0,-0.5714285714285714,-0.6,0.0,-0.6,-1.5,0.8333333333333334,-0.30460448642266824,-0.5113394835003628
0.0,1.0,0.0,1.0,0.0,0.0,0.0,0.0,1.0,0.0,0.0,0.0,0.0,0.0,0.0,0.0,1.0,1.0,0.0,0.0,0.23076923076923078,-0.16666666666666666,0.0,0.5,0.0,0.5,0.3333333333333333,0.0,0.0,0.0,1.0,3.0,1.0,-0.5714285714285714,-0.6,-0.3333333333333333,-0.6,-1.5,-0.3333333333333333,-1.28642266824085,-0.833691158004741
0.0,1.0,1.0,0.0,0.0,0.0,0.0,0.0,1.0,0.0,0.0,0.0,0.0,0.0,1.0,0.0,0.0,1.0,0.0,0.0,-0.15384615384615385,1.0833333333333333,0.0,0.0,1.0,0.0,-0.6666666666666666,0.5,0.5,-1.0,-0.8888888888888888,2.0,-1.0,-0.5714285714285714,-0.6,-0.3333333333333333,-0.6,-1.5,-0.3333333333333333,-0.6682408500590319,-0.6293831784511548
1.0,0.0,1.0,0.0,1.0,0.0,0.0,0.0,0.0,0.0,0.0,0.0,1.0,0.0,0.0,0.0,0.0,0.0,1.0,1.0,0.15384615384615385,-0.4166666666666667,0.5,-1.0,1.0,-1.0,1.3333333333333333,-0.3333333333333333,0.5,-1.0,0.7777777777777778,-1.0,0.0,1.4285714285714286,0.8,1.0,1.8,0.75,0.25000000000000006,0.42266824085005905,0.16968164751146428
0.0,1.0,0.0,1.0,0.0,1.0,0.0,0.0,0.0,0.0,0.0,0.0,0.0,0.0,0.0,1.0,0.0,1.0,0.0,1.0,-0.6153846153846154,-0.4166666666666667,0.5,-0.5,0.0,-0.5,-0.3333333333333333,1.0,-1.0,-1.0,-0.2222222222222222,-1.0,0.0,0.42857142857142855,0.8,2.0,0.4,0.16666666666666674,1.4814814814814814,0.54388036206218,-0.0439300430678331
0.0,1.0,1.0,0.0,0.0,0.0,0.0,0.0,1.0,0.0,1.0,0.0,0.0,0.0,0.0,0.0,0.0,0.0,0.0,0.0,-0.6153846153846154,0.8333333333333334,0.0,0.0,-1.0,0.5,1.0,-0.3333333333333333,-1.0,0.0,-0.4444444444444444,-1.0,-1.0,-0.14285714285714285,-0.4,-0.3333333333333333,0.0,0.29999999999999993,-0.3333333333333333,-0.14876033057851248,-0.7133103692762912
0.0,0.0,0.0,1.0,1.0,0.0,0.0,0.0,0.0,0.0,0.0,0.0,0.0,0.0,0.0,1.0,0.0,1.0,0.0,0.0,0.6923076923076923,0.16666666666666666,0.5,-0.5,-1.0,0.0,-0.3333333333333333,-0.16666666666666666,0.5,0.0,0.5555555555555556,-1.0,0.0,1.4285714285714286,1.4,1.0,1.8,0.75,0.25000000000000006,0.6499409681227862,0.10593262919948344
1.0,0.0,0.0,1.0,0.0,0.0,1.0,0.0,0.0,0.0,0.0,0.0,0.0,0.0,0.0,1.0,0.0,0.0,1.0,0.0,-0.7692307692307693,-0.5,0.0,0.0,-1.0,-1.0,-0.3333333333333333,-0.3333333333333333,-0.5,-1.0,-0.3333333333333333,-1.0,0.0,0.2857142857142857,0.8,-0.3333333333333333,0.8,1.125,-0.3333333333333333,0.5135773317591499,-0.1458902550957258
0.0,1.0,1.0,0.0,1.0,0.0,0.0,0.0,0.0,0.0,0.0,0.0,1.0,0.0,0.0,0.0,0.0,0.0,1.0,1.0,0.0,-0.4166666666666667,0.5,0.0,0.0,-0.5,2.3333333333333335,-0.5,0.5,-1.0,0.8888888888888888,-1.0,0.0,1.5714285714285714,2.2,1.3333333333333333,1.8,0.6176470588235295,0.3529411764705883,0.4418069968309201,0.07423529702094861
0.0,1.0,0.0,1.0,0.0,1.0,0.0,0.0,0.0,0.0,0.0,0.0,0.0,0.0,0.0,1.0,0.0,1.0,0.0,0.0,0.9230769230769231,-0.4166666666666667,-1.0,-0.5,1.0,-0.5,0.3333333333333333,-0.3333333333333333,0.5,-1.0,0.2222222222222222,0.0,0.0,-0.42857142857142855,-0.2,0.3333333333333333,-0.2,0.4999999999999999,1.222222222222222,-1.0598492416674234,0.4611706417189275
0.0,1.0,1.0,0.0,0.0,0.0,0.0,1.0,0.0,0.0,0.0,0.0,0.0,0.0,0.0,0.0,0.0,0.0,0.0,1.0,0.5384615384615384,0.08333333333333333,0.5,0.0,0.0,0.0,0.6666666666666666,0.0,0.5,-1.0,-0.2222222222222222,0.0,0.0,0.0,-0.2,-0.3333333333333333,-0.2,-0.5000000000000001,-0.3333333333333333,-0.183392365210547,-0.09659748830748134
0.0,1.0,0.0,1.0,0.0,0.0,1.0,0.0,0.0,0.0,0.0,0.0,0.0,0.0,0.0,1.0,0.0,0.0,0.0,1.0,-0.38461538461538464,0.25,-0.5,0.0,0.0,0.5,0.0,-0.5,0.5,0.0,-0.2222222222222222,-1.0,0.0,0.0,-0.2,0.0,0.2,0.4999999999999999,0.05555555555555555,-0.183392365210547,0.26122149645324133
1.0,0.0,1.0,0.0,0.0,0.0,0.0,1.0,0.0,0.0,0.0,0.0,0.0,0.0,1.0,0.0,0.0,1.0,0.0,1.0,-0.15384615384615385,1.25,0.5,0.0,-1.0,0.5,-0.3333333333333333,0.16666666666666666,-0.5,-1.0,0.6666666666666666,0.0,0.0,1.4285714285714286,1.4,1.6666666666666667,1.6,0.5625,0.5416666666666667,0.5296201125078129,0.13181353083374983
0.0,1.0,1.0,0.0,0.0,0.0,0.0,0.0,1.0,0.0,0.0,0.0,0.0,0.0,1.0,0.0,0.0,1.0,0.0,0.0,0.8461538461538461,-0.5,0.0,-1.0,0.0,0.5,1.6666666666666667,-0.3333333333333333,0.0,0.0,0.7777777777777778,-1.0,-1.0,0.14285714285714285,0.4,0.0,-0.2,-0.6428571428571429,0.0,-0.6682408500590319,-0.3627148975743127
0.0,1.0,1.0,0.0,0.0,0.0,1.0,0.0,0.0,0.0,1.0,0.0,0.0,0.0,0.0,0.0,0.0,1.0,0.0,0.0,-0.15384615384615385,1.8333333333333333,0.0,-0.5,0.0,0.0,0.6666666666666666,-0.16666666666666666,-1.0,1.0,0.0,-2.0,0.0,0.42857142857142855,0.8,2.0,0.8,0.8333333333333334,1.4814814814814814,0.19126328217237307,0.07757575747507899
0.0,1.0,0.0,1.0,0.0,1.0,0.0,0.0,0.0,0.0,0.0,0.0,0.0,0.0,0.0,0.0,1.0,1.0,0.0,0.0,-0.07692307692307693,-0.4166666666666667,0.0,0.5,0.0,0.5,-0.3333333333333333,-0.16666666666666666,-1.0,-1.0,-0.8888888888888888,0.0,0.0,-0.42857142857142855,-0.2,0.3333333333333333,-0.2,0.4999999999999999,1.222222222222222,0.059031877213695266,-0.8671493970813872
0.0,1.0,1.0,0.0,0.0,0.0,0.0,0.0,1.0,0.0,0.0,0.0,1.0,0.0,0.0,0.0,0.0,1.0,0.0,0.0,0.15384615384615385,1.8333333333333333,0.0,0.5,0.0,0.5,0.3333333333333333,0.6666666666666666,-1.0,0.0,-0.1111111111111111,0.0,-2.0,0.2857142857142857,0.8,0.0,0.8,1.125,-0.04166666666666665,0.13175914994096796,0.21343550842714704
0.0,1.0,1.0,0.0,1.0,0.0,0.0,0.0,0.0,0.0,0.0,0.0,0.0,0.0,1.0,0.0,0.0,1.0,0.0,0.0,-1.0,-0.5,-0.5,0.5,0.0,0.0,-0.3333333333333333,1.3333333333333333,0.5,0.0,-1.0,-1.0,0.0,-0.5714285714285714,-0.6,-0.3333333333333333,-0.4,0.0,-0.3333333333333333,-0.30460448642266824,-1.3422137615631864
1.0,0.0,1.0,0.0,1.0,0.0,0.0,0.0,0.0,0.0,1.0,0.0,0.0,0.0,0.0,0.0,0.0,0.0,0.0,1.0,0.6153846153846154,1.4166666666666667,0.0,0.5,0.0,0.0,0.3333333333333333,1.3333333333333333,0.5,0.0,1.0,-3.0,-2.0,-0.5714285714285714,-0.6,-0.3333333333333333,-0.6,-1.5,-0.3333333333333333,-1.28642266824085,-0.43774262277340803
0.0,1.0,1.0,0.0,0.0,0.0,1.0,0.0,0.0,0.0,0.0,0.0,0.0,0.0,1.0,0.0,0.0,0.0,1.0,0.0,-0.5384615384615384,1.75,0.5,0.5,-1.0,-1.0,-0.3333333333333333,0.0,-0.5,-1.0,-0.5555555555555556,0.0,-2.0,0.0,0.2,-0.3333333333333333,0.2,0.4999999999999999,-0.3333333333333333,0.42266824085005905,-0.2661027575909231
0.0,1.0,0.0,1.0,0.0,0.0,0.0,0.0,1.0,0.0,0.0,0.0,0.0,0.0,0.0,1.0,0.0,1.0,0.0,1.0,-0.15384615384615385,-0.5,0.0,0.5,-1.0,0.0,-0.3333333333333333,0.0,0.5,-1.0,0.0,0.0,0.0,0.7142857142857143,1.2,2.3333333333333335,0.6,0.13636363636363624,1.363636363636364,0.5879574970484059,0.3309773261196401
0.0,0.0,1.0,0.0,1.0,0.0,0.0,0.0,0.0,0.0,1.0,0.0,0.0,0.0,0.0,0.0,0.0,1.0,0.0,0.0,0.0,1.4166666666666667,0.5,-0.5,0.0,-0.5,1.6666666666666667,0.16666666666666666,0.0,0.0,0.1111111111111111,0.0,0.0,0.5714285714285714,1.0,-0.3333333333333333,1.0,0.9000000000000001,-0.3333333333333333,0.24085005903187715,0.11963288742874487
0.0,0.0,1.0,0.0,0.0,0.0,1.0,0.0,0.0,0.0,0.0,0.0,0.0,0.0,0.0,0.0,0.0,0.0,0.0,1.0,1.4615384615384615,0.08333333333333333,-1.0,0.5,-1.0,-0.5,-0.3333333333333333,0.16666666666666666,0.5,0.0,2.6666666666666665,0.0,0.0,4.0,1.2,4.666666666666667,-0.6,-1.5,0.6960784313725491,0.6616292798110979,0.9510088698272489
0.0,1.0,1.0,0.0,1.0,0.0,0.0,0.0,0.0,0.0,0.0,0.0,0.0,1.0,0.0,0.0,0.0,1.0,0.0,0.0,0.5384615384615384,0.5833333333333334,-0.5,-0.5,0.0,-1.0,1.3333333333333333,1.6666666666666667,0.0,0.0,1.3333333333333333,0.0,0.0,-0.14285714285714285,-0.4,0.0,-0.6,-1.5,0.1333333333333334,-1.0160669370155535,1.1741343571143745
1.0,0.0,1.0,0.0,1.0,0.0,0.0,0.0,0.0,0.0,0.0,0.0,0.0,0.0,1.0,0.0,0.0,0.0,1.0,1.0,-0.3076923076923077,-0.4166666666666667,-0.5,0.5,0.0,0.0,0.6666666666666666,0.0,0.5,-1.0,0.0,-1.0,0.0,0.42857142857142855,0.8,-0.3333333333333333,0.8,0.8333333333333334,-0.3333333333333333,0.19126328217237307,-0.001238296528731527
1.0,0.0,0.0,1.0,0.0,1.0,0.0,0.0,0.0,0.0,0.0,0.0,0.0,0.0,0.0,1.0,0.0,0.0,1.0,0.0,-0.3076923076923077,0.25,0.5,0.5,0.0,0.5,2.0,-0.16666666666666666,0.0,-1.0,-0.6666666666666666,-1.0,1.0,-0.7142857142857143,-0.6,-0.3333333333333333,-0.6,-1.5,-0.3333333333333333,-1.395513577331759,-0.07041231488464304
0.0,1.0,0.0,1.0,0.0,0.0,1.0,0.0,0.0,0.0,0.0,0.0,0.0,0.0,0.0,1.0,0.0,0.0,1.0,0.0,-0.8461538461538461,1.5833333333333333,-1.0,0.0,0.0,0.5,-0.3333333333333333,1.5,-0.5,-1.0,-0.4444444444444444,2.0,-1.0,0.14285714285714285,0.4,0.0,0.2,0.2142857142857142,0.0,0.4746162927981108,0.20102791123102062
0.0,1.0,1.0,0.0,0.0,0.0,1.0,0.0,0.0,0.0,0.0,0.0,0.0,0.0,1.0,0.0,0.0,1.0,0.0,0.0,0.07692307692307693,0.5,0.0,-1.0,0.0,0.5,-0.3333333333333333,0.5,-1.0,-1.0,0.0,-1.0,0.0,0.7142857142857143,1.0,0.6666666666666666,0.8,0.40909090909090906,0.30303030303030304,0.5879574970484059,-0.14788931772400604
0.0,1.0,0.0,1.0,0.0,0.0,0.0,0.0,1.0,0.0,0.0,0.0,0.0,0.0,0.0,0.0,1.0,0.0,1.0,0.0,0.6923076923076923,-0.4166666666666667,-0.5,-0.5,-2.0,0.0,-0.6666666666666666,-0.16666666666666666,-1.0,-1.0,-0.1111111111111111,0.0,0.0,0.42857142857142855,0.8,0.6666666666666666,-0.4,-1.1666666666666667,0.4444444444444444,0.34994096812278636,0.268287710899268
0.0,1.0,1.0,0.0,0.0,0.0,0.0,1.0,0.0,0.0,0.0,0.0,0.0,0.0,1.0,0.0,0.0,0.0,1.0,1.0,-0.23076923076923078,-0.5,0.5,0.0,-1.0,-1.0,0.3333333333333333,-0.5,-0.5,-1.0,-0.4444444444444444,-2.0,0.0,-0.2857142857142857,-0.2,-0.3333333333333333,-0.2,0.0,-0.3333333333333333,-0.46044864226682414,-0.5536130973595218
0.0,1.0,1.0,0.0,0.0,0.0,1.0,0.0,0.0,0.0,1.0,0.0,0.0,0.0,0.0,0.0,0.0,0.0,0.0,0.0,-0.38461538461538464,-0.25,0.0,-1.0,1.0,0.0,2.0,-0.3333333333333333,-0.5,0.0,-0.6666666666666666,-3.0,-1.0,-0.42857142857142855,-0.2,0.3333333333333333,-0.2,0.4999999999999999,1.222222222222222,-0.5227863046044864,-0.21871927920218207
0.0,1.0,0.0,1.0,0.0,0.0,1.0,0.0,0.0,0.0,0.0,0.0,0.0,0.0,0.0,1.0,0.0,0.0,0.0,0.0,-0.7692307692307693,1.8333333333333333,-0.5,-1.0,0.0,0.0,1.0,-0.3333333333333333,-1.0,1.0,-0.2222222222222222,2.0,0.0,-0.7142857142857143,-0.6,-0.3333333333333333,-0.6,-1.5,-0.3333333333333333,-1.395513577331759,-0.14323134457088935
0.0,0.0,0.0,1.0,1.0,0.0,0.0,0.0,0.0,0.0,0.0,0.0,0.0,0.0,0.0,1.0,0.0,0.0,1.0,0.0,0.7692307692307693,1.5833333333333333,-0.5,-0.5,-1.0,-0.5,2.0,0.16666666666666666,0.0,-1.0,-0.4444444444444444,0.0,0.0,-0.42857142857142855,-0.2,0.3333333333333333,-0.2,0.4999999999999999,1.222222222222222,-0.7721369539551358,0.4459110042576038
0.0,1.0,0.0,1.0,1.0,0.0,0.0,0.0,0.0,0.0,0.0,0.0,0.0,0.0,0.0,1.0,0.0,1.0,0.0,0.0,-0.5384615384615384,1.3333333333333333,-1.0,0.5,-1.0,-1.0,-0.3333333333333333,-0.16666666666666666,-1.0,0.0,0.1111111111111111,0.0,-2.0,0.8571428571428571,1.0,0.6666666666666666,1.4,1.0000000000000002,0.25000000000000006,0.6044864226682407,0.36441925666415964
0.0,1.0,1.0,0.0,1.0,0.0,0.0,0.0,0.0,0.0,0.0,0.0,0.0,0.0,1.0,0.0,0.0,0.0,1.0,0.0,-1.1538461538461537,0.6666666666666666,-0.5,0.0,0.0,0.5,-0.3333333333333333,0.0,0.5,-1.0,-1.1111111111111112,3.0,0.0,-0.7142857142857143,-0.6,-0.3333333333333333,-0.6,-1.5,-0.3333333333333333,-1.395513577331759,-1.3352320656553918
0.0,1.0,0.0,1.0,0.0,1.0,0.0,0.0,0.0,0.0,0.0,1.0,0.0,0.0,0.0,0.0,0.0,1.0,0.0,0.0,1.2307692307692308,-0.4166666666666667,-1.0,-1.0,-2.0,0.5,-0.3333333333333333,0.16666666666666666,0.5,0.0,2.5555555555555554,0.0,0.0,3.857142857142857,2.2,1.6666666666666667,1.2,-0.6818181818181819,0.09090909090909094,0.6579623584971177,1.3127205306666978
0.0,1.0,1.0,0.0,0.0,0.0,1.0,0.0,0.0,0.0,0.0,0.0,0.0,0.0,1.0,0.0,0.0,1.0,0.0,0.0,0.07692307692307693,-0.5,-0.5,0.0,-1.0,-1.0,0.0,0.0,-1.0,0.0,0.7777777777777778,-1.0,-1.0,-0.2857142857142857,-0.4,-0.3333333333333333,-0.2,0.0,-0.3333333333333333,-1.0318772136953955,-0.23271290766663608
0.0,1.0,1.0,0.0,0.0,0.0,1.0,0.0,0.0,0.0,0.0,0.0,1.0,0.0,0.0,0.0,0.0,1.0,0.0,0.0,0.23076923076923078,0.16666666666666666,-0.5,-1.0,0.0,-1.0,-0.3333333333333333,1.8333333333333333,0.5,0.0,0.0,0.0,0.0,0.7142857142857143,-0.6,2.0,1.2,0.9545454545454547,1.1515151515151516,0.5879574970484059,0.027491802776948984
0.0,1.0,0.0,1.0,0.0,0.0,1.0,0.0,0.0,0.0,0.0,0.0,0.0,0.0,0.0,0.0,1.0,1.0,0.0,0.0,-0.6923076923076923,0.3333333333333333,0.0,0.0,1.0,0.5,2.0,0.0,-0.5,0.0,-0.5555555555555556,1.0,0.0,-0.5714285714285714,-0.6,-0.3333333333333333,-0.6,-1.5,-0.3333333333333333,-1.0318772136953955,-0.6483655903290845
0.0,1.0,1.0,0.0,1.0,0.0,0.0,0.0,0.0,0.0,0.0,0.0,0.0,0.0,0.0,0.0,0.0,1.0,0.0,1.0,0.0,0.5833333333333334,-1.0,0.0,0.0,0.5,-0.6666666666666666,0.5,-1.0,0.0,0.7777777777777778,-1.0,-1.0,1.5714285714285714,1.0,1.0,1.6,0.4411764705882354,0.21568627450980393,0.54388036206218,0.26165563079940285
0.0,1.0,1.0,0.0,0.0,0.0,1.0,0.0,0.0,0.0,0.0,0.0,1.0,0.0,0.0,0.0,0.0,1.0,0.0,0.0,1.0,1.0833333333333333,0.5,0.0,0.0,-1.0,-0.3333333333333333,0.0,0.0,-1.0,0.6666666666666666,-1.0,-1.0,1.4285714285714286,1.6,1.3333333333333333,1.6,0.5625,0.39583333333333337,0.5296201125078129,0.2589027672580851
0.0,0.0,1.0,0.0,1.0,0.0,0.0,0.0,0.0,0.0,1.0,0.0,0.0,0.0,0.0,0.0,0.0,1.0,0.0,1.0,0.6923076923076923,1.3333333333333333,-0.5,0.5,0.0,-1.0,-0.3333333333333333,0.16666666666666666,0.0,0.0,-0.1111111111111111,-1.0,0.0,0.5714285714285714,1.0,-0.3333333333333333,1.0,0.9000000000000001,-0.3333333333333333,0.5681227863046044,-0.30515285096996486
0.0,1.0,1.0,0.0,0.0,0.0,0.0,0.0,1.0,0.0,0.0,0.0,0.0,1.0,0.0,0.0,0.0,0.0,1.0,0.0,0.6923076923076923,1.75,-0.5,0.5,-1.0,-0.5,-0.3333333333333333,-0.5,0.0,-1.0,1.2222222222222223,-1.0,0.0,2.2857142857142856,0.6,2.3333333333333335,0.6,-0.6818181818181819,0.5151515151515152,0.6871310507674144,1.1485244451843548
1.0,0.0,1.0,0.0,0.0,0.0,1.0,0.0,0.0,0.0,0.0,0.0,0.0,0.0,1.0,0.0,0.0,0.0,0.0,1.0,-0.15384615384615385,0.25,0.5,0.5,0.0,0.0,-0.3333333333333333,0.5,0.5,0.0,-0.5555555555555556,1.0,1.0,0.0,0.0,0.3333333333333333,-0.6,-1.5,0.4444444444444444,0.42266824085005905,-0.25858103559969137
0.0,1.0,1.0,0.0,0.0,0.0,0.0,1.0,0.0,0.0,0.0,0.0,1.0,0.0,0.0,0.0,0.0,1.0,0.0,1.0,-0.07692307692307693,0.75,-0.5,0.5,-1.0,-0.5,-0.6666666666666666,-0.5,0.5,-1.0,-0.6666666666666666,-1.0,0.0,-0.2857142857142857,-0.2,-0.3333333333333333,-0.2,0.0,-0.3333333333333333,-0.08642266824085014,-0.042137383941337474
0.0,1.0,0.0,0.0,0.0,0.0,0.0,0.0,0.0,1.0,0.0,0.0,0.0,0.0,0.0,0.0,0.0,1.0,0.0,0.0,-0.23076923076923078,-0.4166666666666667,0.0,-0.5,0.0,0.0,-0.3333333333333333,-0.16666666666666666,0.5,0.0,-0.5555555555555556,-1.0,0.0,0.0,0.2,0.0,0.2,0.4999999999999999,0.05555555555555555,0.42266824085005905,-0.3138464588902655
0.0,1.0,0.0,1.0,0.0,0.0,1.0,0.0,0.0,0.0,0.0,0.0,0.0,0.0,0.0,1.0,0.0,1.0,0.0,0.0,-0.3076923076923077,-0.25,0.5,0.5,-2.0,0.5,-0.3333333333333333,-0.5,0.0,-1.0,0.4444444444444444,-1.0,-1.0,1.2857142857142858,1.0,2.6666666666666665,1.0,0.09999999999999998,1.0666666666666667,0.6408500590318772,0.6969885252912069
0.0,1.0,0.0,1.0,0.0,1.0,0.0,0.0,0.0,0.0,0.0,0.0,0.0,0.0,0.0,1.0,0.0,0.0,0.0,0.0,-0.46153846153846156,1.6666666666666667,1.0,0.0,0.0,0.5,1.6666666666666667,1.5,0.5,0.0,0.0,-1.0,-1.0,0.42857142857142855,0.8,2.0,0.8,0.8333333333333334,1.4814814814814814,0.19126328217237307,0.055381060136748934
0.0,1.0,1.0,0.0,0.0,0.0,1.0,0.0,0.0,0.0,0.0,0.0,0.0,0.0,0.0,0.0,0.0,0.0,1.0,0.0,-0.15384615384615385,0.16666666666666666,0.0,0.5,-1.0,-0.5,-0.3333333333333333,0.0,-0.5,-1.0,-0.1111111111111111,0.0,1.0,0.42857142857142855,0.8,2.0,0.8,0.8333333333333334,1.4814814814814814,0.34994096812278636,0.5182206553450494
0.0,1.0,0.0,1.0,0.0,0.0,0.0,0.0,1.0,0.0,0.0,0.0,0.0,0.0,0.0,0.0,1.0,0.0,0.0,0.0,-1.0,-0.4166666666666667,-1.0,0.0,0.0,-1.0,0.3333333333333333,-0.16666666666666666,0.0,0.0,-0.7777777777777778,0.0,0.0,-0.7142857142857143,-0.6,-0.3333333333333333,-0.6,-1.5,-0.3333333333333333,-1.395513577331759,-0.7315948249739953
0.0,1.0,0.0,1.0,0.0,1.0,0.0,0.0,0.0,0.0,0.0,0.0,0.0,0.0,0.0,1.0,0.0,0.0,1.0,1.0,1.1538461538461537,1.1666666666666667,0.5,0.0,0.0,0.5,-0.6666666666666666,1.3333333333333333,0.5,-1.0,0.1111111111111111,-1.0,-2.0,0.7142857142857143,0.8,0.0,-0.6,-1.5,-0.12121212121212119,0.42266824085005905,0.07967950497192694
1.0,0.0,1.0,0.0,0.0,0.0,1.0,0.0,0.0,0.0,1.0,0.0,0.0,0.0,0.0,0.0,0.0,0.0,1.0,1.0,-0.6153846153846154,-0.5,0.5,0.5,0.0,0.0,-0.6666666666666666,-0.5,0.0,-1.0,-0.5555555555555556,-1.0,-1.0,-0.14285714285714285,-0.2,-0.3333333333333333,-0.2,-0.29999999999999993,-0.3333333333333333,0.059031877213695266,-0.8031351168753649
0.0,1.0,1.0,0.0,0.0,0.0,1.0,0.0,0.0,0.0,0.0,0.0,0.0,0.0,0.0,0.0,0.0,1.0,0.0,1.0,-0.38461538461538464,0.4166666666666667,0.0,0.5,0.0,0.5,-0.6666666666666666,-0.5,0.0,1.0,0.0,-1.0,-2.0,0.5714285714285714,0.8,2.3333333333333335,0.4,0.0,1.5333333333333337,0.38961038961038963,0.14955339169885112
0.0,1.0,1.0,0.0,1.0,0.0,0.0,0.0,0.0,0.0,0.0,0.0,1.0,0.0,0.0,0.0,0.0,1.0,0.0,0.0,-0.6923076923076923,-0.5,-0.5,0.0,0.0,-1.0,-0.3333333333333333,-0.5,0.5,-1.0,-0.1111111111111111,0.0,0.0,0.5714285714285714,0.8,-0.3333333333333333,0.8,0.5999999999999999,-0.3333333333333333,0.5681227863046044,0.3742400607826457
0.0,1.0,0.0,0.0,0.0,0.0,1.0,0.0,0.0,1.0,0.0,0.0,0.0,0.0,0.0,0.0,0.0,0.0,0.0,0.0,-0.6153846153846154,0.08333333333333333,-0.5,-0.5,-1.0,0.5,-0.3333333333333333,-0.16666666666666666,0.5,0.0,-0.4444444444444444,3.0,0.0,0.0,-0.4,-0.3333333333333333,0.2,0.4999999999999999,-0.3333333333333333,0.16292798110979928,-0.013131733543858697
0.0,0.0,0.0,1.0,1.0,0.0,0.0,0.0,0.0,0.0,0.0,0.0,0.0,0.0,0.0,1.0,0.0,1.0,0.0,0.0,0.6923076923076923,-0.4166666666666667,0.5,0.0,0.0,0.0,0.6666666666666666,1.3333333333333333,-0.5,1.0,0.0,0.0,1.0,0.42857142857142855,0.8,1.3333333333333333,0.8,0.8333333333333334,0.9629629629629631,0.19126328217237307,0.02804656978343835
0.0,0.0,1.0,0.0,1.0,0.0,0.0,0.0,0.0,0.0,1.0,0.0,0.0,0.0,0.0,0.0,0.0,1.0,0.0,1.0,0.23076923076923078,-0.5,0.0,0.5,0.0,0.5,-0.3333333333333333,0.16666666666666666,0.5,0.0,-0.1111111111111111,-1.0,0.0,0.5714285714285714,1.0,1.3333333333333333,1.0,0.9000000000000001,0.8333333333333334,0.5681227863046044,0.2450178905945194
1.0,0.0,1.0,0.0,0.0,0.0,1.0,0.0,0.0,0.0,0.0,0.0,0.0,0.0,1.0,0.0,0.0,0.0,1.0,1.0,0.46153846153846156,-0.4166666666666667,-1.0,-0.5,0.0,0.5,1.0,0.0,0.5,-1.0,-0.2222222222222222,-1.0,0.0,-0.42857142857142855,-0.4,0.3333333333333333,-0.2,0.4999999999999999,1.222222222222222,-0.9106650924832743,-0.6555352726718648
1.0,0.0,0.0,1.0,0.0,1.0,0.0,0.0,0.0,0.0,0.0,0.0,0.0,0.0,0.0,1.0,0.0,0.0,1.0,0.0,-0.23076923076923078,0.25,0.0,-0.5,-1.0,0.5,0.3333333333333333,0.0,0.0,-1.0,-0.1111111111111111,3.0,-1.0,0.2857142857142857,0.8,-0.3333333333333333,-0.4,-1.125,-0.3333333333333333,0.13175914994096796,-0.06346802659503963
0.0,1.0,0.0,1.0,0.0,0.0,1.0,0.0,0.0,0.0,0.0,0.0,0.0,0.0,0.0,1.0,0.0,1.0,0.0,0.0,0.0,-0.3333333333333333,0.0,-1.0,-1.0,0.5,-0.6666666666666666,0.8333333333333334,0.0,1.0,0.0,-1.0,0.0,0.5714285714285714,0.8,0.6666666666666666,0.2,-0.29999999999999993,0.3666666666666667,0.38961038961038963,0.4036082177841535
0.0,1.0,0.0,1.0,0.0,1.0,0.0,0.0,0.0,0.0,0.0,0.0,0.0,0.0,0.0,0.0,1.0,1.0,0.0,1.0,0.15384615384615385,-0.4166666666666667,0.5,-0.5,-2.0,0.5,0.0,1.0,-1.0,1.0,1.1111111111111112,1.0,-1.0,-0.14285714285714285,-0.2,-0.3333333333333333,0.0,0.29999999999999993,-0.3333333333333333,-0.9799291617473436,0.07335427890414868
0.0,1.0,1.0,0.0,1.0,0.0,0.0,0.0,0.0,0.0,0.0,0.0,1.0,0.0,0.0,0.0,0.0,0.0,1.0,1.0,1.7692307692307692,-0.4166666666666667,0.0,0.0,-1.0,0.5,0.3333333333333333,-0.16666666666666666,-1.0,-1.0,2.2222222222222223,1.0,0.0,0.0,0.0,1.0,0.0,0.0,1.222222222222222,-1.043607418973988,0.9614097485374303
0.0,1.0,0.0,1.0,0.0,1.0,0.0,0.0,0.0,0.0,0.0,0.0,0.0,0.0,0.0,1.0,0.0,0.0,0.0,0.0,-0.5384615384615384,1.0833333333333333,-0.5,0.5,0.0,0.5,0.0,0.0,0.5,0.0,0.0,-1.0,0.0,-0.2857142857142857,-0.2,-0.3333333333333333,-0.2,0.0,-0.3333333333333333,-0.8004722550177096,0.3103064845140268
1.0,0.0,1.0,0.0,1.0,0.0,0.0,0.0,0.0,0.0,0.0,0.0,0.0,1.0,0.0,0.0,0.0,1.0,0.0,0.0,1.0,-0.4166666666666667,-1.0,-0.5,0.0,0.5,0.3333333333333333,0.16666666666666666,0.5,-1.0,2.0,0.0,0.0,0.0,0.2,1.0,0.0,0.0,1.222222222222222,-1.0193380287424174,1.2792957498294657
0.0,0.0,0.0,1.0,1.0,0.0,0.0,0.0,0.0,0.0,0.0,0.0,0.0,0.0,0.0,1.0,0.0,1.0,0.0,0.0,1.0769230769230769,-0.5,0.0,0.5,0.0,0.0,-0.6666666666666666,-0.3333333333333333,-1.0,0.0,1.0,0.0,0.0,1.8571428571428572,0.8,-0.3333333333333333,2.0,0.5526315789473685,-0.3333333333333333,0.5681227863046044,0.22643456194238232
0.0,0.0,0.0,1.0,0.0,1.0,0.0,0.0,0.0,0.0,0.0,0.0,0.0,0.0,0.0,1.0,0.0,1.0,0.0,1.0,-0.6923076923076923,-0.5,-1.0,0.0,0.0,-0.5,-0.6666666666666666,-0.16666666666666666,0.5,0.0,-0.4444444444444444,-3.0,0.0,0.0,0.2,0.0,0.2,0.4999999999999999,0.05555555555555555,0.16292798110979928,0.22673476582864846
0.0,0.0,1.0,0.0,0.0,0.0,0.0,0.0,1.0,0.0,0.0,0.0,0.0,0.0,1.0,0.0,0.0,1.0,0.0,0.0,0.46153846153846156,0.25,0.5,0.0,0.0,0.0,0.3333333333333333,1.3333333333333333,-0.5,1.0,0.0,-2.0,-1.0,0.14285714285714285,0.0,0.6666666666666666,0.0,-0.21428571428571436,0.6666666666666666,-0.20543093270366009,-0.5080891487361047
0.0,1.0,1.0,0.0,1.0,0.0,0.0,0.0,0.0,0.0,0.0,0.0,0.0,0.0,1.0,0.0,0.0,1.0,0.0,0.0,0.07692307692307693,1.0,-0.5,-0.5,0.0,-0.5,0.6666666666666666,1.1666666666666667,-1.0,-1.0,-0.2222222222222222,-2.0,0.0,-0.5714285714285714,-0.6,-0.3333333333333333,-0.6,-1.5,-0.3333333333333333,-1.1530893349075169,-0.48058463511557753
1.0,0.0,1.0,0.0,0.0,0.0,0.0,0.0,1.0,0.0,0.0,0.0,0.0,0.0,1.0,0.0,0.0,1.0,0.0,0.0,0.0,-0.3333333333333333,0.0,0.0,0.0,-0.5,-0.3333333333333333,-0.3333333333333333,0.0,-1.0,0.2222222222222222,-1.0,-1.0,0.8571428571428571,1.4,-0.3333333333333333,0.8,0.2500000000000001,-0.3333333333333333,0.4506402688220869,-0.289804672496951
0.0,1.0,1.0,0.0,0.0,0.0,1.0,0.0,0.0,0.0,0.0,0.0,1.0,0.0,0.0,0.0,0.0,0.0,0.0,0.0,0.8461538461538461,-0.4166666666666667,-0.5,-1.0,0.0,0.5,1.0,-0.16666666666666666,0.0,2.0,1.1111111111111112,-1.0,0.0,0.0,-0.6,-0.3333333333333333,0.2,0.4999999999999999,-0.3333333333333333,-0.8760330578512396,0.012389701442076677
0.0,1.0,0.0,1.0,0.0,1.0,0.0,0.0,0.0,0.0,0.0,0.0,0.0,0.0,0.0,1.0,0.0,0.0,1.0,0.0,0.23076923076923078,0.6666666666666666,0.5,-0.5,0.0,-1.0,-0.6666666666666666,-0.3333333333333333,-1.0,-1.0,1.2222222222222223,0.0,0.0,2.142857142857143,1.0,3.3333333333333335,1.4,-0.07142857142857151,0.8888888888888891,0.5879574970484059,0.9342991292551216
0.0,0.0,0.0,0.0,0.0,0.0,0.0,0.0,0.0,1.0,0.0,0.0,0.0,0.0,0.0,0.0,0.0,1.0,0.0,0.0,0.38461538461538464,-0.25,0.0,0.0,-2.0,-0.5,1.3333333333333333,0.8333333333333334,-0.5,0.0,0.0,1.0,0.0,-0.2857142857142857,-0.2,0.0,-0.2,0.0,0.25000000000000006,-0.8004722550177096,0.23881422894491516
1.0,0.0,1.0,0.0,0.0,0.0,0.0,1.0,0.0,0.0,0.0,0.0,0.0,0.0,0.0,0.0,0.0,0.0,1.0,1.0,-0.5384615384615384,0.5833333333333334,-1.0,0.0,0.0,0.5,-0.6666666666666666,-0.3333333333333333,-1.0,-1.0,-0.1111111111111111,-2.0,0.0,0.42857142857142855,0.8,2.0,0.8,0.8333333333333334,1.4814814814814814,0.34994096812278636,0.39219644278348886
0.0,1.0,1.0,0.0,0.0,0.0,0.0,0.0,1.0,0.0,0.0,0.0,0.0,0.0,1.0,0.0,0.0,0.0,1.0,1.0,0.15384615384615385,-0.3333333333333333,1.0,0.5,0.0,0.0,0.3333333333333333,1.0,-0.5,-1.0,1.0,-1.0,0.0,-0.2857142857142857,-0.2,0.3333333333333333,-0.2,0.0,0.8333333333333334,-1.0682408500590317,-0.14080050974110286
0.0,1.0,1.0,0.0,0.0,0.0,1.0,0.0,0.0,0.0,1.0,0.0,0.0,0.0,0.0,0.0,0.0,1.0,0.0,0.0,-0.3076923076923077,-0.4166666666666667,0.0,0.0,0.0,-0.5,-0.3333333333333333,-0.16666666666666666,0.0,0.0,-0.2222222222222222,1.0,0.0,0.42857142857142855,-0.6,-0.3333333333333333,0.8,0.8333333333333334,-0.3333333333333333,0.54388036206218,-0.7121037889559206
1.0,0.0,1.0,0.0,1.0,0.0,0.0,0.0,0.0,0.0,0.0,0.0,1.0,0.0,0.0,0.0,0.0,0.0,1.0,0.0,-0.38461538461538464,-0.5,1.0,0.0,1.0,-0.5,-0.3333333333333333,-0.5,-1.0,-1.0,0.0,-1.0,0.0,0.7142857142857143,1.0,1.0,0.8,0.40909090909090906,0.5151515151515152,0.5879574970484059,0.37860102475711577
0.0,1.0,1.0,0.0,0.0,0.0,1.0,0.0,0.0,0.0,0.0,0.0,0.0,0.0,1.0,0.0,0.0,0.0,1.0,0.0,-1.1538461538461537,-0.16666666666666666,-1.0,0.0,0.0,0.5,-0.3333333333333333,0.6666666666666666,0.0,-1.0,-0.7777777777777778,-1.0,0.0,-0.42857142857142855,-0.2,0.3333333333333333,-0.2,0.4999999999999999,1.222222222222222,-0.30460448642266824,-0.45109694259300737
1.0,0.0,1.0,0.0,1.0,0.0,0.0,0.0,0.0,0.0,0.0,0.0,0.0,0.0,0.0,0.0,0.0,1.0,0.0,0.0,0.5384615384615384,-0.5,0.0,0.5,0.0,0.5,0.6666666666666666,-0.16666666666666666,-0.5,0.0,0.2222222222222222,-1.0,-1.0,0.0,-0.2,0.3333333333333333,-0.2,-0.5000000000000001,0.4444444444444444,-0.5563527381709199,0.10063676290438232
0.0,1.0,1.0,0.0,0.0,0.0,1.0,0.0,0.0,0.0,1.0,0.0,0.0,0.0,0.0,0.0,0.0,1.0,0.0,0.0,0.15384615384615385,-0.25,-0.5,0.5,0.0,0.0,1.6666666666666667,0.8333333333333334,0.5,0.0,-0.3333333333333333,2.0,-1.0,-0.7142857142857143,-0.6,-0.3333333333333333,-0.6,-1.5,-0.3333333333333333,-1.395513577331759,-0.39501337647539564
0.0,1.0,1.0,0.0,1.0,0.0,0.0,0.0,0.0,0.0,0.0,0.0,0.0,1.0,0.0,0.0,0.0,0.0,0.0,0.0,1.0769230769230769,0.8333333333333334,1.0,0.5,-1.0,-1.0,1.0,0.16666666666666666,0.0,2.0,1.0,0.0,0.0,1.2857142857142858,1.6,0.0,1.6,0.6999999999999998,-0.17777777777777778,0.13175914994096796,0.9291423602850444
0.0,1.0,1.0,0.0,1.0,0.0,0.0,0.0,0.0,0.0,0.0,0.0,1.0,0.0,0.0,0.0,0.0,0.0,0.0,0.0,-0.38461538461538464,0.16666666666666666,-1.0,0.0,0.0,-0.5,-0.3333333333333333,1.8333333333333333,0.5,0.0,0.3333333333333333,3.0,1.0,1.1428571428571428,1.0,-0.3333333333333333,1.0,0.2142857142857142,-0.3333333333333333,0.6304604486422668,0.7194449859830179
0.0,1.0,0.0,1.0,1.0,0.0,0.0,0.0,0.0,0.0,0.0,0.0,0.0,0.0,0.0,1.0,0.0,0.0,1.0,1.0,-0.07692307692307693,1.6666666666666667,0.0,0.0,0.0,0.5,-0.3333333333333333,0.6666666666666666,0.5,-1.0,0.0,-1.0,0.0,0.7142857142857143,0.8,2.0,0.8,0.40909090909090906,1.1515151515151516,0.5879574970484059,0.14269374192416287
0.0,1.0,1.0,0.0,1.0,0.0,0.0,0.0,0.0,0.0,0.0,0.0,1.0,0.0,0.0,0.0,0.0,0.0,1.0,1.0,0.07692307692307693,0.25,0.5,0.0,0.0,-0.5,0.0,-0.3333333333333333,0.5,-1.0,0.8888888888888888,-1.0,-1.0,-0.5714285714285714,-0.6,-0.3333333333333333,-0.4,0.0,-0.3333333333333333,-1.2806810414465915,-0.1676598891364279
0.0,1.0,0.0,1.0,0.0,1.0,0.0,0.0,0.0,0.0,0.0,0.0,0.0,0.0,0.0,1.0,0.0,1.0,0.0,0.0,-0.6923076923076923,0.08333333333333333,0.5,-0.5,0.0,-0.5,-0.3333333333333333,0.6666666666666666,-1.0,0.0,-0.2222222222222222,0.0,0.0,0.42857142857142855,0.8,-0.3333333333333333,0.8,0.8333333333333334,-0.3333333333333333,0.54388036206218,0.2062557245647695
0.0,1.0,1.0,0.0,1.0,0.0,0.0,0.0,0.0,0.0,0.0,0.0,0.0,0.0,0.0,0.0,0.0,0.0,1.0,0.0,0.9230769230769231,-0.25,0.5,0.0,-1.0,0.0,1.6666666666666667,0.0,-0.5,-1.0,1.8888888888888888,0.0,0.0,1.4285714285714286,1.6,1.0,1.0,0.0,0.25000000000000006,-0.22668240850059038,0.7503500016458831
1.0,0.0,1.0,0.0,0.0,0.0,1.0,0.0,0.0,0.0,0.0,0.0,0.0,0.0,1.0,0.0,0.0,0.0,0.0,1.0,0.15384615384615385,0.08333333333333333,0.0,0.5,-1.0,-0.5,-0.3333333333333333,0.3333333333333333,0.0,0.0,1.1111111111111112,0.0,0.0,2.142857142857143,1.6,-0.3333333333333333,0.8,-0.5000000000000001,-0.3333333333333333,0.6824085005903185,-0.8124674095951986
0.0,0.0,1.0,0.0,0.0,0.0,1.0,0.0,0.0,0.0,0.0,0.0,1.0,0.0,0.0,0.0,0.0,1.0,0.0,0.0,0.0,-0.5,0.5,0.5,-1.0,0.0,-0.6666666666666666,0.16666666666666666,0.0,-1.0,-0.6666666666666666,3.0,0.0,-0.2857142857142857,-0.2,0.0,-0.2,0.0,0.25000000000000006,-0.08642266824085014,-0.12830272518534405
0.0,1.0,1.0,0.0,1.0,0.0,0.0,0.0,0.0,0.0,1.0,0.0,0.0,0.0,0.0,0.0,0.0,1.0,0.0,0.0,-0.6923076923076923,0.3333333333333333,-1.0,-0.5,0.0,-1.0,-0.6666666666666666,0.0,-0.5,-1.0,-0.4444444444444444,0.0,1.0,0.0,-0.6,0.0,0.2,0.4999999999999999,0.05555555555555555,0.16292798110979928,-0.8277733152589355
0.0,0.0,1.0,0.0,0.0,0.0,0.0,0.0,1.0,0.0,0.0,0.0,0.0,0.0,1.0,0.0,0.0,0.0,0.0,0.0,-0.15384615384615385,1.5833333333333333,-1.0,-1.0,-1.0,0.0,-0.3333333333333333,1.0,0.0,2.0,-0.5555555555555556,-1.0,0.0,0.0,0.2,-0.3333333333333333,-0.6,-1.5,-0.3333333333333333,0.42266824085005905,-0.8600814000670038
1.0,0.0,0.0,1.0,0.0,0.0,1.0,0.0,0.0,0.0,0.0,0.0,0.0,0.0,0.0,1.0,0.0,0.0,0.0,1.0,0.8461538461538461,-0.3333333333333333,0.0,0.5,0.0,0.0,2.3333333333333335,-0.3333333333333333,0.5,1.0,2.0,-1.0,-1.0,2.4285714285714284,-0.2,3.3333333333333335,2.0,0.19565217391304335,0.7826086956521741,0.25965883646134413,0.9644595640779184
0.0,1.0,1.0,0.0,0.0,0.0,1.0,0.0,0.0,0.0,1.0,0.0,0.0,0.0,0.0,0.0,0.0,0.0,0.0,1.0,1.0,0.75,0.0,0.5,0.0,-1.0,0.6666666666666666,0.3333333333333333,-0.5,0.0,0.7777777777777778,-1.0,-1.0,-0.42857142857142855,-0.2,0.3333333333333333,-0.2,0.4999999999999999,1.222222222222222,-1.1530893349075169,-0.6286464198299455
0.0,1.0,0.0,1.0,1.0,0.0,0.0,0.0,0.0,0.0,0.0,1.0,0.0,0.0,0.0,0.0,0.0,1.0,0.0,1.0,1.6923076923076923,1.1666666666666667,0.0,0.5,0.0,0.5,0.6666666666666666,-0.16666666666666666,0.0,0.0,2.111111111111111,-1.0,-1.0,-0.5714285714285714,-0.6,-0.3333333333333333,-0.6,-1.5,-0.3333333333333333,-1.3227863046044863,1.2130909178162896
0.0,1.0,0.0,1.0,0.0,0.0,0.0,0.0,1.0,0.0,0.0,0.0,0.0,0.0,0.0,0.0,1.0,0.0,1.0,1.0,-0.9230769230769231,-0.5,-1.0,-1.0,0.0,-0.5,-0.3333333333333333,0.3333333333333333,-0.5,-1.0,-0.4444444444444444,1.0,0.0,0.0,0.0,0.0,0.2,0.4999999999999999,0.05555555555555555,0.16292798110979928,-0.4254650338284022
1.0,0.0,1.0,0.0,1.0,0.0,0.0,0.0,0.0,0.0,1.0,0.0,0.0,0.0,0.0,0.0,0.0,1.0,0.0,0.0,-0.5384615384615384,-0.4166666666666667,-1.0,0.5,0.0,-0.5,-0.6666666666666666,-0.16666666666666666,0.0,2.0,-0.6666666666666666,0.0,0.0,-0.2857142857142857,-0.2,-0.3333333333333333,-0.2,0.0,-0.3333333333333333,-0.08642266824085014,-0.4320333364710262
0.0,1.0,1.0,0.0,1.0,0.0,0.0,0.0,0.0,0.0,0.0,0.0,0.0,0.0,1.0,0.0,0.0,0.0,1.0,0.0,-0.07692307692307693,-0.08333333333333333,0.5,-0.5,-2.0,0.5,-0.3333333333333333,-0.16666666666666666,-0.5,-1.0,0.7777777777777778,0.0,0.0,1.7142857142857142,1.6,3.3333333333333335,1.0,-0.16666666666666674,1.0925925925925928,0.6650924832743013,0.27029704315071496
0.0,1.0,1.0,0.0,0.0,0.0,0.0,1.0,0.0,0.0,0.0,0.0,0.0,0.0,1.0,0.0,0.0,1.0,0.0,0.0,-0.7692307692307693,-0.08333333333333333,0.0,0.0,-1.0,-0.5,-0.3333333333333333,0.8333333333333334,0.0,-1.0,-0.5555555555555556,0.0,-1.0,0.0,0.2,1.0,0.0,0.0,1.222222222222222,0.42266824085005905,-0.7129080060745914
0.0,1.0,1.0,0.0,1.0,0.0,0.0,0.0,0.0,0.0,0.0,0.0,0.0,1.0,0.0,0.0,0.0,0.0,1.0,1.0,1.6923076923076923,-0.4166666666666667,0.5,0.5,0.0,-0.5,1.6666666666666667,-0.3333333333333333,0.5,-1.0,3.3333333333333335,-1.0,0.0,3.7142857142857144,2.4,4.0,1.0,-0.75,0.6145833333333334,0.25415382843320755,1.2835137662688814
1.0,0.0,1.0,0.0,0.0,0.0,1.0,0.0,0.0,0.0,0.0,1.0,0.0,0.0,0.0,0.0,0.0,0.0,1.0,0.0,0.6923076923076923,1.5,0.0,-0.5,0.0,-0.5,0.3333333333333333,1.3333333333333333,0.0,-1.0,1.3333333333333333,1.0,0.0,-0.7142857142857143,-0.6,-0.3333333333333333,-0.6,-1.5,-0.3333333333333333,-1.395513577331759,1.2229556330114884
0.0,1.0,1.0,0.0,1.0,0.0,0.0,0.0,0.0,0.0,0.0,0.0,0.0,1.0,0.0,0.0,0.0,1.0,0.0,0.0,0.15384615384615385,1.5,-0.5,-1.0,-1.0,-0.5,0.3333333333333333,0.5,0.0,0.0,1.0,-1.0,0.0,0.7142857142857143,1.0,-0.3333333333333333,-0.4,-1.2272727272727273,-0.3333333333333333,-0.30460448642266824,0.8381827456093494
0.0,1.0,1.0,0.0,0.0,0.0,1.0,0.0,0.0,0.0,0.0,0.0,0.0,0.0,1.0,0.0,0.0,1.0,0.0,0.0,-1.0769230769230769,0.3333333333333333,0.0,-1.0,0.0,-0.5,-0.3333333333333333,-0.16666666666666666,0.5,0.0,-0.8888888888888888,-2.0,0.0,-0.42857142857142855,-0.4,0.0,-0.2,0.4999999999999999,0.4444444444444444,0.059031877213695266,-0.7641434280979431
0.0,1.0,1.0,0.0,0.0,0.0,1.0,0.0,0.0,0.0,0.0,0.0,0.0,0.0,1.0,0.0,0.0,0.0,1.0,1.0,-0.23076923076923078,1.5,0.0,-1.0,-1.0,-0.5,0.6666666666666666,1.0,-0.5,-1.0,-0.5555555555555556,-3.0,0.0,-0.42857142857142855,-0.2,0.3333333333333333,-0.2,0.4999999999999999,1.222222222222222,-0.6682408500590319,-0.7352941934587247
0.0,0.0,0.0,1.0,0.0,0.0,0.0,1.0,0.0,0.0,0.0,0.0,0.0,0.0,0.0,1.0,0.0,1.0,0.0,0.0,-0.46153846153846156,1.25,0.5,0.0,0.0,-1.0,-0.6666666666666666,-0.5,0.0,-1.0,0.0,0.0,0.0,0.5714285714285714,1.0,2.0,1.0,0.9000000000000001,1.3,0.38961038961038963,0.49483510612905546
0.0,1.0,0.0,1.0,0.0,1.0,0.0,0.0,0.0,0.0,0.0,0.0,0.0,0.0,0.0,0.0,1.0,1.0,0.0,0.0,0.15384615384615385,0.16666666666666666,0.0,-0.5,-1.0,-0.5,-0.6666666666666666,0.8333333333333334,0.5,0.0,-0.7777777777777778,0.0,0.0,-0.42857142857142855,-0.2,0.0,-0.2,0.4999999999999999,0.4444444444444444,-0.30460448642266824,-0.5201711668150023
1.0,0.0,1.0,0.0,0.0,0.0,0.0,1.0,0.0,0.0,1.0,0.0,0.0,0.0,0.0,0.0,0.0,1.0,0.0,0.0,-0.07692307692307693,-0.25,0.5,0.5,-1.0,0.5,-0.3333333333333333,-0.16666666666666666,-0.5,0.0,-0.8888888888888888,-1.0,1.0,-0.42857142857142855,-0.2,0.3333333333333333,-0.2,0.4999999999999999,1.222222222222222,0.059031877213695266,-0.7096952015851862
0.0,1.0,1.0,0.0,0.0,0.0,0.0,0.0,1.0,0.0,1.0,0.0,0.0,0.0,0.0,0.0,0.0,1.0,0.0,0.0,-0.46153846153846156,-0.08333333333333333,0.0,-1.0,-1.0,0.5,-0.6666666666666666,-0.3333333333333333,-1.0,0.0,0.0,3.0,0.0,0.5714285714285714,-0.2,1.6666666666666667,0.8,0.5999999999999999,1.0666666666666667,0.38961038961038963,-0.07472685104801335
1.0,0.0,0.0,1.0,0.0,0.0,1.0,0.0,0.0,0.0,0.0,0.0,0.0,0.0,0.0,1.0,0.0,0.0,0.0,1.0,-0.6923076923076923,-0.3333333333333333,-1.0,0.5,1.0,0.5,-0.3333333333333333,1.0,-0.5,1.0,-0.4444444444444444,0.0,0.0,0.14285714285714285,0.4,-0.3333333333333333,0.2,0.2142857142857142,-0.3333333333333333,0.4746162927981108,-0.07061732665892308
0.0,1.0,1.0,0.0,0.0,0.0,0.0,1.0,0.0,0.0,1.0,0.0,0.0,0.0,0.0,0.0,0.0,0.0,1.0,0.0,-1.0,0.4166666666666667,-0.5,0.5,0.0,0.5,-0.3333333333333333,-0.16666666666666666,0.0,-1.0,-0.5555555555555556,3.0,1.0,0.0,-0.2,0.0,0.2,0.4999999999999999,0.05555555555555555,0.42266824085005905,-0.6068044271890233
0.0,1.0,1.0,0.0,0.0,0.0,1.0,0.0,0.0,0.0,0.0,0.0,0.0,1.0,0.0,0.0,0.0,0.0,0.0,1.0,0.7692307692307693,-0.4166666666666667,0.5,0.0,0.0,0.5,1.6666666666666667,0.5,0.0,0.0,1.5555555555555556,0.0,0.0,-0.42857142857142855,-0.4,0.3333333333333333,-0.2,0.4999999999999999,1.222222222222222,-1.2209681227863047,1.287565295223893
0.0,1.0,1.0,0.0,0.0,0.0,1.0,0.0,0.0,0.0,0.0,0.0,0.0,0.0,0.0,0.0,0.0,0.0,1.0,0.0,-0.6923076923076923,0.0,0.0,0.5,-1.0,-1.0,2.0,0.8333333333333334,-1.0,-1.0,-0.1111111111111111,-1.0,-2.0,0.2857142857142857,0.6,-0.3333333333333333,0.8,1.125,-0.3333333333333333,0.13175914994096796,0.29366466647427797
0.0,1.0,1.0,0.0,0.0,0.0,1.0,0.0,0.0,0.0,1.0,0.0,0.0,0.0,0.0,0.0,0.0,0.0,0.0,0.0,-0.23076923076923078,0.25,-1.0,-1.0,-2.0,0.5,1.6666666666666667,-0.16666666666666666,-1.0,2.0,-0.2222222222222222,-1.0,0.0,-0.14285714285714285,0.0,0.0,0.0,0.29999999999999993,0.1333333333333334,-0.4258166076347895,-0.36606364677373954
0.0,1.0,0.0,1.0,1.0,0.0,0.0,0.0,0.0,0.0,0.0,0.0,0.0,0.0,0.0,1.0,0.0,0.0,0.0,0.0,0.9230769230769231,0.75,0.5,0.0,0.0,0.0,2.0,0.0,0.0,0.0,0.8888888888888888,-1.0,0.0,0.42857142857142855,0.8,2.0,0.8,0.8333333333333334,1.4814814814814814,-0.4768532902504195,0.2401469888640366
0.0,1.0,1.0,0.0,0.0,0.0,1.0,0.0,0.0,0.0,0.0,0.0,0.0,0.0,0.0,0.0,0.0,1.0,0.0,1.0,0.15384615384615385,0.9166666666666666,0.0,-0.5,-2.0,0.5,0.3333333333333333,0.3333333333333333,0.0,0.0,0.5555555555555556,-1.0,0.0,-0.5714285714285714,-0.6,0.0,-0.6,-1.5,0.8333333333333334,-1.2591499409681228,0.14236585710101907
1.0,0.0,1.0,0.0,1.0,0.0,0.0,0.0,0.0,0.0,0.0,0.0,0.0,0.0,1.0,0.0,0.0,0.0,1.0,0.0,-0.15384615384615385,0.75,0.5,0.0,-1.0,0.5,-0.3333333333333333,0.3333333333333333,0.0,-1.0,-0.4444444444444444,0.0,0.0,0.0,-0.2,0.0,0.0,0.0,0.05555555555555555,0.16292798110979928,-0.6412494451194162
1.0,0.0,0.0,1.0,0.0,1.0,0.0,0.0,0.0,0.0,0.0,0.0,0.0,0.0,0.0,1.0,0.0,1.0,0.0,0.0,-0.6923076923076923,0.08333333333333333,-1.0,0.0,0.0,0.5,-0.6666666666666666,0.8333333333333334,-0.5,0.0,-0.5555555555555556,0.0,0.0,-0.14285714285714285,-0.2,0.0,-0.4,-0.9,0.1333333333333334,0.059031877213695266,-0.1352988362862989
1.0,0.0,1.0,0.0,0.0,0.0,1.0,0.0,0.0,0.0,0.0,0.0,0.0,0.0,1.0,0.0,0.0,0.0,0.0,0.0,-0.46153846153846156,-0.3333333333333333,0.0,0.0,0.0,0.0,-0.3333333333333333,1.0,0.0,0.0,-1.0,-1.0,0.0,-0.5714285714285714,-0.6,-0.3333333333333333,-0.6,-1.5,-0.3333333333333333,-0.30460448642266824,-0.8350620485251029
0.0,0.0,0.0,1.0,1.0,0.0,0.0,0.0,0.0,0.0,0.0,0.0,0.0,0.0,0.0,1.0,0.0,0.0,0.0,1.0,-0.23076923076923078,0.75,0.0,0.0,0.0,0.5,-0.3333333333333333,1.8333333333333333,0.0,0.0,-0.3333333333333333,-1.0,0.0,0.14285714285714285,0.4,0.0,-0.2,-0.6428571428571429,0.0,0.24085005903187715,0.06680930701191008
1.0,0.0,1.0,0.0,0.0,0.0,1.0,0.0,0.0,0.0,1.0,0.0,0.0,0.0,0.0,0.0,0.0,0.0,0.0,0.0,-0.6153846153846154,-0.5,0.0,-1.0,-1.0,-0.5,-0.3333333333333333,0.16666666666666666,-1.0,1.0,-1.0,-1.0,0.0,-0.5714285714285714,-0.6,-0.3333333333333333,-0.6,-1.5,-0.3333333333333333,-0.30460448642266824,-0.6253380365414017
1.0,0.0,0.0,1.0,0.0,1.0,0.0,0.0,0.0,0.0,0.0,0.0,0.0,0.0,0.0,0.0,1.0,1.0,0.0,0.0,-1.0,0.16666666666666666,0.0,0.5,0.0,-1.0,-0.3333333333333333,0.8333333333333334,-1.0,0.0,-1.0,0.0,-1.0,-0.5714285714285714,-0.6,0.0,-0.6,-1.5,0.8333333333333334,-0.30460448642266824,-0.9794554244618674
1.0,0.0,1.0,0.0,0.0,0.0,1.0,0.0,0.0,0.0,0.0,0.0,1.0,0.0,0.0,0.0,0.0,0.0,0.0,1.0,0.8461538461538461,0.75,0.5,0.0,1.0,0.0,-0.3333333333333333,0.8333333333333334,0.0,-1.0,1.1111111111111112,0.0,1.0,2.0,1.4,0.3333333333333333,0.8,-0.45000000000000007,-0.09999999999999998,0.5785123966942148,0.01182574212249104
0.0,1.0,1.0,0.0,1.0,0.0,0.0,0.0,0.0,0.0,1.0,0.0,0.0,0.0,0.0,0.0,0.0,1.0,0.0,0.0,1.1538461538461537,0.16666666666666666,0.5,0.5,0.0,0.5,0.3333333333333333,1.5,-0.5,1.0,0.0,1.0,0.0,-0.14285714285714285,-0.2,-0.3333333333333333,0.0,0.29999999999999993,-0.3333333333333333,-0.602125147579693,-0.8387274270015304
0.0,1.0,1.0,0.0,1.0,0.0,0.0,0.0,0.0,0.0,1.0,0.0,0.0,0.0,0.0,0.0,0.0,1.0,0.0,0.0,-0.07692307692307693,1.75,0.0,-0.5,1.0,0.0,-0.3333333333333333,0.5,0.5,1.0,0.0,0.0,-1.0,0.7142857142857143,1.2,1.6666666666666667,1.0,0.6818181818181819,0.9393939393939393,0.5879574970484059,-0.36634324109261956
0.0,1.0,1.0,0.0,0.0,0.0,0.0,0.0,1.0,0.0,0.0,0.0,0.0,0.0,1.0,0.0,0.0,0.0,1.0,1.0,-0.46153846153846156,-0.3333333333333333,0.0,0.5,0.0,-1.0,1.0,-0.5,0.0,-1.0,-0.2222222222222222,2.0,0.0,0.0,-0.2,-0.3333333333333333,0.2,0.4999999999999999,-0.3333333333333333,-0.183392365210547,-0.603212273561429
1.0,0.0,1.0,0.0,1.0,0.0,0.0,0.0,0.0,0.0,0.0,0.0,0.0,0.0,0.0,0.0,0.0,0.0,0.0,0.0,0.15384615384615385,0.4166666666666667,0.0,-1.0,-1.0,-1.0,0.0,0.16666666666666666,0.0,0.0,0.3333333333333333,0.0,-1.0,-0.14285714285714285,0.0,0.0,-0.2,-0.29999999999999993,0.1333333333333334,-0.7721369539551358,0.21753573388761382
0.0,1.0,1.0,0.0,0.0,0.0,1.0,0.0,0.0,0.0,1.0,0.0,0.0,0.0,0.0,0.0,0.0,1.0,0.0,0.0,-0.8461538461538461,-0.3333333333333333,0.0,-1.0,0.0,-1.0,1.0,-0.16666666666666666,0.0,0.0,-0.4444444444444444,2.0,0.0,-0.42857142857142855,-0.2,-0.3333333333333333,-0.2,0.4999999999999999,-0.3333333333333333,-0.7721369539551358,-0.20610922051110236
0.0,1.0,0.0,1.0,1.0,0.0,0.0,0.0,0.0,0.0,0.0,0.0,0.0,0.0,0.0,1.0,0.0,0.0,1.0,1.0,0.8461538461538461,-0.25,-0.5,0.5,0.0,0.5,-0.3333333333333333,0.5,0.0,-1.0,-0.1111111111111111,-3.0,0.0,0.5714285714285714,-0.6,-0.3333333333333333,0.8,0.5999999999999999,-0.3333333333333333,0.5681227863046044,-0.17540972992839202
0.0,1.0,1.0,0.0,1.0,0.0,0.0,0.0,0.0,0.0,0.0,0.0,0.0,1.0,0.0,0.0,0.0,1.0,0.0,0.0,0.9230769230769231,0.25,0.0,0.5,-1.0,-0.5,0.6666666666666666,-0.3333333333333333,0.5,-1.0,2.111111111111111,0.0,0.0,2.4285714285714284,1.4,3.6666666666666665,1.2,-0.3260869565217391,0.8840579710144928,0.20448642266824069,1.3040375640784738
0.0,1.0,1.0,0.0,0.0,0.0,0.0,0.0,1.0,0.0,0.0,0.0,1.0,0.0,0.0,0.0,0.0,1.0,0.0,0.0,-0.07692307692307693,1.5,0.0,0.5,-1.0,-0.5,0.3333333333333333,0.3333333333333333,-1.0,-1.0,0.6666666666666666,-1.0,0.0,1.1428571428571428,1.4,1.0,1.0,0.2142857142857142,0.3333333333333333,0.2729356205292032,0.7419964297155501
1.0,0.0,0.0,0.0,1.0,0.0,0.0,0.0,0.0,1.0,0.0,0.0,0.0,0.0,0.0,0.0,0.0,0.0,0.0,1.0,-0.7692307692307693,0.8333333333333334,0.5,-0.5,0.0,0.0,-0.6666666666666666,-0.5,-0.5,0.0,-0.2222222222222222,-1.0,-1.0,0.2857142857142857,0.8,0.0,-0.6,-1.5,-0.04166666666666665,0.3014561196379378,-0.5735610791059582
0.0,1.0,1.0,0.0,1.0,0.0,0.0,0.0,0.0,0.0,0.0,0.0,0.0,1.0,0.0,0.0,0.0,0.0,1.0,0.0,-0.3076923076923077,-0.3333333333333333,-0.5,0.0,0.0,0.5,0.3333333333333333,0.16666666666666666,0.5,-1.0,0.0,3.0,0.0,0.2857142857142857,0.8,2.0,0.8,1.125,1.7083333333333335,-0.00708382526564351,0.7641119336312641
0.0,1.0,0.0,0.0,0.0,0.0,0.0,0.0,1.0,1.0,0.0,0.0,0.0,0.0,0.0,0.0,0.0,0.0,1.0,0.0,-0.07692307692307693,0.08333333333333333,0.5,0.0,0.0,0.0,-0.3333333333333333,0.5,-0.5,-1.0,-0.4444444444444444,-1.0,-2.0,0.0,0.2,0.0,0.2,0.4999999999999999,0.05555555555555555,0.16292798110979928,-0.13947720858554605
0.0,0.0,1.0,0.0,1.0,0.0,0.0,0.0,0.0,0.0,1.0,0.0,0.0,0.0,0.0,0.0,0.0,0.0,1.0,1.0,0.23076923076923078,-0.4166666666666667,0.0,-1.0,-1.0,-1.0,0.0,1.5,-0.5,-1.0,0.1111111111111111,-1.0,1.0,-0.5714285714285714,-0.6,-0.3333333333333333,-0.6,-1.5,-0.3333333333333333,-1.2136953955135772,-0.30174975327930453
1.0,0.0,1.0,0.0,0.0,0.0,1.0,0.0,0.0,0.0,0.0,0.0,0.0,0.0,0.0,0.0,0.0,1.0,0.0,0.0,0.3076923076923077,-0.4166666666666667,-0.5,0.0,1.0,-0.5,-0.3333333333333333,1.6666666666666667,0.5,0.0,-0.2222222222222222,-1.0,0.0,0.42857142857142855,0.8,0.6666666666666666,0.8,0.8333333333333334,0.4444444444444444,0.54388036206218,-0.1570496007451384
0.0,1.0,1.0,0.0,0.0,0.0,1.0,0.0,0.0,0.0,0.0,0.0,0.0,0.0,1.0,0.0,0.0,1.0,0.0,1.0,-0.46153846153846156,-0.5,0.0,0.5,0.0,-0.5,-0.6666666666666666,1.1666666666666667,-1.0,0.0,0.2222222222222222,-1.0,0.0,0.8571428571428571,1.2,1.3333333333333333,0.8,0.2500000000000001,0.638888888888889,0.4506402688220869,-0.319420334077875
0.0,1.0,0.0,1.0,0.0,0.0,0.0,0.0,1.0,0.0,0.0,0.0,0.0,0.0,0.0,1.0,0.0,0.0,0.0,0.0,0.3076923076923077,0.25,0.0,-0.5,-1.0,-0.5,1.6666666666666667,-0.3333333333333333,-0.5,0.0,-0.3333333333333333,-1.0,1.0,0.0,-0.4,0.0,0.0,0.0,0.05555555555555555,-0.031877213695395555,0.29938336440910807
0.0,1.0,1.0,0.0,0.0,0.0,1.0,0.0,0.0,0.0,1.0,0.0,0.0,0.0,0.0,0.0,0.0,1.0,0.0,0.0,-0.7692307692307693,-0.5,-0.5,-1.0,-1.0,-1.0,-0.3333333333333333,0.3333333333333333,-1.0,1.0,-0.4444444444444444,-1.0,0.0,0.0,0.0,0.0,0.0,0.0,0.05555555555555555,0.16292798110979928,-0.2242439162919321
0.0,0.0,0.0,1.0,0.0,0.0,1.0,0.0,0.0,0.0,0.0,0.0,0.0,0.0,0.0,0.0,1.0,0.0,1.0,0.0,-1.1538461538461537,0.16666666666666666,-0.5,-1.0,0.0,0.5,-0.3333333333333333,1.6666666666666667,0.0,-1.0,-0.7777777777777778,0.0,-1.0,-0.2857142857142857,-0.2,0.3333333333333333,-0.2,0.0,0.8333333333333334,0.24085005903187715,-0.6202143831832452
0.0,1.0,1.0,0.0,0.0,0.0,1.0,0.0,0.0,0.0,0.0,0.0,1.0,0.0,0.0,0.0,0.0,0.0,0.0,1.0,0.0,0.16666666666666666,-0.5,-0.5,-1.0,-0.5,0.0,-0.5,0.0,0.0,0.3333333333333333,-1.0,0.0,-0.2857142857142857,-0.2,-0.3333333333333333,-0.2,0.0,-0.3333333333333333,-0.9279811097992916,0.5428788567866119
0.0,0.0,1.0,0.0,0.0,0.0,1.0,0.0,0.0,0.0,0.0,0.0,0.0,0.0,1.0,0.0,0.0,0.0,1.0,0.0,-0.6153846153846154,0.75,0.0,0.0,0.0,0.0,-0.3333333333333333,0.0,0.0,-1.0,-0.5555555555555556,0.0,-1.0,0.0,0.0,0.0,0.2,0.4999999999999999,0.05555555555555555,0.42266824085005905,-0.8075676701177622
1.0,0.0,1.0,0.0,0.0,0.0,1.0,0.0,0.0,0.0,1.0,0.0,0.0,0.0,0.0,0.0,0.0,0.0,1.0,0.0,-0.6153846153846154,-0.4166666666666667,-0.5,0.0,-1.0,-1.0,1.6666666666666667,-0.5,0.0,-1.0,-0.2222222222222222,-1.0,-1.0,-0.7142857142857143,-0.6,-0.3333333333333333,-0.6,-1.5,-0.3333333333333333,-1.395513577331759,-0.638268997876775
0.0,1.0,0.0,1.0,0.0,1.0,0.0,0.0,0.0,0.0,0.0,0.0,0.0,0.0,0.0,0.0,1.0,0.0,1.0,0.0,-1.1538461538461537,0.0,-1.0,-0.5,0.0,-0.5,-0.3333333333333333,-0.16666666666666666,-0.5,-1.0,-1.0,0.0,0.0,-0.5714285714285714,-0.6,0.0,-0.6,-1.5,0.8333333333333334,-0.30460448642266824,-0.5953568753789311
0.0,1.0,1.0,0.0,0.0,0.0,1.0,0.0,0.0,0.0,1.0,0.0,0.0,0.0,0.0,0.0,0.0,1.0,0.0,0.0,0.3076923076923077,-0.4166666666666667,0.0,-0.5,-1.0,0.0,1.3333333333333333,1.3333333333333333,-0.5,0.0,1.1111111111111112,0.0,0.0,-0.5714285714285714,-0.6,-0.3333333333333333,-0.6,-1.5,-0.3333333333333333,-1.2916174734356554,-0.35494660931620425
1.0,0.0,0.0,1.0,1.0,0.0,0.0,0.0,0.0,0.0,0.0,0.0,0.0,0.0,0.0,1.0,0.0,1.0,0.0,0.0,-0.23076923076923078,0.0,0.0,0.5,0.0,-0.5,-0.6666666666666666,0.5,0.0,0.0,-0.6666666666666666,0.0,0.0,-0.2857142857142857,-0.2,-0.3333333333333333,-0.2,0.0,-0.3333333333333333,-0.08642266824085014,-0.14411682405765439
0.0,1.0,1.0,0.0,1.0,0.0,0.0,0.0,0.0,0.0,1.0,0.0,0.0,0.0,0.0,0.0,0.0,0.0,1.0,0.0,0.46153846153846156,0.08333333333333333,0.0,0.5,0.0,0.0,0.6666666666666666,-0.16666666666666666,0.5,-1.0,-0.2222222222222222,0.0,0.0,-0.7142857142857143,-0.6,-0.3333333333333333,-0.6,-1.5,-0.3333333333333333,-1.395513577331759,-0.22111736106413038
1.0,0.0,0.0,1.0,0.0,1.0,0.0,0.0,0.0,0.0,0.0,0.0,0.0,0.0,0.0,1.0,0.0,0.0,1.0,0.0,1.0769230769230769,0.4166666666666667,0.0,0.0,0.0,0.5,0.6666666666666666,-0.5,0.5,-1.0,0.6666666666666666,0.0,0.0,-0.42857142857142855,-0.2,0.3333333333333333,-0.4,-0.5000000000000001,1.222222222222222,-1.1388290853531493,0.5809890463047462
0.0,1.0,1.0,0.0,0.0,0.0,1.0,0.0,0.0,0.0,0.0,0.0,0.0,0.0,0.0,0.0,0.0,0.0,0.0,0.0,0.7692307692307693,-0.5,0.5,0.5,0.0,-1.0,1.6666666666666667,0.3333333333333333,0.0,0.0,0.7777777777777778,0.0,0.0,-0.14285714285714285,-0.2,-0.3333333333333333,0.0,0.29999999999999993,-0.3333333333333333,-0.9106650924832743,0.600248379502986
0.0,1.0,1.0,0.0,0.0,0.0,1.0,0.0,0.0,0.0,0.0,0.0,0.0,0.0,1.0,0.0,0.0,0.0,1.0,1.0,-1.2307692307692308,0.25,-1.0,0.5,0.0,0.0,-0.3333333333333333,-0.5,0.5,-1.0,-1.0,2.0,0.0,-0.5714285714285714,-0.6,0.0,-0.4,0.0,0.8333333333333334,-0.30460448642266824,-1.5253549111975546
0.0,1.0,0.0,1.0,1.0,0.0,0.0,0.0,0.0,0.0,0.0,0.0,0.0,0.0,0.0,1.0,0.0,0.0,1.0,0.0,0.6923076923076923,1.0833333333333333,0.0,0.5,0.0,0.0,2.0,0.16666666666666666,0.0,-1.0,-0.2222222222222222,0.0,0.0,0.0,0.0,-0.3333333333333333,-0.4,-1.0000000000000002,-0.3333333333333333,-0.183392365210547,-0.029878744333324297
0.0,1.0,0.0,0.0,0.0,0.0,0.0,0.0,0.0,1.0,0.0,0.0,0.0,0.0,0.0,0.0,0.0,0.0,0.0,1.0,-0.5384615384615384,0.5,0.0,-1.0,-1.0,-1.0,0.6666666666666666,0.16666666666666666,0.5,2.0,-0.6666666666666666,0.0,0.0,-0.42857142857142855,-0.2,0.3333333333333333,-0.6,-1.5,1.222222222222222,-0.5227863046044864,-0.7262765179851268
0.0,1.0,1.0,0.0,0.0,0.0,1.0,0.0,0.0,0.0,0.0,0.0,0.0,0.0,1.0,0.0,0.0,0.0,1.0,0.0,-0.3076923076923077,-0.4166666666666667,0.5,-1.0,1.0,0.5,1.6666666666666667,0.3333333333333333,0.0,-1.0,0.0,-3.0,-1.0,0.2857142857142857,0.8,-0.3333333333333333,0.8,1.125,-0.3333333333333333,-0.00708382526564351,0.009566561540812674
0.0,1.0,0.0,1.0,0.0,1.0,0.0,0.0,0.0,0.0,0.0,0.0,0.0,0.0,0.0,1.0,0.0,1.0,0.0,0.0,-0.07692307692307693,-0.5,0.0,-0.5,0.0,0.0,2.3333333333333335,-0.5,0.0,-1.0,0.5555555555555556,-1.0,0.0,0.8571428571428571,1.2,1.6666666666666667,1.2,0.75,0.8333333333333334,0.1044864226682408,-0.05637196083030426
0.0,1.0,1.0,0.0,1.0,0.0,0.0,0.0,0.0,0.0,0.0,0.0,0.0,0.0,0.0,0.0,0.0,1.0,0.0,0.0,0.46153846153846156,-0.4166666666666667,0.5,0.0,0.0,0.5,-0.3333333333333333,-0.16666666666666666,-0.5,1.0,0.0,1.0,0.0,0.7142857142857143,-0.2,0.3333333333333333,-0.2,-0.9545454545454546,0.09090909090909094,0.5879574970484059,-0.19249809544753546
1.0,0.0,1.0,0.0,0.0,0.0,1.0,0.0,0.0,0.0,0.0,0.0,1.0,0.0,0.0,0.0,0.0,0.0,0.0,0.0,0.07692307692307693,0.25,0.0,-1.0,0.0,0.0,1.3333333333333333,-0.5,-0.5,1.0,0.7777777777777778,2.0,0.0,-0.5714285714285714,-0.6,-0.3333333333333333,-0.6,-1.5,-0.3333333333333333,-1.2743014561196377,0.6641779473172322
0.0,1.0,1.0,0.0,1.0,0.0,0.0,0.0,0.0,0.0,0.0,0.0,0.0,0.0,0.0,0.0,0.0,0.0,0.0,0.0,0.3076923076923077,0.4166666666666667,0.0,-0.5,0.0,-1.0,0.0,-0.3333333333333333,-0.5,0.0,0.5555555555555556,0.0,0.0,0.2857142857142857,0.2,2.0,0.8,1.125,1.7083333333333335,-0.4409681227863046,-0.11231826275204981
0.0,1.0,1.0,0.0,1.0,0.0,0.0,0.0,0.0,0.0,1.0,0.0,0.0,0.0,0.0,0.0,0.0,0.0,1.0,0.0,1.5384615384615385,1.4166666666666667,-0.5,-1.0,0.0,0.5,-0.3333333333333333,0.3333333333333333,0.5,-1.0,-0.5555555555555556,0.0,0.0,-0.14285714285714285,-0.2,0.0,-0.6,-1.5,0.1333333333333334,0.059031877213695266,-0.6286464198299455
1.0,0.0,1.0,0.0,1.0,0.0,0.0,0.0,0.0,0.0,0.0,0.0,1.0,0.0,0.0,0.0,0.0,1.0,0.0,0.0,-0.15384615384615385,-0.4166666666666667,-1.0,0.5,-1.0,0.0,-0.3333333333333333,0.5,0.0,-1.0,0.0,-1.0,-1.0,0.7142857142857143,1.2,0.0,1.2,0.9545454545454547,-0.12121212121212119,0.5879574970484059,0.6154403171100694
0.0,1.0,1.0,0.0,0.0,0.0,1.0,0.0,0.0,0.0,0.0,0.0,1.0,0.0,0.0,0.0,0.0,1.0,0.0,0.0,-0.38461538461538464,0.0,-0.5,-0.5,0.0,-1.0,-0.3333333333333333,-0.3333333333333333,-0.5,0.0,0.3333333333333333,2.0,-2.0,1.1428571428571428,1.4,0.6666666666666666,1.8,1.0714285714285714,0.16666666666666666,0.6304604486422668,-0.14323134457088935
1.0,0.0,1.0,0.0,1.0,0.0,0.0,0.0,0.0,0.0,0.0,1.0,0.0,0.0,0.0,0.0,0.0,0.0,0.0,1.0,0.23076923076923078,-0.5,-1.0,-0.5,0.0,0.0,-0.3333333333333333,0.0,0.0,0.0,1.2222222222222223,0.0,0.0,2.2857142857142856,1.0,0.0,0.6,-0.6818181818181819,-0.22727272727272727,0.6871310507674144,1.28108448342272
0.0,1.0,1.0,0.0,0.0,0.0,1.0,0.0,0.0,0.0,0.0,0.0,0.0,0.0,1.0,0.0,0.0,0.0,1.0,0.0,-0.15384615384615385,0.0,0.5,-1.0,0.0,0.5,-0.3333333333333333,-0.16666666666666666,0.0,-1.0,-1.0,1.0,-2.0,-0.5714285714285714,-0.6,-0.3333333333333333,-0.6,-1.5,-0.3333333333333333,-0.30460448642266824,-0.4964788866091539
0.0,1.0,1.0,0.0,1.0,0.0,0.0,0.0,0.0,0.0,0.0,0.0,0.0,1.0,0.0,0.0,0.0,1.0,0.0,1.0,-0.46153846153846156,0.08333333333333333,-0.5,-0.5,1.0,-1.0,-0.6666666666666666,-0.3333333333333333,0.0,2.0,-0.1111111111111111,1.0,-1.0,0.42857142857142855,0.8,0.0,0.8,0.8333333333333334,-0.07407407407407407,0.34994096812278636,0.7858093130452505
1.0,0.0,1.0,0.0,0.0,0.0,1.0,0.0,0.0,0.0,0.0,0.0,1.0,0.0,0.0,0.0,0.0,1.0,0.0,1.0,1.2307692307692308,1.75,-0.5,0.5,1.0,0.0,0.0,-0.5,-0.5,0.0,1.5555555555555556,0.0,-1.0,0.0,0.0,-0.3333333333333333,-0.2,-0.5000000000000001,-0.3333333333333333,-0.9591499409681227,0.9275610989644576
0.0,1.0,1.0,0.0,0.0,0.0,0.0,1.0,0.0,0.0,0.0,0.0,1.0,0.0,0.0,0.0,0.0,1.0,0.0,0.0,0.07692307692307693,-0.3333333333333333,0.0,0.0,0.0,0.0,-0.3333333333333333,0.16666666666666666,0.0,0.0,0.0,-1.0,0.0,0.7142857142857143,0.8,2.0,1.0,0.6818181818181819,1.1515151515151516,0.5879574970484059,0.6040943803372354
0.0,1.0,1.0,0.0,0.0,0.0,1.0,0.0,0.0,0.0,0.0,0.0,0.0,0.0,1.0,0.0,0.0,1.0,0.0,0.0,-0.3076923076923077,0.08333333333333333,-0.5,0.0,1.0,0.0,1.0,-0.3333333333333333,0.0,0.0,-0.1111111111111111,0.0,-1.0,0.0,0.0,0.0,0.0,0.0,0.05555555555555555,-0.30460448642266824,0.031920922580766724
0.0,1.0,0.0,1.0,0.0,0.0,1.0,0.0,0.0,0.0,0.0,0.0,0.0,0.0,0.0,1.0,0.0,0.0,0.0,0.0,-0.23076923076923078,-0.4166666666666667,0.5,0.5,0.0,0.5,-0.3333333333333333,0.0,0.0,1.0,-0.4444444444444444,2.0,0.0,0.14285714285714285,-0.2,-0.3333333333333333,0.2,0.2142857142857142,-0.3333333333333333,0.4746162927981108,0.09082172591532148
0.0,0.0,1.0,0.0,0.0,0.0,1.0,0.0,0.0,0.0,1.0,0.0,0.0,0.0,0.0,0.0,0.0,0.0,1.0,0.0,-1.3846153846153846,0.08333333333333333,-1.0,0.0,0.0,0.0,-0.3333333333333333,-0.3333333333333333,0.5,-1.0,-1.1111111111111112,-3.0,0.0,-0.7142857142857143,-0.6,-0.3333333333333333,-0.6,-1.5,-0.3333333333333333,-1.395513577331759,-0.9206479805685659
0.0,1.0,1.0,0.0,1.0,0.0,0.0,0.0,0.0,0.0,1.0,0.0,0.0,0.0,0.0,0.0,0.0,1.0,0.0,0.0,-0.23076923076923078,-0.4166666666666667,-0.5,-1.0,0.0,-1.0,1.6666666666666667,1.0,-1.0,-1.0,0.3333333333333333,0.0,1.0,0.5714285714285714,0.8,0.0,0.8,0.5999999999999999,-0.09999999999999998,0.00708382526564351,-0.5854518409962868
0.0,0.0,1.0,0.0,0.0,0.0,1.0,0.0,0.0,0.0,1.0,0.0,0.0,0.0,0.0,0.0,0.0,0.0,0.0,0.0,-0.23076923076923078,-0.5,-0.5,-0.5,-1.0,0.0,-0.3333333333333333,-0.3333333333333333,0.0,2.0,-1.0,-1.0,-1.0,-0.5714285714285714,-0.4,-0.3333333333333333,-0.6,-1.5,-0.3333333333333333,-0.30460448642266824,-0.869991339234422
1.0,0.0,1.0,0.0,1.0,0.0,0.0,0.0,0.0,0.0,0.0,0.0,0.0,0.0,1.0,0.0,0.0,0.0,0.0,0.0,-0.46153846153846156,-0.16666666666666666,0.5,-0.5,-1.0,0.5,2.3333333333333335,-0.3333333333333333,-0.5,0.0,0.0,0.0,-1.0,0.0,0.2,-0.3333333333333333,0.0,0.0,-0.3333333333333333,-0.40377804014167656,-0.27216317374828386
0.0,1.0,0.0,1.0,0.0,0.0,1.0,0.0,0.0,0.0,0.0,0.0,0.0,0.0,0.0,1.0,0.0,1.0,0.0,0.0,0.0,-0.4166666666666667,-0.5,-0.5,-1.0,0.0,-0.3333333333333333,-0.16666666666666666,-0.5,1.0,0.0,-1.0,0.0,0.7142857142857143,1.2,2.6666666666666665,-0.6,-1.5,1.575757575757576,0.5879574970484059,0.39760585349907845
1.0,0.0,1.0,0.0,0.0,0.0,0.0,0.0,1.0,0.0,1.0,0.0,0.0,0.0,0.0,0.0,0.0,1.0,0.0,0.0,0.3076923076923077,0.3333333333333333,0.0,0.5,0.0,0.0,-0.3333333333333333,-0.5,-1.0,0.0,0.0,-1.0,1.0,0.7142857142857143,1.2,2.6666666666666665,0.2,-0.40909090909090906,1.575757575757576,0.5879574970484059,0.2228247196373042
0.0,0.0,1.0,0.0,0.0,0.0,1.0,0.0,0.0,0.0,0.0,0.0,0.0,0.0,1.0,0.0,0.0,0.0,0.0,0.0,-0.6923076923076923,0.16666666666666666,0.0,0.5,0.0,-0.5,1.3333333333333333,0.6666666666666666,0.5,0.0,-0.4444444444444444,-2.0,-2.0,-0.42857142857142855,-0.2,0.3333333333333333,-0.2,0.4999999999999999,1.222222222222222,-0.7721369539551358,-0.8624315793815518
0.0,1.0,1.0,0.0,1.0,0.0,0.0,0.0,0.0,0.0,0.0,0.0,0.0,1.0,0.0,0.0,0.0,0.0,1.0,0.0,0.9230769230769231,-0.5,0.0,0.5,-1.0,0.5,1.3333333333333333,-0.3333333333333333,0.0,-1.0,1.6666666666666667,0.0,1.0,-0.5714285714285714,-0.6,-0.3333333333333333,-0.6,-1.5,-0.3333333333333333,-1.3115974934156753,1.2336588634829788
0.0,1.0,0.0,1.0,0.0,1.0,0.0,0.0,0.0,0.0,0.0,0.0,0.0,0.0,0.0,1.0,0.0,1.0,0.0,0.0,0.07692307692307693,0.16666666666666666,-0.5,-0.5,-1.0,-0.5,-0.3333333333333333,0.0,-1.0,1.0,-0.5555555555555556,-1.0,0.0,0.0,-0.2,-0.3333333333333333,0.0,0.0,-0.3333333333333333,0.42266824085005905,-0.16947771940448061
0.0,1.0,1.0,0.0,0.0,0.0,1.0,0.0,0.0,0.0,1.0,0.0,0.0,0.0,0.0,0.0,0.0,1.0,0.0,0.0,1.0769230769230769,-0.5,0.0,0.0,-1.0,0.0,0.0,0.16666666666666666,0.5,0.0,-0.5555555555555556,-1.0,-1.0,-0.2857142857142857,-0.2,-0.3333333333333333,-0.2,0.0,-0.3333333333333333,-0.30460448642266824,-0.2903209223628099
0.0,1.0,1.0,0.0,1.0,0.0,0.0,0.0,0.0,0.0,1.0,0.0,0.0,0.0,0.0,0.0,0.0,1.0,0.0,1.0,-0.7692307692307693,-0.08333333333333333,0.0,0.0,0.0,0.5,-0.3333333333333333,-0.16666666666666666,0.0,0.0,-0.7777777777777778,-1.0,0.0,-0.2857142857142857,-0.2,-0.3333333333333333,-0.2,0.0,-0.3333333333333333,0.24085005903187715,-0.6024954647806846
0.0,1.0,1.0,0.0,1.0,0.0,0.0,0.0,0.0,0.0,1.0,0.0,0.0,0.0,0.0,0.0,0.0,0.0,0.0,0.0,0.46153846153846156,-0.5,0.5,-0.5,0.0,-1.0,0.3333333333333333,0.3333333333333333,-0.5,0.0,-0.2222222222222222,2.0,0.0,0.0,-0.2,0.0,-0.2,-0.5000000000000001,0.05555555555555555,-0.183392365210547,-0.6327056590822279
0.0,1.0,1.0,0.0,0.0,0.0,1.0,0.0,0.0,0.0,0.0,0.0,1.0,0.0,0.0,0.0,0.0,1.0,0.0,0.0,-0.7692307692307693,-0.4166666666666667,-0.5,0.5,1.0,0.5,-0.3333333333333333,-0.3333333333333333,-0.5,-1.0,-0.2222222222222222,-1.0,0.0,0.42857142857142855,0.8,0.0,0.0,-0.5000000000000001,-0.07407407407407407,0.54388036206218,0.08509278825837821
0.0,1.0,1.0,0.0,0.0,0.0,1.0,0.0,0.0,0.0,0.0,0.0,0.0,0.0,1.0,0.0,0.0,1.0,0.0,0.0,-0.8461538461538461,0.0,-1.0,0.5,-1.0,0.5,-0.3333333333333333,-0.5,0.0,1.0,-0.8888888888888888,-1.0,0.0,-0.42857142857142855,-0.2,0.3333333333333333,-0.4,-0.5000000000000001,1.222222222222222,0.059031877213695266,-0.5234630430728435
1.0,0.0,0.0,1.0,0.0,0.0,0.0,0.0,1.0,0.0,0.0,0.0,0.0,0.0,0.0,1.0,0.0,1.0,0.0,1.0,1.0769230769230769,0.08333333333333333,-0.5,-0.5,0.0,0.0,0.3333333333333333,0.0,-1.0,0.0,0.8888888888888888,1.0,0.0,-0.14285714285714285,0.0,0.0,0.0,0.29999999999999993,0.1333333333333334,-0.9361834337910893,0.29156385609513524
1.0,0.0,1.0,0.0,0.0,0.0,1.0,0.0,0.0,0.0,0.0,0.0,0.0,0.0,1.0,0.0,0.0,0.0,0.0,1.0,0.3076923076923077,0.16666666666666666,0.5,0.5,0.0,-0.5,2.0,0.0,0.5,0.0,-0.7777777777777778,-1.0,0.0,-0.5714285714285714,-0.4,-0.3333333333333333,-0.6,-1.5,-0.3333333333333333,-0.8500590318772137,-0.3093580303428359
0.0,1.0,0.0,0.0,0.0,0.0,1.0,0.0,0.0,0.0,0.0,1.0,0.0,0.0,0.0,0.0,0.0,0.0,1.0,1.0,0.3076923076923077,-0.08333333333333333,-0.5,0.0,0.0,0.5,-0.3333333333333333,1.1666666666666667,0.5,-1.0,1.2222222222222223,-1.0,0.0,2.2857142857142856,0.8,2.0,0.8,-0.5454545454545455,0.4090909090909091,0.6871310507674144,1.1331694221080184
1.0,0.0,1.0,0.0,0.0,0.0,1.0,0.0,0.0,0.0,0.0,0.0,0.0,0.0,0.0,0.0,0.0,0.0,1.0,0.0,1.1538461538461537,-0.5,0.5,-1.0,-1.0,-1.0,0.3333333333333333,1.0,0.0,-1.0,1.4444444444444444,-2.0,-1.0,1.1428571428571428,1.8,3.6666666666666665,1.0,0.2142857142857142,1.6666666666666665,-0.21369539551357744,0.38345154349312593
0.0,1.0,1.0,0.0,1.0,0.0,0.0,0.0,0.0,0.0,0.0,0.0,0.0,0.0,1.0,0.0,0.0,0.0,1.0,1.0,-0.6153846153846154,-0.5,-0.5,-1.0,-2.0,-0.5,1.6666666666666667,-0.16666666666666666,0.5,-1.0,0.0,1.0,0.0,0.2857142857142857,0.8,0.6666666666666666,0.8,1.125,0.5416666666666667,-0.00708382526564351,-0.7761041061248459
1.0,0.0,0.0,1.0,0.0,0.0,1.0,0.0,0.0,0.0,0.0,0.0,0.0,0.0,0.0,1.0,0.0,1.0,0.0,0.0,0.3076923076923077,-0.4166666666666667,0.5,-0.5,0.0,-0.5,1.0,-0.3333333333333333,0.5,2.0,-0.5555555555555556,-1.0,0.0,-0.7142857142857143,-0.6,-0.3333333333333333,-0.6,-1.5,-0.3333333333333333,-1.395513577331759,-0.13859602754350364
0.0,1.0,1.0,0.0,1.0,0.0,0.0,0.0,0.0,0.0,0.0,0.0,0.0,0.0,1.0,0.0,0.0,0.0,0.0,1.0,0.7692307692307693,0.08333333333333333,0.5,0.5,-1.0,-1.0,2.0,1.5,-1.0,2.0,1.0,-1.0,0.0,1.5714285714285714,2.0,0.0,0.8,-0.26470588235294124,-0.19607843137254902,0.34994096812278636,-0.07720109881362756
0.0,1.0,1.0,0.0,1.0,0.0,0.0,0.0,0.0,0.0,0.0,0.0,0.0,0.0,1.0,0.0,0.0,0.0,1.0,0.0,0.3076923076923077,-0.4166666666666667,0.0,0.0,0.0,0.5,-0.3333333333333333,-0.16666666666666666,0.0,-1.0,-0.1111111111111111,1.0,0.0,0.5714285714285714,1.0,2.3333333333333335,1.0,0.9000000000000001,1.5333333333333337,0.5681227863046044,-0.06775116741860704
0.0,1.0,1.0,0.0,1.0,0.0,0.0,0.0,0.0,0.0,0.0,0.0,0.0,0.0,0.0,0.0,0.0,0.0,1.0,0.0,-0.23076923076923078,-0.5,0.0,-0.5,-1.0,0.5,-0.6666666666666666,0.0,-1.0,-1.0,-0.4444444444444444,0.0,0.0,0.0,-0.6,0.0,0.2,0.4999999999999999,0.05555555555555555,0.16292798110979928,0.31277788052855
0.0,1.0,0.0,1.0,1.0,0.0,0.0,0.0,0.0,0.0,0.0,1.0,0.0,0.0,0.0,0.0,0.0,1.0,0.0,0.0,1.3076923076923077,-0.4166666666666667,0.5,-1.0,-1.0,0.5,0.0,0.3333333333333333,0.0,-1.0,2.3333333333333335,0.0,0.0,2.857142857142857,1.0,0.6666666666666666,0.8,-0.6923076923076924,-0.06410256410256407,0.30903187721369535,1.07273825974397
0.0,1.0,0.0,1.0,0.0,0.0,0.0,0.0,1.0,0.0,0.0,0.0,0.0,0.0,0.0,0.0,1.0,1.0,0.0,0.0,-0.46153846153846156,-0.4166666666666667,-1.0,0.0,0.0,-0.5,-0.3333333333333333,0.6666666666666666,-1.0,0.0,-1.0,0.0,0.0,-0.5714285714285714,-0.6,-0.3333333333333333,-0.6,-1.5,-0.3333333333333333,-0.30460448642266824,-0.6704231748632771
0.0,1.0,0.0,1.0,0.0,0.0,1.0,0.0,0.0,0.0,0.0,0.0,0.0,0.0,0.0,1.0,0.0,1.0,0.0,0.0,0.3076923076923077,0.16666666666666666,-0.5,-1.0,0.0,-1.0,-0.6666666666666666,-0.3333333333333333,0.5,-1.0,-0.1111111111111111,2.0,1.0,0.42857142857142855,0.2,2.0,-0.4,-1.1666666666666667,1.4814814814814814,0.34994096812278636,0.08526689938137459
1.0,0.0,1.0,0.0,0.0,0.0,0.0,0.0,1.0,0.0,0.0,0.0,0.0,0.0,0.0,0.0,0.0,0.0,1.0,0.0,0.23076923076923078,-0.4166666666666667,0.5,0.0,0.0,0.0,-0.6666666666666666,1.8333333333333333,0.5,-1.0,1.1111111111111112,-2.0,0.0,2.0,0.6,3.3333333333333335,1.0,-0.29999999999999993,0.9500000000000002,0.5785123966942148,0.7450504911140546
0.0,1.0,1.0,0.0,0.0,0.0,1.0,0.0,0.0,0.0,1.0,0.0,0.0,0.0,0.0,0.0,0.0,0.0,1.0,0.0,-0.7692307692307693,-0.5,0.0,0.0,0.0,-1.0,-0.6666666666666666,-0.16666666666666666,0.5,-1.0,-0.2222222222222222,3.0,-1.0,0.2857142857142857,0.8,2.0,0.6,0.75,1.7083333333333335,0.3014561196379378,-0.5307454470543351
0.0,1.0,1.0,0.0,1.0,0.0,0.0,0.0,0.0,0.0,1.0,0.0,0.0,0.0,0.0,0.0,0.0,0.0,1.0,0.0,1.2307692307692308,-0.4166666666666667,0.0,0.0,-1.0,0.5,1.6666666666666667,0.16666666666666666,-0.5,-1.0,-0.4444444444444444,0.0,-1.0,-0.42857142857142855,-0.2,0.3333333333333333,-0.2,0.4999999999999999,1.222222222222222,-0.7721369539551358,-0.42249434180608947
0.0,0.0,1.0,0.0,0.0,0.0,1.0,0.0,0.0,0.0,0.0,0.0,0.0,1.0,0.0,0.0,0.0,1.0,0.0,0.0,-0.38461538461538464,0.25,0.0,0.0,0.0,0.0,0.6666666666666666,1.0,0.0,0.0,0.3333333333333333,-1.0,1.0,0.8571428571428571,0.8,1.0,1.0,0.4999999999999999,0.4444444444444444,0.318772136953955,0.7531183325077717
0.0,1.0,1.0,0.0,0.0,0.0,1.0,0.0,0.0,0.0,0.0,0.0,0.0,0.0,0.0,0.0,0.0,1.0,0.0,0.0,0.0,1.6666666666666667,0.0,0.0,0.0,0.0,1.3333333333333333,-0.16666666666666666,-0.5,1.0,0.7777777777777778,0.0,-1.0,0.2857142857142857,0.8,2.0,0.8,1.125,1.7083333333333335,-0.5470287288469107,0.04326844059600535
1.0,0.0,1.0,0.0,1.0,0.0,0.0,0.0,0.0,0.0,0.0,0.0,0.0,0.0,1.0,0.0,0.0,0.0,0.0,0.0,0.15384615384615385,0.0,0.0,0.5,1.0,0.0,-0.3333333333333333,-0.5,0.5,2.0,-0.6666666666666666,-1.0,0.0,-0.14285714285714285,-0.2,-0.3333333333333333,0.0,0.29999999999999993,-0.3333333333333333,0.34994096812278636,-0.6202143831832452
0.0,0.0,1.0,0.0,1.0,0.0,0.0,0.0,0.0,0.0,0.0,1.0,0.0,0.0,0.0,0.0,0.0,1.0,0.0,1.0,0.46153846153846156,-0.4166666666666667,-1.0,0.0,0.0,0.0,-0.6666666666666666,-0.16666666666666666,0.5,-1.0,1.2222222222222223,0.0,-1.0,2.142857142857143,1.0,0.3333333333333333,1.4,-0.07142857142857151,-0.1111111111111111,0.5879574970484059,1.2123442637287953
0.0,1.0,0.0,0.0,0.0,0.0,0.0,0.0,0.0,1.0,0.0,0.0,0.0,0.0,0.0,0.0,0.0,1.0,0.0,0.0,0.15384615384615385,-0.5,0.0,0.0,1.0,0.0,-0.3333333333333333,-0.16666666666666666,0.5,0.0,-0.3333333333333333,-1.0,1.0,0.2857142857142857,0.6,1.3333333333333333,-0.6,-1.5,1.125,0.5135773317591499,-0.538418842709804
0.0,1.0,0.0,0.0,1.0,0.0,0.0,0.0,0.0,1.0,0.0,0.0,0.0,0.0,0.0,0.0,0.0,1.0,0.0,0.0,0.23076923076923078,-0.4166666666666667,0.0,0.5,-1.0,0.5,2.0,-0.5,0.0,1.0,0.3333333333333333,-1.0,0.0,0.0,0.2,-0.3333333333333333,0.2,0.4999999999999999,-0.3333333333333333,-0.6162927981109799,0.03724545615869561
0.0,1.0,1.0,0.0,1.0,0.0,0.0,0.0,0.0,0.0,0.0,0.0,0.0,0.0,1.0,0.0,0.0,0.0,1.0,1.0,-1.0769230769230769,0.0,-1.0,0.5,0.0,-0.5,-0.3333333333333333,1.5,-1.0,-1.0,-1.0,-1.0,0.0,-0.5714285714285714,-0.6,-0.3333333333333333,-0.6,-1.5,-0.3333333333333333,-0.30460448642266824,-0.671963372740454
0.0,1.0,0.0,0.0,0.0,0.0,0.0,0.0,0.0,1.0,0.0,0.0,0.0,0.0,0.0,0.0,0.0,1.0,0.0,0.0,-0.9230769230769231,1.25,-1.0,0.5,-2.0,0.0,-0.3333333333333333,-0.5,0.0,0.0,-1.0,-1.0,0.0,-0.5714285714285714,-0.6,-0.3333333333333333,-0.6,-1.5,-0.3333333333333333,-0.30460448642266824,-1.1134999142628776
0.0,1.0,1.0,0.0,0.0,0.0,0.0,1.0,0.0,0.0,0.0,1.0,0.0,0.0,0.0,0.0,0.0,1.0,0.0,1.0,0.8461538461538461,-0.4166666666666667,-0.5,0.0,0.0,0.5,-0.3333333333333333,-0.5,0.0,0.0,1.7777777777777777,0.0,-1.0,3.0,2.2,0.6666666666666666,-0.6,-1.5,-0.07407407407407407,0.7054965236783416,1.1512588524040528
0.0,1.0,1.0,0.0,1.0,0.0,0.0,0.0,0.0,0.0,0.0,0.0,0.0,0.0,1.0,0.0,0.0,1.0,0.0,1.0,0.6153846153846154,0.16666666666666666,-0.5,-0.5,0.0,-1.0,-0.3333333333333333,-0.16666666666666666,0.5,-1.0,-0.2222222222222222,-3.0,0.0,0.42857142857142855,0.8,2.0,-0.4,-1.1666666666666667,1.4814814814814814,0.54388036206218,-0.6390132362816973
0.0,1.0,1.0,0.0,0.0,0.0,1.0,0.0,0.0,0.0,0.0,0.0,1.0,0.0,0.0,0.0,0.0,0.0,0.0,0.0,0.7692307692307693,0.0,-0.5,0.5,0.0,0.0,1.3333333333333333,-0.16666666666666666,-0.5,0.0,0.3333333333333333,0.0,0.0,0.42857142857142855,0.8,-0.3333333333333333,0.8,0.8333333333333334,-0.3333333333333333,-0.14876033057851248,0.7369137657793627
1.0,0.0,0.0,0.0,0.0,0.0,0.0,0.0,0.0,1.0,0.0,0.0,0.0,0.0,0.0,0.0,0.0,0.0,0.0,1.0,-0.15384615384615385,1.3333333333333333,0.0,-0.5,0.0,-1.0,2.3333333333333335,0.16666666666666666,0.0,2.0,0.1111111111111111,-1.0,0.0,-0.2857142857142857,-0.2,-0.3333333333333333,-0.2,0.0,-0.3333333333333333,-0.8500590318772137,0.6548384997251638
0.0,0.0,0.0,1.0,1.0,0.0,0.0,0.0,0.0,0.0,0.0,0.0,0.0,0.0,0.0,1.0,0.0,0.0,1.0,1.0,0.3076923076923077,1.4166666666666667,0.0,-0.5,1.0,-0.5,0.6666666666666666,0.3333333333333333,0.5,-1.0,1.3333333333333333,-1.0,-1.0,-0.5714285714285714,-0.6,-0.3333333333333333,-0.6,-1.5,-0.3333333333333333,-1.3006519172527078,0.9237408878857895
0.0,1.0,0.0,1.0,0.0,0.0,0.0,0.0,1.0,0.0,0.0,0.0,0.0,0.0,0.0,1.0,0.0,1.0,0.0,0.0,-0.46153846153846156,1.8333333333333333,0.5,0.0,0.0,-0.5,0.3333333333333333,-0.3333333333333333,-0.5,0.0,-0.1111111111111111,0.0,0.0,-0.14285714285714285,-0.2,0.0,0.0,0.29999999999999993,0.1333333333333334,-0.5227863046044864,0.5853255525545419
0.0,1.0,1.0,0.0,0.0,0.0,0.0,1.0,0.0,0.0,1.0,0.0,0.0,0.0,0.0,0.0,0.0,1.0,0.0,0.0,1.0,0.08333333333333333,-0.5,-1.0,0.0,-0.5,0.6666666666666666,-0.5,0.0,0.0,2.111111111111111,0.0,-1.0,3.0,1.2,0.0,0.8,-0.7222222222222223,-0.24691358024691357,0.49539551357733175,0.37308233977077687
0.0,1.0,0.0,1.0,0.0,1.0,0.0,0.0,0.0,0.0,0.0,1.0,0.0,0.0,0.0,0.0,0.0,1.0,0.0,0.0,1.4615384615384615,1.5833333333333333,1.0,0.0,-1.0,0.5,-0.3333333333333333,1.1666666666666667,0.0,0.0,2.888888888888889,0.0,0.0,4.428571428571429,0.6,0.3333333333333333,2.0,-0.4459459459459459,-0.2072072072072072,0.7273365455183637,1.3002015829944105
1.0,0.0,0.0,1.0,0.0,1.0,0.0,0.0,0.0,0.0,0.0,0.0,0.0,0.0,0.0,1.0,0.0,0.0,1.0,0.0,-0.46153846153846156,1.5833333333333333,0.5,0.0,-1.0,-1.0,1.0,0.16666666666666666,0.0,-1.0,-0.1111111111111111,2.0,-1.0,0.14285714285714285,0.0,-0.3333333333333333,-0.4,-1.0714285714285716,-0.3333333333333333,-0.08642266824085014,0.2774388423798994
1.0,0.0,1.0,0.0,0.0,0.0,1.0,0.0,0.0,0.0,0.0,0.0,0.0,0.0,1.0,0.0,0.0,0.0,0.0,0.0,0.3076923076923077,1.5833333333333333,0.0,-0.5,0.0,-0.5,-0.3333333333333333,-0.5,-1.0,0.0,1.1111111111111112,-1.0,0.0,2.142857142857143,0.8,0.3333333333333333,2.0,0.3571428571428572,-0.1111111111111111,0.6824085005903185,0.1079747669003481
0.0,0.0,1.0,0.0,0.0,0.0,1.0,0.0,0.0,0.0,0.0,0.0,0.0,0.0,1.0,0.0,0.0,0.0,0.0,1.0,-0.6923076923076923,-0.3333333333333333,0.0,0.0,-1.0,0.0,-0.3333333333333333,0.16666666666666666,0.5,0.0,-1.0,-1.0,-1.0,-0.5714285714285714,-0.4,-0.3333333333333333,-0.4,0.0,-0.3333333333333333,-0.30460448642266824,-0.636410940690273
0.0,1.0,1.0,0.0,1.0,0.0,0.0,0.0,0.0,0.0,0.0,0.0,0.0,0.0,1.0,0.0,0.0,1.0,0.0,0.0,-0.3076923076923077,-0.5,0.0,-0.5,0.0,-0.5,-0.3333333333333333,0.5,-0.5,1.0,0.0,0.0,0.0,0.7142857142857143,0.2,-0.3333333333333333,1.2,0.9545454545454547,-0.3333333333333333,0.5879574970484059,0.20717531025439426
0.0,1.0,0.0,1.0,0.0,1.0,0.0,0.0,0.0,0.0,0.0,0.0,0.0,0.0,0.0,1.0,0.0,1.0,0.0,1.0,1.3076923076923077,0.0,-0.5,-1.0,-1.0,0.5,1.6666666666666667,0.6666666666666666,0.5,0.0,2.7777777777777777,0.0,0.0,0.0,-0.2,-0.3333333333333333,0.2,0.4999999999999999,-0.3333333333333333,-1.0924832743014559,0.7447019504759679
0.0,1.0,1.0,0.0,0.0,0.0,0.0,0.0,1.0,0.0,0.0,0.0,0.0,0.0,1.0,0.0,0.0,1.0,0.0,0.0,-0.6923076923076923,-0.4166666666666667,0.5,-0.5,0.0,-0.5,-0.3333333333333333,-0.5,0.0,0.0,-0.4444444444444444,0.0,-1.0,0.0,0.0,0.0,-0.2,-0.5000000000000001,0.05555555555555555,0.16292798110979928,-0.7718151824633767
0.0,1.0,0.0,1.0,1.0,0.0,0.0,0.0,0.0,0.0,0.0,0.0,0.0,0.0,0.0,1.0,0.0,0.0,1.0,1.0,-0.38461538461538464,-0.4166666666666667,-1.0,-0.5,0.0,0.5,0.6666666666666666,-0.16666666666666666,0.0,-1.0,0.0,-1.0,1.0,0.14285714285714285,0.4,-0.3333333333333333,0.4,0.6428571428571429,-0.3333333333333333,-0.20543093270366009,0.2610767410448866
0.0,1.0,1.0,0.0,0.0,0.0,0.0,0.0,1.0,0.0,0.0,0.0,0.0,0.0,0.0,0.0,0.0,1.0,0.0,0.0,0.0,0.25,0.5,0.5,0.0,0.0,0.3333333333333333,-0.3333333333333333,-1.0,-1.0,0.0,-3.0,0.0,0.2857142857142857,0.8,0.0,0.8,1.125,-0.04166666666666665,-0.00708382526564351,0.3324559877492114
0.0,1.0,0.0,1.0,0.0,0.0,1.0,0.0,0.0,0.0,0.0,0.0,0.0,0.0,0.0,1.0,0.0,0.0,0.0,1.0,-0.07692307692307693,0.6666666666666666,-0.5,-1.0,-2.0,0.5,1.3333333333333333,0.0,0.5,1.0,-0.3333333333333333,-1.0,-1.0,-0.42857142857142855,-0.2,0.3333333333333333,-0.2,0.4999999999999999,1.222222222222222,-0.8500590318772137,0.07950436994817432
0.0,1.0,1.0,0.0,1.0,0.0,0.0,0.0,0.0,0.0,0.0,0.0,0.0,0.0,1.0,0.0,0.0,0.0,0.0,1.0,0.46153846153846156,0.9166666666666666,0.5,0.5,0.0,-1.0,1.3333333333333333,0.5,0.0,0.0,-0.1111111111111111,0.0,-1.0,-0.14285714285714285,0.0,0.0,-0.2,-0.29999999999999993,0.1333333333333334,-0.5227863046044864,0.07423529702094861
0.0,1.0,0.0,1.0,0.0,1.0,0.0,0.0,0.0,0.0,0.0,0.0,0.0,0.0,0.0,1.0,0.0,0.0,1.0,0.0,0.38461538461538464,-0.08333333333333333,0.0,0.5,0.0,0.0,-0.3333333333333333,-0.3333333333333333,-0.5,-1.0,0.0,0.0,0.0,0.7142857142857143,1.0,2.3333333333333335,0.8,0.40909090909090906,1.363636363636364,0.5879574970484059,0.5843979609535289
1.0,0.0,0.0,1.0,1.0,0.0,0.0,0.0,0.0,0.0,0.0,0.0,0.0,0.0,0.0,1.0,0.0,1.0,0.0,0.0,0.6923076923076923,1.5833333333333333,0.5,-1.0,0.0,-1.0,0.0,0.0,0.5,1.0,-0.5555555555555556,1.0,0.0,-0.5714285714285714,-0.4,-0.3333333333333333,-0.6,-1.5,-0.3333333333333333,-1.0318772136953955,-0.14766699246251172
1.0,0.0,0.0,0.0,0.0,0.0,0.0,0.0,0.0,1.0,0.0,0.0,0.0,0.0,0.0,0.0,0.0,1.0,0.0,0.0,0.15384615384615385,0.25,0.5,0.0,0.0,0.0,0.3333333333333333,-0.5,0.0,-1.0,0.0,-1.0,0.0,0.14285714285714285,0.0,0.0,-0.2,-0.6428571428571429,0.0,-0.20543093270366009,0.18501338729282987
1.0,0.0,0.0,1.0,1.0,0.0,0.0,0.0,0.0,0.0,0.0,0.0,0.0,0.0,0.0,1.0,0.0,1.0,0.0,0.0,-0.3076923076923077,-0.16666666666666666,-0.5,-0.5,0.0,-0.5,-0.3333333333333333,0.0,0.5,0.0,0.0,0.0,0.0,0.7142857142857143,1.0,1.3333333333333333,0.0,-0.6818181818181819,0.7272727272727273,0.5879574970484059,0.2526430822075941
0.0,1.0,1.0,0.0,0.0,0.0,0.0,1.0,0.0,0.0,1.0,0.0,0.0,0.0,0.0,0.0,0.0,1.0,0.0,0.0,0.15384615384615385,-0.08333333333333333,-0.5,0.5,-1.0,0.0,-0.3333333333333333,-0.5,-0.5,0.0,-0.5555555555555556,0.0,0.0,0.0,0.2,-0.3333333333333333,0.2,0.4999999999999999,-0.3333333333333333,0.42266824085005905,-0.28722760973382855
0.0,1.0,0.0,1.0,0.0,0.0,1.0,0.0,0.0,0.0,0.0,0.0,0.0,0.0,0.0,1.0,0.0,0.0,1.0,0.0,-0.7692307692307693,0.25,0.0,0.0,0.0,0.5,-0.3333333333333333,-0.16666666666666666,-1.0,-1.0,-0.5555555555555556,1.0,0.0,0.0,0.0,0.0,-0.2,-0.5000000000000001,0.05555555555555555,0.42266824085005905,-0.06306111060718704
0.0,1.0,0.0,1.0,1.0,0.0,0.0,0.0,0.0,0.0,0.0,0.0,0.0,0.0,0.0,1.0,0.0,0.0,1.0,1.0,0.38461538461538464,-0.5,-0.5,-0.5,0.0,0.5,2.0,-0.5,-1.0,-1.0,-0.2222222222222222,-3.0,-2.0,0.14285714285714285,0.2,-0.3333333333333333,0.4,0.6428571428571429,-0.3333333333333333,0.059031877213695266,0.17175078635819108
0.0,1.0,0.0,1.0,0.0,1.0,0.0,0.0,0.0,0.0,0.0,0.0,0.0,0.0,0.0,1.0,0.0,0.0,0.0,0.0,0.07692307692307693,0.75,0.5,0.5,-1.0,0.0,0.6666666666666666,0.8333333333333334,0.5,1.0,-0.1111111111111111,-1.0,0.0,-0.5714285714285714,-0.6,-0.3333333333333333,-0.6,-1.5,-0.3333333333333333,-1.177331759149941,0.22448092820958035
0.0,1.0,0.0,0.0,0.0,0.0,0.0,1.0,0.0,1.0,0.0,0.0,0.0,0.0,0.0,0.0,0.0,0.0,1.0,0.0,-0.5384615384615384,0.8333333333333334,0.0,-0.5,-1.0,-1.0,-0.3333333333333333,-0.16666666666666666,-1.0,-1.0,0.0,0.0,-1.0,0.7142857142857143,1.2,-0.3333333333333333,1.2,0.9545454545454547,-0.3333333333333333,0.5879574970484059,0.44555320540637006
0.0,1.0,1.0,0.0,0.0,0.0,0.0,1.0,0.0,0.0,0.0,1.0,0.0,0.0,0.0,0.0,0.0,1.0,0.0,1.0,0.6153846153846154,-0.3333333333333333,0.5,0.5,0.0,0.5,0.6666666666666666,-0.3333333333333333,-1.0,0.0,1.7777777777777777,-1.0,1.0,-0.42857142857142855,-0.2,-0.3333333333333333,-0.4,-0.5000000000000001,-0.3333333333333333,-1.2338974157155975,1.2966431635907898
0.0,1.0,0.0,1.0,0.0,1.0,0.0,0.0,0.0,0.0,0.0,0.0,0.0,0.0,0.0,1.0,0.0,1.0,0.0,0.0,-0.38461538461538464,0.75,0.5,-1.0,0.0,0.0,0.0,-0.16666666666666666,-1.0,2.0,0.0,-1.0,0.0,-0.5714285714285714,-0.6,-0.3333333333333333,-0.6,-1.5,-0.3333333333333333,-1.1971664698937425,0.4659698763769139
0.0,1.0,1.0,0.0,1.0,0.0,0.0,0.0,0.0,0.0,1.0,0.0,0.0,0.0,0.0,0.0,0.0,0.0,1.0,1.0,0.9230769230769231,-0.5,-0.5,-1.0,-1.0,0.0,2.3333333333333335,-0.16666666666666666,0.5,-1.0,1.4444444444444444,-1.0,0.0,-0.5714285714285714,-0.6,-0.3333333333333333,-0.6,-1.5,-0.3333333333333333,-1.3046044864226682,0.06911401727440374
0.0,1.0,0.0,1.0,0.0,1.0,0.0,0.0,0.0,0.0,0.0,0.0,0.0,0.0,0.0,1.0,0.0,0.0,1.0,0.0,-0.3076923076923077,0.25,0.0,0.5,0.0,0.5,-0.3333333333333333,-0.3333333333333333,0.5,-1.0,0.0,-1.0,-1.0,0.7142857142857143,0.8,-0.3333333333333333,1.0,0.6818181818181819,-0.3333333333333333,0.5879574970484059,0.0717663909015709
0.0,0.0,1.0,0.0,1.0,0.0,0.0,0.0,0.0,0.0,0.0,0.0,0.0,0.0,0.0,0.0,0.0,0.0,0.0,0.0,1.5384615384615385,-0.5,0.5,0.0,0.0,0.0,-0.3333333333333333,1.1666666666666667,-1.0,0.0,0.3333333333333333,-1.0,-1.0,1.1428571428571428,1.8,0.0,1.2,0.4285714285714287,-0.16666666666666666,0.6304604486422668,0.22025944963865005
0.0,1.0,1.0,0.0,0.0,0.0,0.0,0.0,1.0,0.0,0.0,0.0,1.0,0.0,0.0,0.0,0.0,0.0,0.0,1.0,0.0,-0.5,0.0,0.0,-2.0,-1.0,0.0,1.1666666666666667,0.0,0.0,0.7777777777777778,-1.0,0.0,0.2857142857142857,0.8,2.0,0.8,1.125,1.7083333333333335,-0.5470287288469107,0.6833305409751673
0.0,0.0,1.0,0.0,0.0,0.0,1.0,0.0,0.0,0.0,0.0,0.0,0.0,0.0,1.0,0.0,0.0,0.0,1.0,1.0,-1.3076923076923077,0.25,0.0,-1.0,-1.0,-0.5,-0.3333333333333333,1.8333333333333333,-0.5,-1.0,-1.0,-1.0,1.0,-0.5714285714285714,-0.4,-0.3333333333333333,-0.6,-1.5,-0.3333333333333333,-0.30460448642266824,-0.9434298757014582
0.0,1.0,1.0,0.0,0.0,0.0,1.0,0.0,0.0,0.0,0.0,0.0,0.0,0.0,1.0,0.0,0.0,1.0,0.0,0.0,-0.9230769230769231,0.16666666666666666,0.0,0.0,1.0,0.0,-0.3333333333333333,0.3333333333333333,0.5,0.0,-0.5555555555555556,-2.0,0.0,0.0,0.0,-0.3333333333333333,0.2,0.4999999999999999,-0.3333333333333333,0.42266824085005905,-0.12243944471355335
0.0,0.0,0.0,1.0,1.0,0.0,0.0,0.0,0.0,0.0,0.0,0.0,0.0,0.0,0.0,1.0,0.0,0.0,1.0,0.0,0.0,0.08333333333333333,0.5,-1.0,-1.0,-1.0,-0.3333333333333333,0.16666666666666666,-0.5,-1.0,0.0,-2.0,0.0,0.7142857142857143,0.8,-0.3333333333333333,1.2,0.9545454545454547,-0.3333333333333333,0.5879574970484059,0.3964761892164406
0.0,1.0,0.0,1.0,1.0,0.0,0.0,0.0,0.0,0.0,0.0,0.0,0.0,0.0,0.0,1.0,0.0,1.0,0.0,0.0,-0.8461538461538461,0.9166666666666666,-1.0,-1.0,1.0,0.0,0.0,-0.5,-0.5,-1.0,-0.4444444444444444,0.0,-1.0,-0.2857142857142857,-0.2,0.0,-0.2,0.0,0.25000000000000006,-0.46044864226682414,0.20901182387057612
0.0,1.0,0.0,0.0,0.0,0.0,1.0,0.0,0.0,1.0,0.0,0.0,0.0,0.0,0.0,0.0,0.0,1.0,0.0,0.0,-0.5384615384615384,-0.08333333333333333,-1.0,0.5,-1.0,-0.5,-0.3333333333333333,-0.5,0.5,-1.0,-1.0,0.0,0.0,-0.5714285714285714,-0.6,-0.3333333333333333,-0.6,-1.5,-0.3333333333333333,-0.30460448642266824,-0.5519128342339933
0.0,1.0,1.0,0.0,1.0,0.0,0.0,0.0,0.0,0.0,1.0,0.0,0.0,0.0,0.0,0.0,0.0,1.0,0.0,0.0,0.0,-0.08333333333333333,0.0,-0.5,1.0,0.5,0.3333333333333333,-0.3333333333333333,-0.5,-1.0,-0.5555555555555556,0.0,0.0,-0.5714285714285714,-0.6,-0.3333333333333333,-0.6,-1.5,-0.3333333333333333,-1.0318772136953955,-0.47555395511788234
0.0,1.0,0.0,1.0,0.0,1.0,0.0,0.0,0.0,0.0,0.0,0.0,0.0,0.0,0.0,0.0,1.0,0.0,0.0,0.0,-0.5384615384615384,0.25,0.0,0.5,0.0,-0.5,-0.3333333333333333,0.0,0.5,1.0,-0.8888888888888888,-1.0,0.0,-0.42857142857142855,-0.2,0.3333333333333333,-0.2,0.4999999999999999,1.222222222222222,0.059031877213695266,-0.7419065164584712
0.0,1.0,0.0,1.0,0.0,0.0,0.0,1.0,0.0,0.0,0.0,0.0,0.0,0.0,0.0,1.0,0.0,1.0,0.0,0.0,-0.9230769230769231,-0.3333333333333333,-0.5,-1.0,0.0,0.0,-0.6666666666666666,1.1666666666666667,-1.0,0.0,-0.6666666666666666,-1.0,-1.0,-0.2857142857142857,-0.2,-0.3333333333333333,-0.2,0.0,-0.3333333333333333,-0.08642266824085014,-0.0010476780204309978
0.0,1.0,1.0,0.0,1.0,0.0,0.0,0.0,0.0,0.0,1.0,0.0,0.0,0.0,0.0,0.0,0.0,0.0,1.0,0.0,-0.3076923076923077,1.8333333333333333,0.5,0.0,-1.0,-0.5,-0.3333333333333333,-0.16666666666666666,0.0,-1.0,-0.4444444444444444,0.0,0.0,0.14285714285714285,-0.2,1.0,-0.4,-1.0714285714285716,1.0,0.4746162927981108,-0.5407665407485893
0.0,0.0,1.0,0.0,1.0,0.0,0.0,0.0,0.0,0.0,0.0,1.0,0.0,0.0,0.0,0.0,0.0,0.0,1.0,0.0,0.23076923076923078,0.16666666666666666,0.0,0.5,0.0,0.5,0.0,-0.16666666666666666,0.0,-1.0,1.2222222222222223,0.0,-1.0,0.14285714285714285,-0.6,0.0,0.0,-0.21428571428571436,0.0,-0.8004722550177096,1.292630125627532
0.0,1.0,0.0,1.0,1.0,0.0,0.0,0.0,0.0,0.0,0.0,0.0,0.0,0.0,0.0,1.0,0.0,0.0,1.0,1.0,0.38461538461538464,1.3333333333333333,-0.5,0.5,0.0,0.0,0.3333333333333333,0.3333333333333333,0.5,-1.0,1.2222222222222223,-1.0,0.0,-0.42857142857142855,-0.6,-0.3333333333333333,-0.2,0.4999999999999999,-0.3333333333333333,-1.1971664698937425,0.3308427884997275
0.0,1.0,1.0,0.0,1.0,0.0,0.0,0.0,0.0,0.0,0.0,0.0,0.0,1.0,0.0,0.0,0.0,1.0,0.0,0.0,0.7692307692307693,0.6666666666666666,-0.5,0.5,0.0,-0.5,1.0,-0.5,-1.0,0.0,1.6666666666666667,-1.0,0.0,-0.14285714285714285,-0.2,-0.3333333333333333,0.0,0.29999999999999993,-0.3333333333333333,-1.0598492416674234,1.2753087249613493
0.0,1.0,1.0,0.0,0.0,0.0,0.0,1.0,0.0,0.0,1.0,0.0,0.0,0.0,0.0,0.0,0.0,1.0,0.0,1.0,-0.5384615384615384,0.08333333333333333,0.5,-0.5,-2.0,-1.0,-0.3333333333333333,-0.5,0.5,-1.0,-0.3333333333333333,1.0,-1.0,0.2857142857142857,0.8,-0.3333333333333333,0.8,1.125,-0.3333333333333333,0.5135773317591499,-0.8187400985351994
1.0,0.0,1.0,0.0,1.0,0.0,0.0,0.0,0.0,0.0,0.0,0.0,0.0,0.0,0.0,0.0,0.0,1.0,0.0,0.0,-0.38461538461538464,1.0833333333333333,0.0,-1.0,0.0,0.0,0.3333333333333333,-0.3333333333333333,-1.0,-1.0,0.2222222222222222,-1.0,0.0,-0.5714285714285714,-0.6,-0.3333333333333333,-0.6,-1.5,-0.3333333333333333,-1.2276814094995911,0.6426945600283839
0.0,1.0,0.0,1.0,0.0,0.0,1.0,0.0,0.0,0.0,0.0,0.0,0.0,0.0,0.0,1.0,0.0,1.0,0.0,1.0,0.8461538461538461,0.5833333333333334,0.0,0.0,0.0,0.0,0.3333333333333333,0.5,0.0,0.0,0.1111111111111111,1.0,-1.0,0.0,0.2,0.0,-0.2,-0.5000000000000001,0.05555555555555555,-0.48642266824085,-0.08216894965879662
0.0,1.0,1.0,0.0,0.0,0.0,1.0,0.0,0.0,0.0,0.0,0.0,0.0,0.0,1.0,0.0,0.0,0.0,1.0,0.0,-0.6153846153846154,-0.4166666666666667,0.5,0.0,0.0,0.0,1.3333333333333333,0.5,0.5,-1.0,-0.5555555555555556,0.0,-1.0,-0.42857142857142855,-0.2,0.3333333333333333,-0.4,-0.5000000000000001,1.222222222222222,-0.6682408500590319,-0.1265616929969414
0.0,0.0,1.0,0.0,0.0,0.0,1.0,0.0,0.0,0.0,1.0,0.0,0.0,0.0,0.0,0.0,0.0,1.0,0.0,0.0,0.6153846153846154,1.3333333333333333,0.0,-0.5,0.0,-0.5,0.6666666666666666,-0.3333333333333333,0.0,0.0,0.7777777777777778,0.0,1.0,-0.2857142857142857,-0.2,0.0,-0.2,0.0,0.25000000000000006,-1.0318772136953955,-0.8539979205442593
0.0,1.0,1.0,0.0,0.0,0.0,1.0,0.0,0.0,0.0,1.0,0.0,0.0,0.0,0.0,0.0,0.0,1.0,0.0,1.0,0.23076923076923078,-0.08333333333333333,0.0,0.5,0.0,-1.0,1.6666666666666667,1.1666666666666667,0.5,-1.0,-0.2222222222222222,-1.0,-2.0,-0.42857142857142855,-0.2,0.3333333333333333,-0.2,0.4999999999999999,1.222222222222222,-0.9106650924832743,-0.6985349224685453
0.0,0.0,1.0,0.0,1.0,0.0,0.0,0.0,0.0,0.0,0.0,0.0,1.0,0.0,0.0,0.0,0.0,0.0,1.0,0.0,-0.46153846153846156,-0.5,-1.0,0.0,-1.0,0.0,-0.3333333333333333,1.3333333333333333,0.0,-1.0,0.2222222222222222,-1.0,0.0,0.8571428571428571,1.0,1.3333333333333333,1.0,0.4999999999999999,0.638888888888889,0.4506402688220869,0.5018325118204655
0.0,1.0,0.0,0.0,0.0,0.0,1.0,0.0,0.0,1.0,0.0,0.0,0.0,0.0,0.0,0.0,0.0,1.0,0.0,0.0,1.7692307692307692,-0.08333333333333333,-0.5,-0.5,0.0,0.0,2.0,0.5,0.5,-1.0,-0.3333333333333333,-1.0,-1.0,-0.42857142857142855,-0.2,0.3333333333333333,-0.2,0.4999999999999999,1.222222222222222,-0.8500590318772137,-0.7544296563099295
0.0,1.0,1.0,0.0,1.0,0.0,0.0,0.0,0.0,0.0,1.0,0.0,0.0,0.0,0.0,0.0,0.0,0.0,0.0,0.0,-0.6153846153846154,0.6666666666666666,-0.5,-1.0,0.0,0.0,-0.3333333333333333,0.3333333333333333,0.5,0.0,-0.6666666666666666,2.0,-1.0,-0.14285714285714285,-0.2,0.3333333333333333,-0.2,-0.29999999999999993,0.6000000000000001,0.34994096812278636,-0.7799807103682647
0.0,0.0,1.0,0.0,1.0,0.0,0.0,0.0,0.0,0.0,1.0,0.0,0.0,0.0,0.0,0.0,0.0,0.0,1.0,0.0,0.23076923076923078,0.16666666666666666,0.0,0.0,0.0,-0.5,2.3333333333333335,0.16666666666666666,0.0,-1.0,-0.1111111111111111,-1.0,-1.0,0.0,0.2,-0.3333333333333333,0.0,0.0,-0.3333333333333333,-0.30460448642266824,0.2895989126586642
0.0,1.0,0.0,1.0,0.0,1.0,0.0,0.0,0.0,0.0,0.0,0.0,0.0,0.0,0.0,0.0,1.0,1.0,0.0,0.0,1.0769230769230769,0.08333333333333333,0.5,0.5,0.0,-0.5,1.6666666666666667,0.16666666666666666,0.5,0.0,-0.6666666666666666,-1.0,0.0,-0.42857142857142855,-0.2,0.3333333333333333,-0.2,0.4999999999999999,1.222222222222222,-0.5227863046044864,-0.24371338258713493
0.0,1.0,0.0,1.0,0.0,0.0,1.0,0.0,0.0,0.0,0.0,0.0,0.0,0.0,0.0,1.0,0.0,1.0,0.0,1.0,0.6153846153846154,1.75,0.0,0.5,1.0,0.5,0.3333333333333333,0.6666666666666666,0.0,0.0,1.4444444444444444,-1.0,0.0,1.0,1.6,3.3333333333333335,1.6,1.0384615384615385,1.641025641025641,-0.30460448642266824,0.9327979518970858
1.0,0.0,1.0,0.0,0.0,0.0,1.0,0.0,0.0,0.0,0.0,0.0,0.0,0.0,1.0,0.0,0.0,0.0,1.0,0.0,-0.23076923076923078,1.8333333333333333,0.5,-1.0,-1.0,0.0,-0.3333333333333333,1.3333333333333333,-0.5,-1.0,0.4444444444444444,1.0,0.0,1.1428571428571428,0.8,0.6666666666666666,1.0,0.2142857142857142,0.16666666666666666,0.49539551357733175,-0.09955186649443586
0.0,1.0,1.0,0.0,1.0,0.0,0.0,0.0,0.0,0.0,0.0,1.0,0.0,0.0,0.0,0.0,0.0,0.0,1.0,0.0,1.0769230769230769,0.3333333333333333,0.0,0.0,0.0,-0.5,0.3333333333333333,0.16666666666666666,-0.5,-1.0,1.2222222222222223,2.0,0.0,0.0,0.2,1.0,0.2,0.4999999999999999,1.222222222222222,-0.8996458087367177,1.3166022032725164
1.0,0.0,0.0,1.0,0.0,0.0,0.0,0.0,1.0,0.0,0.0,0.0,0.0,0.0,0.0,0.0,1.0,0.0,1.0,0.0,-1.3076923076923077,-0.5,-1.0,0.0,-2.0,-1.0,-0.6666666666666666,1.1666666666666667,-1.0,-1.0,-1.0,2.0,1.0,-0.7142857142857143,-0.6,-0.3333333333333333,-0.6,-1.5,-0.3333333333333333,-1.395513577331759,-0.7303648864564445
0.0,1.0,1.0,0.0,0.0,0.0,1.0,0.0,0.0,0.0,0.0,0.0,1.0,0.0,0.0,0.0,0.0,1.0,0.0,1.0,0.46153846153846156,1.4166666666666667,0.0,0.5,0.0,-1.0,-0.3333333333333333,1.1666666666666667,0.5,0.0,0.0,2.0,-1.0,0.7142857142857143,1.2,1.3333333333333333,1.0,0.6818181818181819,0.7272727272727273,0.5879574970484059,0.3734684030651264
0.0,1.0,0.0,1.0,1.0,0.0,0.0,0.0,0.0,0.0,0.0,0.0,0.0,0.0,0.0,1.0,0.0,1.0,0.0,0.0,0.15384615384615385,0.5833333333333334,0.0,0.0,0.0,-0.5,-0.6666666666666666,-0.5,0.5,0.0,0.0,0.0,0.0,0.5714285714285714,1.0,2.0,0.8,0.5999999999999999,1.3,0.38961038961038963,0.6523452473515724
0.0,1.0,0.0,1.0,0.0,0.0,1.0,0.0,0.0,0.0,0.0,1.0,0.0,0.0,0.0,0.0,0.0,0.0,0.0,0.0,1.0769230769230769,-0.5,0.5,0.5,0.0,0.5,0.3333333333333333,-0.5,0.0,0.0,2.4444444444444446,0.0,-1.0,0.2857142857142857,-0.6,-0.3333333333333333,0.6,0.75,-0.3333333333333333,-0.9327036599763872,1.2968384899347953
0.0,1.0,1.0,0.0,0.0,0.0,1.0,0.0,0.0,0.0,1.0,0.0,0.0,0.0,0.0,0.0,0.0,1.0,0.0,0.0,-1.0,0.16666666666666666,-1.0,-0.5,0.0,-1.0,-0.3333333333333333,0.0,0.5,0.0,-0.5555555555555556,-1.0,1.0,-0.14285714285714285,0.0,-0.3333333333333333,-0.2,-0.29999999999999993,-0.3333333333333333,0.059031877213695266,-0.6612338977589698
0.0,1.0,0.0,1.0,0.0,0.0,1.0,0.0,0.0,0.0,0.0,0.0,0.0,0.0,0.0,1.0,0.0,1.0,0.0,0.0,-0.5384615384615384,-0.3333333333333333,-0.5,-0.5,0.0,0.0,-0.3333333333333333,0.0,-1.0,0.0,-0.4444444444444444,2.0,-1.0,0.14285714285714285,-0.6,0.0,-0.2,-0.6428571428571429,0.0,0.4746162927981108,0.10046543755936897
0.0,1.0,0.0,1.0,1.0,0.0,0.0,0.0,0.0,0.0,0.0,0.0,0.0,0.0,0.0,0.0,1.0,1.0,0.0,0.0,-0.38461538461538464,-0.4166666666666667,-0.5,-1.0,0.0,0.0,-0.6666666666666666,0.8333333333333334,0.0,0.0,-0.7777777777777778,-2.0,0.0,-0.42857142857142855,-0.2,0.0,-0.2,0.4999999999999999,0.4444444444444444,-0.30460448642266824,-0.4665029882338908
0.0,1.0,1.0,0.0,0.0,0.0,1.0,0.0,0.0,0.0,1.0,0.0,0.0,0.0,0.0,0.0,0.0,0.0,1.0,0.0,-0.23076923076923078,-0.4166666666666667,0.0,0.0,0.0,0.5,0.6666666666666666,-0.5,0.5,-1.0,-0.3333333333333333,0.0,0.0,-0.5714285714285714,-0.4,-0.3333333333333333,-0.6,-1.5,-0.3333333333333333,-1.1227863046044864,-0.6627593038134524
1.0,0.0,1.0,0.0,0.0,0.0,1.0,0.0,0.0,0.0,1.0,0.0,0.0,0.0,0.0,0.0,0.0,1.0,0.0,0.0,-0.5384615384615384,1.0833333333333333,-1.0,0.5,0.0,0.5,-0.3333333333333333,-0.16666666666666666,-0.5,-1.0,0.1111111111111111,0.0,1.0,0.8571428571428571,1.0,0.6666666666666666,1.4,1.0000000000000002,0.25000000000000006,0.6044864226682407,-0.2593305419136445
0.0,1.0,0.0,1.0,0.0,0.0,1.0,0.0,0.0,0.0,0.0,0.0,0.0,0.0,0.0,1.0,0.0,0.0,1.0,0.0,-0.5384615384615384,0.25,0.0,0.0,-1.0,0.0,2.3333333333333335,-0.5,0.0,-1.0,-0.2222222222222222,-1.0,0.0,0.0,-0.2,0.0,0.2,0.4999999999999999,0.05555555555555555,-0.183392365210547,0.15182901297575072
0.0,1.0,1.0,0.0,0.0,0.0,1.0,0.0,0.0,0.0,0.0,0.0,0.0,0.0,1.0,0.0,0.0,0.0,1.0,0.0,0.6923076923076923,1.8333333333333333,0.0,0.0,0.0,0.5,1.0,-0.16666666666666666,-0.5,-1.0,-0.1111111111111111,-1.0,-1.0,0.14285714285714285,0.4,-0.3333333333333333,0.0,-0.21428571428571436,-0.3333333333333333,-0.08642266824085014,-0.35384200504409374
0.0,1.0,1.0,0.0,0.0,0.0,0.0,1.0,0.0,0.0,0.0,1.0,0.0,0.0,0.0,0.0,0.0,1.0,0.0,0.0,0.6923076923076923,-0.5,0.0,0.0,1.0,0.5,-0.6666666666666666,-0.5,0.0,0.0,1.6666666666666667,-1.0,0.0,2.7142857142857144,-0.6,0.0,0.8,-0.6599999999999999,-0.23999999999999996,0.6184724366542549,1.2813326533231009
1.0,0.0,1.0,0.0,1.0,0.0,0.0,0.0,0.0,0.0,1.0,0.0,0.0,0.0,0.0,0.0,0.0,1.0,0.0,1.0,0.0,-0.08333333333333333,0.5,-1.0,1.0,-1.0,0.3333333333333333,-0.16666666666666666,0.5,0.0,-0.1111111111111111,0.0,0.0,-0.2857142857142857,-0.2,-0.3333333333333333,-0.2,0.0,-0.3333333333333333,-0.7409681227863046,0.10063676290438232
0.0,1.0,1.0,0.0,1.0,0.0,0.0,0.0,0.0,0.0,0.0,0.0,1.0,0.0,0.0,0.0,0.0,0.0,0.0,0.0,0.07692307692307693,-0.5,0.5,-1.0,-1.0,0.0,-0.3333333333333333,0.6666666666666666,0.0,0.0,-0.3333333333333333,-1.0,1.0,0.2857142857142857,0.4,-0.3333333333333333,0.8,1.125,-0.3333333333333333,0.5135773317591499,0.17175078635819108
0.0,1.0,1.0,0.0,1.0,0.0,0.0,0.0,0.0,0.0,1.0,0.0,0.0,0.0,0.0,0.0,0.0,0.0,1.0,0.0,-0.3076923076923077,-0.4166666666666667,0.5,0.5,0.0,-0.5,-0.3333333333333333,-0.3333333333333333,-1.0,-1.0,-1.0,-1.0,0.0,-0.5714285714285714,-0.6,-0.3333333333333333,-0.6,-1.5,-0.3333333333333333,-0.30460448642266824,-1.2182734907108808
1.0,0.0,1.0,0.0,0.0,0.0,1.0,0.0,0.0,0.0,1.0,0.0,0.0,0.0,0.0,0.0,0.0,0.0,1.0,1.0,-0.9230769230769231,0.16666666666666666,0.0,-0.5,0.0,-1.0,0.0,-0.5,0.0,-1.0,-0.6666666666666666,-1.0,-1.0,-0.7142857142857143,-0.6,-0.3333333333333333,-0.6,-1.5,-0.3333333333333333,-1.395513577331759,-0.43443307895169386
0.0,1.0,1.0,0.0,1.0,0.0,0.0,0.0,0.0,0.0,0.0,0.0,0.0,0.0,1.0,0.0,0.0,0.0,1.0,0.0,-0.6153846153846154,0.08333333333333333,-0.5,0.5,0.0,0.5,-0.3333333333333333,1.1666666666666667,0.5,-1.0,-0.5555555555555556,0.0,0.0,0.0,0.0,-0.3333333333333333,-0.2,-0.5000000000000001,-0.3333333333333333,0.42266824085005905,-0.3938613700140888
0.0,0.0,1.0,0.0,0.0,0.0,0.0,0.0,1.0,0.0,0.0,0.0,0.0,0.0,1.0,0.0,0.0,1.0,0.0,1.0,-0.15384615384615385,0.75,0.5,0.5,-2.0,-1.0,-0.3333333333333333,1.5,-0.5,0.0,-0.5555555555555556,-1.0,0.0,0.0,-0.2,0.6666666666666666,-0.6,-1.5,0.8333333333333334,0.42266824085005905,-0.7377684412243389
0.0,1.0,1.0,0.0,1.0,0.0,0.0,0.0,0.0,0.0,0.0,0.0,0.0,0.0,1.0,0.0,0.0,1.0,0.0,0.0,-0.5384615384615384,0.16666666666666666,0.0,0.0,1.0,0.0,1.3333333333333333,0.6666666666666666,-1.0,1.0,-0.5555555555555556,-1.0,-1.0,-0.5714285714285714,-0.6,-0.3333333333333333,-0.6,-1.5,-0.3333333333333333,-1.0318772136953955,-0.6800905049634811
0.0,1.0,0.0,0.0,0.0,0.0,1.0,0.0,0.0,1.0,0.0,0.0,0.0,0.0,0.0,0.0,0.0,0.0,1.0,0.0,0.6923076923076923,1.4166666666666667,0.5,-0.5,0.0,-0.5,-0.3333333333333333,0.3333333333333333,-1.0,-1.0,-0.4444444444444444,0.0,0.0,0.14285714285714285,0.0,-0.3333333333333333,0.2,0.2142857142857142,-0.3333333333333333,0.4746162927981108,-0.7930178114822306
0.0,0.0,1.0,0.0,0.0,0.0,1.0,0.0,0.0,0.0,0.0,0.0,1.0,0.0,0.0,0.0,0.0,0.0,1.0,1.0,-0.46153846153846156,0.16666666666666666,-0.5,0.0,0.0,0.0,1.6666666666666667,0.6666666666666666,0.0,-1.0,0.0,0.0,0.0,0.42857142857142855,0.2,0.0,0.8,0.8333333333333334,-0.07407407407407407,0.19126328217237307,-0.06082617311133692
0.0,1.0,1.0,0.0,0.0,0.0,1.0,0.0,0.0,0.0,0.0,0.0,0.0,0.0,1.0,0.0,0.0,1.0,0.0,1.0,-0.9230769230769231,-0.5,0.0,-0.5,0.0,0.5,0.0,0.3333333333333333,-1.0,0.0,-0.4444444444444444,-1.0,-1.0,-0.42857142857142855,-0.6,0.3333333333333333,-0.6,-1.5,1.222222222222222,-0.7721369539551358,-0.7435667907966387
0.0,1.0,1.0,0.0,1.0,0.0,0.0,0.0,0.0,0.0,0.0,0.0,0.0,0.0,1.0,0.0,0.0,0.0,1.0,1.0,-0.38461538461538464,0.16666666666666666,0.5,0.0,-1.0,-0.5,-0.6666666666666666,0.3333333333333333,0.5,-1.0,-0.7777777777777778,2.0,0.0,-0.42857142857142855,-0.2,0.3333333333333333,-0.2,0.4999999999999999,1.222222222222222,-0.30460448642266824,-0.603212273561429
0.0,1.0,0.0,1.0,0.0,1.0,0.0,0.0,0.0,0.0,0.0,0.0,0.0,0.0,0.0,1.0,0.0,1.0,0.0,0.0,1.3846153846153846,-0.3333333333333333,0.0,0.5,0.0,-1.0,0.0,0.0,0.5,0.0,0.6666666666666666,1.0,0.0,0.14285714285714285,-0.2,-0.3333333333333333,0.4,0.6428571428571429,-0.3333333333333333,-0.6254601013959302,0.1632867419248251
0.0,1.0,0.0,1.0,0.0,0.0,1.0,0.0,0.0,0.0,0.0,0.0,0.0,0.0,0.0,1.0,0.0,1.0,0.0,0.0,0.07692307692307693,-0.08333333333333333,0.5,0.0,0.0,0.5,0.6666666666666666,0.0,-0.5,0.0,-0.3333333333333333,2.0,1.0,0.0,0.2,-0.3333333333333333,-0.4,-1.0000000000000002,-0.3333333333333333,-0.031877213695395555,0.24942448242736226
0.0,1.0,1.0,0.0,0.0,0.0,0.0,1.0,0.0,0.0,1.0,0.0,0.0,0.0,0.0,0.0,0.0,0.0,0.0,0.0,-0.07692307692307693,-0.25,-0.5,0.0,0.0,0.5,-0.3333333333333333,-0.3333333333333333,0.0,0.0,-1.0,0.0,0.0,-0.5714285714285714,-0.6,-0.3333333333333333,-0.6,-1.5,-0.3333333333333333,-0.30460448642266824,-0.8974210752231606
0.0,1.0,1.0,0.0,0.0,0.0,1.0,0.0,0.0,0.0,0.0,0.0,0.0,0.0,0.0,0.0,0.0,0.0,0.0,0.0,1.8461538461538463,-0.5,0.5,0.0,-2.0,0.5,0.3333333333333333,1.0,0.0,0.0,1.0,-1.0,1.0,-0.5714285714285714,-0.6,-0.3333333333333333,-0.6,-1.5,-0.3333333333333333,-1.28642266824085,0.7402468473826391
0.0,1.0,1.0,0.0,1.0,0.0,0.0,0.0,0.0,0.0,1.0,0.0,0.0,0.0,0.0,0.0,0.0,0.0,0.0,0.0,0.0,-0.08333333333333333,0.5,0.0,-2.0,0.0,-0.3333333333333333,0.0,0.0,0.0,-0.3333333333333333,1.0,0.0,0.2857142857142857,0.8,0.0,0.8,1.125,-0.04166666666666665,0.5135773317591499,-0.5735610791059582
0.0,1.0,0.0,1.0,0.0,1.0,0.0,0.0,0.0,0.0,0.0,0.0,0.0,0.0,0.0,1.0,0.0,1.0,0.0,0.0,0.23076923076923078,1.4166666666666667,-1.0,-0.5,-1.0,0.5,-0.6666666666666666,-0.5,-1.0,0.0,1.2222222222222223,-1.0,-1.0,2.142857142857143,1.2,2.6666666666666665,0.6,-0.6428571428571429,0.6666666666666666,0.5879574970484059,0.8358095463359437
0.0,1.0,1.0,0.0,1.0,0.0,0.0,0.0,0.0,0.0,1.0,0.0,0.0,0.0,0.0,0.0,0.0,0.0,1.0,1.0,-0.5384615384615384,0.6666666666666666,-0.5,0.5,-1.0,0.0,-0.6666666666666666,-0.3333333333333333,0.5,-1.0,0.0,0.0,0.0,0.5714285714285714,0.4,-0.3333333333333333,1.0,0.9000000000000001,-0.3333333333333333,0.38961038961038963,-0.1685683708344645
0.0,1.0,1.0,0.0,0.0,0.0,1.0,0.0,0.0,0.0,0.0,0.0,0.0,0.0,1.0,0.0,0.0,0.0,1.0,0.0,-0.6923076923076923,-0.3333333333333333,0.5,-1.0,-1.0,0.5,-0.6666666666666666,-0.16666666666666666,0.5,-1.0,-0.5555555555555556,-3.0,0.0,-0.14285714285714285,-0.2,0.0,-0.4,-0.9,0.1333333333333334,0.059031877213695266,-0.8525995384458556
0.0,1.0,0.0,1.0,0.0,1.0,0.0,0.0,0.0,0.0,0.0,0.0,0.0,0.0,0.0,1.0,0.0,0.0,0.0,1.0,0.15384615384615385,0.25,0.5,0.0,-1.0,0.0,-0.6666666666666666,0.0,-0.5,1.0,-0.1111111111111111,-1.0,0.0,0.42857142857142855,0.8,0.3333333333333333,0.8,0.8333333333333334,0.18518518518518517,0.34994096812278636,0.5312838870420068
1.0,0.0,1.0,0.0,0.0,0.0,1.0,0.0,0.0,0.0,0.0,0.0,0.0,1.0,0.0,0.0,0.0,1.0,0.0,1.0,0.46153846153846156,1.5833333333333333,1.0,-1.0,0.0,-1.0,0.3333333333333333,0.5,0.0,-1.0,1.1111111111111112,3.0,0.0,-0.5714285714285714,-0.6,-0.3333333333333333,-0.6,-1.5,-0.3333333333333333,-1.2916174734356554,0.9235241908986725
0.0,1.0,1.0,0.0,0.0,0.0,1.0,0.0,0.0,0.0,1.0,0.0,0.0,0.0,0.0,0.0,0.0,1.0,0.0,1.0,1.7692307692307692,-0.3333333333333333,0.0,0.0,1.0,-1.0,0.6666666666666666,1.0,-1.0,2.0,0.2222222222222222,0.0,-1.0,-0.5714285714285714,-0.6,-0.3333333333333333,-0.6,-1.5,-0.3333333333333333,-1.2276814094995911,-0.5985626250142856
0.0,1.0,1.0,0.0,0.0,0.0,1.0,0.0,0.0,0.0,0.0,1.0,0.0,0.0,0.0,0.0,0.0,1.0,0.0,0.0,0.46153846153846156,-0.4166666666666667,-0.5,0.5,0.0,-1.0,-0.6666666666666666,0.5,0.5,0.0,1.4444444444444444,0.0,0.0,2.4285714285714284,0.6,4.0,0.8,-0.5869565217391304,0.9855072463768115,0.6044864226682407,1.20182921352168
0.0,1.0,1.0,0.0,0.0,0.0,1.0,0.0,0.0,0.0,1.0,0.0,0.0,0.0,0.0,0.0,0.0,0.0,0.0,0.0,-0.7692307692307693,1.1666666666666667,0.0,-1.0,0.0,0.0,-0.3333333333333333,1.0,0.0,0.0,-1.0,-3.0,-1.0,-0.5714285714285714,-0.4,-0.3333333333333333,-0.6,-1.5,-0.3333333333333333,-0.30460448642266824,-0.7092943615249894
0.0,1.0,1.0,0.0,0.0,0.0,1.0,0.0,0.0,0.0,0.0,0.0,1.0,0.0,0.0,0.0,0.0,0.0,1.0,1.0,0.38461538461538464,-0.08333333333333333,0.0,0.5,-1.0,-0.5,1.3333333333333333,0.16666666666666666,0.5,-1.0,-0.2222222222222222,0.0,0.0,0.0,0.2,0.0,-0.2,-0.5000000000000001,0.05555555555555555,-0.183392365210547,0.17793138371514902
0.0,1.0,1.0,0.0,1.0,0.0,0.0,0.0,0.0,0.0,1.0,0.0,0.0,0.0,0.0,0.0,0.0,0.0,1.0,0.0,-0.07692307692307693,1.25,0.0,0.5,-2.0,0.0,-0.6666666666666666,0.16666666666666666,0.0,-1.0,-0.4444444444444444,-1.0,0.0,0.0,0.2,1.0,0.0,0.0,1.222222222222222,0.16292798110979928,-0.16019777755970047
0.0,1.0,1.0,0.0,0.0,0.0,1.0,0.0,0.0,0.0,0.0,0.0,0.0,0.0,0.0,0.0,0.0,1.0,0.0,0.0,1.6153846153846154,-0.5,0.5,0.5,0.0,0.0,0.0,-0.5,0.0,-1.0,0.5555555555555556,-1.0,0.0,-0.2857142857142857,-0.2,0.0,-0.2,0.0,0.25000000000000006,-0.98642266824085,0.28579789939394984
0.0,1.0,1.0,0.0,0.0,0.0,1.0,0.0,0.0,0.0,0.0,0.0,0.0,0.0,0.0,0.0,0.0,0.0,1.0,0.0,-0.38461538461538464,1.4166666666666667,0.0,0.0,-1.0,-1.0,-0.3333333333333333,0.8333333333333334,-0.5,-1.0,0.0,-1.0,0.0,0.7142857142857143,1.2,0.0,1.0,0.6818181818181819,-0.12121212121212119,0.5879574970484059,0.29380455597604477
0.0,0.0,0.0,0.0,0.0,0.0,0.0,0.0,0.0,0.0,0.0,1.0,0.0,0.0,0.0,0.0,0.0,1.0,0.0,0.0,1.7692307692307692,-0.4166666666666667,0.5,0.0,-1.0,0.5,2.3333333333333335,1.1666666666666667,0.5,0.0,2.2222222222222223,0.0,0.0,-0.2857142857142857,-0.2,0.3333333333333333,-0.2,0.0,0.8333333333333334,-1.1843698823170963,1.2633983031951845
0.0,1.0,1.0,0.0,1.0,0.0,0.0,0.0,0.0,0.0,0.0,0.0,0.0,0.0,0.0,0.0,0.0,0.0,0.0,0.0,-0.15384615384615385,0.16666666666666666,0.0,0.5,0.0,0.5,-0.6666666666666666,-0.5,0.5,0.0,0.0,-3.0,-1.0,0.5714285714285714,0.8,0.0,0.6,0.29999999999999993,-0.09999999999999998,0.38961038961038963,0.5047516856340669
0.0,1.0,1.0,0.0,0.0,0.0,1.0,0.0,0.0,0.0,1.0,0.0,0.0,0.0,0.0,0.0,0.0,1.0,0.0,1.0,0.3076923076923077,1.0,-0.5,0.0,0.0,0.5,2.0,0.16666666666666666,0.0,0.0,0.5555555555555556,-1.0,1.0,0.2857142857142857,-0.2,0.6666666666666666,0.8,1.125,0.5416666666666667,-0.4409681227863046,-0.5735610791059582
1.0,0.0,1.0,0.0,1.0,0.0,0.0,0.0,0.0,0.0,0.0,0.0,0.0,0.0,0.0,0.0,0.0,0.0,1.0,0.0,-0.15384615384615385,-0.3333333333333333,-1.0,-1.0,0.0,0.5,-0.6666666666666666,0.5,0.0,-1.0,-0.3333333333333333,-2.0,-1.0,0.14285714285714285,-0.2,-0.3333333333333333,0.2,0.2142857142857142,-0.3333333333333333,0.24085005903187715,0.4174684399719335
1.0,0.0,1.0,0.0,0.0,0.0,1.0,0.0,0.0,0.0,0.0,0.0,0.0,1.0,0.0,0.0,0.0,0.0,0.0,0.0,0.38461538461538464,0.16666666666666666,0.0,-1.0,0.0,0.0,0.0,0.5,-0.5,0.0,1.2222222222222223,-1.0,1.0,1.8571428571428572,2.6,-0.3333333333333333,1.6,0.23684210526315796,-0.3333333333333333,0.38961038961038963,1.2920414317578481
0.0,1.0,0.0,1.0,0.0,0.0,0.0,0.0,1.0,0.0,0.0,0.0,0.0,0.0,0.0,1.0,0.0,0.0,1.0,1.0,-0.07692307692307693,-0.25,0.0,0.5,0.0,-1.0,-0.6666666666666666,1.3333333333333333,-1.0,-1.0,-0.1111111111111111,-1.0,0.0,0.42857142857142855,0.8,1.0,0.8,0.8333333333333334,0.7037037037037037,0.34994096812278636,0.6189273214727155
0.0,1.0,1.0,0.0,1.0,0.0,0.0,0.0,0.0,0.0,0.0,1.0,0.0,0.0,0.0,0.0,0.0,0.0,0.0,0.0,-0.07692307692307693,1.25,0.0,-0.5,1.0,-0.5,1.6666666666666667,0.6666666666666666,-0.5,0.0,0.0,3.0,-1.0,0.2857142857142857,0.8,1.6666666666666667,-0.2,-0.75,1.416666666666667,-0.00708382526564351,0.8330333237210945
0.0,1.0,0.0,1.0,0.0,0.0,1.0,0.0,0.0,0.0,0.0,0.0,0.0,0.0,0.0,1.0,0.0,1.0,0.0,0.0,-0.07692307692307693,0.9166666666666666,0.0,0.0,0.0,0.0,-0.3333333333333333,0.3333333333333333,-0.5,-1.0,-0.5555555555555556,0.0,0.0,0.0,-0.2,0.0,-0.6,-1.5,0.05555555555555555,0.42266824085005905,-0.08009586372259128
0.0,0.0,1.0,0.0,1.0,0.0,0.0,0.0,0.0,0.0,0.0,0.0,0.0,0.0,0.0,0.0,0.0,0.0,0.0,0.0,-0.8461538461538461,-0.16666666666666666,-0.5,-0.5,1.0,-1.0,-0.3333333333333333,-0.3333333333333333,0.5,1.0,-0.4444444444444444,-1.0,0.0,0.14285714285714285,0.0,0.0,0.4,0.6428571428571429,0.0,0.4746162927981108,-0.21346464457645345
0.0,1.0,1.0,0.0,0.0,0.0,0.0,0.0,1.0,0.0,0.0,0.0,0.0,0.0,0.0,0.0,0.0,1.0,0.0,0.0,1.0,-0.16666666666666666,0.5,-1.0,0.0,0.0,0.0,0.0,-0.5,0.0,1.1111111111111112,-3.0,-1.0,-0.2857142857142857,-0.2,0.0,-0.2,0.0,0.25000000000000006,-1.0838252656434475,0.2710136363336393
0.0,1.0,0.0,1.0,0.0,0.0,0.0,0.0,1.0,0.0,0.0,0.0,0.0,0.0,0.0,1.0,0.0,1.0,0.0,1.0,0.0,0.25,0.5,-0.5,-1.0,0.0,-0.3333333333333333,-0.16666666666666666,-1.0,0.0,0.0,1.0,0.0,0.7142857142857143,1.2,0.0,0.8,0.40909090909090906,-0.12121212121212119,0.5879574970484059,0.11946494360434837
0.0,1.0,1.0,0.0,0.0,0.0,0.0,0.0,1.0,0.0,1.0,0.0,0.0,0.0,0.0,0.0,0.0,0.0,1.0,1.0,-0.7692307692307693,1.4166666666666667,0.0,0.0,-2.0,0.5,-0.3333333333333333,0.6666666666666666,-0.5,-1.0,-1.0,0.0,-2.0,-0.5714285714285714,-0.6,-0.3333333333333333,-0.6,-1.5,-0.3333333333333333,-0.30460448642266824,-0.7242388921734382
0.0,1.0,0.0,1.0,0.0,0.0,1.0,0.0,0.0,0.0,0.0,0.0,0.0,0.0,0.0,1.0,0.0,0.0,1.0,0.0,1.6923076923076923,0.25,0.5,0.5,0.0,0.0,-0.6666666666666666,-0.16666666666666666,0.0,-1.0,3.111111111111111,-2.0,-1.0,4.571428571428571,1.4,0.0,1.0,-0.868421052631579,-0.2719298245614035,0.6744164925983106,0.9714922770356113
1.0,0.0,0.0,1.0,1.0,0.0,0.0,0.0,0.0,0.0,0.0,0.0,0.0,0.0,0.0,1.0,0.0,0.0,1.0,0.0,-0.6923076923076923,1.0833333333333333,0.0,0.5,0.0,0.0,-0.3333333333333333,0.0,0.5,-1.0,-0.3333333333333333,-1.0,0.0,0.2857142857142857,0.8,-0.3333333333333333,0.8,1.125,-0.3333333333333333,0.5135773317591499,0.657802723667313
0.0,1.0,1.0,0.0,0.0,0.0,1.0,0.0,0.0,0.0,0.0,0.0,0.0,0.0,1.0,0.0,0.0,1.0,0.0,1.0,0.46153846153846156,0.0,0.5,-0.5,1.0,-0.5,1.3333333333333333,0.3333333333333333,0.5,-1.0,0.8888888888888888,-1.0,0.0,-0.5714285714285714,-0.6,-0.3333333333333333,-0.6,-1.5,-0.3333333333333333,-1.2806810414465915,-0.7113002499293367
0.0,1.0,0.0,1.0,0.0,0.0,1.0,0.0,0.0,0.0,0.0,0.0,0.0,0.0,0.0,1.0,0.0,1.0,0.0,0.0,-0.5384615384615384,-0.4166666666666667,0.0,-1.0,-1.0,-0.5,0.0,0.8333333333333334,-0.5,1.0,0.0,-1.0,0.0,-0.7142857142857143,-0.6,-0.3333333333333333,-0.6,-1.5,-0.3333333333333333,-1.395513577331759,0.2700102549363725
0.0,1.0,1.0,0.0,1.0,0.0,0.0,0.0,0.0,0.0,0.0,0.0,1.0,0.0,0.0,0.0,0.0,1.0,0.0,0.0,-0.6923076923076923,-0.4166666666666667,0.5,-1.0,0.0,0.5,-0.6666666666666666,0.6666666666666666,-0.5,0.0,-0.6666666666666666,-1.0,0.0,-0.2857142857142857,-0.2,0.3333333333333333,-0.2,0.0,0.8333333333333334,-0.08642266824085014,-0.16087374204890123
0.0,1.0,1.0,0.0,0.0,0.0,1.0,0.0,0.0,0.0,0.0,0.0,0.0,0.0,0.0,0.0,0.0,1.0,0.0,0.0,0.46153846153846156,0.5,0.0,-0.5,1.0,-1.0,1.0,0.6666666666666666,0.0,1.0,0.0,-1.0,-1.0,-0.7142857142857143,-0.6,-0.3333333333333333,-0.6,-1.5,-0.3333333333333333,-1.395513577331759,0.09651642978843986
0.0,1.0,0.0,1.0,0.0,1.0,0.0,0.0,0.0,0.0,0.0,0.0,0.0,0.0,0.0,0.0,1.0,0.0,1.0,0.0,-0.46153846153846156,0.0,-1.0,0.5,0.0,-0.5,-0.6666666666666666,0.0,-1.0,-1.0,-0.6666666666666666,0.0,0.0,-0.2857142857142857,-0.2,0.0,-0.2,0.0,0.25000000000000006,-0.08642266824085014,-0.4929593360183321
0.0,1.0,1.0,0.0,1.0,0.0,0.0,0.0,0.0,0.0,0.0,0.0,0.0,0.0,1.0,0.0,0.0,0.0,1.0,0.0,-1.2307692307692308,-0.5,0.0,0.5,-1.0,-0.5,-0.3333333333333333,-0.16666666666666666,0.5,-1.0,-1.0,-3.0,1.0,-0.5714285714285714,-0.6,-0.3333333333333333,-0.6,-1.5,-0.3333333333333333,-0.30460448642266824,-0.541102398806363
1.0,0.0,1.0,0.0,1.0,0.0,0.0,0.0,0.0,0.0,1.0,0.0,0.0,0.0,0.0,0.0,0.0,0.0,1.0,0.0,-0.3076923076923077,-0.4166666666666667,-0.5,0.5,0.0,0.5,-0.6666666666666666,-0.16666666666666666,0.0,-1.0,-0.2222222222222222,-1.0,-1.0,0.2857142857142857,0.8,0.6666666666666666,0.6,0.75,0.5416666666666667,0.3014561196379378,-0.4661924139345569
1.0,0.0,1.0,0.0,1.0,0.0,0.0,0.0,0.0,0.0,1.0,0.0,0.0,0.0,0.0,0.0,0.0,0.0,1.0,0.0,-1.1538461538461537,0.25,-0.5,-1.0,-1.0,0.0,-0.3333333333333333,1.0,0.0,-1.0,-0.8888888888888888,-1.0,-2.0,-0.42857142857142855,-0.2,0.3333333333333333,-0.2,0.4999999999999999,1.222222222222222,0.059031877213695266,-0.6147551517425612
1.0,0.0,0.0,1.0,1.0,0.0,0.0,0.0,0.0,0.0,0.0,0.0,0.0,0.0,0.0,1.0,0.0,0.0,1.0,0.0,-0.6923076923076923,-0.4166666666666667,-1.0,0.5,-2.0,0.5,0.3333333333333333,1.0,-0.5,-1.0,-0.2222222222222222,0.0,0.0,0.14285714285714285,-0.2,-0.3333333333333333,-0.6,-1.5,-0.3333333333333333,0.059031877213695266,0.012577613742611113
1.0,0.0,0.0,1.0,0.0,1.0,0.0,0.0,0.0,0.0,0.0,0.0,0.0,0.0,0.0,0.0,1.0,0.0,1.0,1.0,-1.3846153846153846,-0.16666666666666666,0.0,-0.5,0.0,-0.5,-0.3333333333333333,0.0,0.5,-1.0,-1.1111111111111112,0.0,0.0,-0.7142857142857143,-0.6,-0.3333333333333333,-0.6,-1.5,-0.3333333333333333,-1.395513577331759,-0.9337443430940474
0.0,1.0,1.0,0.0,1.0,0.0,0.0,0.0,0.0,0.0,1.0,0.0,0.0,0.0,0.0,0.0,0.0,0.0,1.0,0.0,-1.3846153846153846,-0.3333333333333333,0.0,0.0,0.0,0.0,-0.3333333333333333,-0.16666666666666666,0.0,-1.0,-1.1111111111111112,-1.0,0.0,-0.7142857142857143,-0.6,-0.3333333333333333,-0.6,-1.5,-0.3333333333333333,-1.395513577331759,-1.1999916333190055
0.0,1.0,0.0,1.0,0.0,0.0,1.0,0.0,0.0,0.0,0.0,0.0,0.0,0.0,0.0,1.0,0.0,0.0,0.0,1.0,-0.46153846153846156,-0.25,-0.5,0.0,-1.0,-0.5,-0.3333333333333333,-0.3333333333333333,-0.5,2.0,0.1111111111111111,1.0,-1.0,0.8571428571428571,1.0,0.3333333333333333,0.8,0.2500000000000001,0.05555555555555555,0.6044864226682407,0.03816047997269783
0.0,1.0,1.0,0.0,1.0,0.0,0.0,0.0,0.0,0.0,1.0,0.0,0.0,0.0,0.0,0.0,0.0,0.0,0.0,0.0,0.38461538461538464,0.16666666666666666,0.5,0.0,0.0,-1.0,-0.3333333333333333,1.0,-0.5,1.0,-0.5555555555555556,-1.0,0.0,0.0,0.0,-0.3333333333333333,0.2,0.4999999999999999,-0.3333333333333333,0.42266824085005905,-0.7452299626482091
1.0,0.0,0.0,1.0,0.0,0.0,0.0,0.0,1.0,0.0,0.0,0.0,0.0,0.0,0.0,0.0,1.0,1.0,0.0,0.0,-0.6153846153846154,-0.5,0.0,-1.0,0.0,0.0,0.3333333333333333,0.16666666666666666,0.5,0.0,-0.5555555555555556,0.0,1.0,-0.2857142857142857,-0.2,0.0,-0.2,0.0,0.25000000000000006,-0.30460448642266824,-0.5168906223395034
0.0,1.0,1.0,0.0,1.0,0.0,0.0,0.0,0.0,0.0,1.0,0.0,0.0,0.0,0.0,0.0,0.0,1.0,0.0,1.0,-0.46153846153846156,-0.5,-1.0,0.5,-1.0,0.5,-0.3333333333333333,-0.3333333333333333,0.0,1.0,0.0,-2.0,-1.0,0.7142857142857143,1.0,0.6666666666666666,-0.6,-1.5,0.30303030303030304,0.5879574970484059,0.022856142167110474
0.0,1.0,1.0,0.0,1.0,0.0,0.0,0.0,0.0,0.0,1.0,0.0,0.0,0.0,0.0,0.0,0.0,0.0,1.0,0.0,-1.1538461538461537,0.25,0.0,0.0,-1.0,-1.0,-0.3333333333333333,-0.16666666666666666,-1.0,-1.0,-1.0,3.0,-1.0,-0.5714285714285714,-0.6,0.0,-0.6,-1.5,0.8333333333333334,-0.30460448642266824,-1.2026780261593788
0.0,1.0,1.0,0.0,0.0,0.0,0.0,1.0,0.0,0.0,1.0,0.0,0.0,0.0,0.0,0.0,0.0,0.0,0.0,0.0,0.0,0.6666666666666666,0.0,-1.0,0.0,0.0,1.6666666666666667,0.0,-0.5,0.0,-0.1111111111111111,0.0,-1.0,-0.5714285714285714,-0.6,-0.3333333333333333,-0.6,-1.5,-0.3333333333333333,-1.177331759149941,-0.03302719973989084
1.0,0.0,0.0,1.0,0.0,1.0,0.0,0.0,0.0,0.0,0.0,0.0,0.0,0.0,0.0,1.0,0.0,0.0,1.0,0.0,-0.3076923076923077,0.08333333333333333,0.0,-0.5,0.0,0.5,-0.3333333333333333,0.0,0.5,-1.0,-0.1111111111111111,-1.0,0.0,0.5714285714285714,1.0,0.6666666666666666,0.8,0.5999999999999999,0.3666666666666667,0.5681227863046044,0.5590054904509341
1.0,0.0,1.0,0.0,0.0,0.0,1.0,0.0,0.0,0.0,0.0,0.0,0.0,0.0,1.0,0.0,0.0,1.0,0.0,0.0,0.15384615384615385,0.25,-1.0,0.0,0.0,0.0,-0.6666666666666666,0.5,-0.5,0.0,-0.7777777777777778,-3.0,-1.0,-0.42857142857142855,-0.4,-0.3333333333333333,-0.2,0.4999999999999999,-0.3333333333333333,-0.30460448642266824,-0.5935805519772878
0.0,1.0,0.0,1.0,0.0,1.0,0.0,0.0,0.0,0.0,0.0,0.0,0.0,0.0,0.0,1.0,0.0,1.0,0.0,0.0,-0.3076923076923077,-0.5,0.5,0.0,0.0,0.5,-0.3333333333333333,0.8333333333333334,0.0,1.0,0.4444444444444444,0.0,0.0,1.2857142857142858,1.4,1.3333333333333333,0.8,-0.09999999999999998,0.4444444444444444,0.6408500590318772,0.6990021582954143
1.0,0.0,1.0,0.0,1.0,0.0,0.0,0.0,0.0,0.0,1.0,0.0,0.0,0.0,0.0,0.0,0.0,0.0,1.0,1.0,-0.6923076923076923,-0.16666666666666666,-0.5,0.5,0.0,0.5,-0.6666666666666666,0.0,0.0,-1.0,-0.4444444444444444,0.0,-1.0,0.0,0.2,-0.3333333333333333,-0.2,-0.5000000000000001,-0.3333333333333333,0.16292798110979928,-0.7084931868421839
0.0,1.0,0.0,1.0,0.0,1.0,0.0,0.0,0.0,0.0,0.0,0.0,0.0,0.0,0.0,1.0,0.0,0.0,0.0,1.0,-0.5384615384615384,0.25,-1.0,0.5,-1.0,-0.5,-0.3333333333333333,0.0,-1.0,1.0,-0.3333333333333333,-1.0,0.0,0.2857142857142857,0.8,0.0,0.8,1.125,-0.04166666666666665,0.5135773317591499,0.47838204179321764
0.0,1.0,1.0,0.0,1.0,0.0,0.0,0.0,0.0,0.0,0.0,0.0,0.0,0.0,1.0,0.0,0.0,1.0,0.0,0.0,-0.5384615384615384,-0.4166666666666667,0.0,0.0,0.0,-0.5,-0.6666666666666666,1.5,0.5,0.0,-0.4444444444444444,0.0,0.0,0.0,0.2,-0.3333333333333333,0.2,0.4999999999999999,-0.3333333333333333,0.16292798110979928,-0.5868605585167586
0.0,1.0,1.0,0.0,0.0,0.0,1.0,0.0,0.0,0.0,0.0,0.0,0.0,1.0,0.0,0.0,0.0,1.0,0.0,0.0,-0.23076923076923078,0.0,0.0,0.0,0.0,0.0,-0.6666666666666666,-0.5,0.5,-1.0,0.4444444444444444,0.0,1.0,1.1428571428571428,1.2,0.6666666666666666,0.8,0.0,0.16666666666666666,0.49539551357733175,0.8084919570440202
0.0,1.0,0.0,1.0,0.0,1.0,0.0,0.0,0.0,0.0,0.0,1.0,0.0,0.0,0.0,0.0,0.0,1.0,0.0,1.0,1.0769230769230769,0.16666666666666666,0.0,0.0,0.0,0.0,0.6666666666666666,0.3333333333333333,0.0,0.0,1.8888888888888888,-1.0,0.0,-0.5714285714285714,-0.6,-0.3333333333333333,-0.6,-1.5,-0.3333333333333333,-1.3175914994096811,1.2877131957796446
0.0,1.0,1.0,0.0,0.0,0.0,1.0,0.0,0.0,0.0,0.0,0.0,1.0,0.0,0.0,0.0,0.0,1.0,0.0,1.0,-0.3076923076923077,-0.5,0.0,-1.0,0.0,0.5,-0.3333333333333333,1.3333333333333333,-0.5,0.0,-0.1111111111111111,0.0,0.0,0.5714285714285714,1.0,2.0,1.0,0.9000000000000001,1.3,0.5681227863046044,0.19824859135389022
0.0,1.0,1.0,0.0,1.0,0.0,0.0,0.0,0.0,0.0,0.0,0.0,0.0,0.0,0.0,0.0,0.0,1.0,0.0,1.0,0.0,0.25,0.0,0.5,0.0,-1.0,1.6666666666666667,-0.16666666666666666,0.5,0.0,0.5555555555555556,-2.0,0.0,1.0,1.0,1.3333333333333333,0.8,0.11538461538461531,0.5641025641025642,0.24085005903187715,0.48447076760280805
0.0,1.0,1.0,0.0,1.0,0.0,0.0,0.0,0.0,0.0,0.0,0.0,0.0,0.0,0.0,0.0,0.0,1.0,0.0,0.0,0.0,1.5833333333333333,0.5,-1.0,0.0,0.0,1.3333333333333333,0.0,-0.5,1.0,0.0,-1.0,-1.0,-0.2857142857142857,-0.2,-0.3333333333333333,-0.2,0.0,-0.3333333333333333,-0.8004722550177096,0.06307449924392033
0.0,1.0,0.0,1.0,0.0,0.0,1.0,0.0,0.0,0.0,0.0,0.0,0.0,0.0,0.0,1.0,0.0,0.0,0.0,1.0,0.15384615384615385,0.0,-0.5,-1.0,1.0,-1.0,-0.3333333333333333,1.6666666666666667,0.0,0.0,-0.2222222222222222,0.0,0.0,0.42857142857142855,-0.6,2.0,0.8,0.8333333333333334,1.4814814814814814,0.54388036206218,0.1079747669003481
0.0,1.0,0.0,1.0,0.0,1.0,0.0,0.0,0.0,0.0,0.0,0.0,0.0,0.0,0.0,1.0,0.0,0.0,1.0,1.0,1.4615384615384615,0.5,0.5,-1.0,1.0,0.0,1.3333333333333333,0.5,0.0,-1.0,1.5555555555555556,-1.0,-1.0,2.0,0.8,0.6666666666666666,1.0,-0.29999999999999993,0.016666666666666673,0.26266824085005896,0.9592551391449231
0.0,1.0,1.0,0.0,0.0,0.0,0.0,0.0,1.0,0.0,0.0,0.0,0.0,0.0,1.0,0.0,0.0,0.0,0.0,0.0,-0.46153846153846156,-0.16666666666666666,0.0,0.5,0.0,-1.0,1.0,0.0,0.5,0.0,-0.2222222222222222,0.0,0.0,-0.2857142857142857,-0.2,0.3333333333333333,-0.2,0.0,0.8333333333333334,-0.6682408500590319,-0.42487015414050355
0.0,0.0,1.0,0.0,0.0,0.0,1.0,0.0,0.0,0.0,0.0,1.0,0.0,0.0,0.0,0.0,0.0,1.0,0.0,0.0,0.6923076923076923,-0.4166666666666667,-0.5,-1.0,-1.0,0.5,2.3333333333333335,1.5,0.5,0.0,1.3333333333333333,-2.0,0.0,2.142857142857143,1.0,3.3333333333333335,1.0,-0.3571428571428572,0.8888888888888891,0.5017196242492684,1.1535315470459824
0.0,1.0,1.0,0.0,1.0,0.0,0.0,0.0,0.0,0.0,1.0,0.0,0.0,0.0,0.0,0.0,0.0,0.0,0.0,0.0,0.07692307692307693,0.5833333333333334,0.0,0.5,0.0,-1.0,-0.3333333333333333,-0.3333333333333333,0.0,0.0,0.8888888888888888,-1.0,-1.0,1.8571428571428572,0.8,3.6666666666666665,2.8,1.1842105263157896,1.1403508771929824,0.671472068601255,-0.47680913768862293
0.0,1.0,1.0,0.0,0.0,0.0,1.0,0.0,0.0,0.0,0.0,0.0,1.0,0.0,0.0,0.0,0.0,0.0,0.0,0.0,1.1538461538461537,-0.4166666666666667,0.0,0.5,-2.0,-0.5,1.0,0.6666666666666666,0.5,0.0,0.3333333333333333,0.0,0.0,-0.14285714285714285,-0.4,0.0,-0.2,-0.29999999999999993,0.1333333333333334,-0.7721369539551358,0.08683246969999223
0.0,1.0,0.0,1.0,1.0,0.0,0.0,0.0,0.0,0.0,0.0,0.0,0.0,0.0,0.0,1.0,0.0,0.0,0.0,0.0,-0.46153846153846156,1.8333333333333333,0.5,0.0,0.0,-1.0,2.0,0.8333333333333334,0.0,2.0,-0.2222222222222222,0.0,0.0,-0.14285714285714285,0.0,-0.3333333333333333,0.0,0.29999999999999993,-0.3333333333333333,-0.4258166076347895,-0.18645909694151405
0.0,1.0,0.0,1.0,0.0,1.0,0.0,0.0,0.0,0.0,0.0,0.0,0.0,0.0,0.0,1.0,0.0,1.0,0.0,0.0,-0.5384615384615384,1.6666666666666667,0.0,-0.5,0.0,0.5,-0.3333333333333333,1.3333333333333333,0.5,2.0,0.0,0.0,-1.0,0.7142857142857143,0.2,0.0,1.2,0.9545454545454547,-0.12121212121212119,0.5879574970484059,0.40298473249592104
0.0,1.0,0.0,1.0,0.0,1.0,0.0,0.0,0.0,0.0,0.0,0.0,0.0,0.0,0.0,1.0,0.0,1.0,0.0,1.0,-0.3076923076923077,-0.4166666666666667,-1.0,0.0,0.0,-0.5,-0.6666666666666666,-0.16666666666666666,-1.0,2.0,-0.6666666666666666,0.0,-1.0,-0.2857142857142857,-0.2,0.0,-0.2,0.0,0.25000000000000006,-0.08642266824085014,-0.19506462154759835
0.0,1.0,1.0,0.0,0.0,0.0,0.0,1.0,0.0,0.0,0.0,0.0,0.0,0.0,1.0,0.0,0.0,0.0,0.0,0.0,0.23076923076923078,1.0,0.5,0.5,0.0,0.5,2.0,0.0,-0.5,2.0,-0.3333333333333333,-1.0,0.0,-0.42857142857142855,-0.2,0.3333333333333333,-0.2,0.4999999999999999,1.222222222222222,-0.8500590318772137,-0.237097871978397
0.0,1.0,1.0,0.0,1.0,0.0,0.0,0.0,0.0,0.0,0.0,0.0,0.0,0.0,1.0,0.0,0.0,1.0,0.0,1.0,0.07692307692307693,-0.25,-1.0,0.0,0.0,0.0,1.6666666666666667,0.16666666666666666,0.5,-1.0,-0.2222222222222222,-1.0,0.0,0.14285714285714285,0.2,0.0,0.0,-0.21428571428571436,0.0,0.059031877213695266,-0.48881655605252117
0.0,1.0,1.0,0.0,0.0,0.0,0.0,1.0,0.0,0.0,0.0,0.0,0.0,0.0,1.0,0.0,0.0,0.0,1.0,0.0,0.0,0.0,0.5,-0.5,0.0,0.5,0.0,0.6666666666666666,0.0,-1.0,-0.2222222222222222,3.0,0.0,0.14285714285714285,-0.2,-0.3333333333333333,-0.4,-1.0714285714285716,-0.3333333333333333,0.059031877213695266,-0.06428238018363956
0.0,1.0,1.0,0.0,0.0,0.0,0.0,0.0,1.0,0.0,0.0,0.0,0.0,1.0,0.0,0.0,0.0,1.0,0.0,0.0,0.15384615384615385,-0.5,0.0,0.5,0.0,-1.0,-0.3333333333333333,-0.16666666666666666,-0.5,0.0,0.5555555555555556,0.0,0.0,1.4285714285714286,1.8,1.3333333333333333,1.6,0.5625,0.39583333333333337,0.6499409681227862,0.9513597395447966
0.0,1.0,0.0,1.0,0.0,1.0,0.0,0.0,0.0,0.0,0.0,0.0,0.0,0.0,0.0,1.0,0.0,0.0,0.0,0.0,0.9230769230769231,0.0,0.0,0.0,0.0,-1.0,0.6666666666666666,-0.5,-1.0,2.0,0.5555555555555556,0.0,0.0,-0.42857142857142855,-0.2,0.3333333333333333,-0.2,0.4999999999999999,1.222222222222222,-1.1227863046044864,0.08752745403640386
1.0,0.0,1.0,0.0,1.0,0.0,0.0,0.0,0.0,0.0,1.0,0.0,0.0,0.0,0.0,0.0,0.0,0.0,0.0,0.0,-0.7692307692307693,-0.5,-0.5,-1.0,-2.0,0.5,0.3333333333333333,0.0,-1.0,0.0,-0.5555555555555556,-1.0,0.0,-0.42857142857142855,-0.2,0.3333333333333333,-0.6,-1.5,1.222222222222222,-0.6682408500590319,-0.13048349782820481
0.0,1.0,1.0,0.0,0.0,0.0,1.0,0.0,0.0,0.0,0.0,0.0,0.0,0.0,1.0,0.0,0.0,1.0,0.0,0.0,-0.23076923076923078,0.5833333333333334,0.0,0.5,0.0,-0.5,-0.3333333333333333,-0.16666666666666666,0.5,0.0,-0.2222222222222222,2.0,0.0,0.42857142857142855,0.8,0.0,0.6,0.4999999999999999,-0.07407407407407407,0.54388036206218,-0.5683619542137476
0.0,1.0,1.0,0.0,1.0,0.0,0.0,0.0,0.0,0.0,0.0,0.0,0.0,0.0,0.0,0.0,0.0,0.0,0.0,1.0,1.6153846153846154,1.4166666666666667,-0.5,0.0,1.0,0.5,0.3333333333333333,0.3333333333333333,-0.5,0.0,0.2222222222222222,-1.0,-2.0,0.0,0.0,0.0,0.2,0.4999999999999999,0.05555555555555555,-0.5563527381709199,0.6045992795432541
1.0,0.0,1.0,0.0,0.0,0.0,1.0,0.0,0.0,0.0,1.0,0.0,0.0,0.0,0.0,0.0,0.0,0.0,1.0,0.0,0.15384615384615385,-0.4166666666666667,0.0,0.5,-1.0,-0.5,-0.3333333333333333,1.3333333333333333,-0.5,-1.0,-0.6666666666666666,0.0,0.0,-0.14285714285714285,0.0,0.6666666666666666,0.0,0.29999999999999993,1.0666666666666667,0.34994096812278636,-0.6843753965147222
0.0,1.0,0.0,0.0,0.0,0.0,0.0,0.0,0.0,0.0,0.0,1.0,0.0,0.0,0.0,0.0,0.0,1.0,0.0,0.0,0.46153846153846156,0.25,0.0,0.0,0.0,-1.0,-0.6666666666666666,0.0,0.0,0.0,1.2222222222222223,2.0,0.0,2.142857142857143,0.8,-0.3333333333333333,1.2,-0.21428571428571436,-0.3333333333333333,0.5879574970484059,1.1539287119732013
1.0,0.0,0.0,1.0,0.0,0.0,1.0,0.0,0.0,0.0,0.0,0.0,0.0,0.0,0.0,1.0,0.0,1.0,0.0,0.0,0.0,-0.3333333333333333,0.5,-1.0,-1.0,0.5,0.6666666666666666,-0.5,-1.0,0.0,0.6666666666666666,-1.0,0.0,1.1428571428571428,1.2,0.0,1.8,1.0714285714285714,-0.16666666666666666,0.2729356205292032,0.6304921240577117
1.0,0.0,0.0,1.0,1.0,0.0,0.0,0.0,0.0,0.0,0.0,1.0,0.0,0.0,0.0,0.0,0.0,0.0,0.0,1.0,1.1538461538461537,0.16666666666666666,0.0,0.5,0.0,-0.5,0.6666666666666666,1.6666666666666667,-1.0,0.0,2.3333333333333335,2.0,-1.0,3.4285714285714284,1.4,3.3333333333333335,1.4,-0.5000000000000001,0.5222222222222223,0.581759149940968,1.3128165650527388
1.0,0.0,1.0,0.0,1.0,0.0,0.0,0.0,0.0,0.0,1.0,0.0,0.0,0.0,0.0,0.0,0.0,0.0,0.0,0.0,0.6923076923076923,0.0,0.0,-1.0,0.0,-1.0,-0.3333333333333333,0.6666666666666666,-1.0,0.0,1.5555555555555556,-1.0,0.0,2.7142857142857144,1.2,2.6666666666666665,1.6,-0.18,0.5066666666666667,0.6990318772136952,0.03834337935509755
0.0,1.0,1.0,0.0,1.0,0.0,0.0,0.0,0.0,0.0,0.0,0.0,0.0,0.0,1.0,0.0,0.0,0.0,1.0,0.0,0.3076923076923077,-0.4166666666666667,0.5,0.0,-1.0,0.0,0.0,0.0,0.5,-1.0,-0.2222222222222222,-1.0,0.0,-0.42857142857142855,-0.2,0.3333333333333333,-0.2,0.4999999999999999,1.222222222222222,-0.9106650924832743,-0.5502155991833089
0.0,1.0,0.0,1.0,0.0,1.0,0.0,0.0,0.0,0.0,0.0,0.0,0.0,0.0,0.0,1.0,0.0,0.0,1.0,0.0,0.5384615384615384,0.16666666666666666,0.0,-1.0,-2.0,0.0,2.0,-0.16666666666666666,-0.5,-1.0,-0.3333333333333333,-1.0,-1.0,-0.14285714285714285,0.0,0.0,0.0,0.29999999999999993,0.1333333333333334,-0.30460448642266824,0.06289628564282626
0.0,1.0,1.0,0.0,0.0,0.0,1.0,0.0,0.0,0.0,1.0,0.0,0.0,0.0,0.0,0.0,0.0,1.0,0.0,1.0,-0.07692307692307693,1.3333333333333333,0.5,0.0,0.0,-1.0,0.3333333333333333,0.16666666666666666,0.0,0.0,-0.6666666666666666,0.0,0.0,-0.42857142857142855,-0.2,0.3333333333333333,-0.2,0.4999999999999999,1.222222222222222,-0.5227863046044864,-0.21013580855534808
0.0,1.0,1.0,0.0,1.0,0.0,0.0,0.0,0.0,0.0,0.0,0.0,0.0,0.0,1.0,0.0,0.0,0.0,1.0,1.0,-0.7692307692307693,-0.25,-0.5,0.0,0.0,0.5,-0.3333333333333333,1.0,-0.5,-1.0,-0.2222222222222222,-1.0,-1.0,0.42857142857142855,0.4,0.3333333333333333,-0.2,-0.8333333333333334,0.18518518518518517,0.54388036206218,-0.5280908569560916
1.0,0.0,1.0,0.0,0.0,0.0,0.0,0.0,1.0,0.0,0.0,0.0,1.0,0.0,0.0,0.0,0.0,0.0,1.0,0.0,-0.38461538461538464,1.4166666666666667,-1.0,0.5,0.0,0.5,0.0,1.0,0.5,-1.0,-0.1111111111111111,0.0,-1.0,0.0,0.2,0.0,0.2,0.4999999999999999,0.05555555555555555,-0.30460448642266824,0.043450362373606305
0.0,1.0,1.0,0.0,1.0,0.0,0.0,0.0,0.0,0.0,0.0,0.0,0.0,1.0,0.0,0.0,0.0,1.0,0.0,1.0,0.07692307692307693,0.25,0.0,0.0,1.0,0.5,-0.3333333333333333,1.8333333333333333,-1.0,0.0,0.6666666666666666,-1.0,0.0,1.5714285714285714,1.6,1.6666666666666667,1.0,-0.08823529411764708,0.49019607843137264,0.6579623584971177,0.9626585802626771
0.0,1.0,0.0,1.0,0.0,0.0,1.0,0.0,0.0,0.0,0.0,0.0,0.0,0.0,0.0,1.0,0.0,0.0,1.0,0.0,-0.15384615384615385,0.6666666666666666,-0.5,0.0,0.0,-1.0,-0.3333333333333333,-0.3333333333333333,0.5,-1.0,0.0,3.0,1.0,0.7142857142857143,1.0,2.6666666666666665,0.6,0.13636363636363624,1.575757575757576,0.5879574970484059,0.19250996265774786
0.0,1.0,1.0,0.0,1.0,0.0,0.0,0.0,0.0,0.0,0.0,0.0,0.0,1.0,0.0,0.0,0.0,1.0,0.0,0.0,1.3076923076923077,0.0,0.0,0.0,1.0,0.0,0.3333333333333333,0.8333333333333334,0.0,-1.0,2.4444444444444446,0.0,0.0,0.0,-0.4,0.0,0.0,0.0,0.05555555555555555,-1.0649350649350648,1.0341000741558082
0.0,1.0,0.0,1.0,0.0,0.0,1.0,0.0,0.0,0.0,0.0,1.0,0.0,0.0,0.0,0.0,0.0,0.0,1.0,0.0,0.3076923076923077,0.0,0.5,-0.5,0.0,-0.5,-0.3333333333333333,0.0,-0.5,-1.0,1.2222222222222223,0.0,-1.0,2.2857142857142856,1.0,3.6666666666666665,1.0,-0.40909090909090906,0.9393939393939393,0.6871310507674144,1.31214412103477
1.0,0.0,0.0,1.0,1.0,0.0,0.0,0.0,0.0,0.0,0.0,0.0,0.0,0.0,0.0,1.0,0.0,1.0,0.0,0.0,0.8461538461538461,0.16666666666666666,0.0,0.0,-2.0,0.0,1.6666666666666667,-0.5,0.0,-1.0,1.6666666666666667,0.0,-2.0,2.5714285714285716,0.4,4.333333333333333,1.4,-0.24999999999999994,1.027777777777778,0.5345563527381708,0.904922483292501
0.0,0.0,0.0,1.0,0.0,0.0,0.0,0.0,1.0,0.0,0.0,0.0,0.0,0.0,0.0,1.0,0.0,1.0,0.0,1.0,-0.46153846153846156,1.5,-0.5,0.5,0.0,0.0,1.6666666666666667,-0.3333333333333333,-0.5,0.0,-0.6666666666666666,-1.0,1.0,-0.42857142857142855,-0.2,0.3333333333333333,-0.2,0.4999999999999999,1.222222222222222,-0.5227863046044864,-0.052541824029601926
0.0,1.0,0.0,1.0,1.0,0.0,0.0,0.0,0.0,0.0,0.0,0.0,0.0,0.0,0.0,0.0,1.0,1.0,0.0,0.0,-0.38461538461538464,0.0,0.5,-0.5,-1.0,0.0,0.3333333333333333,0.16666666666666666,-0.5,-1.0,0.3333333333333333,-1.0,1.0,0.2857142857142857,0.8,1.3333333333333333,-0.2,-0.75,1.125,-0.30460448642266824,-0.7287274337699725
0.0,1.0,0.0,1.0,0.0,1.0,0.0,0.0,0.0,0.0,0.0,1.0,0.0,0.0,0.0,0.0,0.0,1.0,0.0,0.0,1.2307692307692308,-0.3333333333333333,0.5,0.0,-1.0,-1.0,-0.3333333333333333,-0.5,-1.0,-1.0,2.6666666666666665,0.0,1.0,4.142857142857143,0.6,0.0,2.6,-0.12857142857142861,-0.26666666666666666,0.7239669421487602,1.1571566226004175
1.0,0.0,1.0,0.0,1.0,0.0,0.0,0.0,0.0,0.0,0.0,0.0,1.0,0.0,0.0,0.0,0.0,0.0,0.0,0.0,-0.7692307692307693,-0.5,0.0,0.0,0.0,-0.5,-0.3333333333333333,1.0,-1.0,0.0,-0.4444444444444444,3.0,-2.0,0.14285714285714285,0.4,0.0,0.2,0.2142857142857142,0.0,0.4746162927981108,0.2339114340392554
1.0,0.0,0.0,0.0,0.0,0.0,0.0,0.0,0.0,1.0,0.0,0.0,0.0,0.0,0.0,0.0,0.0,1.0,0.0,1.0,0.6153846153846154,-0.5,1.0,-1.0,0.0,0.5,0.6666666666666666,-0.5,0.0,-1.0,0.4444444444444444,0.0,0.0,0.7142857142857143,0.8,-0.3333333333333333,-0.2,-0.9545454545454546,-0.3333333333333333,0.059031877213695266,0.13115011470597052
0.0,1.0,0.0,1.0,0.0,1.0,0.0,0.0,0.0,0.0,0.0,0.0,0.0,0.0,0.0,1.0,0.0,0.0,0.0,1.0,0.6923076923076923,0.16666666666666666,0.0,0.5,0.0,-1.0,0.6666666666666666,-0.3333333333333333,0.0,0.0,0.8888888888888888,-1.0,0.0,0.0,0.2,-0.3333333333333333,-0.2,-0.5000000000000001,-0.3333333333333333,-0.8213508979059219,0.7295042720270626
0.0,1.0,1.0,0.0,0.0,0.0,1.0,0.0,0.0,0.0,0.0,0.0,0.0,0.0,1.0,0.0,0.0,0.0,1.0,1.0,-1.2307692307692308,0.3333333333333333,0.0,0.5,-1.0,-1.0,-0.3333333333333333,0.16666666666666666,-1.0,-1.0,-1.0,-1.0,0.0,-0.5714285714285714,-0.6,-0.3333333333333333,-0.6,-1.5,-0.3333333333333333,-0.30460448642266824,-0.6238713225480478
0.0,1.0,1.0,0.0,0.0,0.0,1.0,0.0,0.0,0.0,0.0,0.0,0.0,0.0,1.0,0.0,0.0,1.0,0.0,0.0,-0.6153846153846154,1.1666666666666667,0.0,0.0,0.0,0.5,-0.3333333333333333,-0.5,0.0,0.0,-0.5555555555555556,-1.0,-2.0,0.0,-0.2,-0.3333333333333333,-0.2,-0.5000000000000001,-0.3333333333333333,0.42266824085005905,-0.5833426614653241
0.0,1.0,0.0,1.0,1.0,0.0,0.0,0.0,0.0,0.0,0.0,0.0,0.0,0.0,0.0,1.0,0.0,1.0,0.0,1.0,0.23076923076923078,1.1666666666666667,0.5,-1.0,-1.0,0.5,0.3333333333333333,-0.3333333333333333,0.5,1.0,-0.2222222222222222,-1.0,1.0,0.0,0.2,0.0,0.2,0.4999999999999999,0.05555555555555555,-0.183392365210547,0.19173181512609425
0.0,1.0,1.0,0.0,1.0,0.0,0.0,0.0,0.0,0.0,0.0,0.0,1.0,0.0,0.0,0.0,0.0,1.0,0.0,0.0,0.07692307692307693,1.0,0.0,0.0,0.0,0.0,0.3333333333333333,0.5,-1.0,2.0,-0.1111111111111111,-1.0,-1.0,-0.14285714285714285,0.0,-0.3333333333333333,-0.2,-0.29999999999999993,-0.3333333333333333,-0.5227863046044864,0.13528890879500438
0.0,1.0,0.0,1.0,1.0,0.0,0.0,0.0,0.0,0.0,0.0,0.0,0.0,0.0,0.0,1.0,0.0,1.0,0.0,0.0,-0.38461538461538464,-0.16666666666666666,0.5,-1.0,0.0,0.5,-0.3333333333333333,-0.5,-1.0,1.0,0.0,-1.0,0.0,0.7142857142857143,-0.6,-0.3333333333333333,-0.2,-0.9545454545454546,-0.3333333333333333,0.5879574970484059,0.085789041972686
0.0,1.0,1.0,0.0,0.0,0.0,1.0,0.0,0.0,0.0,0.0,0.0,0.0,0.0,1.0,0.0,0.0,0.0,1.0,0.0,-0.15384615384615385,-0.4166666666666667,0.5,0.0,-1.0,-1.0,-0.3333333333333333,-0.5,0.0,-1.0,-0.4444444444444444,0.0,0.0,0.14285714285714285,0.4,0.0,0.0,-0.21428571428571436,0.0,0.4746162927981108,-0.126779148155687
0.0,1.0,1.0,0.0,1.0,0.0,0.0,0.0,0.0,0.0,0.0,0.0,1.0,0.0,0.0,0.0,0.0,1.0,0.0,0.0,0.07692307692307693,-0.5,0.5,-0.5,0.0,-0.5,1.3333333333333333,-0.3333333333333333,-0.5,0.0,-0.2222222222222222,-1.0,-1.0,0.14285714285714285,0.4,1.0,0.0,-0.21428571428571436,1.0,0.059031877213695266,0.24133010165294969
0.0,1.0,1.0,0.0,0.0,0.0,0.0,0.0,1.0,0.0,0.0,0.0,0.0,0.0,1.0,0.0,0.0,0.0,1.0,0.0,-0.6153846153846154,-0.5,0.0,0.5,0.0,-1.0,0.0,-0.5,-0.5,-1.0,-0.5555555555555556,-1.0,-1.0,-0.2857142857142857,-0.2,0.0,-0.2,0.0,0.25000000000000006,-0.30460448642266824,-0.8364349139184465
0.0,1.0,1.0,0.0,0.0,0.0,0.0,0.0,1.0,0.0,0.0,0.0,0.0,0.0,1.0,0.0,0.0,1.0,0.0,1.0,-0.38461538461538464,-0.16666666666666666,0.5,0.0,0.0,0.5,-0.6666666666666666,-0.3333333333333333,0.0,0.0,-0.4444444444444444,1.0,0.0,0.0,-0.2,-0.3333333333333333,0.0,0.0,-0.3333333333333333,0.16292798110979928,-0.03559300101598194
0.0,1.0,1.0,0.0,1.0,0.0,0.0,0.0,0.0,0.0,0.0,0.0,0.0,1.0,0.0,0.0,0.0,1.0,0.0,1.0,1.0769230769230769,1.75,0.0,0.5,0.0,-1.0,0.6666666666666666,-0.5,-0.5,-1.0,1.6666666666666667,-1.0,0.0,-0.2857142857142857,-0.2,0.0,-0.2,0.0,0.25000000000000006,-1.1437653255835072,1.1585124787481262
1.0,0.0,1.0,0.0,0.0,0.0,0.0,0.0,1.0,0.0,0.0,0.0,0.0,0.0,1.0,0.0,0.0,1.0,0.0,1.0,0.5384615384615384,0.8333333333333334,0.0,0.0,-1.0,0.0,2.3333333333333335,0.3333333333333333,0.5,0.0,-0.4444444444444444,1.0,0.0,-0.5714285714285714,-0.6,-0.3333333333333333,-0.6,-1.5,-0.3333333333333333,-1.0838252656434475,-0.6855473547223531
0.0,1.0,0.0,1.0,0.0,1.0,0.0,0.0,0.0,0.0,0.0,0.0,0.0,0.0,0.0,0.0,1.0,0.0,0.0,0.0,-0.6923076923076923,-0.4166666666666667,-1.0,0.0,0.0,-1.0,-0.6666666666666666,-0.5,-0.5,0.0,-0.5555555555555556,0.0,0.0,-0.14285714285714285,0.0,-0.3333333333333333,-0.2,-0.29999999999999993,-0.3333333333333333,0.059031877213695266,-0.47461365190487437
0.0,1.0,0.0,1.0,1.0,0.0,0.0,0.0,0.0,0.0,0.0,0.0,0.0,0.0,0.0,1.0,0.0,0.0,0.0,1.0,0.6923076923076923,-0.25,-0.5,0.0,0.0,-1.0,0.6666666666666666,-0.5,-1.0,0.0,-0.1111111111111111,0.0,1.0,0.0,0.2,-0.3333333333333333,0.0,0.0,-0.3333333333333333,-0.30460448642266824,0.000285585033741888
0.0,0.0,0.0,0.0,0.0,0.0,0.0,0.0,0.0,0.0,0.0,1.0,0.0,0.0,0.0,0.0,0.0,0.0,1.0,1.0,1.3846153846153846,1.5833333333333333,0.0,0.5,1.0,0.5,0.0,-0.3333333333333333,0.0,-1.0,1.4444444444444444,0.0,0.0,0.0,0.0,1.0,0.2,0.4999999999999999,1.222222222222222,-0.9409681227863045,1.18347402024058
0.0,1.0,1.0,0.0,0.0,0.0,1.0,0.0,0.0,0.0,1.0,0.0,0.0,0.0,0.0,0.0,0.0,1.0,0.0,1.0,-0.07692307692307693,0.3333333333333333,0.5,0.5,0.0,0.0,1.6666666666666667,-0.5,0.0,0.0,-0.5555555555555556,0.0,0.0,-0.42857142857142855,-0.2,0.3333333333333333,-0.2,0.4999999999999999,1.222222222222222,-0.6682408500590319,-0.6021372624727394
0.0,1.0,0.0,1.0,0.0,0.0,0.0,1.0,0.0,0.0,0.0,0.0,0.0,0.0,0.0,1.0,0.0,0.0,0.0,0.0,-0.46153846153846156,0.08333333333333333,-0.5,0.0,0.0,0.0,1.0,-0.5,-1.0,0.0,0.0,-1.0,1.0,0.42857142857142855,0.2,2.0,0.8,0.8333333333333334,1.4814814814814814,0.19126328217237307,0.3550210431881067
0.0,0.0,1.0,0.0,0.0,0.0,0.0,1.0,0.0,0.0,0.0,0.0,0.0,0.0,1.0,0.0,0.0,1.0,0.0,1.0,-1.0769230769230769,1.5833333333333333,-0.5,-0.5,-1.0,0.0,-0.3333333333333333,0.0,-0.5,-1.0,-0.6666666666666666,-1.0,-1.0,-0.14285714285714285,-0.2,0.0,0.0,0.29999999999999993,0.1333333333333334,0.34994096812278636,-0.5485213814409717
0.0,1.0,0.0,0.0,0.0,0.0,0.0,0.0,0.0,0.0,0.0,1.0,0.0,0.0,0.0,0.0,0.0,1.0,0.0,1.0,1.4615384615384615,1.5833333333333333,0.5,0.0,1.0,-0.5,0.6666666666666666,0.6666666666666666,-1.0,0.0,2.7777777777777777,-3.0,0.0,0.7142857142857143,1.2,0.0,0.2,-0.40909090909090906,-0.12121212121212119,-0.789452971271153,1.30263121216343
0.0,1.0,1.0,0.0,0.0,0.0,1.0,0.0,0.0,0.0,0.0,0.0,0.0,0.0,1.0,0.0,0.0,1.0,0.0,0.0,1.3846153846153846,0.0,0.5,0.5,0.0,0.5,0.6666666666666666,0.16666666666666666,-0.5,0.0,0.4444444444444444,-1.0,-1.0,0.2857142857142857,-0.4,0.0,0.8,1.125,-0.04166666666666665,-0.37733175914994094,0.29966144939184336
0.0,0.0,1.0,0.0,0.0,0.0,1.0,0.0,0.0,0.0,0.0,0.0,1.0,0.0,0.0,0.0,0.0,1.0,0.0,0.0,-0.38461538461538464,-0.5,0.5,0.0,-2.0,0.0,-0.6666666666666666,-0.3333333333333333,0.5,0.0,-0.4444444444444444,-1.0,0.0,0.0,0.2,0.0,0.2,0.4999999999999999,0.05555555555555555,0.16292798110979928,-0.13464076474738562
0.0,1.0,0.0,1.0,0.0,0.0,1.0,0.0,0.0,0.0,0.0,0.0,0.0,0.0,0.0,0.0,1.0,0.0,1.0,0.0,-1.2307692307692308,-0.4166666666666667,0.0,0.0,-1.0,0.0,-0.3333333333333333,-0.16666666666666666,0.5,-1.0,-0.8888888888888888,0.0,-1.0,-0.42857142857142855,-0.2,-0.3333333333333333,-0.2,0.4999999999999999,-0.3333333333333333,0.059031877213695266,-0.8530654378582485
1.0,0.0,1.0,0.0,1.0,0.0,0.0,0.0,0.0,0.0,0.0,0.0,0.0,0.0,1.0,0.0,0.0,1.0,0.0,0.0,1.0,0.08333333333333333,-1.0,0.0,-1.0,-0.5,-0.3333333333333333,1.5,0.5,0.0,0.0,0.0,0.0,0.7142857142857143,0.8,0.0,0.8,0.40909090909090906,-0.12121212121212119,0.5879574970484059,0.023599364843944884
0.0,0.0,1.0,0.0,0.0,0.0,1.0,0.0,0.0,0.0,0.0,0.0,0.0,0.0,1.0,0.0,0.0,1.0,0.0,1.0,0.07692307692307693,1.5,1.0,-0.5,0.0,0.0,0.3333333333333333,0.16666666666666666,-1.0,1.0,0.5555555555555556,-1.0,0.0,1.1428571428571428,1.6,3.0,0.8,0.0,1.3333333333333333,0.3772136953955135,-0.11210408200520527
0.0,1.0,1.0,0.0,0.0,0.0,0.0,1.0,0.0,0.0,1.0,0.0,0.0,0.0,0.0,0.0,0.0,0.0,0.0,1.0,-0.8461538461538461,-0.4166666666666667,-1.0,0.5,0.0,0.0,1.3333333333333333,0.8333333333333334,0.0,0.0,-0.3333333333333333,-1.0,-1.0,-0.42857142857142855,-0.2,-0.3333333333333333,-0.2,0.4999999999999999,-0.3333333333333333,-0.8500590318772137,-0.21895881602110537
0.0,1.0,1.0,0.0,0.0,0.0,1.0,0.0,0.0,0.0,1.0,0.0,0.0,0.0,0.0,0.0,0.0,0.0,1.0,1.0,-0.5384615384615384,-0.3333333333333333,-1.0,-0.5,0.0,-1.0,-0.3333333333333333,0.6666666666666666,0.5,-1.0,0.0,0.0,0.0,0.7142857142857143,1.2,0.0,0.4,-0.1363636363636364,-0.12121212121212119,0.5879574970484059,-0.05516078011772852
0.0,1.0,0.0,1.0,0.0,0.0,1.0,0.0,0.0,0.0,0.0,0.0,0.0,0.0,0.0,0.0,1.0,1.0,0.0,0.0,-0.6153846153846154,-0.3333333333333333,0.0,-0.5,0.0,-0.5,-0.3333333333333333,0.8333333333333334,0.5,0.0,-1.0,0.0,0.0,-0.5714285714285714,-0.6,-0.3333333333333333,-0.6,-1.5,-0.3333333333333333,-0.30460448642266824,-0.5344076243189708
0.0,1.0,1.0,0.0,1.0,0.0,0.0,0.0,0.0,0.0,0.0,0.0,0.0,0.0,1.0,0.0,0.0,0.0,0.0,0.0,0.38461538461538464,0.5833333333333334,0.0,-1.0,0.0,0.0,0.6666666666666666,-0.3333333333333333,-1.0,0.0,0.3333333333333333,-1.0,0.0,0.5714285714285714,1.0,0.0,1.0,0.9000000000000001,-0.09999999999999998,0.00708382526564351,-0.6800905049634811
0.0,0.0,0.0,1.0,0.0,1.0,0.0,0.0,0.0,0.0,0.0,0.0,0.0,0.0,0.0,1.0,0.0,1.0,0.0,0.0,-0.38461538461538464,1.0833333333333333,-0.5,0.5,0.0,0.0,-0.3333333333333333,-0.16666666666666666,0.5,0.0,-0.1111111111111111,-1.0,-1.0,0.5714285714285714,1.0,-0.3333333333333333,-0.6,-1.5,-0.3333333333333333,0.5681227863046044,0.3104439525602899
0.0,1.0,0.0,1.0,1.0,0.0,0.0,0.0,0.0,0.0,0.0,0.0,0.0,0.0,0.0,1.0,0.0,1.0,0.0,0.0,-0.46153846153846156,0.75,-1.0,0.5,0.0,0.0,2.0,0.16666666666666666,0.0,1.0,-0.6666666666666666,-1.0,-1.0,-0.42857142857142855,-0.4,0.3333333333333333,-0.2,0.4999999999999999,1.222222222222222,-0.5227863046044864,0.05484198372241024
1.0,0.0,1.0,0.0,0.0,0.0,1.0,0.0,0.0,0.0,1.0,0.0,0.0,0.0,0.0,0.0,0.0,0.0,1.0,0.0,0.0,0.9166666666666666,-1.0,-0.5,0.0,0.5,-0.3333333333333333,-0.16666666666666666,-1.0,-1.0,-0.2222222222222222,-1.0,0.0,0.42857142857142855,-0.4,0.0,0.8,0.8333333333333334,-0.07407407407407407,0.54388036206218,-0.8035774456041545
0.0,1.0,1.0,0.0,1.0,0.0,0.0,0.0,0.0,0.0,0.0,0.0,0.0,1.0,0.0,0.0,0.0,1.0,0.0,0.0,1.3846153846153846,-0.3333333333333333,0.0,0.5,0.0,0.5,0.3333333333333333,0.0,-1.0,-1.0,2.888888888888889,-1.0,0.0,0.7142857142857143,1.2,-0.3333333333333333,1.2,0.9545454545454547,-0.3333333333333333,-0.8058329876511694,1.2079592173980704
0.0,1.0,0.0,1.0,0.0,1.0,0.0,0.0,0.0,0.0,0.0,0.0,0.0,0.0,0.0,1.0,0.0,0.0,1.0,0.0,0.15384615384615385,-0.4166666666666667,-0.5,0.5,0.0,-0.5,1.6666666666666667,0.3333333333333333,0.0,-1.0,0.0,-1.0,0.0,-0.5714285714285714,-0.6,-0.3333333333333333,-0.6,-1.5,-0.3333333333333333,-1.1971664698937425,0.3663656060963774
0.0,1.0,1.0,0.0,1.0,0.0,0.0,0.0,0.0,0.0,0.0,0.0,1.0,0.0,0.0,0.0,0.0,1.0,0.0,0.0,0.15384615384615385,-0.4166666666666667,0.5,0.5,0.0,0.0,2.3333333333333335,0.0,-0.5,-1.0,0.4444444444444444,0.0,0.0,-0.5714285714285714,-0.6,-0.3333333333333333,-0.6,-1.5,-0.3333333333333333,-1.2500590318772136,0.2568692409253078
1.0,0.0,1.0,0.0,1.0,0.0,0.0,0.0,0.0,0.0,0.0,0.0,1.0,0.0,0.0,0.0,0.0,0.0,1.0,0.0,0.15384615384615385,1.3333333333333333,0.0,0.5,-1.0,0.0,-0.6666666666666666,1.1666666666666667,-0.5,-1.0,0.0,-1.0,0.0,0.5714285714285714,0.8,0.0,1.0,0.9000000000000001,-0.09999999999999998,0.38961038961038963,0.6133419737396035
0.0,1.0,1.0,0.0,0.0,0.0,1.0,0.0,0.0,0.0,1.0,0.0,0.0,0.0,0.0,0.0,0.0,1.0,0.0,0.0,-0.6153846153846154,1.0,0.5,0.5,-1.0,-1.0,-0.3333333333333333,-0.3333333333333333,0.0,2.0,-0.4444444444444444,-1.0,0.0,0.14285714285714285,0.4,0.6666666666666666,0.0,-0.21428571428571436,0.6666666666666666,0.4746162927981108,-0.42725190415640446
0.0,1.0,0.0,1.0,0.0,1.0,0.0,0.0,0.0,0.0,0.0,0.0,0.0,0.0,0.0,1.0,0.0,0.0,0.0,0.0,-0.15384615384615385,-0.5,0.5,-0.5,1.0,0.5,-0.6666666666666666,-0.5,0.5,0.0,0.6666666666666666,-1.0,-1.0,1.4285714285714286,-0.4,-0.3333333333333333,1.2,0.1875,-0.3333333333333333,0.5296201125078129,0.6330431322684715
0.0,0.0,0.0,1.0,0.0,0.0,1.0,0.0,0.0,0.0,0.0,0.0,0.0,0.0,0.0,1.0,0.0,0.0,1.0,0.0,0.0,-0.5,1.0,0.5,0.0,0.5,0.6666666666666666,0.16666666666666666,-0.5,-1.0,-0.3333333333333333,3.0,0.0,-0.5714285714285714,-0.6,-0.3333333333333333,-0.6,-1.5,-0.3333333333333333,-1.1227863046044864,0.2713001228017739
1.0,0.0,1.0,0.0,1.0,0.0,0.0,0.0,0.0,0.0,0.0,0.0,0.0,0.0,1.0,0.0,0.0,0.0,1.0,1.0,-0.5384615384615384,1.4166666666666667,-0.5,0.5,-1.0,0.5,-0.3333333333333333,1.6666666666666667,-0.5,-1.0,-1.0,0.0,-1.0,-0.5714285714285714,-0.6,0.0,-0.6,-1.5,0.8333333333333334,-0.30460448642266824,-0.6847658891360722
1.0,0.0,1.0,0.0,1.0,0.0,0.0,0.0,0.0,0.0,0.0,0.0,0.0,0.0,1.0,0.0,0.0,0.0,1.0,0.0,1.3846153846153846,1.0833333333333333,0.5,0.5,0.0,0.0,0.3333333333333333,-0.3333333333333333,0.5,-1.0,1.1111111111111112,1.0,-1.0,-0.14285714285714285,0.0,-0.3333333333333333,0.0,0.29999999999999993,-0.3333333333333333,-0.9799291617473436,-0.026153413521738823
1.0,0.0,1.0,0.0,1.0,0.0,0.0,0.0,0.0,0.0,1.0,0.0,0.0,0.0,0.0,0.0,0.0,1.0,0.0,0.0,0.0,0.9166666666666666,0.5,0.0,1.0,0.5,0.6666666666666666,0.6666666666666666,0.5,1.0,-0.6666666666666666,-1.0,0.0,-0.5714285714285714,-0.6,-0.3333333333333333,-0.6,-1.5,-0.3333333333333333,-0.9591499409681227,-0.29083745203890665
0.0,1.0,0.0,1.0,0.0,1.0,0.0,0.0,0.0,0.0,0.0,0.0,0.0,0.0,0.0,1.0,0.0,1.0,0.0,0.0,0.0,0.3333333333333333,0.5,-0.5,-1.0,0.5,0.6666666666666666,-0.16666666666666666,-1.0,0.0,-0.2222222222222222,-1.0,-1.0,0.14285714285714285,0.0,-0.3333333333333333,-0.6,-1.5,-0.3333333333333333,0.059031877213695266,0.27115689033301776
0.0,0.0,1.0,0.0,0.0,0.0,0.0,0.0,1.0,0.0,0.0,0.0,0.0,0.0,1.0,0.0,0.0,1.0,0.0,0.0,-0.3076923076923077,-0.5,0.5,0.5,0.0,-1.0,0.6666666666666666,0.0,-0.5,0.0,-0.1111111111111111,0.0,-1.0,0.14285714285714285,0.4,0.0,-0.2,-0.6428571428571429,0.0,-0.08642266824085014,-0.19296422273932765
0.0,1.0,0.0,1.0,0.0,1.0,0.0,0.0,0.0,0.0,0.0,0.0,0.0,0.0,0.0,1.0,0.0,0.0,1.0,0.0,1.8461538461538463,0.75,0.5,-1.0,0.0,-1.0,2.0,0.0,0.5,-1.0,0.0,-2.0,0.0,-0.42857142857142855,-0.2,0.3333333333333333,-0.2,0.4999999999999999,1.222222222222222,-0.998819362455726,0.07335427890414868
0.0,1.0,1.0,0.0,1.0,0.0,0.0,0.0,0.0,0.0,0.0,0.0,0.0,0.0,1.0,0.0,0.0,1.0,0.0,0.0,-0.23076923076923078,0.08333333333333333,0.5,0.5,1.0,-1.0,1.3333333333333333,0.8333333333333334,-0.5,0.0,0.4444444444444444,-2.0,0.0,0.7142857142857143,1.0,2.0,0.6,0.13636363636363624,1.1515151515151516,0.059031877213695266,-0.44318315455650537
1.0,0.0,1.0,0.0,1.0,0.0,0.0,0.0,0.0,0.0,0.0,0.0,0.0,0.0,1.0,0.0,0.0,1.0,0.0,0.0,0.15384615384615385,-0.5,0.0,0.5,0.0,0.5,1.6666666666666667,0.16666666666666666,0.5,1.0,1.0,1.0,1.0,1.1428571428571428,1.6,0.3333333333333333,1.2,0.4285714285714287,0.0,0.022668240850059036,-0.052743026865579024
0.0,1.0,1.0,0.0,1.0,0.0,0.0,0.0,0.0,0.0,0.0,0.0,0.0,0.0,1.0,0.0,0.0,1.0,0.0,1.0,-0.5384615384615384,0.6666666666666666,-1.0,-0.5,-2.0,0.5,-0.6666666666666666,0.6666666666666666,-1.0,0.0,-0.4444444444444444,-1.0,-1.0,0.0,0.2,0.0,0.0,0.0,0.05555555555555555,0.16292798110979928,-0.796963975419108
0.0,1.0,0.0,1.0,0.0,0.0,1.0,0.0,0.0,0.0,0.0,0.0,0.0,0.0,0.0,1.0,0.0,0.0,1.0,0.0,1.3076923076923077,-0.5,-1.0,0.5,0.0,-1.0,1.6666666666666667,1.0,0.5,-1.0,0.8888888888888888,-1.0,1.0,1.2857142857142858,0.8,2.3333333333333335,1.4,0.4999999999999999,0.9111111111111112,0.2121419250605852,0.49131704150846045
0.0,1.0,1.0,0.0,0.0,0.0,0.0,0.0,1.0,0.0,1.0,0.0,0.0,0.0,0.0,0.0,0.0,1.0,0.0,1.0,1.4615384615384615,1.0833333333333333,-0.5,-0.5,0.0,0.5,0.3333333333333333,0.8333333333333334,0.5,0.0,0.2222222222222222,1.0,0.0,0.7142857142857143,0.8,-0.3333333333333333,1.0,0.6818181818181819,-0.3333333333333333,0.2828081009899192,0.07511550141442462
0.0,1.0,1.0,0.0,0.0,0.0,0.0,0.0,1.0,0.0,0.0,0.0,0.0,0.0,0.0,0.0,0.0,0.0,1.0,0.0,1.0769230769230769,0.25,0.0,0.5,-1.0,0.5,1.3333333333333333,0.16666666666666666,0.5,-1.0,1.1111111111111112,-1.0,0.0,-0.14285714285714285,0.0,0.0,0.0,0.29999999999999993,0.1333333333333334,-0.9799291617473436,0.7057442318217293
0.0,1.0,1.0,0.0,1.0,0.0,0.0,0.0,0.0,0.0,1.0,0.0,0.0,0.0,0.0,0.0,0.0,1.0,0.0,0.0,-0.07692307692307693,0.08333333333333333,-1.0,0.5,1.0,0.5,-0.3333333333333333,0.8333333333333334,0.5,-1.0,-1.0,-1.0,0.0,-0.5714285714285714,-0.6,-0.3333333333333333,-0.4,0.0,-0.3333333333333333,-0.30460448642266824,-0.7535896410690558
0.0,1.0,0.0,1.0,1.0,0.0,0.0,0.0,0.0,0.0,0.0,0.0,0.0,0.0,0.0,1.0,0.0,1.0,0.0,0.0,0.7692307692307693,0.25,0.0,0.0,0.0,-0.5,1.0,1.1666666666666667,0.0,2.0,0.4444444444444444,-1.0,0.0,0.42857142857142855,0.8,-0.3333333333333333,0.8,0.8333333333333334,-0.3333333333333333,-0.23187721369539555,0.3615574009727179
0.0,1.0,1.0,0.0,0.0,0.0,1.0,0.0,0.0,0.0,1.0,0.0,0.0,0.0,0.0,0.0,0.0,0.0,1.0,1.0,-1.0,0.08333333333333333,-1.0,0.5,-1.0,0.0,-0.3333333333333333,-0.5,-1.0,-1.0,-0.5555555555555556,-1.0,0.0,0.0,0.2,0.0,-0.2,-0.5000000000000001,0.05555555555555555,0.42266824085005905,-0.21608834026938598
0.0,1.0,1.0,0.0,0.0,0.0,0.0,0.0,1.0,0.0,0.0,0.0,0.0,1.0,0.0,0.0,0.0,1.0,0.0,0.0,1.3846153846153846,-0.4166666666666667,0.5,-1.0,0.0,0.0,2.3333333333333335,-0.3333333333333333,-1.0,0.0,0.6666666666666666,2.0,-2.0,-0.14285714285714285,0.0,-0.3333333333333333,0.0,0.29999999999999993,-0.3333333333333333,-0.8821445933745399,0.9490416085555307
0.0,1.0,0.0,1.0,0.0,1.0,0.0,0.0,0.0,0.0,0.0,0.0,0.0,0.0,0.0,0.0,1.0,1.0,0.0,1.0,-0.8461538461538461,1.0,-0.5,0.0,-1.0,-0.5,-0.3333333333333333,0.6666666666666666,0.0,2.0,-1.0,-1.0,0.0,-0.5714285714285714,-0.6,-0.3333333333333333,-0.6,-1.5,-0.3333333333333333,-0.30460448642266824,-0.6949752689994917
0.0,1.0,1.0,0.0,0.0,0.0,1.0,0.0,0.0,0.0,0.0,0.0,0.0,0.0,1.0,0.0,0.0,1.0,0.0,0.0,-0.6153846153846154,0.16666666666666666,0.0,0.5,0.0,0.5,-0.3333333333333333,1.5,0.5,0.0,-0.5555555555555556,0.0,-1.0,0.0,-0.2,-0.3333333333333333,0.2,0.4999999999999999,-0.3333333333333333,0.42266824085005905,-0.8410254682141105
0.0,1.0,1.0,0.0,1.0,0.0,0.0,0.0,0.0,0.0,0.0,0.0,1.0,0.0,0.0,0.0,0.0,0.0,1.0,0.0,1.5384615384615385,0.0,0.0,0.5,-2.0,0.5,0.6666666666666666,-0.5,-1.0,-1.0,3.0,0.0,-1.0,0.14285714285714285,0.2,-0.3333333333333333,-0.2,-0.6428571428571429,-0.3333333333333333,-1.0510159696762567,0.3544961927113578
0.0,1.0,1.0,0.0,1.0,0.0,0.0,0.0,0.0,0.0,0.0,0.0,0.0,0.0,1.0,0.0,0.0,0.0,1.0,1.0,0.6153846153846154,0.25,0.5,0.0,0.0,0.0,-0.3333333333333333,-0.5,0.0,-1.0,-0.4444444444444444,1.0,0.0,0.14285714285714285,0.2,-0.3333333333333333,-0.2,-0.6428571428571429,-0.3333333333333333,0.4746162927981108,-0.5080891487361047
1.0,0.0,1.0,0.0,1.0,0.0,0.0,0.0,0.0,0.0,0.0,0.0,1.0,0.0,0.0,0.0,0.0,1.0,0.0,0.0,0.6923076923076923,0.0,0.5,-1.0,1.0,0.0,0.6666666666666666,0.5,0.5,0.0,-0.1111111111111111,-2.0,0.0,-0.2857142857142857,-0.2,-0.3333333333333333,-0.2,0.0,-0.3333333333333333,-0.7409681227863046,0.23940679680424778
0.0,0.0,0.0,1.0,0.0,0.0,0.0,0.0,1.0,0.0,0.0,0.0,0.0,0.0,0.0,1.0,0.0,0.0,1.0,1.0,0.15384615384615385,0.25,0.0,0.0,0.0,0.5,-0.3333333333333333,-0.16666666666666666,-0.5,-1.0,-0.4444444444444444,-2.0,0.0,0.0,0.0,0.0,0.0,0.0,0.05555555555555555,0.16292798110979928,0.11828850740813412
0.0,1.0,1.0,0.0,0.0,0.0,0.0,1.0,0.0,0.0,0.0,0.0,0.0,0.0,1.0,0.0,0.0,1.0,0.0,0.0,0.9230769230769231,0.6666666666666666,0.5,0.0,0.0,-1.0,2.0,-0.3333333333333333,0.5,0.0,0.0,0.0,-1.0,0.42857142857142855,-0.2,2.0,0.6,0.4999999999999999,1.4814814814814814,0.19126328217237307,-0.7133103692762912
0.0,1.0,0.0,1.0,0.0,1.0,0.0,0.0,0.0,0.0,0.0,0.0,0.0,0.0,0.0,1.0,0.0,0.0,0.0,0.0,-0.23076923076923078,0.08333333333333333,0.5,0.0,0.0,0.0,-0.6666666666666666,-0.3333333333333333,0.5,-1.0,-0.4444444444444444,0.0,0.0,0.0,-0.6,0.0,-0.2,-0.5000000000000001,0.05555555555555555,0.16292798110979928,0.33379823758950755
1.0,0.0,0.0,1.0,1.0,0.0,0.0,0.0,0.0,0.0,0.0,0.0,0.0,0.0,0.0,1.0,0.0,1.0,0.0,1.0,0.3076923076923077,-0.16666666666666666,0.5,0.5,-1.0,-1.0,1.0,1.1666666666666667,0.0,0.0,1.1111111111111112,-1.0,0.0,1.8571428571428572,2.0,0.0,1.8,0.39473684210526305,-0.21052631578947367,0.4746162927981108,0.7038357830067176
0.0,1.0,1.0,0.0,0.0,0.0,1.0,0.0,0.0,0.0,0.0,0.0,0.0,0.0,0.0,0.0,0.0,1.0,0.0,1.0,0.15384615384615385,1.8333333333333333,-1.0,-0.5,0.0,-1.0,1.6666666666666667,0.8333333333333334,-0.5,-1.0,0.7777777777777778,-1.0,0.0,-0.5714285714285714,-0.6,-0.3333333333333333,-0.6,-1.5,-0.3333333333333333,-1.2743014561196377,0.274160260690099
0.0,1.0,0.0,1.0,1.0,0.0,0.0,0.0,0.0,0.0,0.0,0.0,0.0,0.0,0.0,1.0,0.0,0.0,0.0,0.0,0.38461538461538464,-0.3333333333333333,0.0,0.0,-1.0,-0.5,0.0,-0.5,0.0,0.0,0.4444444444444444,2.0,0.0,0.0,0.2,-0.3333333333333333,0.2,0.4999999999999999,-0.3333333333333333,-0.6682408500590319,0.5526301925370943
0.0,1.0,1.0,0.0,0.0,0.0,1.0,0.0,0.0,0.0,1.0,0.0,0.0,0.0,0.0,0.0,0.0,0.0,0.0,0.0,0.23076923076923078,-0.3333333333333333,-0.5,0.0,-1.0,0.0,-0.6666666666666666,0.16666666666666666,0.5,0.0,0.1111111111111111,0.0,0.0,0.7142857142857143,1.0,-0.3333333333333333,0.8,0.40909090909090906,-0.3333333333333333,0.42266824085005905,-0.4658819408159706
0.0,0.0,0.0,1.0,0.0,0.0,1.0,0.0,0.0,0.0,0.0,0.0,0.0,0.0,0.0,1.0,0.0,0.0,1.0,0.0,0.38461538461538464,0.25,-0.5,0.0,-2.0,-0.5,-0.3333333333333333,-0.16666666666666666,-1.0,-1.0,1.0,1.0,0.0,2.0,-0.2,3.3333333333333335,1.2,-0.14999999999999997,0.9500000000000002,0.6772136953955133,0.1965461191967357
0.0,0.0,0.0,1.0,1.0,0.0,0.0,0.0,0.0,0.0,0.0,1.0,0.0,0.0,0.0,0.0,0.0,0.0,1.0,0.0,-0.23076923076923078,0.8333333333333334,0.0,0.5,0.0,0.0,-0.3333333333333333,-0.5,0.5,-1.0,0.0,-1.0,0.0,0.7142857142857143,1.0,1.6666666666666667,-0.6,-1.5,0.9393939393939393,0.5879574970484059,1.1898321089633663
1.0,0.0,1.0,0.0,1.0,0.0,0.0,0.0,0.0,0.0,1.0,0.0,0.0,0.0,0.0,0.0,0.0,1.0,0.0,1.0,-0.9230769230769231,0.0,0.0,-1.0,0.0,0.0,-0.3333333333333333,0.3333333333333333,0.5,0.0,-0.4444444444444444,1.0,0.0,0.14285714285714285,0.0,0.0,-0.2,-0.6428571428571429,0.0,0.4746162927981108,-0.5244528273706475
0.0,1.0,1.0,0.0,1.0,0.0,0.0,0.0,0.0,0.0,0.0,0.0,1.0,0.0,0.0,0.0,0.0,0.0,1.0,1.0,0.15384615384615385,-0.5,0.0,0.0,0.0,0.0,0.6666666666666666,0.0,0.5,-1.0,0.0,1.0,1.0,-0.5714285714285714,-0.6,-0.3333333333333333,-0.6,-1.5,-0.3333333333333333,-1.1971664698937425,0.4302818360286157
0.0,1.0,0.0,0.0,1.0,0.0,0.0,0.0,0.0,1.0,0.0,0.0,0.0,0.0,0.0,0.0,0.0,1.0,0.0,0.0,0.0,0.08333333333333333,0.0,-1.0,-1.0,-1.0,-0.6666666666666666,1.1666666666666667,0.0,-1.0,-0.4444444444444444,0.0,0.0,0.0,0.2,-0.3333333333333333,0.0,0.0,-0.3333333333333333,0.16292798110979928,-0.7234250601606416
1.0,0.0,0.0,1.0,0.0,0.0,1.0,0.0,0.0,0.0,0.0,0.0,0.0,0.0,0.0,1.0,0.0,1.0,0.0,0.0,-0.5384615384615384,-0.5,-1.0,-0.5,0.0,0.5,-0.3333333333333333,0.0,0.5,0.0,0.1111111111111111,2.0,0.0,0.8571428571428571,1.4,1.0,-0.4,-1.2500000000000002,0.4444444444444444,0.6044864226682407,0.4371662005535277
0.0,1.0,1.0,0.0,1.0,0.0,0.0,0.0,0.0,0.0,0.0,0.0,0.0,0.0,1.0,0.0,0.0,0.0,1.0,0.0,-0.23076923076923078,0.5,-1.0,-0.5,0.0,0.5,0.3333333333333333,0.6666666666666666,-1.0,-1.0,-0.5555555555555556,1.0,0.0,-0.2857142857142857,-0.2,-0.3333333333333333,-0.2,0.0,-0.3333333333333333,-0.30460448642266824,-0.35384200504409374
0.0,1.0,1.0,0.0,0.0,0.0,1.0,0.0,0.0,0.0,0.0,0.0,0.0,1.0,0.0,0.0,0.0,1.0,0.0,0.0,-0.5384615384615384,-0.3333333333333333,0.5,-0.5,-1.0,0.0,-0.3333333333333333,0.6666666666666666,0.0,-1.0,0.0,-1.0,0.0,0.7142857142857143,-0.2,-0.3333333333333333,0.8,0.40909090909090906,-0.3333333333333333,0.5879574970484059,0.8281753488030924
0.0,1.0,0.0,0.0,0.0,0.0,0.0,0.0,0.0,1.0,0.0,0.0,0.0,0.0,0.0,0.0,0.0,0.0,0.0,1.0,0.07692307692307693,-0.08333333333333333,0.5,0.0,0.0,-1.0,0.6666666666666666,1.3333333333333333,0.5,-1.0,-0.3333333333333333,0.0,0.0,-0.2857142857142857,-0.2,-0.3333333333333333,-0.2,0.0,-0.3333333333333333,-0.577331759149941,-0.8396459786187332
0.0,1.0,1.0,0.0,1.0,0.0,0.0,0.0,0.0,0.0,0.0,0.0,0.0,1.0,0.0,0.0,0.0,0.0,0.0,1.0,0.15384615384615385,0.6666666666666666,-0.5,0.0,-1.0,0.5,-0.6666666666666666,0.0,-0.5,0.0,0.2222222222222222,0.0,0.0,0.8571428571428571,1.4,0.3333333333333333,1.2,0.75,0.05555555555555555,0.4506402688220869,0.7936235350831647
0.0,0.0,1.0,0.0,1.0,0.0,0.0,0.0,0.0,0.0,0.0,0.0,0.0,0.0,0.0,0.0,0.0,1.0,0.0,0.0,0.6923076923076923,-0.5,-1.0,0.0,-1.0,0.0,0.3333333333333333,1.5,0.5,0.0,1.6666666666666667,0.0,-1.0,2.5714285714285716,2.4,4.333333333333333,0.2,-1.0000000000000002,1.027777777777778,0.5345563527381708,0.7283523994515273
0.0,0.0,1.0,0.0,1.0,0.0,0.0,0.0,0.0,0.0,1.0,0.0,0.0,0.0,0.0,0.0,0.0,0.0,0.0,0.0,-0.9230769230769231,0.16666666666666666,0.0,0.0,-1.0,-0.5,-0.3333333333333333,-0.5,0.0,2.0,-1.0,1.0,0.0,-0.5714285714285714,-0.6,-0.3333333333333333,-0.6,-1.5,-0.3333333333333333,-0.30460448642266824,-0.5900378072688323
0.0,1.0,1.0,0.0,0.0,0.0,1.0,0.0,0.0,0.0,1.0,0.0,0.0,0.0,0.0,0.0,0.0,0.0,1.0,0.0,0.0,-0.4166666666666667,0.5,0.0,0.0,0.0,0.6666666666666666,1.1666666666666667,0.0,-1.0,0.6666666666666666,3.0,0.0,0.8571428571428571,1.0,0.6666666666666666,1.2,0.75,0.25000000000000006,0.01625112855059382,-0.6540213768347253
0.0,0.0,1.0,0.0,0.0,0.0,0.0,1.0,0.0,0.0,0.0,0.0,1.0,0.0,0.0,0.0,0.0,0.0,0.0,0.0,-0.9230769230769231,0.3333333333333333,-0.5,-1.0,1.0,0.0,-0.6666666666666666,0.6666666666666666,0.5,0.0,-0.5555555555555556,2.0,-1.0,-0.14285714285714285,-0.2,0.0,0.0,0.29999999999999993,0.1333333333333334,0.059031877213695266,-0.2108481523501201
0.0,1.0,1.0,0.0,1.0,0.0,0.0,0.0,0.0,0.0,0.0,0.0,1.0,0.0,0.0,0.0,0.0,1.0,0.0,1.0,-0.07692307692307693,0.16666666666666666,0.0,0.5,-1.0,0.0,-0.3333333333333333,1.0,-0.5,0.0,0.7777777777777778,-1.0,0.0,1.7142857142857142,2.2,1.3333333333333333,2.4,1.0000000000000002,0.3148148148148149,0.6650924832743013,0.722750440196816
1.0,0.0,1.0,0.0,0.0,0.0,1.0,0.0,0.0,0.0,0.0,0.0,1.0,0.0,0.0,0.0,0.0,1.0,0.0,0.0,1.2307692307692308,1.5,0.5,0.0,-1.0,0.5,0.3333333333333333,1.3333333333333333,0.0,-1.0,2.3333333333333335,0.0,0.0,0.5714285714285714,1.0,-0.3333333333333333,-0.6,-1.5,-0.3333333333333333,-0.7818772136953955,0.9683270847731329
0.0,1.0,1.0,0.0,0.0,0.0,1.0,0.0,0.0,0.0,0.0,0.0,1.0,0.0,0.0,0.0,0.0,0.0,0.0,1.0,1.3846153846153846,1.0,0.5,0.5,0.0,-1.0,2.3333333333333335,-0.5,-0.5,1.0,-0.1111111111111111,1.0,0.0,0.0,0.0,0.0,0.2,0.4999999999999999,0.05555555555555555,-0.30460448642266824,0.08735375546141028
0.0,1.0,1.0,0.0,1.0,0.0,0.0,0.0,0.0,0.0,0.0,0.0,0.0,0.0,1.0,0.0,0.0,0.0,0.0,0.0,0.6923076923076923,0.0,0.0,-0.5,0.0,-1.0,0.0,0.5,0.0,0.0,1.6666666666666667,-1.0,0.0,-0.5714285714285714,-0.6,-0.3333333333333333,-0.6,-1.5,-0.3333333333333333,-1.3115974934156753,0.6329451427327246
0.0,1.0,1.0,0.0,0.0,0.0,1.0,0.0,0.0,0.0,0.0,0.0,1.0,0.0,0.0,0.0,0.0,1.0,0.0,0.0,0.23076923076923078,0.25,1.0,-0.5,0.0,-1.0,0.0,-0.16666666666666666,0.5,2.0,0.0,0.0,0.0,0.2857142857142857,0.8,2.0,0.8,1.125,1.7083333333333335,-0.00708382526564351,0.06840546911606271
0.0,1.0,0.0,1.0,0.0,0.0,0.0,1.0,0.0,0.0,0.0,0.0,0.0,0.0,0.0,1.0,0.0,1.0,0.0,0.0,0.6923076923076923,-0.4166666666666667,0.0,0.5,0.0,-0.5,-0.6666666666666666,0.8333333333333334,-0.5,0.0,-0.1111111111111111,0.0,1.0,0.42857142857142855,0.8,0.6666666666666666,0.8,0.8333333333333334,0.4444444444444444,0.34994096812278636,-0.03876042305619937
1.0,0.0,1.0,0.0,1.0,0.0,0.0,0.0,0.0,0.0,0.0,0.0,0.0,0.0,1.0,0.0,0.0,0.0,0.0,1.0,-0.07692307692307693,1.5,0.5,0.5,0.0,-0.5,-0.3333333333333333,0.8333333333333334,-1.0,0.0,0.0,0.0,-1.0,0.7142857142857143,-0.2,2.0,1.0,0.6818181818181819,1.1515151515151516,0.5879574970484059,-0.8633732763248451
0.0,1.0,1.0,0.0,0.0,0.0,1.0,0.0,0.0,0.0,0.0,1.0,0.0,0.0,0.0,0.0,0.0,1.0,0.0,1.0,0.23076923076923078,0.25,-1.0,0.0,0.0,-1.0,-0.3333333333333333,0.0,0.5,-1.0,1.2222222222222223,0.0,0.0,2.2857142857142856,1.2,3.3333333333333335,1.4,-0.1363636363636364,0.8333333333333334,0.6871310507674144,1.169067136210233
0.0,1.0,1.0,0.0,1.0,0.0,0.0,0.0,0.0,0.0,0.0,0.0,0.0,0.0,1.0,0.0,0.0,1.0,0.0,1.0,-0.15384615384615385,-0.5,-0.5,-0.5,-1.0,0.5,-0.3333333333333333,-0.16666666666666666,0.5,0.0,-0.4444444444444444,0.0,0.0,0.14285714285714285,0.4,0.0,0.0,-0.21428571428571436,0.0,0.4746162927981108,-0.3080419174018974
0.0,0.0,0.0,1.0,0.0,0.0,1.0,0.0,0.0,0.0,0.0,0.0,0.0,0.0,0.0,1.0,0.0,0.0,1.0,0.0,0.6923076923076923,-0.08333333333333333,0.0,0.5,-1.0,0.5,1.3333333333333333,-0.3333333333333333,0.5,-1.0,1.4444444444444444,-1.0,0.0,2.0,0.8,3.6666666666666665,1.0,-0.29999999999999993,1.0666666666666667,0.331759149940968,0.5448156249956408
0.0,1.0,0.0,0.0,0.0,0.0,0.0,0.0,0.0,1.0,0.0,0.0,0.0,0.0,0.0,0.0,0.0,1.0,0.0,0.0,-0.8461538461538461,-0.4166666666666667,0.0,0.0,0.0,-0.5,0.6666666666666666,0.0,0.0,-1.0,-0.4444444444444444,0.0,0.0,-0.42857142857142855,-0.6,0.0,-0.2,0.4999999999999999,0.4444444444444444,-0.7721369539551358,-0.7886522645488124
0.0,0.0,1.0,0.0,0.0,0.0,1.0,0.0,0.0,0.0,0.0,0.0,0.0,1.0,0.0,0.0,0.0,0.0,0.0,1.0,0.07692307692307693,-0.5,0.5,-1.0,0.0,0.5,0.0,0.6666666666666666,-1.0,1.0,0.5555555555555556,-1.0,0.0,0.0,-0.2,-0.3333333333333333,-0.2,-0.5000000000000001,-0.3333333333333333,-0.7136953955135773,0.9528319833223867
0.0,1.0,1.0,0.0,0.0,0.0,1.0,0.0,0.0,0.0,1.0,0.0,0.0,0.0,0.0,0.0,0.0,1.0,0.0,1.0,-1.0769230769230769,0.08333333333333333,-1.0,0.0,0.0,-1.0,-0.3333333333333333,0.5,0.0,-1.0,-1.0,3.0,0.0,-0.5714285714285714,-0.6,-0.3333333333333333,-0.6,-1.5,-0.3333333333333333,-0.30460448642266824,-0.7009154330212414
0.0,1.0,1.0,0.0,0.0,0.0,1.0,0.0,0.0,0.0,1.0,0.0,0.0,0.0,0.0,0.0,0.0,0.0,1.0,1.0,0.6923076923076923,-0.16666666666666666,1.0,0.0,-2.0,-1.0,-0.3333333333333333,0.0,-1.0,-1.0,0.0,0.0,0.0,0.7142857142857143,0.8,0.0,0.2,-0.40909090909090906,-0.12121212121212119,0.5879574970484059,0.13545408727346175
1.0,0.0,1.0,0.0,1.0,0.0,0.0,0.0,0.0,0.0,0.0,0.0,0.0,0.0,0.0,0.0,0.0,1.0,0.0,1.0,0.46153846153846156,-0.4166666666666667,0.0,0.5,0.0,0.5,0.0,0.0,0.0,0.0,1.5555555555555556,0.0,-2.0,2.142857142857143,1.0,4.0,1.2,-0.21428571428571436,1.1111111111111112,0.34994096812278636,0.671358291526962
0.0,1.0,1.0,0.0,0.0,0.0,1.0,0.0,0.0,0.0,0.0,0.0,0.0,0.0,1.0,0.0,0.0,0.0,1.0,0.0,-0.15384615384615385,1.6666666666666667,-0.5,0.5,0.0,-0.5,0.0,0.16666666666666666,0.5,-1.0,-0.1111111111111111,0.0,0.0,-0.2857142857142857,-0.2,0.0,-0.2,0.0,0.25000000000000006,-0.7409681227863046,-0.736118229159932
0.0,1.0,1.0,0.0,1.0,0.0,0.0,0.0,0.0,0.0,0.0,0.0,1.0,0.0,0.0,0.0,0.0,0.0,0.0,0.0,-0.15384615384615385,0.08333333333333333,1.0,-0.5,0.0,-1.0,0.3333333333333333,0.0,0.0,0.0,-0.3333333333333333,0.0,0.0,-0.7142857142857143,-0.6,-0.3333333333333333,-0.6,-1.5,-0.3333333333333333,-1.395513577331759,0.021926297982630818
0.0,1.0,1.0,0.0,1.0,0.0,0.0,0.0,0.0,0.0,0.0,1.0,0.0,0.0,0.0,0.0,0.0,0.0,1.0,0.0,1.0,-0.5,0.0,0.0,0.0,0.0,0.6666666666666666,0.0,-1.0,-1.0,1.4444444444444444,-1.0,0.0,0.42857142857142855,0.8,-0.3333333333333333,-0.6,-1.5,-0.3333333333333333,-0.6682408500590319,1.0697686476945372
0.0,1.0,1.0,0.0,0.0,0.0,0.0,0.0,1.0,0.0,0.0,0.0,0.0,0.0,0.0,0.0,0.0,0.0,0.0,0.0,0.0,0.08333333333333333,0.0,0.0,0.0,0.0,-0.3333333333333333,-0.16666666666666666,-0.5,2.0,0.7777777777777778,-1.0,0.0,1.7142857142857142,2.2,3.6666666666666665,1.0,-0.16666666666666674,1.222222222222222,0.6650924832743013,0.6687191915895885
0.0,1.0,1.0,0.0,1.0,0.0,0.0,0.0,0.0,0.0,0.0,0.0,0.0,0.0,1.0,0.0,0.0,0.0,1.0,0.0,-0.5384615384615384,0.6666666666666666,0.0,0.0,0.0,0.5,-0.3333333333333333,0.8333333333333334,-1.0,-1.0,-0.4444444444444444,-2.0,0.0,0.14285714285714285,0.4,0.0,0.4,0.6428571428571429,0.0,0.4746162927981108,-0.7242388921734382
0.0,1.0,1.0,0.0,1.0,0.0,0.0,0.0,0.0,0.0,0.0,0.0,0.0,0.0,1.0,0.0,0.0,1.0,0.0,0.0,-0.6923076923076923,-0.08333333333333333,0.0,0.5,-1.0,0.0,-0.3333333333333333,-0.16666666666666666,0.0,0.0,-0.6666666666666666,-3.0,0.0,-0.14285714285714285,-0.2,0.3333333333333333,-0.2,-0.29999999999999993,0.6000000000000001,0.34994096812278636,-0.6464877626691522
1.0,0.0,0.0,0.0,0.0,0.0,0.0,0.0,0.0,1.0,0.0,0.0,0.0,0.0,0.0,0.0,0.0,0.0,1.0,0.0,0.0,-0.4166666666666667,-1.0,-0.5,-1.0,0.5,-0.3333333333333333,1.1666666666666667,0.5,-1.0,0.0,-1.0,-1.0,0.7142857142857143,-0.4,-0.3333333333333333,1.0,0.6818181818181819,-0.3333333333333333,0.5879574970484059,-0.24101262861682302
0.0,1.0,0.0,1.0,1.0,0.0,0.0,0.0,0.0,0.0,0.0,0.0,0.0,0.0,0.0,0.0,1.0,1.0,0.0,0.0,-0.07692307692307693,0.0,-1.0,0.5,0.0,0.0,-0.3333333333333333,-0.16666666666666666,-1.0,0.0,-1.0,0.0,0.0,-0.5714285714285714,-0.6,-0.3333333333333333,-0.6,-1.5,-0.3333333333333333,-0.30460448642266824,-0.6985349224685453
1.0,0.0,1.0,0.0,0.0,0.0,1.0,0.0,0.0,0.0,1.0,0.0,0.0,0.0,0.0,0.0,0.0,1.0,0.0,0.0,0.5384615384615384,1.1666666666666667,0.0,0.5,0.0,0.5,1.6666666666666667,1.0,-1.0,0.0,-0.2222222222222222,-2.0,0.0,-0.2857142857142857,-0.2,0.0,-0.2,0.0,0.25000000000000006,-0.6682408500590319,-0.7582189146980932
0.0,1.0,1.0,0.0,0.0,0.0,1.0,0.0,0.0,0.0,1.0,0.0,0.0,0.0,0.0,0.0,0.0,0.0,1.0,0.0,-0.07692307692307693,-0.5,0.0,0.5,-1.0,-1.0,-0.3333333333333333,0.8333333333333334,-0.5,-1.0,-0.7777777777777778,0.0,0.0,-0.2857142857142857,-0.6,0.0,-0.2,0.0,0.25000000000000006,0.24085005903187715,-0.6804792454253555
1.0,0.0,0.0,1.0,0.0,1.0,0.0,0.0,0.0,0.0,0.0,0.0,0.0,0.0,0.0,1.0,0.0,1.0,0.0,0.0,1.3076923076923077,-0.4166666666666667,0.0,0.0,-1.0,-0.5,0.0,-0.3333333333333333,-1.0,0.0,2.2222222222222223,-1.0,0.0,1.4285714285714286,0.8,1.6666666666666667,1.8,0.75,0.5416666666666667,-0.33979510225844534,0.38865745696400333
0.0,1.0,0.0,1.0,0.0,0.0,1.0,0.0,0.0,0.0,0.0,0.0,0.0,0.0,0.0,1.0,0.0,0.0,0.0,0.0,-0.38461538461538464,-0.08333333333333333,0.5,-1.0,1.0,0.5,0.6666666666666666,1.3333333333333333,0.5,1.0,0.3333333333333333,1.0,1.0,0.2857142857142857,0.8,1.3333333333333333,0.8,1.125,1.125,-0.30460448642266824,0.08300096983138959
1.0,0.0,1.0,0.0,0.0,0.0,1.0,0.0,0.0,0.0,0.0,0.0,0.0,1.0,0.0,0.0,0.0,0.0,1.0,1.0,1.0769230769230769,1.25,1.0,0.0,-2.0,0.5,-0.3333333333333333,-0.16666666666666666,0.5,-1.0,2.4444444444444446,-1.0,0.0,3.857142857142857,0.6,4.0,1.2,-0.6818181818181819,0.5858585858585859,0.7201889020070837,1.0078173748781623
0.0,1.0,1.0,0.0,0.0,0.0,0.0,0.0,1.0,0.0,1.0,0.0,0.0,0.0,0.0,0.0,0.0,1.0,0.0,0.0,-0.8461538461538461,-0.5,0.0,-1.0,0.0,0.5,0.6666666666666666,-0.5,-0.5,0.0,-0.3333333333333333,-1.0,-1.0,-0.2857142857142857,-0.2,-0.3333333333333333,-0.2,0.0,-0.3333333333333333,-0.577331759149941,-0.4174653210113451
0.0,1.0,1.0,0.0,0.0,0.0,1.0,0.0,0.0,0.0,0.0,0.0,0.0,0.0,0.0,0.0,0.0,1.0,0.0,0.0,0.23076923076923078,-0.08333333333333333,-1.0,0.5,-1.0,-1.0,0.6666666666666666,0.16666666666666666,-1.0,0.0,-0.1111111111111111,2.0,0.0,0.2857142857142857,0.8,0.0,0.8,1.125,-0.04166666666666665,0.13175914994096796,0.6587569614851695
0.0,1.0,1.0,0.0,1.0,0.0,0.0,0.0,0.0,0.0,0.0,0.0,0.0,1.0,0.0,0.0,0.0,0.0,1.0,0.0,-0.15384615384615385,0.0,0.5,-1.0,0.0,-0.5,-0.6666666666666666,-0.5,0.0,-1.0,0.3333333333333333,1.0,0.0,1.0,0.6,0.3333333333333333,1.6,1.0384615384615385,0.025641025641025682,0.4746162927981108,0.8328744378872708
0.0,1.0,1.0,0.0,0.0,0.0,0.0,1.0,0.0,0.0,0.0,0.0,1.0,0.0,0.0,0.0,0.0,0.0,1.0,0.0,-0.07692307692307693,0.0,0.0,0.0,0.0,0.0,0.3333333333333333,1.1666666666666667,-0.5,-1.0,0.7777777777777778,0.0,1.0,0.42857142857142855,0.4,0.0,0.6,0.4999999999999999,-0.07407407407407407,-0.4258166076347895,0.6804447840349845
0.0,1.0,1.0,0.0,1.0,0.0,0.0,0.0,0.0,0.0,1.0,0.0,0.0,0.0,0.0,0.0,0.0,0.0,1.0,0.0,-1.2307692307692308,-0.3333333333333333,0.0,-1.0,-1.0,0.0,-0.3333333333333333,-0.3333333333333333,-1.0,-1.0,-0.8888888888888888,-1.0,-1.0,-0.42857142857142855,-0.2,0.0,-0.2,0.4999999999999999,0.4444444444444444,0.059031877213695266,-0.47712319181210044
0.0,1.0,1.0,0.0,0.0,0.0,1.0,0.0,0.0,0.0,1.0,0.0,0.0,0.0,0.0,0.0,0.0,1.0,0.0,0.0,-0.6923076923076923,-0.4166666666666667,-1.0,-1.0,0.0,-0.5,2.3333333333333335,-0.3333333333333333,0.5,0.0,-0.4444444444444444,0.0,0.0,-0.42857142857142855,-0.2,0.3333333333333333,-0.2,0.4999999999999999,1.222222222222222,-0.7721369539551358,-0.34943634690445946
0.0,1.0,0.0,1.0,1.0,0.0,0.0,0.0,0.0,0.0,0.0,0.0,0.0,0.0,0.0,1.0,0.0,0.0,1.0,1.0,-0.6923076923076923,-0.4166666666666667,0.0,0.5,0.0,0.0,-0.3333333333333333,-0.5,-1.0,-1.0,-0.5555555555555556,0.0,0.0,0.0,0.2,-0.3333333333333333,0.2,0.4999999999999999,-0.3333333333333333,0.42266824085005905,-0.10591368737656687
0.0,1.0,1.0,0.0,1.0,0.0,0.0,0.0,0.0,0.0,0.0,1.0,0.0,0.0,0.0,0.0,0.0,1.0,0.0,0.0,1.2307692307692308,-0.5,-0.5,0.5,0.0,0.5,0.0,0.16666666666666666,-0.5,0.0,1.7777777777777777,-1.0,-1.0,0.5714285714285714,1.0,2.0,1.0,0.9000000000000001,1.3,-0.6682408500590319,1.1707963599046265
1.0,0.0,1.0,0.0,0.0,0.0,0.0,1.0,0.0,0.0,1.0,0.0,0.0,0.0,0.0,0.0,0.0,1.0,0.0,0.0,-0.3076923076923077,0.5,0.0,0.0,-1.0,-0.5,-0.3333333333333333,1.0,0.0,0.0,-0.8888888888888888,-1.0,0.0,-0.42857142857142855,-0.2,0.3333333333333333,-0.2,0.4999999999999999,1.222222222222222,0.059031877213695266,-0.5728662214528127
0.0,1.0,1.0,0.0,1.0,0.0,0.0,0.0,0.0,0.0,0.0,1.0,0.0,0.0,0.0,0.0,0.0,1.0,0.0,0.0,1.0769230769230769,1.8333333333333333,0.5,-0.5,-1.0,0.0,-0.6666666666666666,0.16666666666666666,-0.5,0.0,2.0,-1.0,0.0,3.142857142857143,1.4,4.666666666666667,0.8,-0.75,0.9166666666666667,0.6358343850506858,1.167838038898373
1.0,0.0,1.0,0.0,1.0,0.0,0.0,0.0,0.0,0.0,0.0,0.0,0.0,1.0,0.0,0.0,0.0,0.0,1.0,1.0,1.0,0.25,0.5,0.0,0.0,-1.0,2.3333333333333335,-0.5,0.5,-1.0,1.3333333333333333,1.0,0.0,-0.2857142857142857,-0.2,0.0,-0.2,0.0,0.25000000000000006,-1.110928597094605,1.2543029552252867
0.0,1.0,1.0,0.0,1.0,0.0,0.0,0.0,0.0,0.0,1.0,0.0,0.0,0.0,0.0,0.0,0.0,0.0,1.0,1.0,-0.3076923076923077,1.5,0.5,-1.0,0.0,0.5,-0.3333333333333333,1.6666666666666667,0.0,-1.0,-1.0,-1.0,-2.0,-0.5714285714285714,-0.6,-0.3333333333333333,-0.4,0.0,-0.3333333333333333,-0.30460448642266824,-0.5549754953457623
1.0,0.0,1.0,0.0,0.0,0.0,1.0,0.0,0.0,0.0,1.0,0.0,0.0,0.0,0.0,0.0,0.0,0.0,0.0,0.0,-0.15384615384615385,1.0,0.0,0.0,0.0,-0.5,0.6666666666666666,-0.16666666666666666,0.0,1.0,0.5555555555555556,-1.0,1.0,0.8571428571428571,1.0,1.3333333333333333,1.4,1.0000000000000002,0.638888888888889,0.1044864226682408,-0.11317546742335392
0.0,1.0,1.0,0.0,1.0,0.0,0.0,0.0,0.0,0.0,1.0,0.0,0.0,0.0,0.0,0.0,0.0,0.0,0.0,0.0,0.0,-0.3333333333333333,-0.5,-1.0,0.0,0.5,1.0,1.3333333333333333,-1.0,0.0,-0.3333333333333333,-1.0,0.0,-0.5714285714285714,-0.6,-0.3333333333333333,-0.6,-1.5,-0.3333333333333333,-1.1227863046044864,-0.5414383752699411
0.0,1.0,1.0,0.0,1.0,0.0,0.0,0.0,0.0,0.0,0.0,0.0,0.0,0.0,0.0,0.0,0.0,0.0,1.0,0.0,1.2307692307692308,0.0,0.5,-0.5,0.0,-0.5,1.6666666666666667,0.8333333333333334,0.5,-1.0,0.8888888888888888,1.0,0.0,0.42857142857142855,0.6,1.0,-0.6,-1.5,0.7037037037037037,-0.4768532902504195,0.7011027807634992
0.0,1.0,1.0,0.0,0.0,0.0,1.0,0.0,0.0,0.0,1.0,0.0,0.0,0.0,0.0,0.0,0.0,0.0,1.0,0.0,-0.46153846153846156,-0.4166666666666667,-1.0,-0.5,-1.0,0.5,-0.6666666666666666,-0.16666666666666666,0.5,-1.0,-0.4444444444444444,0.0,0.0,0.0,0.0,0.0,-0.2,-0.5000000000000001,0.05555555555555555,0.16292798110979928,-0.5808878374387852
0.0,0.0,0.0,1.0,0.0,0.0,1.0,0.0,0.0,0.0,0.0,1.0,0.0,0.0,0.0,0.0,0.0,0.0,0.0,0.0,1.6923076923076923,-0.4166666666666667,0.0,-0.5,0.0,-0.5,0.6666666666666666,1.3333333333333333,0.5,0.0,3.0,-3.0,-1.0,1.5714285714285714,1.2,4.333333333333333,2.2,0.9705882352941175,1.5882352941176472,-0.4768532902504195,1.1246672211720288
1.0,0.0,1.0,0.0,1.0,0.0,0.0,0.0,0.0,0.0,0.0,1.0,0.0,0.0,0.0,0.0,0.0,0.0,0.0,0.0,0.46153846153846156,0.08333333333333333,0.0,-0.5,0.0,0.5,-0.3333333333333333,-0.16666666666666666,-0.5,0.0,1.5555555555555556,1.0,-1.0,2.7142857142857144,0.8,4.333333333333333,1.2,-0.42000000000000004,0.9733333333333335,0.6990318772136952,1.2422288066639444
0.0,1.0,0.0,1.0,0.0,1.0,0.0,0.0,0.0,0.0,0.0,0.0,0.0,0.0,0.0,1.0,0.0,0.0,1.0,0.0,1.0,0.3333333333333333,0.5,0.5,0.0,0.5,0.3333333333333333,-0.3333333333333333,0.0,-1.0,-0.2222222222222222,-2.0,1.0,0.0,-0.4,-0.3333333333333333,0.2,0.4999999999999999,-0.3333333333333333,-0.183392365210547,-0.09976324438796408
0.0,1.0,0.0,1.0,0.0,0.0,1.0,0.0,0.0,0.0,0.0,0.0,0.0,0.0,0.0,1.0,0.0,0.0,0.0,0.0,0.5384615384615384,1.5,0.0,0.0,-1.0,0.5,1.0,-0.16666666666666666,0.0,0.0,0.8888888888888888,2.0,0.0,-0.5714285714285714,-0.6,-0.3333333333333333,-0.6,-1.5,-0.3333333333333333,-1.2806810414465915,0.7327750787696532
0.0,1.0,1.0,0.0,0.0,0.0,1.0,0.0,0.0,0.0,0.0,0.0,0.0,0.0,1.0,0.0,0.0,0.0,0.0,0.0,0.3076923076923077,-0.4166666666666667,0.0,0.0,0.0,0.0,0.0,0.0,0.0,0.0,-0.2222222222222222,0.0,1.0,-0.2857142857142857,-0.4,0.0,-0.2,0.0,0.25000000000000006,-0.6682408500590319,-0.7222056137638382
0.0,1.0,1.0,0.0,0.0,0.0,1.0,0.0,0.0,0.0,0.0,1.0,0.0,0.0,0.0,0.0,0.0,0.0,1.0,1.0,1.4615384615384615,-0.5,0.0,0.5,0.0,-1.0,-0.6666666666666666,0.0,0.0,-1.0,3.0,-1.0,0.0,4.428571428571429,1.4,1.0,2.0,-0.4459459459459459,-0.08108108108108106,0.671472068601255,1.2735091073343274
1.0,0.0,1.0,0.0,1.0,0.0,0.0,0.0,0.0,0.0,1.0,0.0,0.0,0.0,0.0,0.0,0.0,1.0,0.0,0.0,-0.3076923076923077,0.0,0.0,-0.5,1.0,-0.5,-0.3333333333333333,1.0,0.0,-1.0,-0.5555555555555556,0.0,-2.0,0.0,-0.4,-0.3333333333333333,0.0,0.0,-0.3333333333333333,0.42266824085005905,-0.5553163993841209
0.0,0.0,1.0,0.0,0.0,0.0,1.0,0.0,0.0,0.0,0.0,1.0,0.0,0.0,0.0,0.0,0.0,0.0,1.0,0.0,1.4615384615384615,-0.4166666666666667,-1.0,0.0,-1.0,-1.0,1.6666666666666667,0.16666666666666666,-0.5,-1.0,2.3333333333333335,0.0,1.0,0.5714285714285714,0.8,1.6666666666666667,-0.2,-0.9,1.0666666666666667,-0.7818772136953955,1.1514863659184897
0.0,1.0,1.0,0.0,1.0,0.0,0.0,0.0,0.0,0.0,0.0,0.0,0.0,0.0,1.0,0.0,0.0,0.0,0.0,1.0,-0.38461538461538464,-0.4166666666666667,0.5,0.0,0.0,0.5,-0.6666666666666666,0.6666666666666666,-0.5,0.0,-0.7777777777777778,-1.0,-2.0,-0.42857142857142855,-0.2,0.3333333333333333,-0.2,0.4999999999999999,1.222222222222222,-0.30460448642266824,-0.5896842560761034
0.0,1.0,1.0,0.0,0.0,0.0,0.0,0.0,1.0,0.0,1.0,0.0,0.0,0.0,0.0,0.0,0.0,0.0,0.0,0.0,0.5384615384615384,1.6666666666666667,0.0,0.5,1.0,-0.5,1.0,-0.3333333333333333,0.0,0.0,-0.2222222222222222,-3.0,0.0,0.14285714285714285,0.2,-0.3333333333333333,-0.2,-0.6428571428571429,-0.3333333333333333,0.059031877213695266,-0.02478458583108903
0.0,1.0,1.0,0.0,0.0,0.0,0.0,0.0,1.0,0.0,0.0,0.0,0.0,0.0,0.0,0.0,0.0,0.0,1.0,0.0,-0.15384615384615385,-0.4166666666666667,0.5,0.0,0.0,0.5,-0.3333333333333333,-0.5,0.5,-1.0,0.4444444444444444,-1.0,1.0,1.2857142857142858,1.6,1.0,1.6,0.6999999999999998,0.2888888888888889,0.6408500590318772,0.2761572620505433
0.0,1.0,1.0,0.0,0.0,0.0,1.0,0.0,0.0,0.0,0.0,0.0,0.0,0.0,1.0,0.0,0.0,0.0,1.0,1.0,0.3076923076923077,-0.4166666666666667,-1.0,0.5,-1.0,0.5,-0.6666666666666666,1.0,0.5,-1.0,-0.5555555555555556,-1.0,-1.0,-0.14285714285714285,-0.2,0.3333333333333333,0.0,0.29999999999999993,0.6000000000000001,0.059031877213695266,-0.7234250601606416
0.0,0.0,1.0,0.0,1.0,0.0,0.0,0.0,0.0,0.0,0.0,0.0,0.0,0.0,1.0,0.0,0.0,0.0,1.0,0.0,0.46153846153846156,1.3333333333333333,-0.5,0.5,-1.0,0.0,-0.3333333333333333,-0.3333333333333333,0.5,-1.0,1.1111111111111112,-1.0,0.0,2.142857142857143,1.2,0.6666666666666666,0.8,-0.5000000000000001,0.0,0.6824085005903185,-0.13749569578627197
0.0,1.0,1.0,0.0,0.0,0.0,1.0,0.0,0.0,0.0,0.0,0.0,1.0,0.0,0.0,0.0,0.0,0.0,0.0,0.0,-0.6153846153846154,1.6666666666666667,0.0,-0.5,-2.0,-1.0,-0.6666666666666666,1.1666666666666667,-0.5,0.0,-0.4444444444444444,2.0,-1.0,0.0,0.0,-0.3333333333333333,-0.6,-1.5,-0.3333333333333333,0.16292798110979928,-0.024589199417473513
1.0,0.0,1.0,0.0,0.0,0.0,1.0,0.0,0.0,0.0,1.0,0.0,0.0,0.0,0.0,0.0,0.0,0.0,1.0,0.0,0.3076923076923077,0.75,0.5,-1.0,-1.0,0.0,1.3333333333333333,0.0,0.5,-1.0,0.0,3.0,0.0,-0.5714285714285714,-0.6,-0.3333333333333333,-0.6,-1.5,-0.3333333333333333,-1.1971664698937425,0.01688940161706896
0.0,1.0,1.0,0.0,0.0,0.0,1.0,0.0,0.0,0.0,0.0,0.0,0.0,0.0,1.0,0.0,0.0,0.0,1.0,0.0,-0.07692307692307693,1.6666666666666667,-1.0,0.0,-1.0,-1.0,-0.3333333333333333,-0.5,0.5,-1.0,-0.4444444444444444,0.0,-1.0,0.14285714285714285,0.4,0.0,-0.4,-1.0714285714285716,0.0,0.4746162927981108,-0.6390132362816973
0.0,1.0,1.0,0.0,1.0,0.0,0.0,0.0,0.0,0.0,1.0,0.0,0.0,0.0,0.0,0.0,0.0,1.0,0.0,0.0,-0.3076923076923077,0.0,-0.5,0.5,0.0,0.0,-0.3333333333333333,0.6666666666666666,-1.0,0.0,0.0,0.0,0.0,0.7142857142857143,0.2,0.0,-0.4,-1.2272727272727273,-0.12121212121212119,0.5879574970484059,-0.023417721422302334
0.0,1.0,1.0,0.0,0.0,0.0,1.0,0.0,0.0,0.0,0.0,0.0,1.0,0.0,0.0,0.0,0.0,1.0,0.0,0.0,-0.15384615384615385,-0.5,-0.5,-1.0,0.0,-0.5,-0.3333333333333333,0.16666666666666666,0.0,-1.0,-0.5555555555555556,-1.0,0.0,0.0,-0.2,0.0,0.0,0.0,0.05555555555555555,0.42266824085005905,-0.13903651621742916
0.0,1.0,1.0,0.0,1.0,0.0,0.0,0.0,0.0,0.0,1.0,0.0,0.0,0.0,0.0,0.0,0.0,0.0,0.0,1.0,-0.07692307692307693,-0.4166666666666667,0.0,-1.0,0.0,-1.0,-0.3333333333333333,-0.3333333333333333,0.5,0.0,-1.0,-1.0,0.0,-0.5714285714285714,-0.6,-0.3333333333333333,-0.6,-1.5,-0.3333333333333333,-0.30460448642266824,-0.8391865921412583
0.0,1.0,0.0,1.0,0.0,0.0,1.0,0.0,0.0,0.0,0.0,0.0,0.0,0.0,0.0,0.0,1.0,0.0,1.0,0.0,-1.2307692307692308,-0.4166666666666667,0.0,0.0,0.0,0.0,-0.3333333333333333,0.8333333333333334,-1.0,-1.0,-0.8888888888888888,0.0,0.0,-0.42857142857142855,-0.2,0.3333333333333333,-0.2,0.4999999999999999,1.222222222222222,0.059031877213695266,-0.5590744144778806
0.0,1.0,1.0,0.0,1.0,0.0,0.0,0.0,0.0,0.0,0.0,1.0,0.0,0.0,0.0,0.0,0.0,1.0,0.0,0.0,1.2307692307692308,-0.25,-0.5,0.5,0.0,0.5,0.0,-0.16666666666666666,0.5,-1.0,2.3333333333333335,-1.0,-2.0,0.0,-0.2,0.0,0.2,0.4999999999999999,0.05555555555555555,-1.0546044864226682,1.139986064678626
0.0,1.0,1.0,0.0,0.0,0.0,1.0,0.0,0.0,0.0,1.0,0.0,0.0,0.0,0.0,0.0,0.0,1.0,0.0,0.0,1.0,-0.3333333333333333,-0.5,0.0,-1.0,-1.0,0.6666666666666666,1.8333333333333333,-1.0,0.0,0.0,0.0,0.0,-0.2857142857142857,-0.2,0.0,-0.2,0.0,0.25000000000000006,-0.8004722550177096,-0.04193840759045866
0.0,0.0,1.0,0.0,1.0,0.0,0.0,0.0,0.0,0.0,1.0,0.0,0.0,0.0,0.0,0.0,0.0,0.0,1.0,0.0,0.6153846153846154,-0.16666666666666666,0.0,0.0,-1.0,0.0,0.3333333333333333,0.0,0.5,-1.0,-0.3333333333333333,2.0,0.0,0.0,-0.2,-0.3333333333333333,0.0,0.0,-0.3333333333333333,-0.031877213695395555,-0.43744127977356323
0.0,0.0,0.0,1.0,0.0,0.0,0.0,0.0,1.0,0.0,0.0,0.0,0.0,0.0,0.0,1.0,0.0,0.0,0.0,0.0,0.0,0.08333333333333333,0.5,-1.0,0.0,0.5,0.6666666666666666,-0.16666666666666666,0.5,1.0,0.2222222222222222,0.0,0.0,0.2857142857142857,0.8,-0.3333333333333333,0.8,1.125,-0.3333333333333333,-0.2206884025065844,0.014079579741559137
0.0,1.0,1.0,0.0,0.0,0.0,0.0,1.0,0.0,0.0,0.0,0.0,0.0,0.0,1.0,0.0,0.0,1.0,0.0,0.0,-0.3076923076923077,-0.16666666666666666,0.5,-0.5,1.0,0.5,0.3333333333333333,0.5,0.5,1.0,-0.4444444444444444,0.0,0.0,-0.2857142857142857,-0.2,-0.3333333333333333,-0.2,0.0,-0.3333333333333333,-0.46044864226682414,-0.39328588857808094
0.0,1.0,1.0,0.0,1.0,0.0,0.0,0.0,0.0,0.0,0.0,0.0,0.0,0.0,1.0,0.0,0.0,0.0,1.0,0.0,-1.0769230769230769,-0.5,-0.5,0.5,0.0,0.0,-0.6666666666666666,-0.3333333333333333,0.5,-1.0,-0.6666666666666666,-1.0,1.0,-0.2857142857142857,-0.2,0.0,-0.2,0.0,0.25000000000000006,-0.08642266824085014,-0.37533384766996025
0.0,1.0,1.0,0.0,0.0,0.0,1.0,0.0,0.0,0.0,0.0,0.0,0.0,0.0,0.0,0.0,0.0,0.0,0.0,0.0,0.07692307692307693,1.5,-0.5,0.0,-1.0,0.5,1.6666666666666667,-0.16666666666666666,0.0,1.0,-0.1111111111111111,-1.0,0.0,0.14285714285714285,-0.2,0.0,0.0,-0.21428571428571436,0.0,-0.08642266824085014,0.12915709084454194
0.0,0.0,1.0,0.0,0.0,0.0,1.0,0.0,0.0,0.0,1.0,0.0,0.0,0.0,0.0,0.0,0.0,0.0,1.0,0.0,-0.46153846153846156,-0.4166666666666667,0.0,0.0,0.0,0.5,-0.6666666666666666,0.0,0.0,-1.0,0.2222222222222222,-1.0,-1.0,0.8571428571428571,0.8,1.6666666666666667,0.8,0.2500000000000001,0.8333333333333334,0.4506402688220869,-0.6371537289033009
0.0,1.0,1.0,0.0,1.0,0.0,0.0,0.0,0.0,0.0,1.0,0.0,0.0,0.0,0.0,0.0,0.0,1.0,0.0,1.0,-0.23076923076923078,1.75,0.5,-0.5,0.0,0.0,-0.3333333333333333,-0.3333333333333333,-0.5,0.0,0.5555555555555556,0.0,0.0,1.4285714285714286,2.2,1.3333333333333333,0.8,-0.1875,0.39583333333333337,0.6499409681227862,0.03779457586796555
0.0,1.0,0.0,1.0,0.0,1.0,0.0,0.0,0.0,0.0,0.0,0.0,0.0,0.0,0.0,1.0,0.0,1.0,0.0,0.0,0.38461538461538464,0.08333333333333333,0.0,0.0,0.0,-0.5,1.0,1.1666666666666667,0.0,0.0,0.4444444444444444,0.0,0.0,0.0,0.2,0.0,0.2,0.4999999999999999,0.05555555555555555,-0.6682408500590319,-0.12417295538538885
0.0,1.0,1.0,0.0,1.0,0.0,0.0,0.0,0.0,0.0,0.0,0.0,1.0,0.0,0.0,0.0,0.0,1.0,0.0,0.0,0.38461538461538464,1.75,0.5,-1.0,-1.0,-0.5,-0.6666666666666666,1.5,0.0,0.0,1.2222222222222223,0.0,0.0,2.142857142857143,0.8,-0.3333333333333333,1.4,-0.07142857142857151,-0.3333333333333333,0.5879574970484059,0.9505174350965903
1.0,0.0,1.0,0.0,1.0,0.0,0.0,0.0,0.0,0.0,0.0,0.0,0.0,0.0,1.0,0.0,0.0,0.0,0.0,0.0,-0.5384615384615384,0.25,0.0,0.5,0.0,-0.5,-0.6666666666666666,0.0,0.5,1.0,-0.2222222222222222,-1.0,-1.0,0.2857142857142857,0.4,0.0,-0.4,-1.125,-0.04166666666666665,0.3014561196379378,-0.3993458459574709
0.0,1.0,0.0,1.0,1.0,0.0,0.0,0.0,0.0,0.0,0.0,0.0,0.0,0.0,0.0,1.0,0.0,1.0,0.0,0.0,1.1538461538461537,0.5833333333333334,-0.5,0.0,0.0,0.5,0.6666666666666666,-0.5,0.0,0.0,0.8888888888888888,-1.0,-1.0,0.2857142857142857,0.8,-0.3333333333333333,0.8,1.125,-0.3333333333333333,-0.591685826135587,-0.013131733543858697
0.0,1.0,0.0,1.0,1.0,0.0,0.0,0.0,0.0,0.0,0.0,0.0,0.0,0.0,0.0,1.0,0.0,0.0,1.0,1.0,1.3076923076923077,1.4166666666666667,0.5,-1.0,0.0,-1.0,1.3333333333333333,-0.16666666666666666,-0.5,-1.0,0.5555555555555556,-1.0,-1.0,-0.42857142857142855,-0.2,0.3333333333333333,-0.2,0.4999999999999999,1.222222222222222,-1.1227863046044864,0.7013764339539134
0.0,1.0,1.0,0.0,1.0,0.0,0.0,0.0,0.0,0.0,0.0,0.0,1.0,0.0,0.0,0.0,0.0,0.0,0.0,0.0,0.5384615384615384,0.08333333333333333,0.0,-1.0,0.0,-0.5,0.6666666666666666,1.1666666666666667,0.0,0.0,-0.6666666666666666,-1.0,1.0,-0.5714285714285714,-0.6,-0.3333333333333333,-0.6,-1.5,-0.3333333333333333,-0.9591499409681227,-0.04672534387918187
1.0,0.0,0.0,1.0,0.0,0.0,0.0,0.0,1.0,0.0,0.0,0.0,0.0,0.0,0.0,0.0,1.0,0.0,1.0,0.0,-0.5384615384615384,1.4166666666666667,0.0,0.0,1.0,-1.0,-0.3333333333333333,0.5,0.5,-1.0,-1.0,0.0,0.0,-0.5714285714285714,-0.6,-0.3333333333333333,-0.6,-1.5,-0.3333333333333333,-0.30460448642266824,-1.450963426712455
1.0,0.0,1.0,0.0,1.0,0.0,0.0,0.0,0.0,0.0,1.0,0.0,0.0,0.0,0.0,0.0,0.0,1.0,0.0,0.0,-0.3076923076923077,1.4166666666666667,0.5,-1.0,0.0,0.5,-0.3333333333333333,0.16666666666666666,0.5,1.0,0.0,-1.0,0.0,0.7142857142857143,1.0,1.0,0.8,0.40909090909090906,0.5151515151515152,0.5879574970484059,0.05627884374442527
0.0,1.0,1.0,0.0,0.0,0.0,0.0,0.0,1.0,0.0,1.0,0.0,0.0,0.0,0.0,0.0,0.0,0.0,1.0,1.0,-0.6153846153846154,-0.16666666666666666,0.5,0.0,0.0,0.0,-0.3333333333333333,-0.16666666666666666,0.0,-1.0,-0.8888888888888888,0.0,-1.0,-0.42857142857142855,-0.2,0.3333333333333333,-0.2,0.4999999999999999,1.222222222222222,0.059031877213695266,-0.3568827529522665
0.0,1.0,1.0,0.0,1.0,0.0,0.0,0.0,0.0,0.0,0.0,0.0,0.0,0.0,1.0,0.0,0.0,0.0,1.0,1.0,-0.6923076923076923,0.8333333333333334,0.5,0.5,0.0,0.0,-0.3333333333333333,-0.16666666666666666,0.5,-1.0,-0.2222222222222222,-1.0,0.0,0.42857142857142855,-0.2,2.0,0.8,0.8333333333333334,1.4814814814814814,0.54388036206218,-0.7025057500011718
1.0,0.0,0.0,1.0,0.0,1.0,0.0,0.0,0.0,0.0,0.0,0.0,0.0,0.0,0.0,1.0,0.0,0.0,1.0,0.0,-0.07692307692307693,-0.5,0.0,0.0,0.0,0.0,-0.3333333333333333,0.0,-1.0,-1.0,0.0,0.0,1.0,0.7142857142857143,0.8,-0.3333333333333333,1.0,0.6818181818181819,-0.3333333333333333,0.5879574970484059,0.5366112483822875
0.0,1.0,1.0,0.0,1.0,0.0,0.0,0.0,0.0,0.0,0.0,0.0,1.0,0.0,0.0,0.0,0.0,1.0,0.0,1.0,0.46153846153846156,-0.5,-0.5,0.5,-1.0,0.5,2.3333333333333335,-0.16666666666666666,0.5,0.0,-0.2222222222222222,1.0,0.0,-0.14285714285714285,0.0,-0.3333333333333333,-0.2,-0.29999999999999993,-0.3333333333333333,-0.4258166076347895,0.1826585622027368
0.0,1.0,1.0,0.0,0.0,0.0,1.0,0.0,0.0,0.0,0.0,1.0,0.0,0.0,0.0,0.0,0.0,0.0,1.0,0.0,-0.15384615384615385,-0.16666666666666666,0.0,0.0,-1.0,-1.0,0.0,-0.3333333333333333,0.5,-1.0,0.4444444444444444,3.0,0.0,0.8571428571428571,1.4,1.3333333333333333,1.0,0.4999999999999999,0.638888888888889,0.20448642266824069,0.8035888563859378
0.0,1.0,0.0,1.0,0.0,0.0,0.0,1.0,0.0,0.0,0.0,0.0,0.0,0.0,0.0,1.0,0.0,1.0,0.0,1.0,-0.8461538461538461,-0.3333333333333333,-1.0,0.0,0.0,-1.0,-0.3333333333333333,0.6666666666666666,0.5,-1.0,-0.5555555555555556,0.0,0.0,0.0,0.0,-0.3333333333333333,0.0,0.0,-0.3333333333333333,0.42266824085005905,-0.16834116920528708
0.0,1.0,1.0,0.0,0.0,0.0,1.0,0.0,0.0,0.0,1.0,0.0,0.0,0.0,0.0,0.0,0.0,0.0,0.0,0.0,-0.15384615384615385,1.0,-0.5,-0.5,0.0,0.5,-0.6666666666666666,-0.5,0.0,0.0,-0.7777777777777778,-1.0,0.0,-0.42857142857142855,-0.2,0.0,-0.2,0.4999999999999999,0.4444444444444444,-0.30460448642266824,-0.6017791947514237
0.0,1.0,1.0,0.0,0.0,0.0,1.0,0.0,0.0,0.0,0.0,0.0,0.0,0.0,1.0,0.0,0.0,0.0,0.0,0.0,-0.6923076923076923,-0.08333333333333333,0.5,-1.0,-1.0,0.0,-0.6666666666666666,-0.3333333333333333,0.0,1.0,-0.4444444444444444,2.0,-1.0,0.0,0.0,-0.3333333333333333,0.0,0.0,-0.3333333333333333,0.16292798110979928,-0.7886522645488124
1.0,0.0,1.0,0.0,1.0,0.0,0.0,0.0,0.0,0.0,1.0,0.0,0.0,0.0,0.0,0.0,0.0,1.0,0.0,0.0,-0.15384615384615385,0.16666666666666666,0.5,0.5,0.0,-1.0,0.6666666666666666,0.5,0.0,0.0,0.1111111111111111,0.0,-1.0,0.2857142857142857,-0.4,-0.3333333333333333,0.8,1.125,-0.3333333333333333,-0.12278630460448638,0.06289628564282626
0.0,1.0,1.0,0.0,0.0,0.0,1.0,0.0,0.0,0.0,1.0,0.0,0.0,0.0,0.0,0.0,0.0,1.0,0.0,1.0,-0.23076923076923078,0.5833333333333334,0.0,0.0,0.0,0.5,1.0,-0.16666666666666666,0.0,0.0,-0.2222222222222222,-1.0,-2.0,0.0,0.2,-0.3333333333333333,0.2,0.4999999999999999,-0.3333333333333333,-0.183392365210547,-0.6859383279500191
0.0,1.0,1.0,0.0,0.0,0.0,0.0,1.0,0.0,0.0,1.0,0.0,0.0,0.0,0.0,0.0,0.0,0.0,0.0,0.0,-0.6923076923076923,1.0,0.0,0.5,-1.0,-1.0,-0.3333333333333333,-0.5,-1.0,1.0,-0.3333333333333333,0.0,0.0,0.2857142857142857,0.8,-0.3333333333333333,0.8,1.125,-0.3333333333333333,0.5135773317591499,-0.19787237382383616
0.0,1.0,1.0,0.0,0.0,0.0,1.0,0.0,0.0,0.0,1.0,0.0,0.0,0.0,0.0,0.0,0.0,1.0,0.0,0.0,-0.07692307692307693,-0.5,0.5,0.5,-1.0,0.0,1.3333333333333333,-0.3333333333333333,-0.5,0.0,0.0,-1.0,0.0,0.42857142857142855,-0.6,0.0,0.8,0.8333333333333334,-0.07407407407407407,0.19126328217237307,-0.7582189146980932
0.0,1.0,0.0,1.0,0.0,1.0,0.0,0.0,0.0,0.0,0.0,0.0,0.0,0.0,0.0,1.0,0.0,1.0,0.0,0.0,-0.07692307692307693,-0.5,1.0,0.0,0.0,-0.5,-0.3333333333333333,-0.16666666666666666,-1.0,1.0,0.0,0.0,0.0,0.7142857142857143,1.0,-0.3333333333333333,0.6,0.13636363636363624,-0.3333333333333333,0.5879574970484059,0.35907886321915
0.0,1.0,1.0,0.0,0.0,0.0,0.0,0.0,1.0,0.0,0.0,0.0,0.0,0.0,1.0,0.0,0.0,1.0,0.0,0.0,-1.0,0.25,0.0,0.5,1.0,0.0,0.0,0.3333333333333333,0.5,0.0,-0.6666666666666666,-1.0,0.0,-0.42857142857142855,-0.2,0.3333333333333333,-0.2,0.4999999999999999,1.222222222222222,-0.5227863046044864,-0.8396459786187332
0.0,1.0,1.0,0.0,0.0,0.0,0.0,0.0,1.0,0.0,0.0,0.0,0.0,0.0,0.0,0.0,0.0,0.0,0.0,0.0,0.6923076923076923,-0.5,0.5,-1.0,0.0,-0.5,-0.3333333333333333,-0.3333333333333333,-1.0,2.0,0.0,1.0,0.0,0.7142857142857143,1.0,2.0,0.8,0.40909090909090906,1.1515151515151516,0.5879574970484059,0.37796095674388985
1.0,0.0,1.0,0.0,0.0,0.0,1.0,0.0,0.0,0.0,1.0,0.0,0.0,0.0,0.0,0.0,0.0,0.0,1.0,0.0,-0.38461538461538464,1.8333333333333333,-0.5,0.0,-1.0,-0.5,-0.6666666666666666,-0.5,-0.5,-1.0,-0.4444444444444444,-1.0,1.0,0.0,0.2,0.0,0.2,0.4999999999999999,0.05555555555555555,0.16292798110979928,-0.34641922839079303
0.0,0.0,1.0,0.0,0.0,0.0,1.0,0.0,0.0,0.0,0.0,0.0,0.0,1.0,0.0,0.0,0.0,1.0,0.0,0.0,0.8461538461538461,-0.5,-1.0,0.0,0.0,-0.5,-0.6666666666666666,0.6666666666666666,-1.0,1.0,0.4444444444444444,0.0,-2.0,1.1428571428571428,1.0,1.3333333333333333,1.8,1.0714285714285714,0.5000000000000001,0.49539551357733175,0.8299302617489485
0.0,1.0,0.0,1.0,0.0,0.0,0.0,0.0,1.0,0.0,0.0,1.0,0.0,0.0,0.0,0.0,0.0,1.0,0.0,1.0,0.7692307692307693,-0.4166666666666667,0.0,0.0,-2.0,-0.5,0.3333333333333333,-0.3333333333333333,-0.5,0.0,2.0,-1.0,-1.0,0.2857142857142857,0.8,2.0,0.8,1.125,1.7083333333333335,-0.8688678093066806,1.1580607409999886
0.0,1.0,1.0,0.0,1.0,0.0,0.0,0.0,0.0,0.0,0.0,0.0,0.0,0.0,1.0,0.0,0.0,0.0,1.0,1.0,0.46153846153846156,0.8333333333333334,-0.5,0.5,1.0,-1.0,0.3333333333333333,-0.16666666666666666,0.0,-1.0,0.0,-2.0,0.0,-0.2857142857142857,-0.2,-0.3333333333333333,-0.2,0.0,-0.3333333333333333,-0.8004722550177096,0.2557052746993061
1.0,0.0,0.0,1.0,0.0,1.0,0.0,0.0,0.0,0.0,0.0,0.0,0.0,0.0,0.0,1.0,0.0,1.0,0.0,1.0,-0.07692307692307693,0.9166666666666666,0.5,0.5,0.0,0.0,-0.6666666666666666,0.6666666666666666,0.0,0.0,-0.5555555555555556,-3.0,-1.0,-0.14285714285714285,-0.2,0.6666666666666666,-0.2,-0.29999999999999993,1.0666666666666667,0.059031877213695266,-0.07740757638546088
0.0,1.0,1.0,0.0,1.0,0.0,0.0,0.0,0.0,0.0,0.0,1.0,0.0,0.0,0.0,0.0,0.0,0.0,1.0,1.0,1.4615384615384615,-0.4166666666666667,0.0,0.0,0.0,0.5,0.0,-0.16666666666666666,0.0,-1.0,2.2222222222222223,-1.0,0.0,0.0,0.2,0.0,-0.2,-0.5000000000000001,0.05555555555555555,-1.043607418973988,1.1459537932250405
1.0,0.0,0.0,0.0,1.0,0.0,0.0,0.0,0.0,1.0,0.0,0.0,0.0,0.0,0.0,0.0,0.0,1.0,0.0,0.0,-0.15384615384615385,0.3333333333333333,0.0,0.0,-1.0,-0.5,0.6666666666666666,-0.5,0.5,1.0,0.4444444444444444,2.0,1.0,0.7142857142857143,1.2,0.0,1.0,0.6818181818181819,-0.12121212121212119,0.059031877213695266,-0.10336386049337613
0.0,1.0,1.0,0.0,0.0,0.0,0.0,1.0,0.0,0.0,0.0,0.0,0.0,1.0,0.0,0.0,0.0,1.0,0.0,1.0,0.6923076923076923,-0.08333333333333333,0.5,0.5,0.0,-1.0,0.6666666666666666,0.0,-0.5,-1.0,0.7777777777777778,0.0,1.0,-0.7142857142857143,-0.6,-0.3333333333333333,-0.6,-1.5,-0.3333333333333333,-1.395513577331759,0.9274172177489555
0.0,0.0,1.0,0.0,0.0,0.0,1.0,0.0,0.0,0.0,0.0,0.0,0.0,0.0,0.0,0.0,0.0,0.0,0.0,0.0,-0.3076923076923077,0.6666666666666666,0.5,0.0,0.0,0.5,1.0,0.6666666666666666,-0.5,0.0,-0.1111111111111111,3.0,0.0,0.0,-0.4,0.0,-0.2,-0.5000000000000001,0.05555555555555555,-0.30460448642266824,0.2733031202673917
0.0,1.0,0.0,0.0,1.0,0.0,0.0,0.0,0.0,0.0,0.0,1.0,0.0,0.0,0.0,0.0,0.0,0.0,0.0,1.0,1.1538461538461537,-0.16666666666666666,0.0,0.0,0.0,-0.5,-0.3333333333333333,-0.5,-0.5,0.0,2.5555555555555554,-1.0,0.0,4.0,1.2,-0.3333333333333333,1.4,-0.6176470588235294,-0.3333333333333333,0.7221334814917701,0.9820129267687278
0.0,0.0,1.0,0.0,1.0,0.0,0.0,0.0,0.0,0.0,1.0,0.0,0.0,0.0,0.0,0.0,0.0,1.0,0.0,0.0,-0.46153846153846156,-0.3333333333333333,0.0,0.0,0.0,0.5,0.6666666666666666,0.16666666666666666,0.0,0.0,-0.1111111111111111,0.0,-2.0,0.0,0.0,0.0,0.2,0.4999999999999999,0.05555555555555555,-0.30460448642266824,-0.8286813641404703
0.0,0.0,0.0,1.0,0.0,0.0,1.0,0.0,0.0,0.0,0.0,0.0,0.0,0.0,0.0,1.0,0.0,0.0,1.0,1.0,0.07692307692307693,1.0,-0.5,-1.0,0.0,-0.5,-0.3333333333333333,-0.16666666666666666,0.5,-1.0,0.0,-1.0,0.0,0.7142857142857143,-0.6,-0.3333333333333333,1.2,0.9545454545454547,-0.3333333333333333,0.5879574970484059,0.4033588726155227
1.0,0.0,1.0,0.0,1.0,0.0,0.0,0.0,0.0,0.0,0.0,0.0,1.0,0.0,0.0,0.0,0.0,0.0,1.0,0.0,-0.15384615384615385,-0.4166666666666667,-0.5,0.5,0.0,0.0,0.0,-0.5,0.5,-1.0,-0.5555555555555556,0.0,-1.0,-0.2857142857142857,-0.2,-0.3333333333333333,-0.2,0.0,-0.3333333333333333,-0.30460448642266824,-0.2056366208341364
0.0,1.0,1.0,0.0,0.0,0.0,1.0,0.0,0.0,0.0,0.0,0.0,1.0,0.0,0.0,0.0,0.0,0.0,1.0,1.0,1.3846153846153846,0.25,0.0,0.0,0.0,-1.0,1.3333333333333333,0.8333333333333334,0.5,-1.0,-0.1111111111111111,0.0,0.0,0.0,-0.2,0.0,0.2,0.4999999999999999,0.05555555555555555,-0.30460448642266824,-0.11403344382978053
1.0,0.0,1.0,0.0,1.0,0.0,0.0,0.0,0.0,0.0,1.0,0.0,0.0,0.0,0.0,0.0,0.0,0.0,1.0,0.0,1.0,1.75,-0.5,-1.0,-1.0,-1.0,0.3333333333333333,1.0,-1.0,-1.0,1.1111111111111112,-1.0,0.0,-0.14285714285714285,0.0,0.0,0.0,0.29999999999999993,0.1333333333333334,-0.9799291617473436,-0.1481116948639872
1.0,0.0,1.0,0.0,1.0,0.0,0.0,0.0,0.0,0.0,0.0,0.0,0.0,0.0,1.0,0.0,0.0,0.0,0.0,1.0,-0.6153846153846154,-0.08333333333333333,0.0,0.0,-1.0,0.0,-0.3333333333333333,0.0,0.5,0.0,-0.7777777777777778,-1.0,0.0,-0.2857142857142857,-0.4,-0.3333333333333333,-0.2,0.0,-0.3333333333333333,0.24085005903187715,-0.5868605585167586
0.0,1.0,0.0,1.0,1.0,0.0,0.0,0.0,0.0,0.0,0.0,0.0,0.0,0.0,0.0,1.0,0.0,0.0,1.0,0.0,0.15384615384615385,0.75,0.0,-0.5,0.0,-0.5,0.0,-0.3333333333333333,-0.5,-1.0,-0.2222222222222222,2.0,1.0,-0.2857142857142857,-0.2,0.0,-0.2,0.0,0.25000000000000006,-0.6682408500590319,-0.16743290396706387
0.0,1.0,1.0,0.0,1.0,0.0,0.0,0.0,0.0,0.0,1.0,0.0,0.0,0.0,0.0,0.0,0.0,0.0,1.0,0.0,-0.7692307692307693,1.5,0.0,-1.0,-2.0,0.0,-0.3333333333333333,-0.3333333333333333,0.0,-1.0,-1.0,-1.0,-1.0,-0.5714285714285714,-0.6,-0.3333333333333333,-0.4,0.0,-0.3333333333333333,-0.30460448642266824,-0.7435667907966387
0.0,0.0,1.0,0.0,0.0,0.0,1.0,0.0,0.0,0.0,1.0,0.0,0.0,0.0,0.0,0.0,0.0,0.0,1.0,0.0,-0.7692307692307693,0.0,0.0,0.5,0.0,0.5,-0.3333333333333333,1.0,0.0,-1.0,-0.3333333333333333,2.0,0.0,0.2857142857142857,0.8,1.3333333333333333,0.8,1.125,1.125,0.5135773317591499,-0.6349270988504901
1.0,0.0,1.0,0.0,1.0,0.0,0.0,0.0,0.0,0.0,0.0,0.0,0.0,0.0,1.0,0.0,0.0,0.0,1.0,0.0,-0.38461538461538464,-0.3333333333333333,0.0,0.5,0.0,0.0,-0.3333333333333333,-0.3333333333333333,-1.0,-1.0,-0.3333333333333333,-1.0,-2.0,0.2857142857142857,-0.2,2.0,0.8,1.125,1.7083333333333335,0.5135773317591499,-0.19366384143885262
0.0,1.0,1.0,0.0,0.0,0.0,1.0,0.0,0.0,0.0,0.0,1.0,0.0,0.0,0.0,0.0,0.0,0.0,1.0,0.0,-0.3076923076923077,0.25,0.0,0.0,0.0,0.5,0.0,1.8333333333333333,-0.5,-1.0,0.0,2.0,1.0,0.0,-0.2,-0.3333333333333333,-0.6,-1.5,-0.3333333333333333,-0.40377804014167656,0.7713429225270536
0.0,1.0,0.0,1.0,0.0,1.0,0.0,0.0,0.0,0.0,0.0,0.0,0.0,0.0,0.0,1.0,0.0,0.0,0.0,0.0,0.3076923076923077,-0.4166666666666667,-0.5,0.5,0.0,-0.5,1.6666666666666667,-0.3333333333333333,0.0,1.0,-0.2222222222222222,2.0,0.0,0.0,0.2,0.0,0.0,0.0,0.05555555555555555,-0.183392365210547,0.12649322543690103
0.0,1.0,1.0,0.0,1.0,0.0,0.0,0.0,0.0,0.0,0.0,0.0,0.0,0.0,1.0,0.0,0.0,0.0,0.0,0.0,1.6923076923076923,1.3333333333333333,0.5,-1.0,0.0,0.0,-0.3333333333333333,-0.3333333333333333,0.5,1.0,-0.8888888888888888,0.0,0.0,-0.42857142857142855,-0.2,0.3333333333333333,-0.2,0.4999999999999999,1.222222222222222,0.059031877213695266,-0.7113002499293367
0.0,1.0,1.0,0.0,1.0,0.0,0.0,0.0,0.0,0.0,0.0,0.0,0.0,1.0,0.0,0.0,0.0,0.0,1.0,0.0,0.46153846153846156,1.3333333333333333,1.0,-1.0,0.0,0.5,0.0,0.0,-0.5,-1.0,0.6666666666666666,-1.0,0.0,-0.5714285714285714,-0.6,-0.3333333333333333,-0.6,-1.5,-0.3333333333333333,-1.2671713313424542,1.1070147931947627
0.0,1.0,0.0,0.0,0.0,0.0,0.0,0.0,1.0,1.0,0.0,0.0,0.0,0.0,0.0,0.0,0.0,1.0,0.0,0.0,-0.15384615384615385,0.16666666666666666,0.5,-1.0,0.0,0.0,-0.3333333333333333,0.16666666666666666,0.5,-1.0,-0.8888888888888888,-3.0,0.0,-0.42857142857142855,-0.2,0.3333333333333333,-0.2,0.4999999999999999,1.222222222222222,0.059031877213695266,-0.5732135869493028
0.0,1.0,0.0,1.0,0.0,1.0,0.0,0.0,0.0,0.0,0.0,0.0,0.0,0.0,0.0,1.0,0.0,1.0,0.0,0.0,0.3076923076923077,-0.25,0.5,0.0,-1.0,0.5,1.6666666666666667,-0.5,-1.0,0.0,0.5555555555555556,-1.0,-1.0,1.0,1.6,0.3333333333333333,1.6,1.0384615384615385,0.025641025641025682,0.24085005903187715,0.7377920233560995
0.0,1.0,0.0,1.0,1.0,0.0,0.0,0.0,0.0,0.0,0.0,0.0,0.0,0.0,0.0,1.0,0.0,0.0,1.0,0.0,-0.15384615384615385,-0.3333333333333333,-0.5,0.5,-2.0,0.5,1.0,-0.3333333333333333,-1.0,-1.0,-0.4444444444444444,0.0,0.0,-0.42857142857142855,-0.2,0.3333333333333333,-0.2,0.4999999999999999,1.222222222222222,-0.7721369539551358,0.17745737364366618
0.0,0.0,0.0,0.0,1.0,0.0,0.0,0.0,0.0,1.0,0.0,0.0,0.0,0.0,0.0,0.0,0.0,0.0,0.0,0.0,-0.6153846153846154,-0.5,-0.5,0.0,0.0,0.5,-0.3333333333333333,0.16666666666666666,-0.5,0.0,-0.7777777777777778,-1.0,0.0,-0.2857142857142857,-0.2,0.3333333333333333,-0.2,0.0,0.8333333333333334,0.24085005903187715,-0.5858038252030843
1.0,0.0,1.0,0.0,1.0,0.0,0.0,0.0,0.0,0.0,0.0,0.0,0.0,0.0,0.0,0.0,0.0,1.0,0.0,0.0,0.3076923076923077,-0.5,0.5,0.0,-1.0,-0.5,-0.3333333333333333,1.3333333333333333,0.5,0.0,1.3333333333333333,0.0,-1.0,2.4285714285714284,0.0,3.3333333333333335,1.6,-0.06521739130434778,0.7826086956521741,0.6914429444073712,0.9458008371514642
0.0,1.0,0.0,1.0,0.0,0.0,0.0,0.0,1.0,0.0,0.0,0.0,0.0,0.0,0.0,1.0,0.0,1.0,0.0,1.0,-0.3076923076923077,0.08333333333333333,-0.5,0.0,-1.0,-0.5,-0.3333333333333333,-0.5,0.5,-1.0,0.3333333333333333,-1.0,0.0,1.1428571428571428,1.8,3.3333333333333335,1.2,0.4285714285714287,1.5,0.6304604486422668,0.04162957995296028
0.0,1.0,1.0,0.0,1.0,0.0,0.0,0.0,0.0,0.0,0.0,1.0,0.0,0.0,0.0,0.0,0.0,1.0,0.0,0.0,0.9230769230769231,-0.5,0.5,0.5,-1.0,-1.0,1.6666666666666667,-0.5,-1.0,0.0,1.2222222222222223,0.0,-2.0,-0.2857142857142857,-0.2,-0.3333333333333333,-0.2,0.0,-0.3333333333333333,-1.0979929161747344,1.071192741535124
1.0,0.0,0.0,1.0,0.0,1.0,0.0,0.0,0.0,0.0,0.0,0.0,0.0,0.0,0.0,1.0,0.0,1.0,0.0,0.0,0.0,0.0,0.0,-1.0,1.0,-1.0,0.0,0.3333333333333333,0.5,0.0,0.7777777777777778,-1.0,-1.0,1.4285714285714286,0.8,1.6666666666666667,2.0,0.9375,0.5416666666666667,0.42266824085005905,-0.07225901049137858
0.0,0.0,1.0,0.0,0.0,0.0,1.0,0.0,0.0,0.0,0.0,0.0,1.0,0.0,0.0,0.0,0.0,0.0,0.0,0.0,0.46153846153846156,1.1666666666666667,-0.5,0.0,0.0,0.0,0.0,0.3333333333333333,-0.5,0.0,0.1111111111111111,2.0,0.0,0.0,0.0,-0.3333333333333333,-0.2,-0.5000000000000001,-0.3333333333333333,-0.48642266824085,0.048349169007433
1.0,0.0,1.0,0.0,1.0,0.0,0.0,0.0,0.0,0.0,1.0,0.0,0.0,0.0,0.0,0.0,0.0,0.0,0.0,1.0,1.6923076923076923,-0.4166666666666667,-1.0,0.5,-1.0,0.5,2.3333333333333335,0.0,0.5,0.0,-0.7777777777777778,0.0,-1.0,-0.5714285714285714,-0.6,-0.3333333333333333,-0.6,-1.5,-0.3333333333333333,-0.8500590318772137,-0.7080928519364565
0.0,0.0,0.0,1.0,0.0,1.0,0.0,0.0,0.0,0.0,0.0,0.0,0.0,0.0,0.0,1.0,0.0,1.0,0.0,0.0,-0.15384615384615385,-0.25,0.5,0.0,0.0,0.0,2.3333333333333335,0.16666666666666666,-1.0,0.0,-0.4444444444444444,0.0,0.0,-0.2857142857142857,-0.2,0.0,-0.2,0.0,0.25000000000000006,-0.46044864226682414,0.2546856367566454
0.0,1.0,1.0,0.0,0.0,0.0,1.0,0.0,0.0,0.0,1.0,0.0,0.0,0.0,0.0,0.0,0.0,1.0,0.0,0.0,-0.15384615384615385,-0.16666666666666666,-0.5,-0.5,-1.0,0.5,-0.3333333333333333,0.0,0.0,0.0,0.5555555555555556,0.0,1.0,1.4285714285714286,1.4,1.0,2.0,0.9375,0.25000000000000006,0.6499409681227862,-0.2168051490501296
0.0,1.0,1.0,0.0,1.0,0.0,0.0,0.0,0.0,0.0,0.0,0.0,0.0,0.0,1.0,0.0,0.0,1.0,0.0,0.0,0.38461538461538464,-0.5,0.0,0.5,0.0,0.5,0.3333333333333333,1.3333333333333333,-1.0,0.0,0.2222222222222222,0.0,0.0,0.0,0.0,0.0,-0.6,-1.5,0.05555555555555555,-0.5563527381709199,-0.5594167881941802
0.0,1.0,1.0,0.0,1.0,0.0,0.0,0.0,0.0,0.0,0.0,0.0,0.0,0.0,1.0,0.0,0.0,1.0,0.0,1.0,-0.07692307692307693,-0.08333333333333333,-1.0,0.0,0.0,0.0,-0.6666666666666666,0.0,0.5,-1.0,-0.6666666666666666,0.0,0.0,-0.2857142857142857,-0.2,0.3333333333333333,-0.2,0.0,0.8333333333333334,-0.08642266824085014,-0.33905382027123226
0.0,1.0,1.0,0.0,0.0,0.0,1.0,0.0,0.0,0.0,0.0,0.0,0.0,0.0,1.0,0.0,0.0,1.0,0.0,0.0,-0.46153846153846156,1.75,-0.5,0.5,0.0,0.5,-0.3333333333333333,-0.16666666666666666,0.5,1.0,0.1111111111111111,-1.0,0.0,0.7142857142857143,1.0,0.0,1.2,0.9545454545454547,-0.12121212121212119,0.42266824085005905,0.13644455737377706
0.0,1.0,1.0,0.0,0.0,0.0,0.0,1.0,0.0,0.0,1.0,0.0,0.0,0.0,0.0,0.0,0.0,0.0,1.0,0.0,-0.7692307692307693,0.0,0.0,0.0,1.0,-1.0,-0.6666666666666666,-0.3333333333333333,0.5,-1.0,-0.2222222222222222,-1.0,0.0,0.2857142857142857,0.8,-0.3333333333333333,0.8,1.125,-0.3333333333333333,0.3014561196379378,-0.3196865716069335
0.0,1.0,1.0,0.0,1.0,0.0,0.0,0.0,0.0,0.0,0.0,0.0,0.0,0.0,1.0,0.0,0.0,0.0,0.0,0.0,-0.5384615384615384,1.75,0.5,0.0,0.0,0.5,0.6666666666666666,1.3333333333333333,-1.0,0.0,0.1111111111111111,-2.0,0.0,0.2857142857142857,0.4,0.0,0.8,1.125,-0.04166666666666665,-0.12278630460448638,-0.655914122698348
0.0,1.0,1.0,0.0,0.0,0.0,0.0,0.0,1.0,0.0,0.0,0.0,0.0,0.0,1.0,0.0,0.0,1.0,0.0,0.0,0.38461538461538464,0.0,-0.5,-0.5,1.0,0.0,-0.3333333333333333,-0.16666666666666666,0.0,-1.0,0.0,0.0,0.0,0.7142857142857143,0.6,-0.3333333333333333,1.0,0.6818181818181819,-0.3333333333333333,0.5879574970484059,-0.37505160356036876
0.0,1.0,1.0,0.0,0.0,0.0,0.0,0.0,1.0,0.0,0.0,0.0,0.0,0.0,1.0,0.0,0.0,1.0,0.0,0.0,1.4615384615384615,-0.4166666666666667,0.5,-0.5,-1.0,0.5,2.0,1.0,-0.5,0.0,1.0,-1.0,1.0,0.0,-0.2,-0.3333333333333333,0.2,0.4999999999999999,-0.3333333333333333,-0.8500590318772137,-0.6014212615156417
0.0,1.0,1.0,0.0,0.0,0.0,1.0,0.0,0.0,0.0,0.0,0.0,0.0,1.0,0.0,0.0,0.0,1.0,0.0,0.0,1.3846153846153846,-0.16666666666666666,-0.5,-1.0,0.0,-1.0,0.6666666666666666,-0.5,0.0,0.0,1.5555555555555556,1.0,-1.0,-0.14285714285714285,-0.2,0.0,-0.2,-0.29999999999999993,0.1333333333333334,-1.04642266824085,1.2914032694254067
0.0,1.0,1.0,0.0,1.0,0.0,0.0,0.0,0.0,0.0,0.0,0.0,1.0,0.0,0.0,0.0,0.0,1.0,0.0,0.0,0.23076923076923078,-0.5,-1.0,0.5,-1.0,0.5,-0.3333333333333333,0.3333333333333333,0.0,0.0,1.2222222222222223,0.0,0.0,2.2857142857142856,0.6,3.3333333333333335,1.0,-0.40909090909090906,0.8333333333333334,0.6871310507674144,0.8905233415739283
1.0,0.0,1.0,0.0,1.0,0.0,0.0,0.0,0.0,0.0,1.0,0.0,0.0,0.0,0.0,0.0,0.0,1.0,0.0,1.0,-0.38461538461538464,-0.4166666666666667,0.0,-0.5,0.0,0.5,1.3333333333333333,-0.16666666666666666,0.0,0.0,-0.3333333333333333,-1.0,-2.0,-0.42857142857142855,-0.2,0.3333333333333333,-0.2,0.4999999999999999,1.222222222222222,-0.8500590318772137,-0.28209429686940174
0.0,1.0,1.0,0.0,1.0,0.0,0.0,0.0,0.0,0.0,0.0,0.0,0.0,0.0,0.0,0.0,0.0,1.0,0.0,1.0,0.6153846153846154,-0.4166666666666667,0.0,0.0,1.0,0.5,-0.3333333333333333,0.8333333333333334,-0.5,0.0,-0.1111111111111111,-1.0,0.0,0.42857142857142855,0.8,1.6666666666666667,0.8,0.8333333333333334,1.222222222222222,0.34994096812278636,0.43246122334906184
0.0,1.0,0.0,1.0,1.0,0.0,0.0,0.0,0.0,0.0,0.0,0.0,0.0,0.0,0.0,1.0,0.0,1.0,0.0,1.0,0.0,-0.3333333333333333,-1.0,0.0,-1.0,0.5,-0.3333333333333333,-0.5,-1.0,0.0,0.6666666666666666,3.0,0.0,1.5714285714285714,0.8,0.6666666666666666,0.8,-0.26470588235294124,0.07843137254901966,0.6579623584971177,0.6900917139697452
0.0,1.0,1.0,0.0,0.0,0.0,1.0,0.0,0.0,0.0,1.0,0.0,0.0,0.0,0.0,0.0,0.0,1.0,0.0,0.0,-0.5384615384615384,-0.08333333333333333,-1.0,-0.5,0.0,0.5,-0.3333333333333333,-0.16666666666666666,-1.0,0.0,0.0,2.0,0.0,0.7142857142857143,1.0,-0.3333333333333333,1.0,0.6818181818181819,-0.3333333333333333,0.5879574970484059,-0.44682750786599557
0.0,1.0,0.0,1.0,1.0,0.0,0.0,0.0,0.0,0.0,0.0,0.0,0.0,0.0,0.0,1.0,0.0,0.0,0.0,1.0,0.38461538461538464,0.16666666666666666,-1.0,0.0,0.0,0.0,0.3333333333333333,-0.16666666666666666,0.0,0.0,0.2222222222222222,-1.0,0.0,0.5714285714285714,0.8,-0.3333333333333333,0.8,0.5999999999999999,-0.3333333333333333,0.11497593315775126,0.46923356870735583
0.0,1.0,1.0,0.0,0.0,0.0,0.0,0.0,1.0,0.0,0.0,0.0,0.0,0.0,1.0,0.0,0.0,0.0,0.0,1.0,1.2307692307692308,-0.08333333333333333,-0.5,0.5,0.0,-1.0,0.3333333333333333,-0.3333333333333333,-0.5,1.0,0.8888888888888888,0.0,0.0,0.7142857142857143,1.2,1.6666666666666667,1.2,0.9545454545454547,0.9393939393939393,-0.2471882184800846,0.10320295392380506
0.0,1.0,1.0,0.0,1.0,0.0,0.0,0.0,0.0,0.0,1.0,0.0,0.0,0.0,0.0,0.0,0.0,0.0,1.0,1.0,-0.6153846153846154,1.4166666666666667,0.0,0.0,-1.0,0.0,1.0,0.0,-0.5,-1.0,-0.4444444444444444,1.0,0.0,-0.14285714285714285,-0.2,-0.3333333333333333,0.0,0.29999999999999993,-0.3333333333333333,-0.14876033057851248,-0.8605509724978244
0.0,1.0,1.0,0.0,1.0,0.0,0.0,0.0,0.0,0.0,1.0,0.0,0.0,0.0,0.0,0.0,0.0,0.0,1.0,0.0,0.3076923076923077,0.16666666666666666,0.5,0.5,0.0,-1.0,0.3333333333333333,0.0,-0.5,-1.0,0.5555555555555556,0.0,-2.0,0.0,0.2,0.0,-0.6,-1.5,0.05555555555555555,-0.7136953955135773,-0.8652594664092936
0.0,1.0,0.0,1.0,1.0,0.0,0.0,0.0,0.0,0.0,0.0,0.0,0.0,0.0,0.0,1.0,0.0,0.0,1.0,0.0,1.7692307692307692,1.5,0.0,-1.0,0.0,-1.0,1.6666666666666667,-0.5,0.5,-1.0,2.0,0.0,-1.0,2.2857142857142856,2.6,2.0,1.2,-0.27272727272727265,0.4090909090909091,0.1844237267434759,0.40273522412191615
0.0,1.0,1.0,0.0,1.0,0.0,0.0,0.0,0.0,0.0,0.0,0.0,0.0,0.0,1.0,0.0,0.0,1.0,0.0,0.0,0.6923076923076923,0.25,-0.5,-1.0,0.0,0.5,0.3333333333333333,1.1666666666666667,0.5,1.0,-0.2222222222222222,0.0,-1.0,-0.42857142857142855,-0.2,-0.3333333333333333,-0.2,0.4999999999999999,-0.3333333333333333,-0.9106650924832743,-0.6042884986662861
0.0,1.0,0.0,1.0,0.0,1.0,0.0,0.0,0.0,0.0,0.0,0.0,0.0,0.0,0.0,0.0,1.0,1.0,0.0,1.0,1.3076923076923077,-0.08333333333333333,-0.5,-0.5,0.0,0.0,0.0,1.0,0.5,0.0,0.3333333333333333,0.0,-2.0,0.2857142857142857,0.8,1.0,0.4,0.375,0.8333333333333334,-0.30460448642266824,-0.7381814411133901
0.0,1.0,0.0,1.0,0.0,1.0,0.0,0.0,0.0,0.0,0.0,0.0,0.0,0.0,0.0,1.0,0.0,0.0,0.0,0.0,0.7692307692307693,0.16666666666666666,0.0,-1.0,0.0,0.5,0.6666666666666666,-0.5,-1.0,0.0,2.0,-2.0,1.0,0.2857142857142857,0.8,1.0,0.0,-0.375,0.8333333333333334,-0.8688678093066806,0.6687191915895885
0.0,1.0,1.0,0.0,1.0,0.0,0.0,0.0,0.0,0.0,1.0,0.0,0.0,0.0,0.0,0.0,0.0,1.0,0.0,1.0,0.3076923076923077,0.25,0.5,0.5,1.0,0.0,0.3333333333333333,-0.16666666666666666,0.0,0.0,0.0,0.0,0.0,0.2857142857142857,0.8,0.0,0.8,1.125,-0.04166666666666665,-0.00708382526564351,-0.7773945561921243
0.0,1.0,1.0,0.0,1.0,0.0,0.0,0.0,0.0,0.0,0.0,0.0,0.0,1.0,0.0,0.0,0.0,0.0,1.0,0.0,-0.38461538461538464,0.08333333333333333,1.0,-1.0,0.0,-0.5,0.3333333333333333,-0.5,0.0,-1.0,-0.1111111111111111,0.0,1.0,-0.2857142857142857,-0.2,0.0,-0.6,-1.5,0.25000000000000006,-0.7409681227863046,1.1322993962762493
1.0,0.0,0.0,1.0,0.0,1.0,0.0,0.0,0.0,0.0,0.0,0.0,0.0,0.0,0.0,1.0,0.0,1.0,0.0,0.0,0.46153846153846156,1.5833333333333333,0.0,0.0,0.0,-0.5,1.0,0.0,0.5,0.0,1.4444444444444444,-1.0,1.0,2.142857142857143,0.2,1.0,1.0,-0.3571428571428572,0.1111111111111111,0.42266824085005905,0.9473521463389709
0.0,1.0,0.0,1.0,0.0,1.0,0.0,0.0,0.0,0.0,0.0,0.0,0.0,0.0,0.0,1.0,0.0,0.0,0.0,1.0,1.8461538461538463,0.0,0.5,-0.5,1.0,0.5,-0.6666666666666666,0.6666666666666666,-0.5,0.0,0.2222222222222222,0.0,0.0,0.8571428571428571,0.8,0.0,1.2,0.75,-0.1388888888888889,0.4506402688220869,0.040170445154502625
0.0,1.0,0.0,1.0,0.0,0.0,1.0,0.0,0.0,0.0,0.0,0.0,0.0,0.0,0.0,1.0,0.0,1.0,0.0,1.0,0.3076923076923077,-0.5,-0.5,-0.5,-2.0,0.5,0.0,1.3333333333333333,0.0,2.0,-0.4444444444444444,-1.0,-1.0,-0.14285714285714285,0.0,-0.3333333333333333,-0.2,-0.29999999999999993,-0.3333333333333333,-0.14876033057851248,0.3800076629889797
0.0,1.0,1.0,0.0,0.0,0.0,1.0,0.0,0.0,0.0,1.0,0.0,0.0,0.0,0.0,0.0,0.0,0.0,1.0,0.0,-1.3076923076923077,-0.3333333333333333,-1.0,-0.5,0.0,-0.5,-0.3333333333333333,0.0,0.5,-1.0,-1.0,0.0,0.0,-0.5714285714285714,-0.6,-0.3333333333333333,-0.6,-1.5,-0.3333333333333333,-0.30460448642266824,-1.1586503317872008
0.0,1.0,1.0,0.0,1.0,0.0,0.0,0.0,0.0,0.0,0.0,0.0,0.0,0.0,1.0,0.0,0.0,0.0,0.0,0.0,-0.7692307692307693,1.3333333333333333,0.0,-1.0,0.0,0.5,-0.3333333333333333,1.3333333333333333,-0.5,1.0,-0.7777777777777778,0.0,-2.0,-0.2857142857142857,-0.2,-0.3333333333333333,-0.2,0.0,-0.3333333333333333,0.24085005903187715,-0.5244528273706475
0.0,0.0,1.0,0.0,1.0,0.0,0.0,0.0,0.0,0.0,1.0,0.0,0.0,0.0,0.0,0.0,0.0,1.0,0.0,0.0,0.6923076923076923,-0.25,-0.5,0.0,0.0,-0.5,-0.3333333333333333,-0.3333333333333333,-0.5,-1.0,-0.1111111111111111,2.0,-1.0,0.5714285714285714,0.8,-0.3333333333333333,1.0,0.9000000000000001,-0.3333333333333333,0.5681227863046044,-0.11253249164562694
0.0,1.0,1.0,0.0,0.0,0.0,1.0,0.0,0.0,0.0,1.0,0.0,0.0,0.0,0.0,0.0,0.0,1.0,0.0,1.0,1.0769230769230769,1.75,-1.0,0.5,1.0,0.0,-0.3333333333333333,-0.5,0.0,2.0,1.1111111111111112,0.0,0.0,2.142857142857143,1.0,0.6666666666666666,1.0,-0.3571428571428572,0.0,0.6824085005903185,-0.41982861355307755
1.0,0.0,0.0,1.0,0.0,0.0,0.0,0.0,1.0,0.0,0.0,0.0,0.0,0.0,0.0,1.0,0.0,0.0,1.0,0.0,-0.5384615384615384,0.5,0.0,-1.0,0.0,-0.5,1.0,-0.5,-1.0,-1.0,-0.3333333333333333,1.0,-2.0,0.0,0.0,-0.3333333333333333,-0.6,-1.5,-0.3333333333333333,-0.031877213695395555,0.13479320151253038
0.0,1.0,1.0,0.0,0.0,0.0,1.0,0.0,0.0,0.0,0.0,0.0,0.0,0.0,0.0,0.0,0.0,0.0,1.0,0.0,-0.6153846153846154,0.75,-0.5,-0.5,1.0,-1.0,-0.6666666666666666,0.8333333333333334,0.0,-1.0,-0.1111111111111111,-1.0,0.0,0.42857142857142855,0.0,-0.3333333333333333,0.8,0.8333333333333334,-0.3333333333333333,0.34994096812278636,0.11744730580963038
1.0,0.0,1.0,0.0,0.0,0.0,1.0,0.0,0.0,0.0,0.0,0.0,0.0,0.0,1.0,0.0,0.0,1.0,0.0,1.0,0.3076923076923077,1.5833333333333333,-0.5,0.0,-1.0,0.5,0.3333333333333333,-0.16666666666666666,0.5,0.0,0.6666666666666666,0.0,-2.0,-0.5714285714285714,-0.4,-0.3333333333333333,-0.6,-1.5,-0.3333333333333333,-1.2671713313424542,-0.1179039252608412
0.0,0.0,1.0,0.0,1.0,0.0,0.0,0.0,0.0,0.0,1.0,0.0,0.0,0.0,0.0,0.0,0.0,1.0,0.0,0.0,-0.3076923076923077,-0.5,0.0,0.0,-1.0,-0.5,1.3333333333333333,1.0,0.0,-1.0,-0.5555555555555556,0.0,0.0,-0.2857142857142857,-0.6,-0.3333333333333333,-0.2,0.0,-0.3333333333333333,-0.30460448642266824,-0.727501187970415
0.0,1.0,0.0,1.0,0.0,0.0,0.0,0.0,1.0,0.0,0.0,1.0,0.0,0.0,0.0,0.0,0.0,1.0,0.0,1.0,1.7692307692307692,-0.5,-0.5,-0.5,0.0,0.5,0.3333333333333333,0.0,0.0,0.0,0.4444444444444444,-2.0,-2.0,0.14285714285714285,0.2,-0.3333333333333333,0.2,0.2142857142857142,-0.3333333333333333,-0.5227863046044864,0.8256970189720564
0.0,1.0,1.0,0.0,1.0,0.0,0.0,0.0,0.0,0.0,0.0,0.0,1.0,0.0,0.0,0.0,0.0,0.0,1.0,0.0,-0.3076923076923077,-0.16666666666666666,0.5,0.5,-1.0,0.5,2.0,1.6666666666666667,-0.5,-1.0,-0.2222222222222222,-2.0,0.0,-0.5714285714285714,-0.6,-0.3333333333333333,-0.6,-1.5,-0.3333333333333333,-1.1530893349075169,0.6285251528143972
0.0,1.0,0.0,1.0,0.0,1.0,0.0,0.0,0.0,0.0,0.0,0.0,0.0,0.0,0.0,1.0,0.0,1.0,0.0,0.0,0.3076923076923077,1.5833333333333333,0.0,0.0,0.0,-1.0,-0.3333333333333333,0.0,-0.5,0.0,-0.2222222222222222,0.0,-1.0,0.2857142857142857,0.8,2.0,0.4,0.375,1.7083333333333335,0.3014561196379378,0.4930209526168913
0.0,0.0,1.0,0.0,0.0,0.0,0.0,0.0,1.0,0.0,0.0,0.0,0.0,0.0,1.0,0.0,0.0,0.0,0.0,0.0,-0.23076923076923078,-0.25,0.0,0.5,0.0,-0.5,1.0,0.16666666666666666,0.5,1.0,0.1111111111111111,-1.0,-1.0,0.5714285714285714,1.0,0.0,0.8,0.5999999999999999,-0.09999999999999998,0.24085005903187715,-0.4702377960018788
0.0,0.0,0.0,1.0,0.0,0.0,1.0,0.0,0.0,0.0,0.0,0.0,0.0,0.0,0.0,1.0,0.0,0.0,1.0,0.0,0.0,0.25,0.5,-0.5,0.0,0.5,-0.3333333333333333,0.0,0.5,-1.0,0.0,0.0,-1.0,0.7142857142857143,0.0,2.6666666666666665,0.8,0.40909090909090906,1.575757575757576,0.5879574970484059,0.6577072473130717
0.0,1.0,1.0,0.0,1.0,0.0,0.0,0.0,0.0,0.0,0.0,0.0,0.0,0.0,1.0,0.0,0.0,0.0,1.0,0.0,-1.3076923076923077,0.16666666666666666,-0.5,0.0,0.0,-1.0,-0.3333333333333333,1.8333333333333333,0.0,-1.0,-1.0,1.0,0.0,-0.5714285714285714,-0.4,-0.3333333333333333,-0.6,-1.5,-0.3333333333333333,-0.30460448642266824,-0.6416226572757702
0.0,1.0,1.0,0.0,0.0,0.0,1.0,0.0,0.0,0.0,0.0,0.0,0.0,0.0,1.0,0.0,0.0,1.0,0.0,0.0,0.07692307692307693,0.25,0.0,-0.5,0.0,-0.5,-0.3333333333333333,-0.5,-1.0,0.0,-0.2222222222222222,-1.0,-2.0,0.42857142857142855,0.2,2.0,0.8,0.8333333333333334,1.4814814814814814,0.54388036206218,-0.22883202786587503
0.0,1.0,1.0,0.0,0.0,0.0,1.0,0.0,0.0,0.0,0.0,1.0,0.0,0.0,0.0,0.0,0.0,0.0,0.0,1.0,0.23076923076923078,0.5,0.5,0.0,-1.0,-0.5,1.3333333333333333,-0.16666666666666666,0.5,1.0,1.2222222222222223,1.0,0.0,2.0,1.2,4.666666666666667,-0.2,-1.2000000000000002,1.416666666666667,0.48878394332939784,1.1721329621280296
1.0,0.0,1.0,0.0,1.0,0.0,0.0,0.0,0.0,0.0,0.0,1.0,0.0,0.0,0.0,0.0,0.0,1.0,0.0,0.0,-0.23076923076923078,-0.16666666666666666,0.5,0.5,0.0,-0.5,1.3333333333333333,-0.5,-0.5,1.0,0.2222222222222222,-1.0,0.0,0.7142857142857143,0.6,2.3333333333333335,1.0,0.6818181818181819,1.363636363636364,0.2828081009899192,0.8236134385965193
0.0,1.0,0.0,1.0,0.0,1.0,0.0,0.0,0.0,0.0,0.0,0.0,0.0,0.0,0.0,1.0,0.0,0.0,0.0,0.0,-0.46153846153846156,0.0,0.5,0.5,0.0,-1.0,1.6666666666666667,0.0,-0.5,1.0,-0.2222222222222222,0.0,0.0,-0.2857142857142857,-0.2,-0.3333333333333333,-0.2,0.0,-0.3333333333333333,-0.6682408500590319,-0.0439300430678331
0.0,1.0,1.0,0.0,1.0,0.0,0.0,0.0,0.0,0.0,0.0,0.0,0.0,0.0,1.0,0.0,0.0,0.0,1.0,0.0,-0.38461538461538464,0.08333333333333333,0.0,-1.0,-1.0,-0.5,-0.3333333333333333,-0.3333333333333333,0.0,-1.0,-1.0,0.0,1.0,-0.5714285714285714,-0.6,-0.3333333333333333,-0.6,-1.5,-0.3333333333333333,-0.30460448642266824,-1.313077224512934
1.0,0.0,1.0,0.0,0.0,0.0,1.0,0.0,0.0,0.0,0.0,0.0,0.0,0.0,1.0,0.0,0.0,0.0,0.0,0.0,-0.7692307692307693,-0.5,-1.0,-1.0,-1.0,0.0,-0.3333333333333333,-0.16666666666666666,0.0,1.0,-0.5555555555555556,2.0,0.0,0.0,0.0,0.0,0.0,0.0,0.05555555555555555,0.42266824085005905,-0.8704658213099783
0.0,1.0,1.0,0.0,0.0,0.0,1.0,0.0,0.0,0.0,0.0,0.0,0.0,0.0,1.0,0.0,0.0,1.0,0.0,0.0,0.3076923076923077,-0.4166666666666667,0.5,0.0,0.0,0.0,0.0,0.0,-0.5,2.0,1.1111111111111112,-1.0,0.0,0.0,0.0,-0.3333333333333333,-0.2,-0.5000000000000001,-0.3333333333333333,-0.8760330578512396,-0.8733176854703502
0.0,1.0,1.0,0.0,1.0,0.0,0.0,0.0,0.0,0.0,0.0,0.0,0.0,0.0,0.0,0.0,0.0,1.0,0.0,0.0,0.0,-0.16666666666666666,0.5,-0.5,0.0,-1.0,0.6666666666666666,-0.3333333333333333,0.0,1.0,-0.1111111111111111,3.0,0.0,-0.2857142857142857,-0.2,-0.3333333333333333,-0.2,0.0,-0.3333333333333333,-0.7409681227863046,0.44793599756925634
0.0,1.0,0.0,1.0,1.0,0.0,0.0,0.0,0.0,0.0,0.0,0.0,0.0,0.0,0.0,1.0,0.0,0.0,1.0,0.0,-0.8461538461538461,0.25,0.5,0.0,0.0,0.5,-0.6666666666666666,0.0,-0.5,-1.0,-0.5555555555555556,1.0,0.0,-0.14285714285714285,0.0,0.0,-0.4,-0.9,0.1333333333333334,0.059031877213695266,-0.010433114991612154
1.0,0.0,0.0,1.0,1.0,0.0,0.0,0.0,0.0,0.0,0.0,0.0,0.0,0.0,0.0,1.0,0.0,1.0,0.0,0.0,-0.23076923076923078,-0.5,0.0,0.0,1.0,-1.0,0.0,0.8333333333333334,-1.0,1.0,0.0,0.0,0.0,0.0,0.0,0.0,0.0,0.0,0.05555555555555555,-0.40377804014167656,0.06822824973311156
0.0,1.0,1.0,0.0,1.0,0.0,0.0,0.0,0.0,0.0,0.0,0.0,0.0,1.0,0.0,0.0,0.0,1.0,0.0,0.0,0.5384615384615384,0.6666666666666666,-0.5,0.0,-1.0,0.0,-0.3333333333333333,1.6666666666666667,-1.0,0.0,0.4444444444444444,0.0,0.0,1.2857142857142858,1.4,1.6666666666666667,1.6,0.6999999999999998,0.6000000000000001,0.6408500590318772,1.198478723640037
1.0,0.0,1.0,0.0,0.0,0.0,1.0,0.0,0.0,0.0,0.0,0.0,0.0,1.0,0.0,0.0,0.0,0.0,1.0,0.0,0.3076923076923077,0.16666666666666666,0.5,-0.5,0.0,0.0,2.3333333333333335,0.5,0.0,-1.0,1.1111111111111112,0.0,-1.0,1.8571428571428572,0.8,0.3333333333333333,2.0,0.5526315789473685,-0.08771929824561403,0.4746162927981108,0.9455185094263747
0.0,0.0,0.0,1.0,0.0,1.0,0.0,0.0,0.0,0.0,0.0,0.0,0.0,0.0,0.0,1.0,0.0,1.0,0.0,0.0,0.6923076923076923,1.5833333333333333,0.0,-1.0,-1.0,-1.0,-0.3333333333333333,0.16666666666666666,-1.0,0.0,0.0,-1.0,0.0,0.7142857142857143,0.8,1.0,0.4,-0.1363636363636364,0.5151515151515152,0.5879574970484059,-0.1259096250761417
0.0,0.0,0.0,1.0,0.0,0.0,0.0,1.0,0.0,0.0,0.0,0.0,0.0,0.0,0.0,1.0,0.0,1.0,0.0,0.0,-0.3076923076923077,0.3333333333333333,0.5,0.5,1.0,0.0,2.0,-0.3333333333333333,0.5,-1.0,-0.4444444444444444,-1.0,0.0,-0.14285714285714285,-0.2,0.0,-0.2,-0.29999999999999993,0.1333333333333334,-0.14876033057851248,-0.058394022333808505
0.0,1.0,0.0,1.0,1.0,0.0,0.0,0.0,0.0,0.0,0.0,0.0,0.0,0.0,0.0,1.0,0.0,0.0,0.0,0.0,-0.5384615384615384,1.0,0.0,0.0,-1.0,0.0,-0.3333333333333333,0.0,0.0,1.0,0.0,0.0,0.0,0.7142857142857143,0.8,-0.3333333333333333,0.2,-0.40909090909090906,-0.3333333333333333,0.5879574970484059,0.518110118056858
1.0,0.0,0.0,0.0,0.0,0.0,0.0,1.0,0.0,1.0,0.0,0.0,0.0,0.0,0.0,0.0,0.0,1.0,0.0,1.0,0.15384615384615385,-0.5,0.5,0.5,0.0,-0.5,-0.6666666666666666,-0.5,-0.5,0.0,-0.3333333333333333,-1.0,0.0,0.14285714285714285,-0.2,0.0,-0.2,-0.6428571428571429,0.0,0.24085005903187715,-0.49040780242166815
0.0,1.0,1.0,0.0,1.0,0.0,0.0,0.0,0.0,0.0,1.0,0.0,0.0,0.0,0.0,0.0,0.0,1.0,0.0,0.0,-0.9230769230769231,0.8333333333333334,-0.5,0.5,0.0,-0.5,-0.3333333333333333,-0.16666666666666666,-1.0,0.0,-1.0,0.0,-2.0,-0.5714285714285714,-0.6,-0.3333333333333333,-0.6,-1.5,-0.3333333333333333,-0.30460448642266824,-0.7786867560227421
0.0,1.0,0.0,1.0,0.0,1.0,0.0,0.0,0.0,0.0,0.0,0.0,0.0,0.0,0.0,1.0,0.0,0.0,1.0,1.0,-0.8461538461538461,-0.16666666666666666,0.0,0.0,-1.0,0.0,-0.3333333333333333,-0.5,0.5,-1.0,-0.4444444444444444,-2.0,0.0,0.14285714285714285,0.2,-0.3333333333333333,0.0,-0.21428571428571436,-0.3333333333333333,0.4746162927981108,0.1313160120393287
0.0,1.0,1.0,0.0,1.0,0.0,0.0,0.0,0.0,0.0,0.0,0.0,0.0,0.0,0.0,0.0,0.0,1.0,0.0,0.0,-0.46153846153846156,0.75,0.0,0.0,1.0,0.0,0.3333333333333333,0.3333333333333333,0.0,0.0,0.0,0.0,0.0,0.2857142857142857,-0.6,0.0,0.8,1.125,-0.04166666666666665,-0.00708382526564351,0.053582951623935844
0.0,1.0,1.0,0.0,0.0,0.0,1.0,0.0,0.0,0.0,0.0,0.0,0.0,0.0,1.0,0.0,0.0,0.0,1.0,0.0,-0.07692307692307693,0.16666666666666666,0.5,-0.5,0.0,0.0,-0.3333333333333333,0.8333333333333334,-0.5,-1.0,0.0,2.0,0.0,0.7142857142857143,0.8,-0.3333333333333333,1.0,0.6818181818181819,-0.3333333333333333,0.5879574970484059,0.01763729039711897
0.0,1.0,0.0,1.0,0.0,0.0,1.0,0.0,0.0,0.0,0.0,0.0,0.0,0.0,0.0,1.0,0.0,0.0,1.0,0.0,1.4615384615384615,-0.4166666666666667,-1.0,0.0,0.0,0.5,0.6666666666666666,0.3333333333333333,0.0,-1.0,0.2222222222222222,0.0,-1.0,0.5714285714285714,0.8,2.0,0.0,-0.6000000000000001,1.3,0.11497593315775126,0.029155135898052062
1.0,0.0,0.0,1.0,1.0,0.0,0.0,0.0,0.0,0.0,0.0,0.0,0.0,0.0,0.0,1.0,0.0,1.0,0.0,0.0,-0.07692307692307693,0.9166666666666666,1.0,-0.5,0.0,-1.0,-0.3333333333333333,1.3333333333333333,0.5,0.0,-0.1111111111111111,0.0,-1.0,0.5714285714285714,1.0,0.0,1.0,0.9000000000000001,-0.09999999999999998,0.5681227863046044,0.566494908958429
0.0,1.0,0.0,1.0,0.0,1.0,0.0,0.0,0.0,0.0,0.0,0.0,0.0,0.0,0.0,0.0,1.0,0.0,1.0,1.0,-0.23076923076923078,-0.16666666666666666,0.0,0.5,0.0,0.0,-0.3333333333333333,-0.16666666666666666,-0.5,-1.0,-1.0,-1.0,0.0,-0.5714285714285714,-0.6,-0.3333333333333333,-0.6,-1.5,-0.3333333333333333,-0.30460448642266824,-0.5360769139891975
0.0,1.0,1.0,0.0,1.0,0.0,0.0,0.0,0.0,0.0,0.0,0.0,0.0,0.0,0.0,0.0,0.0,0.0,1.0,1.0,-0.23076923076923078,0.08333333333333333,1.0,0.5,0.0,0.0,0.0,0.5,-1.0,-1.0,0.4444444444444444,3.0,0.0,-0.7142857142857143,-0.6,-0.3333333333333333,-0.6,-1.5,-0.3333333333333333,-1.395513577331759,0.23256991898835258
0.0,1.0,0.0,1.0,0.0,0.0,1.0,0.0,0.0,0.0,0.0,0.0,0.0,0.0,0.0,1.0,0.0,1.0,0.0,0.0,-0.07692307692307693,0.25,0.0,0.5,-1.0,-1.0,2.3333333333333335,0.5,0.0,-1.0,0.5555555555555556,0.0,0.0,1.1428571428571428,1.8,1.6666666666666667,-0.6,-1.5,0.6666666666666666,0.3772136953955135,0.688336569059127
0.0,0.0,1.0,0.0,0.0,0.0,1.0,0.0,0.0,0.0,1.0,0.0,0.0,0.0,0.0,0.0,0.0,0.0,1.0,0.0,-0.3076923076923077,1.8333333333333333,0.5,0.5,0.0,0.0,2.3333333333333335,-0.3333333333333333,-0.5,-1.0,0.0,-1.0,0.0,0.42857142857142855,0.8,2.0,0.8,0.8333333333333334,1.4814814814814814,0.19126328217237307,-0.20752842736917
0.0,1.0,1.0,0.0,0.0,0.0,0.0,0.0,1.0,0.0,0.0,0.0,0.0,0.0,0.0,0.0,0.0,0.0,0.0,1.0,1.6923076923076923,-0.16666666666666666,0.0,0.0,-1.0,-0.5,0.0,-0.16666666666666666,0.5,0.0,1.5555555555555556,0.0,0.0,0.14285714285714285,-0.6,-0.3333333333333333,0.2,0.2142857142857142,-0.3333333333333333,-0.8718772136953955,0.7108148228649337
1.0,0.0,0.0,1.0,0.0,1.0,0.0,0.0,0.0,0.0,0.0,0.0,0.0,0.0,0.0,0.0,1.0,0.0,0.0,0.0,-0.15384615384615385,-0.08333333333333333,-0.5,0.5,-2.0,0.0,-0.6666666666666666,0.3333333333333333,0.5,0.0,-0.7777777777777778,0.0,-1.0,-0.42857142857142855,-0.2,0.0,-0.6,-1.5,0.4444444444444444,-0.30460448642266824,-0.7197713921873132
0.0,1.0,1.0,0.0,0.0,0.0,0.0,0.0,1.0,0.0,0.0,0.0,0.0,0.0,1.0,0.0,0.0,1.0,0.0,0.0,1.0,-0.5,0.0,0.0,0.0,-1.0,0.0,0.3333333333333333,-0.5,0.0,-0.3333333333333333,-1.0,0.0,-0.14285714285714285,-0.2,-0.3333333333333333,-0.2,-0.29999999999999993,-0.3333333333333333,-0.30460448642266824,-0.3191541709064556
0.0,1.0,1.0,0.0,1.0,0.0,0.0,0.0,0.0,0.0,0.0,0.0,1.0,0.0,0.0,0.0,0.0,1.0,0.0,1.0,1.0769230769230769,1.4166666666666667,0.0,0.5,0.0,0.0,0.3333333333333333,0.6666666666666666,0.5,0.0,1.3333333333333333,-1.0,0.0,1.0,1.6,0.0,0.4,-0.3461538461538461,-0.15384615384615383,-0.2571736563831426,0.978405276080585
0.0,1.0,0.0,1.0,0.0,1.0,0.0,0.0,0.0,0.0,0.0,0.0,0.0,0.0,0.0,1.0,0.0,0.0,0.0,0.0,-0.46153846153846156,-0.16666666666666666,0.0,0.5,-1.0,0.0,-0.3333333333333333,-0.16666666666666666,0.0,2.0,0.0,-1.0,0.0,0.7142857142857143,1.2,0.0,-0.2,-0.9545454545454546,-0.12121212121212119,0.5879574970484059,0.19142037812035842
1.0,0.0,1.0,0.0,0.0,0.0,0.0,0.0,1.0,0.0,0.0,0.0,0.0,0.0,0.0,0.0,0.0,1.0,0.0,0.0,0.46153846153846156,1.75,0.5,0.5,-1.0,0.5,-0.6666666666666666,-0.5,0.5,2.0,-0.3333333333333333,1.0,1.0,0.14285714285714285,0.4,-0.3333333333333333,0.2,0.2142857142857142,-0.3333333333333333,0.24085005903187715,-0.09638681134651178
0.0,0.0,1.0,0.0,0.0,0.0,1.0,0.0,0.0,0.0,0.0,0.0,1.0,0.0,0.0,0.0,0.0,1.0,0.0,1.0,1.3076923076923077,-0.5,0.5,-1.0,-1.0,0.0,0.6666666666666666,1.0,0.5,2.0,1.8888888888888888,-1.0,-1.0,-0.2857142857142857,-0.2,-0.3333333333333333,-0.2,0.0,-0.3333333333333333,-1.1617473435655254,0.9070563620856824
0.0,1.0,1.0,0.0,0.0,0.0,0.0,1.0,0.0,0.0,0.0,0.0,0.0,0.0,0.0,0.0,0.0,1.0,0.0,0.0,-0.5384615384615384,0.08333333333333333,-1.0,0.0,-2.0,-1.0,0.3333333333333333,-0.16666666666666666,0.0,0.0,-0.1111111111111111,0.0,0.0,0.2857142857142857,0.8,-0.3333333333333333,0.8,1.125,-0.3333333333333333,0.13175914994096796,0.6320627832168199
0.0,1.0,1.0,0.0,1.0,0.0,0.0,0.0,0.0,0.0,0.0,0.0,0.0,0.0,1.0,0.0,0.0,0.0,0.0,0.0,-0.6923076923076923,-0.25,-0.5,-1.0,0.0,0.0,-0.3333333333333333,-0.5,-0.5,2.0,-0.5555555555555556,-1.0,0.0,0.0,0.0,-0.3333333333333333,0.0,0.0,-0.3333333333333333,0.42266824085005905,-0.654778024138522
0.0,1.0,0.0,1.0,1.0,0.0,0.0,0.0,0.0,0.0,0.0,0.0,0.0,0.0,0.0,1.0,0.0,1.0,0.0,1.0,-0.07692307692307693,0.0,0.5,0.0,0.0,0.5,-0.3333333333333333,-0.5,0.5,-1.0,0.0,-1.0,0.0,0.7142857142857143,1.0,-0.3333333333333333,1.2,0.9545454545454547,-0.3333333333333333,0.5879574970484059,0.03724545615869561
0.0,1.0,0.0,0.0,0.0,0.0,0.0,0.0,1.0,1.0,0.0,0.0,0.0,0.0,0.0,0.0,0.0,0.0,1.0,0.0,-1.3076923076923077,-0.4166666666666667,-0.5,-1.0,-1.0,0.5,-0.3333333333333333,-0.3333333333333333,0.0,-1.0,-1.0,0.0,1.0,-0.5714285714285714,-0.6,-0.3333333333333333,-0.6,-1.5,-0.3333333333333333,-0.30460448642266824,-0.6371537289033009
0.0,1.0,1.0,0.0,0.0,0.0,0.0,0.0,1.0,0.0,0.0,0.0,0.0,0.0,0.0,0.0,0.0,1.0,0.0,0.0,0.3076923076923077,1.0833333333333333,0.5,-1.0,0.0,0.5,0.6666666666666666,1.0,0.5,0.0,0.4444444444444444,3.0,0.0,0.8571428571428571,1.4,3.3333333333333335,-0.4,-1.2500000000000002,1.8055555555555554,0.20448642266824069,0.68981480063667
1.0,0.0,0.0,1.0,0.0,1.0,0.0,0.0,0.0,0.0,0.0,0.0,0.0,0.0,0.0,1.0,0.0,0.0,0.0,0.0,-0.07692307692307693,0.3333333333333333,-0.5,0.5,0.0,0.5,-0.3333333333333333,-0.5,0.5,0.0,-0.5555555555555556,0.0,0.0,0.0,-0.2,-0.3333333333333333,-0.2,-0.5000000000000001,-0.3333333333333333,0.42266824085005905,-0.006974653509844517
0.0,1.0,0.0,0.0,0.0,0.0,1.0,0.0,0.0,1.0,0.0,0.0,0.0,0.0,0.0,0.0,0.0,0.0,0.0,1.0,0.7692307692307693,-0.16666666666666666,-0.5,-0.5,0.0,-0.5,2.0,1.3333333333333333,0.5,0.0,0.6666666666666666,-1.0,0.0,-0.14285714285714285,-0.2,-0.3333333333333333,-0.2,-0.29999999999999993,-0.3333333333333333,-0.8821445933745399,0.00313631174534923
1.0,0.0,1.0,0.0,1.0,0.0,0.0,0.0,0.0,0.0,0.0,0.0,0.0,0.0,1.0,0.0,0.0,0.0,0.0,0.0,0.46153846153846156,1.8333333333333333,-0.5,-1.0,0.0,0.0,0.0,-0.5,-0.5,0.0,1.0,0.0,0.0,0.0,0.2,-0.3333333333333333,-0.2,-0.5000000000000001,-0.3333333333333333,-0.8500590318772137,-0.08946047129694752
0.0,1.0,1.0,0.0,0.0,0.0,0.0,1.0,0.0,0.0,0.0,0.0,1.0,0.0,0.0,0.0,0.0,0.0,0.0,0.0,0.6923076923076923,-0.4166666666666667,-0.5,0.5,-1.0,0.5,-0.3333333333333333,0.8333333333333334,-1.0,1.0,0.0,0.0,0.0,0.7142857142857143,0.8,0.6666666666666666,1.2,0.9545454545454547,0.30303030303030304,0.5879574970484059,0.13561923712727927
0.0,1.0,0.0,1.0,0.0,1.0,0.0,0.0,0.0,0.0,0.0,0.0,0.0,0.0,0.0,0.0,1.0,0.0,1.0,0.0,-0.5384615384615384,0.16666666666666666,0.0,-0.5,-2.0,-0.5,-0.3333333333333333,-0.16666666666666666,0.0,-1.0,-0.8888888888888888,0.0,0.0,-0.42857142857142855,-0.2,0.3333333333333333,-0.2,0.4999999999999999,1.222222222222222,0.059031877213695266,-0.5669802979672872
1.0,0.0,1.0,0.0,0.0,0.0,0.0,1.0,0.0,0.0,0.0,0.0,0.0,0.0,1.0,0.0,0.0,0.0,0.0,0.0,-0.15384615384615385,-0.5,0.5,0.5,0.0,-1.0,1.0,0.0,0.0,1.0,0.0,-1.0,0.0,-0.14285714285714285,0.0,0.0,0.0,0.29999999999999993,0.1333333333333334,-0.602125147579693,-0.48881655605252117
0.0,1.0,1.0,0.0,0.0,0.0,0.0,0.0,1.0,0.0,0.0,0.0,0.0,0.0,0.0,0.0,0.0,0.0,1.0,1.0,1.0,-0.5,-0.5,0.0,-1.0,0.0,1.6666666666666667,-0.3333333333333333,0.5,-1.0,1.6666666666666667,-1.0,0.0,0.2857142857142857,-0.4,-0.3333333333333333,0.8,1.125,-0.3333333333333333,-0.8081009899191718,0.9777912973871254
0.0,1.0,0.0,1.0,0.0,1.0,0.0,0.0,0.0,0.0,0.0,0.0,0.0,0.0,0.0,1.0,0.0,0.0,0.0,1.0,-0.9230769230769231,0.25,0.5,0.5,0.0,0.0,-0.3333333333333333,-0.3333333333333333,0.5,0.0,-0.5555555555555556,-1.0,1.0,0.0,-0.2,-0.3333333333333333,0.0,0.0,-0.3333333333333333,0.42266824085005905,-0.15346437298852772
1.0,0.0,1.0,0.0,0.0,0.0,0.0,0.0,1.0,0.0,1.0,0.0,0.0,0.0,0.0,0.0,0.0,0.0,1.0,0.0,-1.0769230769230769,-0.25,-1.0,0.0,-1.0,0.0,1.0,0.3333333333333333,0.0,-1.0,-0.6666666666666666,0.0,0.0,-0.42857142857142855,-0.2,0.0,-0.2,0.4999999999999999,0.4444444444444444,-0.5227863046044864,-0.2390532401515816
0.0,0.0,1.0,0.0,0.0,0.0,0.0,0.0,1.0,0.0,0.0,0.0,0.0,0.0,1.0,0.0,0.0,0.0,0.0,0.0,-0.46153846153846156,0.0,0.0,0.0,0.0,0.0,-0.3333333333333333,-0.16666666666666666,-0.5,1.0,-1.0,-1.0,-1.0,-0.5714285714285714,-0.6,-0.3333333333333333,-0.6,-1.5,-0.3333333333333333,-0.30460448642266824,-1.303310513900308
0.0,1.0,1.0,0.0,0.0,0.0,0.0,1.0,0.0,0.0,0.0,0.0,0.0,0.0,1.0,0.0,0.0,0.0,1.0,0.0,0.6153846153846154,1.8333333333333333,0.5,0.5,0.0,0.5,-0.3333333333333333,1.8333333333333333,-0.5,-1.0,1.1111111111111112,0.0,0.0,2.142857142857143,1.6,4.0,2.8,0.9285714285714286,1.1111111111111112,0.6824085005903185,-0.0926025685352547
0.0,1.0,1.0,0.0,1.0,0.0,0.0,0.0,0.0,0.0,1.0,0.0,0.0,0.0,0.0,0.0,0.0,0.0,0.0,0.0,-0.46153846153846156,1.4166666666666667,-1.0,0.5,0.0,0.0,-0.3333333333333333,1.3333333333333333,-0.5,0.0,-1.0,-1.0,0.0,-0.5714285714285714,-0.6,-0.3333333333333333,-0.6,-1.5,-0.3333333333333333,-0.30460448642266824,-0.5903914896737338
1.0,0.0,0.0,1.0,1.0,0.0,0.0,0.0,0.0,0.0,0.0,0.0,0.0,0.0,0.0,1.0,0.0,0.0,1.0,0.0,-0.6923076923076923,0.08333333333333333,0.0,0.5,0.0,0.0,-0.3333333333333333,0.16666666666666666,0.5,-1.0,-0.1111111111111111,-3.0,0.0,0.5714285714285714,1.0,0.0,0.8,0.5999999999999999,-0.09999999999999998,0.5681227863046044,0.5297562978430499
0.0,1.0,0.0,1.0,0.0,1.0,0.0,0.0,0.0,0.0,0.0,0.0,0.0,0.0,0.0,1.0,0.0,1.0,0.0,0.0,-0.46153846153846156,0.25,0.0,0.0,-1.0,0.0,-0.3333333333333333,0.6666666666666666,-1.0,0.0,0.0,0.0,0.0,0.7142857142857143,0.0,0.0,0.2,-0.40909090909090906,-0.12121212121212119,0.5879574970484059,0.2604974994351561
0.0,1.0,1.0,0.0,1.0,0.0,0.0,0.0,0.0,0.0,0.0,0.0,0.0,0.0,0.0,0.0,0.0,0.0,1.0,0.0,-0.9230769230769231,-0.5,-0.5,-0.5,-1.0,0.0,-0.3333333333333333,-0.3333333333333333,-0.5,-1.0,-0.6666666666666666,-1.0,-1.0,-0.14285714285714285,0.0,0.0,-0.2,-0.29999999999999993,0.1333333333333334,0.34994096812278636,-0.07678827782858483
0.0,1.0,1.0,0.0,0.0,0.0,1.0,0.0,0.0,0.0,0.0,0.0,0.0,0.0,0.0,0.0,0.0,1.0,0.0,1.0,-0.23076923076923078,0.6666666666666666,-0.5,-0.5,0.0,0.5,-0.6666666666666666,-0.16666666666666666,-1.0,0.0,0.0,3.0,0.0,0.5714285714285714,0.8,2.3333333333333335,-0.4,-1.2000000000000002,1.5333333333333337,0.38961038961038963,-0.024393853054369315
1.0,0.0,1.0,0.0,1.0,0.0,0.0,0.0,0.0,0.0,1.0,0.0,0.0,0.0,0.0,0.0,0.0,0.0,1.0,0.0,0.5384615384615384,0.25,0.5,0.0,0.0,0.5,-0.6666666666666666,0.8333333333333334,-1.0,-1.0,-0.1111111111111111,2.0,0.0,0.42857142857142855,0.8,0.0,0.8,0.8333333333333334,-0.07407407407407407,0.34994096812278636,-0.6785371269030599
0.0,1.0,0.0,1.0,1.0,0.0,0.0,0.0,0.0,0.0,0.0,0.0,0.0,0.0,0.0,1.0,0.0,1.0,0.0,0.0,-0.15384615384615385,0.08333333333333333,-0.5,0.0,0.0,-1.0,1.0,0.5,-0.5,0.0,-0.4444444444444444,-2.0,0.0,-0.2857142857142857,-0.2,0.0,-0.2,0.0,0.25000000000000006,-0.46044864226682414,0.2491313427052509
1.0,0.0,0.0,1.0,0.0,1.0,0.0,0.0,0.0,0.0,0.0,0.0,0.0,0.0,0.0,1.0,0.0,0.0,1.0,1.0,0.7692307692307693,-0.16666666666666666,0.5,-1.0,0.0,0.5,0.6666666666666666,1.1666666666666667,0.0,-1.0,0.4444444444444444,1.0,0.0,0.5714285714285714,0.6,-0.3333333333333333,1.0,0.9000000000000001,-0.3333333333333333,-0.08642266824085014,0.13594945100066863
1.0,0.0,1.0,0.0,1.0,0.0,0.0,0.0,0.0,0.0,0.0,0.0,0.0,1.0,0.0,0.0,0.0,1.0,0.0,1.0,1.0769230769230769,-0.5,0.0,-1.0,0.0,-0.5,0.3333333333333333,0.8333333333333334,-1.0,-1.0,2.0,-2.0,-1.0,0.42857142857142855,0.0,-0.3333333333333333,0.8,0.8333333333333334,-0.3333333333333333,-0.7936326995888124,1.22879435376865
0.0,1.0,0.0,1.0,1.0,0.0,0.0,0.0,0.0,0.0,0.0,0.0,0.0,0.0,0.0,1.0,0.0,1.0,0.0,0.0,0.07692307692307693,-0.5,0.5,-1.0,-1.0,0.0,1.0,-0.5,0.0,-1.0,0.7777777777777778,-1.0,-2.0,1.2857142857142858,-0.4,3.3333333333333335,0.8,-0.09999999999999998,1.3777777777777775,0.3014561196379378,0.7159484025474612
1.0,0.0,0.0,1.0,1.0,0.0,0.0,0.0,0.0,0.0,0.0,0.0,0.0,0.0,0.0,1.0,0.0,0.0,1.0,0.0,-0.5384615384615384,-0.4166666666666667,-0.5,-0.5,0.0,0.5,-0.3333333333333333,0.6666666666666666,-1.0,-1.0,0.0,0.0,-1.0,0.7142857142857143,0.8,-0.3333333333333333,1.2,0.9545454545454547,-0.3333333333333333,0.5879574970484059,-0.08987881951660351
1.0,0.0,0.0,1.0,0.0,1.0,0.0,0.0,0.0,0.0,0.0,0.0,0.0,0.0,0.0,1.0,0.0,1.0,0.0,0.0,0.6153846153846154,-0.5,1.0,-1.0,0.0,0.0,1.6666666666666667,-0.3333333333333333,0.0,0.0,0.1111111111111111,1.0,-1.0,-0.5714285714285714,-0.6,-0.3333333333333333,-0.6,-1.5,-0.3333333333333333,-1.2136953955135772,-0.046125660233341206
0.0,1.0,1.0,0.0,1.0,0.0,0.0,0.0,0.0,0.0,0.0,0.0,0.0,0.0,1.0,0.0,0.0,0.0,1.0,0.0,0.6153846153846154,1.0833333333333333,0.0,0.5,0.0,-0.5,-0.3333333333333333,-0.16666666666666666,0.0,-1.0,-0.4444444444444444,0.0,-1.0,0.0,-0.2,0.0,0.0,0.0,0.05555555555555555,0.16292798110979928,-0.3627148975743127
0.0,0.0,1.0,0.0,1.0,0.0,0.0,0.0,0.0,0.0,1.0,0.0,0.0,0.0,0.0,0.0,0.0,1.0,0.0,0.0,-0.07692307692307693,-0.3333333333333333,0.0,0.0,-1.0,0.0,-0.3333333333333333,0.6666666666666666,0.0,1.0,-1.0,0.0,0.0,-0.5714285714285714,-0.6,-0.3333333333333333,-0.6,-1.5,-0.3333333333333333,-0.30460448642266824,-1.2980926826383044
1.0,0.0,1.0,0.0,1.0,0.0,0.0,0.0,0.0,0.0,0.0,0.0,1.0,0.0,0.0,0.0,0.0,0.0,0.0,0.0,1.3846153846153846,-0.5,0.5,0.5,0.0,0.0,1.6666666666666667,0.5,-1.0,0.0,2.5555555555555554,-1.0,-2.0,0.0,0.2,0.0,0.2,0.4999999999999999,0.05555555555555555,-1.074657962358497,0.7062888016817305
0.0,1.0,0.0,1.0,0.0,0.0,1.0,0.0,0.0,0.0,0.0,1.0,0.0,0.0,0.0,0.0,0.0,1.0,0.0,0.0,0.9230769230769231,1.8333333333333333,-1.0,-1.0,0.0,0.0,0.3333333333333333,1.1666666666666667,-0.5,0.0,0.5555555555555556,0.0,-2.0,-0.7142857142857143,-0.6,-0.3333333333333333,-0.6,-1.5,-0.3333333333333333,-1.395513577331759,0.8725559731495423
1.0,0.0,1.0,0.0,1.0,0.0,0.0,0.0,0.0,0.0,0.0,0.0,1.0,0.0,0.0,0.0,0.0,1.0,0.0,0.0,-0.38461538461538464,-0.5,-1.0,0.0,0.0,-1.0,-0.3333333333333333,-0.3333333333333333,0.0,0.0,-0.6666666666666666,-2.0,0.0,-0.14285714285714285,0.0,-0.3333333333333333,0.0,0.29999999999999993,-0.3333333333333333,0.34994096812278636,-0.1788489152887294
0.0,1.0,1.0,0.0,1.0,0.0,0.0,0.0,0.0,0.0,0.0,0.0,0.0,0.0,1.0,0.0,0.0,1.0,0.0,0.0,-0.3076923076923077,-0.16666666666666666,-0.5,0.5,-1.0,-0.5,0.3333333333333333,-0.3333333333333333,-1.0,0.0,0.2222222222222222,-1.0,0.0,0.2857142857142857,-0.4,0.3333333333333333,0.4,0.375,0.25000000000000006,-0.2206884025065844,0.1532890481684061
0.0,1.0,0.0,1.0,1.0,0.0,0.0,0.0,0.0,0.0,0.0,0.0,0.0,0.0,0.0,1.0,0.0,1.0,0.0,0.0,0.46153846153846156,-0.5,-1.0,-0.5,0.0,0.0,-0.3333333333333333,1.8333333333333333,0.0,-1.0,1.1111111111111112,0.0,0.0,2.142857142857143,2.6,3.3333333333333335,0.6,-0.6428571428571429,0.8888888888888891,0.6824085005903185,-0.018746157023326986
1.0,0.0,1.0,0.0,0.0,0.0,1.0,0.0,0.0,0.0,1.0,0.0,0.0,0.0,0.0,0.0,0.0,1.0,0.0,0.0,-0.38461538461538464,0.6666666666666666,0.0,0.0,0.0,0.0,-0.3333333333333333,-0.3333333333333333,0.0,0.0,-0.8888888888888888,2.0,-1.0,-0.42857142857142855,-0.2,0.3333333333333333,-0.2,0.4999999999999999,1.222222222222222,0.059031877213695266,-0.6202143831832452
0.0,1.0,1.0,0.0,1.0,0.0,0.0,0.0,0.0,0.0,1.0,0.0,0.0,0.0,0.0,0.0,0.0,0.0,1.0,0.0,0.0,0.75,0.5,0.0,1.0,-1.0,-0.3333333333333333,0.3333333333333333,0.0,-1.0,0.8888888888888888,-2.0,0.0,1.7142857142857142,2.0,4.666666666666667,2.2,0.8333333333333334,1.6111111111111112,0.5566395327160877,-0.5728662214528127
0.0,1.0,1.0,0.0,1.0,0.0,0.0,0.0,0.0,0.0,0.0,0.0,0.0,0.0,1.0,0.0,0.0,0.0,1.0,0.0,0.23076923076923078,1.4166666666666667,-1.0,-1.0,0.0,0.5,1.6666666666666667,-0.16666666666666666,-1.0,-1.0,0.8888888888888888,-1.0,0.0,0.2857142857142857,0.8,0.0,0.8,1.125,-0.04166666666666665,-0.591685826135587,-0.18808122027625
0.0,1.0,1.0,0.0,0.0,0.0,0.0,0.0,1.0,0.0,0.0,0.0,0.0,0.0,1.0,0.0,0.0,0.0,1.0,0.0,-0.5384615384615384,-0.5,0.5,-1.0,-1.0,-1.0,1.3333333333333333,-0.16666666666666666,0.0,-1.0,0.1111111111111111,-1.0,-2.0,0.5714285714285714,0.8,-0.3333333333333333,0.8,0.5999999999999999,-0.3333333333333333,0.24085005903187715,-0.7153247374519127
0.0,1.0,0.0,1.0,0.0,0.0,0.0,1.0,0.0,0.0,0.0,0.0,0.0,0.0,0.0,0.0,1.0,0.0,1.0,0.0,-0.7692307692307693,-0.16666666666666666,0.0,0.5,-1.0,0.0,-0.6666666666666666,0.6666666666666666,0.5,-1.0,-0.5555555555555556,-1.0,0.0,-0.14285714285714285,-0.2,-0.3333333333333333,-0.6,-1.5,-0.3333333333333333,0.059031877213695266,-0.4984041341913457
0.0,0.0,0.0,1.0,0.0,1.0,0.0,0.0,0.0,0.0,0.0,0.0,0.0,0.0,0.0,1.0,0.0,0.0,1.0,1.0,-0.15384615384615385,1.0,0.0,-1.0,1.0,0.5,2.0,-0.16666666666666666,-0.5,-1.0,-0.1111111111111111,0.0,-1.0,0.0,-0.2,-0.3333333333333333,0.2,0.4999999999999999,-0.3333333333333333,-0.30460448642266824,0.055381060136748934
0.0,1.0,0.0,1.0,0.0,0.0,0.0,0.0,1.0,0.0,0.0,0.0,0.0,0.0,0.0,1.0,0.0,0.0,0.0,0.0,0.7692307692307693,-0.3333333333333333,0.0,-1.0,1.0,-1.0,0.0,-0.3333333333333333,0.5,0.0,1.6666666666666667,2.0,0.0,2.0,2.8,0.3333333333333333,1.0,-0.29999999999999993,-0.09999999999999998,0.1988920170738351,0.9259772095736855
1.0,0.0,1.0,0.0,0.0,0.0,1.0,0.0,0.0,0.0,1.0,0.0,0.0,0.0,0.0,0.0,0.0,1.0,0.0,0.0,0.15384615384615385,-0.4166666666666667,-0.5,0.0,-1.0,-0.5,0.6666666666666666,0.0,-0.5,0.0,-0.1111111111111111,1.0,-1.0,0.14285714285714285,-0.4,-0.3333333333333333,0.4,0.6428571428571429,-0.3333333333333333,-0.08642266824085014,-0.6735060638568845
0.0,1.0,1.0,0.0,0.0,0.0,1.0,0.0,0.0,0.0,0.0,0.0,0.0,1.0,0.0,0.0,0.0,0.0,0.0,0.0,1.4615384615384615,-0.5,0.5,-0.5,1.0,0.5,0.0,-0.16666666666666666,0.5,1.0,2.3333333333333335,1.0,1.0,0.2857142857142857,0.8,-0.3333333333333333,-0.6,-1.5,-0.3333333333333333,-0.9182408500590319,1.0288106485841244
0.0,1.0,0.0,1.0,1.0,0.0,0.0,0.0,0.0,0.0,0.0,0.0,0.0,0.0,0.0,1.0,0.0,0.0,1.0,0.0,0.23076923076923078,-0.4166666666666667,1.0,-1.0,1.0,0.0,-0.6666666666666666,0.6666666666666666,0.5,-1.0,-0.1111111111111111,0.0,0.0,0.42857142857142855,0.8,-0.3333333333333333,0.8,0.8333333333333334,-0.3333333333333333,0.34994096812278636,0.4325821544105863
0.0,0.0,0.0,1.0,0.0,0.0,0.0,1.0,0.0,0.0,0.0,0.0,0.0,0.0,0.0,1.0,0.0,0.0,0.0,0.0,0.3076923076923077,1.75,0.0,0.0,-2.0,-1.0,0.3333333333333333,0.16666666666666666,0.0,0.0,1.1111111111111112,-1.0,0.0,-0.5714285714285714,-0.6,-0.3333333333333333,-0.4,0.0,-0.3333333333333333,-1.2916174734356554,0.7445276323432214
1.0,0.0,0.0,1.0,0.0,1.0,0.0,0.0,0.0,0.0,0.0,0.0,0.0,0.0,0.0,0.0,1.0,1.0,0.0,0.0,-0.15384615384615385,-0.4166666666666667,0.5,0.0,0.0,0.0,1.3333333333333333,0.6666666666666666,0.5,0.0,-0.4444444444444444,0.0,0.0,-0.14285714285714285,0.0,0.0,-0.2,-0.29999999999999993,0.1333333333333334,-0.14876033057851248,-0.7696779372772481
0.0,1.0,1.0,0.0,0.0,0.0,0.0,0.0,1.0,0.0,0.0,0.0,0.0,0.0,1.0,0.0,0.0,1.0,0.0,0.0,-0.5384615384615384,1.5,1.0,0.0,-1.0,-0.5,1.0,0.3333333333333333,-0.5,-1.0,-0.4444444444444444,-1.0,1.0,-0.42857142857142855,-0.2,0.0,-0.4,-0.5000000000000001,0.4444444444444444,-0.7721369539551358,-0.6438650047316413
0.0,1.0,1.0,0.0,0.0,0.0,0.0,0.0,1.0,0.0,1.0,0.0,0.0,0.0,0.0,0.0,0.0,1.0,0.0,0.0,1.5384615384615385,0.0,-0.5,0.5,0.0,0.0,2.0,-0.5,0.5,0.0,0.4444444444444444,1.0,-2.0,0.7142857142857143,1.2,2.6666666666666665,1.0,0.6818181818181819,1.575757575757576,0.059031877213695266,-0.7246460689491556
0.0,1.0,0.0,1.0,0.0,0.0,1.0,0.0,0.0,0.0,0.0,0.0,0.0,0.0,0.0,0.0,1.0,1.0,0.0,0.0,-0.3076923076923077,-0.5,0.5,-0.5,-1.0,-0.5,-0.6666666666666666,0.0,-0.5,0.0,-0.7777777777777778,-1.0,0.0,-0.42857142857142855,-0.2,0.3333333333333333,-0.2,0.4999999999999999,1.222222222222222,-0.30460448642266824,-0.7535896410690558
0.0,1.0,1.0,0.0,0.0,0.0,1.0,0.0,0.0,0.0,0.0,0.0,0.0,0.0,0.0,0.0,0.0,1.0,0.0,0.0,1.3076923076923077,1.4166666666666667,0.5,-0.5,1.0,0.5,0.3333333333333333,0.16666666666666666,0.0,-1.0,0.1111111111111111,-1.0,0.0,-0.14285714285714285,0.0,0.0,-0.2,-0.29999999999999993,0.1333333333333334,-0.6682408500590319,0.3204259360253548
0.0,1.0,1.0,0.0,1.0,0.0,0.0,0.0,0.0,0.0,1.0,0.0,0.0,0.0,0.0,0.0,0.0,1.0,0.0,1.0,-1.0,-0.08333333333333333,0.0,0.0,1.0,-1.0,-0.3333333333333333,1.1666666666666667,0.0,1.0,-1.0,-1.0,0.0,-0.7142857142857143,-0.6,-0.3333333333333333,-0.6,-1.5,-0.3333333333333333,-1.395513577331759,-1.0857348899782102
0.0,0.0,0.0,1.0,0.0,1.0,0.0,0.0,0.0,0.0,0.0,0.0,0.0,0.0,0.0,1.0,0.0,1.0,0.0,1.0,-0.07692307692307693,0.08333333333333333,-0.5,0.0,-1.0,0.5,0.6666666666666666,-0.5,-0.5,0.0,0.6666666666666666,3.0,-1.0,1.1428571428571428,-0.2,1.0,1.8,1.0714285714285714,0.3333333333333333,0.2729356205292032,0.6948788043979712
0.0,1.0,1.0,0.0,1.0,0.0,0.0,0.0,0.0,0.0,0.0,0.0,0.0,0.0,0.0,0.0,0.0,0.0,1.0,0.0,0.9230769230769231,-0.08333333333333333,0.0,-1.0,-1.0,0.0,0.0,-0.16666666666666666,0.5,-1.0,1.0,-3.0,0.0,-0.42857142857142855,-0.2,0.3333333333333333,-0.2,0.4999999999999999,1.222222222222222,-1.177331759149941,-0.15794801912802775
0.0,0.0,0.0,1.0,0.0,0.0,1.0,0.0,0.0,0.0,0.0,0.0,0.0,0.0,0.0,1.0,0.0,0.0,1.0,0.0,-0.7692307692307693,1.8333333333333333,-0.5,-0.5,-2.0,-1.0,2.0,0.6666666666666666,0.5,-1.0,-0.3333333333333333,3.0,0.0,-0.42857142857142855,-0.2,0.3333333333333333,-0.2,0.4999999999999999,1.222222222222222,-0.8500590318772137,-0.006782884271030566
1.0,0.0,1.0,0.0,0.0,0.0,1.0,0.0,0.0,0.0,0.0,0.0,0.0,0.0,1.0,0.0,0.0,1.0,0.0,0.0,-0.07692307692307693,-0.5,0.0,-0.5,0.0,-1.0,0.6666666666666666,-0.16666666666666666,0.5,0.0,-0.5555555555555556,-1.0,-1.0,-0.2857142857142857,-0.2,0.0,-0.2,0.0,0.25000000000000006,-0.30460448642266824,-0.7856082370446822
1.0,0.0,1.0,0.0,1.0,0.0,0.0,0.0,0.0,0.0,0.0,0.0,0.0,0.0,0.0,0.0,0.0,1.0,0.0,1.0,-0.07692307692307693,0.9166666666666666,0.5,0.0,0.0,0.0,-0.3333333333333333,0.0,0.5,1.0,0.0,-1.0,1.0,0.7142857142857143,-0.2,-0.3333333333333333,-0.2,-0.9545454545454546,-0.3333333333333333,0.5879574970484059,0.1221484997009082
0.0,1.0,1.0,0.0,1.0,0.0,0.0,0.0,0.0,0.0,0.0,0.0,0.0,0.0,1.0,0.0,0.0,0.0,1.0,0.0,0.15384615384615385,-0.5,-1.0,0.0,0.0,-1.0,0.3333333333333333,0.5,0.5,-1.0,-0.2222222222222222,0.0,-1.0,-0.7142857142857143,-0.6,-0.3333333333333333,-0.6,-1.5,-0.3333333333333333,-1.395513577331759,-0.6169350929807147
0.0,1.0,0.0,1.0,1.0,0.0,0.0,0.0,0.0,0.0,0.0,1.0,0.0,0.0,0.0,0.0,0.0,0.0,1.0,0.0,1.4615384615384615,0.9166666666666666,1.0,-1.0,0.0,-0.5,0.3333333333333333,1.5,0.5,-1.0,3.0,-1.0,0.0,0.7142857142857143,1.2,2.0,0.8,0.40909090909090906,1.1515151515151516,-0.8213508979059219,1.1559686640094982
0.0,1.0,0.0,1.0,0.0,1.0,0.0,0.0,0.0,0.0,0.0,0.0,0.0,0.0,0.0,1.0,0.0,1.0,0.0,1.0,0.07692307692307693,-0.4166666666666667,0.0,0.5,0.0,0.0,0.6666666666666666,-0.5,0.0,0.0,0.7777777777777778,0.0,-1.0,-0.2857142857142857,-0.6,0.0,-0.6,-1.5,0.25000000000000006,-1.0318772136953955,0.6209141818381109
0.0,1.0,0.0,1.0,0.0,0.0,1.0,0.0,0.0,0.0,0.0,0.0,0.0,0.0,0.0,0.0,1.0,0.0,1.0,0.0,-0.46153846153846156,0.16666666666666666,0.0,-0.5,0.0,0.5,-0.3333333333333333,-0.16666666666666666,0.0,-1.0,-1.0,0.0,-1.0,-0.5714285714285714,-0.6,-0.3333333333333333,-0.6,-1.5,-0.3333333333333333,-0.30460448642266824,-1.459730712364929
0.0,1.0,0.0,1.0,0.0,1.0,0.0,0.0,0.0,0.0,0.0,1.0,0.0,0.0,0.0,0.0,0.0,1.0,0.0,0.0,1.1538461538461537,1.5833333333333333,0.5,-1.0,0.0,0.0,0.0,0.0,0.0,0.0,2.111111111111111,-1.0,-1.0,2.142857142857143,0.6,1.0,2.8,0.9285714285714286,0.1111111111111111,0.059031877213695266,1.125602678649907
1.0,0.0,1.0,0.0,1.0,0.0,0.0,0.0,0.0,0.0,0.0,0.0,1.0,0.0,0.0,0.0,0.0,1.0,0.0,0.0,-0.38461538461538464,0.0,-0.5,0.0,-1.0,0.0,-0.3333333333333333,1.6666666666666667,-1.0,0.0,0.0,-1.0,0.0,0.7142857142857143,1.2,2.3333333333333335,1.2,0.9545454545454547,1.363636363636364,0.5879574970484059,0.5531630993502142
0.0,1.0,0.0,1.0,0.0,1.0,0.0,0.0,0.0,0.0,0.0,1.0,0.0,0.0,0.0,0.0,0.0,0.0,0.0,0.0,1.6153846153846154,1.8333333333333333,0.0,-1.0,-1.0,0.5,0.3333333333333333,-0.3333333333333333,0.0,0.0,2.4444444444444446,0.0,-1.0,-0.5714285714285714,-0.6,-0.3333333333333333,-0.6,-1.5,-0.3333333333333333,-1.3293978748524202,0.988243016822375
0.0,1.0,1.0,0.0,1.0,0.0,0.0,0.0,0.0,0.0,0.0,0.0,0.0,0.0,1.0,0.0,0.0,1.0,0.0,1.0,-0.3076923076923077,0.16666666666666666,0.5,-1.0,0.0,0.5,-0.3333333333333333,-0.3333333333333333,0.5,0.0,-0.4444444444444444,-1.0,-1.0,0.14285714285714285,0.2,-0.3333333333333333,0.4,0.6428571428571429,-0.3333333333333333,0.4746162927981108,0.2226740123974765
0.0,1.0,1.0,0.0,1.0,0.0,0.0,0.0,0.0,0.0,1.0,0.0,0.0,0.0,0.0,0.0,0.0,1.0,0.0,1.0,0.38461538461538464,0.4166666666666667,0.5,-0.5,0.0,0.5,0.3333333333333333,-0.5,-1.0,0.0,-0.4444444444444444,1.0,0.0,-0.5714285714285714,-0.6,-0.3333333333333333,-0.6,-1.5,-0.3333333333333333,-1.0838252656434475,-0.04652540739904565
1.0,0.0,1.0,0.0,1.0,0.0,0.0,0.0,0.0,0.0,1.0,0.0,0.0,0.0,0.0,0.0,0.0,1.0,0.0,1.0,0.15384615384615385,-0.4166666666666667,-0.5,0.5,0.0,0.5,-0.3333333333333333,1.5,0.0,0.0,-1.0,0.0,0.0,-0.5714285714285714,-0.6,-0.3333333333333333,-0.6,-1.5,-0.3333333333333333,-0.30460448642266824,-1.0274700183471457
1.0,0.0,1.0,0.0,0.0,0.0,1.0,0.0,0.0,0.0,0.0,0.0,0.0,0.0,1.0,0.0,0.0,0.0,1.0,0.0,-0.6923076923076923,-0.4166666666666667,0.0,0.5,0.0,0.5,0.0,-0.16666666666666666,0.0,-1.0,-0.4444444444444444,-3.0,-1.0,-0.14285714285714285,-0.2,0.0,-0.2,-0.29999999999999993,0.1333333333333334,-0.14876033057851248,-0.6312275707997758
0.0,0.0,0.0,1.0,0.0,0.0,1.0,0.0,0.0,0.0,0.0,0.0,0.0,0.0,0.0,1.0,0.0,0.0,0.0,0.0,0.07692307692307693,0.16666666666666666,0.5,-1.0,0.0,-0.5,-0.3333333333333333,-0.16666666666666666,0.5,0.0,-0.1111111111111111,3.0,0.0,0.5714285714285714,0.4,2.0,0.8,0.5999999999999999,1.3,0.5681227863046044,0.5414776277858911
0.0,1.0,0.0,1.0,0.0,1.0,0.0,0.0,0.0,0.0,0.0,0.0,0.0,0.0,0.0,1.0,0.0,0.0,0.0,1.0,0.6153846153846154,-0.5,1.0,-0.5,0.0,-1.0,1.0,1.1666666666666667,0.0,0.0,-0.1111111111111111,-1.0,-1.0,-0.14285714285714285,0.0,0.0,0.0,0.29999999999999993,0.1333333333333334,-0.5227863046044864,0.08195333627509763
0.0,1.0,1.0,0.0,1.0,0.0,0.0,0.0,0.0,0.0,0.0,0.0,1.0,0.0,0.0,0.0,0.0,0.0,0.0,0.0,-0.5384615384615384,1.1666666666666667,0.5,-0.5,1.0,-1.0,-0.3333333333333333,-0.5,0.0,0.0,0.0,-2.0,0.0,0.7142857142857143,1.2,2.3333333333333335,1.0,0.6818181818181819,1.363636363636364,0.5879574970484059,0.6577072473130717
0.0,1.0,0.0,1.0,0.0,1.0,0.0,0.0,0.0,0.0,0.0,0.0,0.0,0.0,0.0,1.0,0.0,0.0,1.0,0.0,-0.07692307692307693,-0.5,0.5,0.0,-1.0,-1.0,-0.6666666666666666,0.0,-0.5,-1.0,0.6666666666666666,-1.0,0.0,1.4285714285714286,2.0,0.3333333333333333,1.0,0.0,-0.04166666666666665,0.5296201125078129,-0.14190466607950722
0.0,1.0,1.0,0.0,1.0,0.0,0.0,0.0,0.0,0.0,0.0,0.0,0.0,0.0,1.0,0.0,0.0,1.0,0.0,0.0,-0.46153846153846156,0.75,-1.0,-0.5,0.0,0.5,-0.3333333333333333,-0.3333333333333333,-0.5,0.0,0.0,-1.0,-1.0,0.7142857142857143,-0.6,-0.3333333333333333,1.0,0.6818181818181819,-0.3333333333333333,0.5879574970484059,-0.5324083286995378
0.0,1.0,1.0,0.0,0.0,0.0,1.0,0.0,0.0,0.0,0.0,0.0,1.0,0.0,0.0,0.0,0.0,1.0,0.0,1.0,0.15384615384615385,-0.4166666666666667,-0.5,0.5,-1.0,0.0,0.3333333333333333,0.8333333333333334,0.5,0.0,0.0,3.0,1.0,0.0,0.2,-0.3333333333333333,-0.2,-0.5000000000000001,-0.3333333333333333,-0.40377804014167656,0.4174684399719335
0.0,1.0,0.0,1.0,1.0,0.0,0.0,0.0,0.0,0.0,0.0,0.0,0.0,0.0,0.0,1.0,0.0,1.0,0.0,0.0,-0.15384615384615385,0.16666666666666666,-1.0,-0.5,0.0,0.0,-0.3333333333333333,1.0,-1.0,-1.0,-0.4444444444444444,0.0,-1.0,0.14285714285714285,0.4,0.0,0.0,-0.21428571428571436,0.0,0.4746162927981108,0.12632648635344418
0.0,1.0,0.0,1.0,0.0,1.0,0.0,0.0,0.0,0.0,0.0,1.0,0.0,0.0,0.0,0.0,0.0,1.0,0.0,0.0,0.46153846153846156,-0.16666666666666666,-0.5,0.5,0.0,0.0,1.3333333333333333,-0.16666666666666666,-0.5,-1.0,1.2222222222222223,0.0,1.0,-0.5714285714285714,-0.6,-0.3333333333333333,-0.6,-1.5,-0.3333333333333333,-1.296340023612751,1.2356393889266997
0.0,1.0,1.0,0.0,1.0,0.0,0.0,0.0,0.0,0.0,0.0,0.0,1.0,0.0,0.0,0.0,0.0,0.0,1.0,0.0,0.9230769230769231,-0.25,0.0,0.5,0.0,0.5,-0.3333333333333333,-0.5,0.0,-1.0,0.1111111111111111,-1.0,0.0,0.7142857142857143,1.2,-0.3333333333333333,1.0,0.6818181818181819,-0.3333333333333333,0.42266824085005905,0.4347562935187325
0.0,1.0,1.0,0.0,0.0,0.0,0.0,0.0,1.0,0.0,0.0,0.0,0.0,0.0,0.0,0.0,0.0,0.0,1.0,0.0,0.23076923076923078,-0.4166666666666667,0.5,0.5,-1.0,0.0,-0.3333333333333333,-0.5,-1.0,-1.0,1.1111111111111112,1.0,0.0,2.142857142857143,0.8,3.3333333333333335,1.4,-0.07142857142857151,0.8888888888888891,0.6824085005903185,-0.09008806251427401
0.0,0.0,1.0,0.0,1.0,0.0,0.0,0.0,0.0,0.0,0.0,0.0,1.0,0.0,0.0,0.0,0.0,0.0,0.0,1.0,1.0,0.9166666666666666,0.5,0.5,0.0,0.5,-0.3333333333333333,0.16666666666666666,-1.0,1.0,-0.3333333333333333,-3.0,0.0,0.2857142857142857,0.8,0.0,0.8,1.125,-0.04166666666666665,0.5135773317591499,0.2926848645808937
0.0,1.0,0.0,1.0,1.0,0.0,0.0,0.0,0.0,0.0,0.0,1.0,0.0,0.0,0.0,0.0,0.0,0.0,1.0,1.0,0.38461538461538464,-0.08333333333333333,0.0,0.5,0.0,0.5,0.3333333333333333,0.6666666666666666,0.0,-1.0,0.6666666666666666,0.0,0.0,-0.5714285714285714,-0.6,-0.3333333333333333,-0.6,-1.5,-0.3333333333333333,-1.2671713313424542,0.951990979682808
0.0,1.0,0.0,0.0,0.0,0.0,0.0,0.0,0.0,1.0,0.0,0.0,0.0,0.0,0.0,0.0,0.0,1.0,0.0,1.0,-0.46153846153846156,0.16666666666666666,0.0,0.0,0.0,0.5,-0.6666666666666666,0.8333333333333334,0.5,-1.0,0.2222222222222222,-1.0,-2.0,0.8571428571428571,1.2,1.0,0.8,0.2500000000000001,0.4444444444444444,0.4506402688220869,0.22643456194238232
0.0,0.0,1.0,0.0,1.0,0.0,0.0,0.0,0.0,0.0,0.0,0.0,0.0,0.0,1.0,0.0,0.0,0.0,0.0,0.0,0.3076923076923077,0.75,-0.5,0.0,0.0,0.0,2.3333333333333335,0.3333333333333333,-0.5,0.0,-0.4444444444444444,-3.0,0.0,-0.14285714285714285,-0.2,-0.3333333333333333,-0.6,-1.5,-0.3333333333333333,-0.14876033057851248,-0.32878318918285265
1.0,0.0,0.0,1.0,1.0,0.0,0.0,0.0,0.0,0.0,0.0,0.0,0.0,0.0,0.0,0.0,1.0,0.0,1.0,0.0,-0.38461538461538464,-0.5,0.5,-0.5,-2.0,0.0,-0.3333333333333333,-0.3333333333333333,-0.5,-1.0,-1.0,0.0,0.0,-0.5714285714285714,-0.6,-0.3333333333333333,-0.6,-1.5,-0.3333333333333333,-0.30460448642266824,-1.2418054820879831
0.0,1.0,0.0,0.0,1.0,0.0,0.0,0.0,0.0,1.0,0.0,0.0,0.0,0.0,0.0,0.0,0.0,0.0,1.0,0.0,0.6153846153846154,-0.5,0.5,-1.0,-1.0,0.0,0.6666666666666666,-0.5,-0.5,-1.0,0.0,-2.0,1.0,-0.42857142857142855,-0.2,-0.3333333333333333,-0.2,0.4999999999999999,-0.3333333333333333,-0.998819362455726,0.1704780018897745
0.0,1.0,1.0,0.0,0.0,0.0,1.0,0.0,0.0,0.0,1.0,0.0,0.0,0.0,0.0,0.0,0.0,0.0,0.0,0.0,-0.5384615384615384,0.0,-1.0,-1.0,-1.0,0.5,1.3333333333333333,0.0,0.0,2.0,-0.2222222222222222,2.0,0.0,-0.14285714285714285,0.0,-0.3333333333333333,0.0,0.29999999999999993,-0.3333333333333333,-0.4258166076347895,-0.6491177586625811
1.0,0.0,1.0,0.0,1.0,0.0,0.0,0.0,0.0,0.0,0.0,0.0,1.0,0.0,0.0,0.0,0.0,1.0,0.0,0.0,0.15384615384615385,-0.08333333333333333,0.5,-1.0,-1.0,0.0,0.0,-0.5,0.5,0.0,0.0,-2.0,0.0,0.42857142857142855,0.0,2.0,0.8,0.8333333333333334,1.4814814814814814,0.19126328217237307,0.05843007993797202
1.0,0.0,0.0,1.0,0.0,1.0,0.0,0.0,0.0,0.0,0.0,0.0,0.0,0.0,0.0,1.0,0.0,0.0,0.0,0.0,0.38461538461538464,-0.5,0.0,0.0,0.0,-1.0,-0.6666666666666666,0.5,0.5,0.0,0.0,-1.0,0.0,0.5714285714285714,0.0,0.0,0.8,0.5999999999999999,-0.09999999999999998,0.38961038961038963,-0.1892415725796772
0.0,1.0,0.0,1.0,0.0,0.0,1.0,0.0,0.0,0.0,0.0,0.0,0.0,0.0,0.0,1.0,0.0,0.0,0.0,0.0,-0.23076923076923078,-0.5,0.0,-1.0,1.0,-1.0,-0.3333333333333333,1.3333333333333333,-1.0,0.0,-0.1111111111111111,2.0,0.0,0.5714285714285714,1.0,-0.3333333333333333,1.0,0.9000000000000001,-0.3333333333333333,0.5681227863046044,-0.20469212399858144
0.0,1.0,1.0,0.0,0.0,0.0,1.0,0.0,0.0,0.0,0.0,0.0,0.0,1.0,0.0,0.0,0.0,0.0,0.0,1.0,0.6153846153846154,0.0,0.0,-0.5,0.0,0.5,-0.6666666666666666,0.0,0.5,0.0,1.4444444444444444,1.0,-1.0,2.4285714285714284,0.8,0.0,1.4,-0.19565217391304351,-0.2318840579710145,0.6044864226682407,1.2737092327506585
0.0,0.0,1.0,0.0,1.0,0.0,0.0,0.0,0.0,0.0,0.0,0.0,0.0,1.0,0.0,0.0,0.0,1.0,0.0,0.0,0.0,0.08333333333333333,0.0,-1.0,1.0,-1.0,2.3333333333333335,0.0,-1.0,0.0,0.0,-1.0,0.0,0.42857142857142855,0.8,-0.3333333333333333,0.4,0.16666666666666674,-0.3333333333333333,0.19126328217237307,0.8102834588139736
0.0,1.0,0.0,1.0,0.0,0.0,0.0,1.0,0.0,0.0,0.0,0.0,0.0,0.0,0.0,1.0,0.0,0.0,1.0,0.0,-0.15384615384615385,-0.4166666666666667,0.0,0.5,0.0,0.5,-0.3333333333333333,1.3333333333333333,0.0,-1.0,-0.4444444444444444,2.0,0.0,0.14285714285714285,0.4,0.0,0.2,0.2142857142857142,0.0,0.4746162927981108,0.2154118932749109
0.0,1.0,0.0,1.0,0.0,1.0,0.0,0.0,0.0,0.0,0.0,1.0,0.0,0.0,0.0,0.0,0.0,0.0,1.0,0.0,0.7692307692307693,-0.4166666666666667,0.5,-0.5,0.0,-1.0,0.3333333333333333,-0.3333333333333333,0.5,-1.0,1.3333333333333333,-1.0,-1.0,-0.42857142857142855,-0.2,0.3333333333333333,-0.4,-0.5000000000000001,1.222222222222222,-1.2057902571736563,1.2685928607918224
0.0,0.0,1.0,0.0,1.0,0.0,0.0,0.0,0.0,0.0,0.0,0.0,0.0,0.0,1.0,0.0,0.0,0.0,1.0,0.0,0.6153846153846154,0.8333333333333334,0.0,0.5,-2.0,0.0,0.0,-0.16666666666666666,0.5,-1.0,-0.4444444444444444,0.0,0.0,-0.7142857142857143,-0.6,-0.3333333333333333,-0.6,-1.5,-0.3333333333333333,-1.395513577331759,-0.7448138974902931
0.0,0.0,1.0,0.0,1.0,0.0,0.0,0.0,0.0,0.0,0.0,0.0,0.0,0.0,0.0,0.0,0.0,1.0,0.0,0.0,-0.07692307692307693,0.08333333333333333,0.5,0.0,0.0,0.0,-0.3333333333333333,-0.3333333333333333,0.5,0.0,0.5555555555555556,2.0,0.0,1.2857142857142858,1.6,0.3333333333333333,1.2,0.29999999999999993,-0.02222222222222221,0.5135773317591499,-0.1788489152887294
0.0,1.0,1.0,0.0,1.0,0.0,0.0,0.0,0.0,0.0,1.0,0.0,0.0,0.0,0.0,0.0,0.0,1.0,0.0,1.0,-0.5384615384615384,-0.5,-0.5,-0.5,-1.0,-1.0,-0.3333333333333333,-0.5,0.5,0.0,-1.0,-2.0,0.0,-0.5714285714285714,-0.6,-0.3333333333333333,-0.6,-1.5,-0.3333333333333333,-0.30460448642266824,-0.7328263529020907
0.0,1.0,1.0,0.0,1.0,0.0,0.0,0.0,0.0,0.0,0.0,0.0,0.0,0.0,0.0,0.0,0.0,0.0,1.0,0.0,0.15384615384615385,-0.5,0.5,-0.5,1.0,0.5,-0.6666666666666666,-0.16666666666666666,0.0,-1.0,0.0,1.0,-1.0,0.5714285714285714,0.8,0.0,1.0,0.9000000000000001,-0.09999999999999998,0.38961038961038963,0.4012368004970677
0.0,1.0,1.0,0.0,0.0,0.0,1.0,0.0,0.0,0.0,0.0,0.0,1.0,0.0,0.0,0.0,0.0,0.0,0.0,0.0,1.3076923076923077,0.5,-0.5,0.5,1.0,-1.0,-0.3333333333333333,-0.5,0.0,1.0,-0.5555555555555556,0.0,0.0,-0.14285714285714285,-0.2,0.0,0.0,0.29999999999999993,0.1333333333333334,0.059031877213695266,-0.11188994938346021
0.0,1.0,1.0,0.0,1.0,0.0,0.0,0.0,0.0,0.0,0.0,0.0,0.0,1.0,0.0,0.0,0.0,0.0,0.0,0.0,1.0769230769230769,-0.25,-1.0,-1.0,0.0,-0.5,0.3333333333333333,0.0,-1.0,1.0,2.0,1.0,-1.0,0.7142857142857143,0.2,0.0,0.6,0.13636363636363624,-0.12121212121212119,-0.6431624801530758,1.2784499016054995
1.0,0.0,0.0,1.0,0.0,0.0,1.0,0.0,0.0,0.0,0.0,0.0,0.0,0.0,0.0,0.0,1.0,1.0,0.0,0.0,0.07692307692307693,1.1666666666666667,-0.5,0.0,0.0,0.5,1.0,0.16666666666666666,-0.5,0.0,0.0,0.0,0.0,0.0,0.2,-0.3333333333333333,-0.6,-1.5,-0.3333333333333333,-0.40377804014167656,-0.49615838980806026
0.0,1.0,1.0,0.0,0.0,0.0,1.0,0.0,0.0,0.0,0.0,0.0,1.0,0.0,0.0,0.0,0.0,0.0,1.0,0.0,0.07692307692307693,0.25,0.5,0.5,0.0,-1.0,-0.3333333333333333,0.16666666666666666,-0.5,-1.0,0.0,1.0,-2.0,0.7142857142857143,0.0,-0.3333333333333333,1.0,0.6818181818181819,-0.3333333333333333,0.5879574970484059,-0.1640345981109807
0.0,1.0,1.0,0.0,1.0,0.0,0.0,0.0,0.0,0.0,0.0,0.0,0.0,0.0,0.0,0.0,0.0,0.0,0.0,0.0,0.15384615384615385,1.3333333333333333,0.5,0.5,0.0,0.5,2.3333333333333335,0.0,-0.5,0.0,0.0,-1.0,0.0,-0.42857142857142855,-0.2,0.0,-0.2,0.4999999999999999,0.4444444444444444,-0.998819362455726,0.13148188049838014
0.0,1.0,1.0,0.0,1.0,0.0,0.0,0.0,0.0,0.0,0.0,0.0,0.0,0.0,1.0,0.0,0.0,0.0,0.0,0.0,-0.6153846153846154,-0.5,0.0,-1.0,-1.0,0.0,-0.3333333333333333,0.0,0.5,0.0,-1.0,-1.0,-2.0,-0.5714285714285714,-0.6,-0.3333333333333333,-0.6,-1.5,-0.3333333333333333,-0.30460448642266824,-1.1086127382751358
1.0,0.0,1.0,0.0,1.0,0.0,0.0,0.0,0.0,0.0,0.0,0.0,1.0,0.0,0.0,0.0,0.0,1.0,0.0,0.0,1.4615384615384615,-0.4166666666666667,-1.0,0.5,0.0,-0.5,0.3333333333333333,0.6666666666666666,-0.5,0.0,1.4444444444444444,1.0,0.0,-0.2857142857142857,-0.2,0.0,-0.2,0.0,0.25000000000000006,-1.1227863046044864,0.7483552849629023
0.0,1.0,1.0,0.0,1.0,0.0,0.0,0.0,0.0,0.0,0.0,0.0,0.0,0.0,0.0,0.0,0.0,1.0,0.0,0.0,0.15384615384615385,0.8333333333333334,-1.0,0.0,-1.0,0.0,-0.6666666666666666,0.6666666666666666,-1.0,0.0,1.1111111111111112,1.0,-1.0,2.0,1.2,0.0,1.2,-0.14999999999999997,-0.21666666666666665,0.5785123966942148,0.5402903611370863
0.0,1.0,0.0,1.0,0.0,1.0,0.0,0.0,0.0,0.0,0.0,1.0,0.0,0.0,0.0,0.0,0.0,0.0,1.0,1.0,0.6923076923076923,-0.4166666666666667,0.0,-1.0,-2.0,-0.5,0.0,0.3333333333333333,-1.0,-1.0,1.7777777777777777,-1.0,0.0,2.7142857142857144,1.4,0.0,1.6,-0.18,-0.23999999999999996,0.54388036206218,1.262386360196921
0.0,1.0,0.0,0.0,0.0,0.0,0.0,0.0,0.0,1.0,0.0,0.0,0.0,0.0,0.0,0.0,0.0,1.0,0.0,0.0,-0.38461538461538464,0.9166666666666666,1.0,0.5,1.0,-1.0,-0.6666666666666666,0.5,0.0,-1.0,-0.8888888888888888,1.0,0.0,-0.5714285714285714,-0.6,-0.3333333333333333,-0.6,-1.5,-0.3333333333333333,-0.6682408500590319,-0.5016215485541468
0.0,1.0,1.0,0.0,0.0,0.0,1.0,0.0,0.0,0.0,0.0,0.0,0.0,0.0,1.0,0.0,0.0,0.0,0.0,0.0,0.5384615384615384,-0.4166666666666667,-0.5,0.5,1.0,0.0,-0.3333333333333333,-0.3333333333333333,0.5,1.0,-0.4444444444444444,0.0,-1.0,0.0,0.0,0.0,0.2,0.4999999999999999,0.05555555555555555,0.16292798110979928,-0.6075244855754282
0.0,1.0,1.0,0.0,1.0,0.0,0.0,0.0,0.0,0.0,0.0,1.0,0.0,0.0,0.0,0.0,0.0,0.0,0.0,0.0,0.3076923076923077,-0.5,0.5,-1.0,0.0,-1.0,0.0,-0.5,-1.0,0.0,1.3333333333333333,0.0,0.0,2.0,0.8,3.3333333333333335,2.6,0.9000000000000001,0.9500000000000002,0.4068579641702171,1.1552891650651524
0.0,1.0,0.0,1.0,0.0,0.0,0.0,0.0,1.0,0.0,0.0,0.0,0.0,0.0,0.0,1.0,0.0,0.0,1.0,0.0,-0.46153846153846156,0.4166666666666667,0.0,-0.5,0.0,0.0,-0.6666666666666666,-0.5,-0.5,-1.0,-0.4444444444444444,3.0,0.0,0.0,0.2,1.0,0.2,0.4999999999999999,1.222222222222222,0.16292798110979928,0.2603526340052098
0.0,1.0,0.0,1.0,1.0,0.0,0.0,0.0,0.0,0.0,0.0,0.0,0.0,0.0,0.0,1.0,0.0,1.0,0.0,0.0,-0.6153846153846154,1.5833333333333333,0.0,0.0,-1.0,-1.0,-0.3333333333333333,-0.5,0.0,0.0,-0.5555555555555556,-3.0,0.0,0.0,0.0,-0.3333333333333333,0.2,0.4999999999999999,-0.3333333333333333,0.42266824085005905,-0.05495906623633816
1.0,0.0,0.0,1.0,0.0,0.0,1.0,0.0,0.0,0.0,0.0,0.0,0.0,0.0,0.0,0.0,1.0,0.0,1.0,1.0,-1.3846153846153846,-0.3333333333333333,-0.5,-0.5,0.0,0.5,-0.3333333333333333,-0.3333333333333333,0.0,-1.0,-1.1111111111111112,-1.0,1.0,-0.7142857142857143,-0.6,-0.3333333333333333,-0.6,-1.5,-0.3333333333333333,-1.395513577331759,-1.1049637335780138
0.0,1.0,1.0,0.0,1.0,0.0,0.0,0.0,0.0,0.0,1.0,0.0,0.0,0.0,0.0,0.0,0.0,0.0,1.0,0.0,-0.6153846153846154,-0.4166666666666667,0.5,-1.0,0.0,0.0,0.0,-0.5,0.0,-1.0,-0.5555555555555556,2.0,-2.0,-0.7142857142857143,-0.6,-0.3333333333333333,-0.6,-1.5,-0.3333333333333333,-1.395513577331759,-0.34477754455833753
0.0,1.0,0.0,1.0,0.0,0.0,1.0,0.0,0.0,0.0,0.0,0.0,0.0,0.0,0.0,1.0,0.0,1.0,0.0,1.0,0.23076923076923078,-0.3333333333333333,-0.5,0.5,0.0,0.0,0.6666666666666666,0.6666666666666666,-1.0,-1.0,0.2222222222222222,0.0,-1.0,-0.5714285714285714,-0.6,-0.3333333333333333,-0.6,-1.5,-0.3333333333333333,-1.2276814094995911,0.043450362373606305
1.0,0.0,1.0,0.0,1.0,0.0,0.0,0.0,0.0,0.0,0.0,0.0,1.0,0.0,0.0,0.0,0.0,0.0,0.0,0.0,-0.8461538461538461,-0.4166666666666667,-1.0,0.5,1.0,0.0,-0.3333333333333333,0.5,0.0,1.0,-0.3333333333333333,3.0,0.0,0.2857142857142857,0.8,-0.3333333333333333,0.8,1.125,-0.3333333333333333,0.5135773317591499,0.03761157111866061
0.0,1.0,0.0,1.0,1.0,0.0,0.0,0.0,0.0,0.0,0.0,0.0,0.0,0.0,0.0,1.0,0.0,1.0,0.0,0.0,-0.23076923076923078,0.08333333333333333,0.5,-1.0,0.0,-1.0,0.0,-0.16666666666666666,0.5,0.0,-0.2222222222222222,3.0,-2.0,-0.42857142857142855,-0.2,0.3333333333333333,-0.2,0.4999999999999999,1.222222222222222,-0.9106650924832743,0.23316638105073936
0.0,1.0,0.0,1.0,0.0,1.0,0.0,0.0,0.0,0.0,0.0,0.0,0.0,0.0,0.0,1.0,0.0,0.0,1.0,1.0,-0.6153846153846154,0.5,-0.5,0.5,0.0,0.0,0.3333333333333333,-0.5,0.5,-1.0,-0.4444444444444444,-3.0,0.0,-0.42857142857142855,-0.6,0.3333333333333333,-0.2,0.4999999999999999,1.222222222222222,-0.7721369539551358,0.6456000416358576
1.0,0.0,0.0,1.0,0.0,1.0,0.0,0.0,0.0,0.0,0.0,0.0,0.0,0.0,0.0,1.0,0.0,1.0,0.0,0.0,1.8461538461538463,1.75,0.0,0.0,-1.0,-1.0,0.6666666666666666,0.8333333333333334,0.5,-1.0,1.3333333333333333,2.0,1.0,1.8571428571428572,2.0,4.0,1.6,0.23684210526315796,1.263157894736842,0.31199630409116574,0.6846309272594865
1.0,0.0,0.0,1.0,1.0,0.0,0.0,0.0,0.0,0.0,0.0,0.0,0.0,0.0,0.0,1.0,0.0,0.0,1.0,1.0,0.46153846153846156,0.4166666666666667,0.0,0.0,0.0,-1.0,-0.6666666666666666,-0.3333333333333333,-0.5,-1.0,1.3333333333333333,-1.0,-1.0,2.2857142857142856,1.2,4.0,2.2,0.40909090909090906,1.0454545454545456,0.5965812843283197,0.9636287636803085
0.0,1.0,1.0,0.0,0.0,0.0,1.0,0.0,0.0,0.0,0.0,0.0,0.0,0.0,0.0,0.0,0.0,0.0,1.0,0.0,-0.15384615384615385,0.08333333333333333,-0.5,-0.5,0.0,0.0,0.3333333333333333,-0.5,0.5,-1.0,0.0,-1.0,0.0,0.0,-0.4,1.0,0.0,0.0,1.222222222222222,-0.40377804014167656,0.19515092170286727
0.0,1.0,0.0,1.0,0.0,1.0,0.0,0.0,0.0,0.0,0.0,0.0,0.0,0.0,0.0,1.0,0.0,1.0,0.0,1.0,0.8461538461538461,-0.4166666666666667,-0.5,0.0,0.0,0.5,-0.6666666666666666,1.3333333333333333,-1.0,0.0,-0.2222222222222222,-1.0,0.0,0.2857142857142857,0.6,2.0,0.8,1.125,1.7083333333333335,0.3014561196379378,-0.09344221372531256
0.0,1.0,1.0,0.0,0.0,0.0,1.0,0.0,0.0,0.0,0.0,0.0,0.0,0.0,0.0,0.0,0.0,1.0,0.0,0.0,1.5384615384615385,0.16666666666666666,0.0,0.0,0.0,0.5,1.6666666666666667,-0.5,0.0,-1.0,2.2222222222222223,-2.0,-1.0,0.7142857142857143,0.8,0.0,-0.4,-1.2272727272727273,-0.12121212121212119,-0.6917012606162166,0.759317830381733
0.0,0.0,1.0,0.0,0.0,0.0,0.0,0.0,1.0,0.0,0.0,0.0,0.0,0.0,1.0,0.0,0.0,0.0,1.0,0.0,-0.3076923076923077,-0.16666666666666666,0.5,-0.5,0.0,-0.5,0.0,0.0,-0.5,-1.0,0.2222222222222222,0.0,0.0,0.2857142857142857,0.8,-0.3333333333333333,0.8,1.125,-0.3333333333333333,-0.2206884025065844,-0.5815885707270251
0.0,1.0,1.0,0.0,0.0,0.0,1.0,0.0,0.0,0.0,0.0,1.0,0.0,0.0,0.0,0.0,0.0,1.0,0.0,0.0,1.0,-0.25,-0.5,-1.0,-1.0,0.0,0.0,-0.16666666666666666,0.0,0.0,1.4444444444444444,-1.0,1.0,-0.5714285714285714,-0.6,-0.3333333333333333,-0.6,-1.5,-0.3333333333333333,-1.3046044864226682,1.2566486074629
1.0,0.0,1.0,0.0,0.0,0.0,1.0,0.0,0.0,0.0,0.0,0.0,0.0,0.0,1.0,0.0,0.0,1.0,0.0,1.0,0.07692307692307693,0.16666666666666666,0.0,-0.5,0.0,0.5,-0.3333333333333333,-0.3333333333333333,0.0,2.0,-0.6666666666666666,0.0,-1.0,-0.14285714285714285,-0.2,0.0,-0.2,-0.29999999999999993,0.1333333333333334,0.34994096812278636,-0.7299552594443052
1.0,0.0,0.0,1.0,0.0,1.0,0.0,0.0,0.0,0.0,0.0,0.0,0.0,0.0,0.0,1.0,0.0,0.0,1.0,0.0,0.38461538461538464,-0.25,0.0,-1.0,0.0,-0.5,-0.3333333333333333,0.6666666666666666,0.0,-1.0,-0.2222222222222222,2.0,0.0,0.42857142857142855,0.8,2.0,0.8,0.8333333333333334,1.4814814814814814,0.54388036206218,0.5960812650521877
0.0,1.0,1.0,0.0,0.0,0.0,1.0,0.0,0.0,0.0,1.0,0.0,0.0,0.0,0.0,0.0,0.0,1.0,0.0,0.0,0.07692307692307693,0.25,0.0,0.0,0.0,-1.0,1.3333333333333333,1.0,-0.5,0.0,0.7777777777777778,0.0,0.0,0.0,0.2,-0.3333333333333333,0.0,0.0,-0.3333333333333333,-0.789452971271153,-0.35384200504409374
1.0,0.0,0.0,1.0,1.0,0.0,0.0,0.0,0.0,0.0,0.0,0.0,0.0,0.0,0.0,1.0,0.0,0.0,1.0,0.0,-0.6153846153846154,0.0,0.0,0.0,0.0,-1.0,-0.6666666666666666,0.0,0.5,-1.0,-0.5555555555555556,2.0,0.0,-0.14285714285714285,-0.2,0.0,0.0,0.29999999999999993,0.1333333333333334,0.059031877213695266,-0.02049531119268486
1.0,0.0,1.0,0.0,1.0,0.0,0.0,0.0,0.0,0.0,0.0,0.0,0.0,0.0,1.0,0.0,0.0,1.0,0.0,0.0,-0.6923076923076923,0.6666666666666666,0.0,0.5,-1.0,-1.0,-0.6666666666666666,0.8333333333333334,0.5,0.0,-0.2222222222222222,-1.0,-1.0,0.2857142857142857,0.6,2.0,0.0,-0.375,1.7083333333333335,0.3014561196379378,-0.04492742382770188
0.0,1.0,1.0,0.0,1.0,0.0,0.0,0.0,0.0,0.0,0.0,0.0,0.0,0.0,1.0,0.0,0.0,0.0,0.0,0.0,-0.15384615384615385,-0.4166666666666667,0.5,0.5,-1.0,0.0,0.3333333333333333,-0.3333333333333333,0.0,0.0,0.4444444444444444,0.0,0.0,0.2857142857142857,0.0,1.3333333333333333,0.8,1.125,1.125,-0.37733175914994094,-0.564222980371963
0.0,1.0,1.0,0.0,1.0,0.0,0.0,0.0,0.0,0.0,0.0,0.0,1.0,0.0,0.0,0.0,0.0,1.0,0.0,0.0,0.07692307692307693,-0.5,0.0,0.5,-1.0,0.5,-0.3333333333333333,-0.16666666666666666,-0.5,0.0,0.4444444444444444,-1.0,-1.0,1.2857142857142858,1.0,0.6666666666666666,1.6,0.6999999999999998,0.1333333333333334,0.6408500590318772,0.24531229814368485
1.0,0.0,0.0,1.0,1.0,0.0,0.0,0.0,0.0,0.0,0.0,0.0,0.0,0.0,0.0,1.0,0.0,0.0,1.0,0.0,1.7692307692307692,-0.5,-1.0,-1.0,-1.0,0.0,1.6666666666666667,-0.5,0.5,-1.0,1.1111111111111112,-1.0,-1.0,-0.14285714285714285,0.0,0.0,0.0,0.29999999999999993,0.1333333333333334,-0.9799291617473436,0.08526689938137459
0.0,1.0,1.0,0.0,1.0,0.0,0.0,0.0,0.0,0.0,1.0,0.0,0.0,0.0,0.0,0.0,0.0,0.0,0.0,0.0,-0.38461538461538464,0.0,0.5,0.5,0.0,0.5,0.3333333333333333,1.3333333333333333,0.5,0.0,0.0,0.0,-1.0,0.2857142857142857,0.8,0.0,0.8,1.125,-0.04166666666666665,-0.00708382526564351,0.15926802453725722
0.0,1.0,1.0,0.0,0.0,0.0,1.0,0.0,0.0,0.0,0.0,0.0,0.0,0.0,1.0,0.0,0.0,0.0,1.0,0.0,-0.38461538461538464,-0.5,0.5,0.0,0.0,-0.5,-0.3333333333333333,0.5,-0.5,-1.0,-1.0,1.0,0.0,-0.5714285714285714,-0.4,0.0,-0.6,-1.5,0.8333333333333334,-0.30460448642266824,-0.6608529274444541
0.0,1.0,1.0,0.0,0.0,0.0,0.0,0.0,1.0,0.0,0.0,0.0,0.0,0.0,1.0,0.0,0.0,0.0,1.0,0.0,0.0,-0.3333333333333333,0.0,0.0,0.0,-0.5,0.6666666666666666,-0.3333333333333333,0.5,-1.0,0.0,-1.0,0.0,0.42857142857142855,-0.6,2.0,0.8,0.8333333333333334,1.4814814814814814,0.19126328217237307,-0.10442545938790355
0.0,1.0,1.0,0.0,0.0,0.0,1.0,0.0,0.0,0.0,0.0,0.0,0.0,0.0,1.0,0.0,0.0,1.0,0.0,0.0,-0.6923076923076923,0.08333333333333333,0.0,-0.5,1.0,0.0,1.6666666666666667,0.5,-1.0,-1.0,-0.5555555555555556,-3.0,0.0,-0.2857142857142857,-0.2,-0.3333333333333333,-0.2,0.0,-0.3333333333333333,-0.30460448642266824,-0.33606934252395654
0.0,1.0,1.0,0.0,0.0,0.0,1.0,0.0,0.0,0.0,0.0,0.0,0.0,1.0,0.0,0.0,0.0,0.0,1.0,0.0,0.3076923076923077,0.5833333333333334,0.0,0.0,-1.0,0.0,-0.3333333333333333,0.0,-1.0,-1.0,1.2222222222222223,-1.0,1.0,2.142857142857143,0.8,1.0,1.2,-0.21428571428571436,0.1111111111111111,0.5879574970484059,1.3021457816165298
0.0,1.0,1.0,0.0,1.0,0.0,0.0,0.0,0.0,0.0,0.0,0.0,1.0,0.0,0.0,0.0,0.0,1.0,0.0,0.0,-0.8461538461538461,-0.5,0.0,-1.0,0.0,0.0,-0.6666666666666666,-0.3333333333333333,0.5,1.0,-0.5555555555555556,0.0,0.0,-0.14285714285714285,-0.2,0.0,-0.2,-0.29999999999999993,0.1333333333333334,0.059031877213695266,-0.02049531119268486
0.0,0.0,0.0,1.0,1.0,0.0,0.0,0.0,0.0,0.0,0.0,0.0,0.0,0.0,0.0,1.0,0.0,0.0,1.0,0.0,0.38461538461538464,0.25,-0.5,0.5,0.0,0.5,1.6666666666666667,0.0,0.5,-1.0,0.6666666666666666,0.0,0.0,1.2857142857142858,0.0,0.0,1.4,0.4999999999999999,-0.17777777777777778,0.40127786651850805,0.20870598393564307
1.0,0.0,0.0,1.0,1.0,0.0,0.0,0.0,0.0,0.0,0.0,0.0,0.0,0.0,0.0,1.0,0.0,0.0,0.0,0.0,1.0769230769230769,-0.5,0.5,-0.5,0.0,0.0,1.6666666666666667,-0.3333333333333333,0.5,1.0,0.2222222222222222,0.0,0.0,0.14285714285714285,0.0,-0.3333333333333333,-0.4,-1.0714285714285716,-0.3333333333333333,-0.3885205703387521,0.28198166512339423
1.0,0.0,0.0,1.0,0.0,0.0,1.0,0.0,0.0,0.0,0.0,0.0,0.0,0.0,0.0,0.0,1.0,1.0,0.0,0.0,-0.9230769230769231,1.4166666666666667,0.0,0.5,0.0,0.5,-0.6666666666666666,-0.16666666666666666,0.0,1.0,-0.7777777777777778,0.0,0.0,-0.42857142857142855,-0.2,0.3333333333333333,-0.4,-0.5000000000000001,1.222222222222222,-0.30460448642266824,-0.7001212686177257
0.0,1.0,0.0,1.0,0.0,1.0,0.0,0.0,0.0,0.0,0.0,0.0,0.0,0.0,0.0,1.0,0.0,0.0,0.0,1.0,-0.23076923076923078,0.25,1.0,0.5,1.0,0.0,-0.6666666666666666,0.0,0.5,1.0,0.0,0.0,0.0,0.5714285714285714,1.0,-0.3333333333333333,1.0,0.9000000000000001,-0.3333333333333333,0.38961038961038963,0.491203339041099
0.0,1.0,0.0,1.0,1.0,0.0,0.0,0.0,0.0,0.0,0.0,0.0,0.0,0.0,0.0,0.0,1.0,0.0,1.0,0.0,-0.5384615384615384,0.25,0.0,0.0,0.0,0.0,-0.3333333333333333,-0.5,0.0,-1.0,-1.0,3.0,0.0,-0.5714285714285714,-0.6,-0.3333333333333333,-0.6,-1.5,-0.3333333333333333,-0.30460448642266824,-0.6086055942892945
0.0,1.0,1.0,0.0,1.0,0.0,0.0,0.0,0.0,0.0,1.0,0.0,0.0,0.0,0.0,0.0,0.0,1.0,0.0,1.0,0.46153846153846156,-0.3333333333333333,0.0,0.0,1.0,0.5,0.0,-0.16666666666666666,-0.5,0.0,0.7777777777777778,-2.0,-1.0,0.0,0.0,0.0,0.0,0.0,0.05555555555555555,-0.789452971271153,0.04217618004197379
0.0,1.0,1.0,0.0,0.0,0.0,0.0,1.0,0.0,0.0,0.0,0.0,0.0,0.0,0.0,0.0,0.0,0.0,1.0,0.0,0.46153846153846156,-0.4166666666666667,0.5,-1.0,-1.0,0.5,0.3333333333333333,1.5,-0.5,-1.0,0.4444444444444444,3.0,0.0,-0.5714285714285714,-0.6,-0.3333333333333333,-0.6,-1.5,-0.3333333333333333,-1.2500590318772136,0.28945840440495235
0.0,0.0,0.0,1.0,1.0,0.0,0.0,0.0,0.0,0.0,0.0,0.0,0.0,0.0,0.0,0.0,1.0,0.0,1.0,0.0,-0.23076923076923078,0.08333333333333333,-1.0,-0.5,-1.0,0.5,-0.6666666666666666,0.8333333333333334,0.5,-1.0,-0.7777777777777778,-1.0,-1.0,-0.42857142857142855,-0.2,0.3333333333333333,-0.2,0.4999999999999999,1.222222222222222,-0.30460448642266824,-0.7234250601606416
0.0,1.0,1.0,0.0,1.0,0.0,0.0,0.0,0.0,0.0,0.0,0.0,0.0,0.0,1.0,0.0,0.0,0.0,1.0,1.0,-1.3076923076923077,1.5,0.0,-0.5,1.0,0.5,-0.3333333333333333,-0.3333333333333333,0.5,-1.0,-1.0,-1.0,0.0,-0.5714285714285714,-0.6,-0.3333333333333333,-0.4,0.0,-0.3333333333333333,-0.30460448642266824,-0.4894527358018273
0.0,1.0,0.0,1.0,0.0,1.0,0.0,0.0,0.0,0.0,0.0,0.0,0.0,0.0,0.0,1.0,0.0,1.0,0.0,1.0,-0.7692307692307693,1.3333333333333333,0.0,0.0,-1.0,0.5,1.6666666666666667,0.8333333333333334,0.0,0.0,-0.5555555555555556,-1.0,-1.0,-0.42857142857142855,-0.2,-0.3333333333333333,-0.6,-1.5,-0.3333333333333333,-0.6682408500590319,-0.17678391506782398
0.0,1.0,0.0,1.0,1.0,0.0,0.0,0.0,0.0,0.0,0.0,0.0,0.0,0.0,0.0,0.0,1.0,1.0,0.0,0.0,-0.07692307692307693,0.08333333333333333,0.5,-1.0,0.0,0.5,-0.3333333333333333,0.3333333333333333,-0.5,0.0,-0.7777777777777778,-2.0,-1.0,-0.2857142857142857,-0.2,-0.3333333333333333,-0.2,0.0,-0.3333333333333333,0.24085005903187715,-0.6341860434250696
0.0,0.0,1.0,0.0,1.0,0.0,0.0,0.0,0.0,0.0,0.0,1.0,0.0,0.0,0.0,0.0,0.0,1.0,0.0,1.0,0.8461538461538461,1.8333333333333333,0.5,-1.0,0.0,-0.5,-0.3333333333333333,-0.3333333333333333,0.5,0.0,0.0,-1.0,-1.0,0.7142857142857143,0.8,2.6666666666666665,1.2,0.9545454545454547,1.575757575757576,0.5879574970484059,0.8212840582262891
1.0,0.0,1.0,0.0,1.0,0.0,0.0,0.0,0.0,0.0,0.0,0.0,0.0,0.0,1.0,0.0,0.0,0.0,0.0,0.0,-0.46153846153846156,1.3333333333333333,0.0,-1.0,-2.0,0.0,-0.3333333333333333,1.8333333333333333,0.0,2.0,0.0,-1.0,-1.0,0.7142857142857143,0.8,-0.3333333333333333,1.2,0.9545454545454547,-0.3333333333333333,0.5879574970484059,-0.6191200321779339
0.0,1.0,1.0,0.0,1.0,0.0,0.0,0.0,0.0,0.0,1.0,0.0,0.0,0.0,0.0,0.0,0.0,1.0,0.0,0.0,-0.07692307692307693,0.0,-0.5,0.0,-1.0,0.5,-0.3333333333333333,0.6666666666666666,0.5,0.0,-1.0,2.0,-1.0,-0.5714285714285714,-0.6,-0.3333333333333333,-0.4,0.0,-0.3333333333333333,-0.30460448642266824,-0.5914533251363085
0.0,1.0,0.0,1.0,1.0,0.0,0.0,0.0,0.0,0.0,0.0,0.0,0.0,0.0,0.0,1.0,0.0,0.0,0.0,0.0,-0.3076923076923077,0.5,0.5,-0.5,0.0,0.5,0.0,-0.5,0.0,0.0,-0.2222222222222222,0.0,-1.0,0.0,-0.2,-0.3333333333333333,0.0,0.0,-0.3333333333333333,-0.183392365210547,-0.12200655929658462
0.0,1.0,1.0,0.0,1.0,0.0,0.0,0.0,0.0,0.0,1.0,0.0,0.0,0.0,0.0,0.0,0.0,1.0,0.0,0.0,-0.15384615384615385,-0.5,0.0,0.5,-1.0,-0.5,1.0,0.5,-1.0,0.0,-0.3333333333333333,-1.0,-1.0,0.0,0.2,-0.3333333333333333,-0.2,-0.5000000000000001,-0.3333333333333333,-0.031877213695395555,-0.3984777749433878
0.0,1.0,1.0,0.0,0.0,0.0,1.0,0.0,0.0,0.0,0.0,1.0,0.0,0.0,0.0,0.0,0.0,1.0,0.0,1.0,1.4615384615384615,-0.4166666666666667,0.0,0.5,0.0,-1.0,1.0,-0.16666666666666666,0.5,0.0,1.5555555555555556,-1.0,0.0,0.0,-0.2,0.0,0.2,0.4999999999999999,0.05555555555555555,-0.9591499409681227,1.3133925682307883
0.0,0.0,1.0,0.0,1.0,0.0,0.0,0.0,0.0,0.0,0.0,1.0,0.0,0.0,0.0,0.0,0.0,0.0,0.0,0.0,1.0769230769230769,-0.4166666666666667,0.5,-1.0,0.0,-1.0,-0.3333333333333333,-0.5,0.5,0.0,2.3333333333333335,0.0,0.0,3.7142857142857144,0.6,4.333333333333333,0.8,-0.84375,0.6875000000000001,0.7181227863046044,1.2156996099412662
0.0,1.0,1.0,0.0,1.0,0.0,0.0,0.0,0.0,0.0,0.0,0.0,0.0,0.0,1.0,0.0,0.0,1.0,0.0,0.0,0.0,-0.4166666666666667,0.0,0.5,0.0,0.0,0.6666666666666666,-0.16666666666666666,-0.5,0.0,-0.4444444444444444,0.0,0.0,-0.42857142857142855,-0.2,0.3333333333333333,-0.2,0.4999999999999999,1.222222222222222,-0.7721369539551358,-0.6449881601109891
1.0,0.0,1.0,0.0,0.0,0.0,1.0,0.0,0.0,0.0,0.0,0.0,0.0,0.0,0.0,0.0,0.0,1.0,0.0,1.0,1.0769230769230769,1.0833333333333333,1.0,-0.5,0.0,0.0,0.0,0.16666666666666666,0.0,0.0,2.4444444444444446,0.0,0.0,3.5714285714285716,1.0,3.6666666666666665,2.0,-0.2419354838709677,0.5698924731182796,0.5879574970484059,0.7714276672898214
0.0,1.0,1.0,0.0,1.0,0.0,0.0,0.0,0.0,0.0,1.0,0.0,0.0,0.0,0.0,0.0,0.0,1.0,0.0,1.0,-0.6153846153846154,0.4166666666666667,-1.0,0.0,0.0,0.5,-0.3333333333333333,-0.5,0.5,-1.0,-1.0,1.0,-1.0,-0.5714285714285714,-0.4,-0.3333333333333333,-0.6,-1.5,-0.3333333333333333,-0.30460448642266824,-0.6555352726718648
0.0,1.0,1.0,0.0,0.0,0.0,1.0,0.0,0.0,0.0,0.0,0.0,0.0,0.0,0.0,0.0,0.0,1.0,0.0,0.0,-0.38461538461538464,1.3333333333333333,0.0,-0.5,-1.0,0.5,-0.6666666666666666,1.1666666666666667,-0.5,0.0,0.0,-1.0,0.0,0.5714285714285714,-0.6,2.0,1.0,0.9000000000000001,1.3,0.38961038961038963,0.10405681763926329
0.0,1.0,0.0,1.0,0.0,1.0,0.0,0.0,0.0,0.0,0.0,0.0,0.0,0.0,0.0,1.0,0.0,0.0,1.0,1.0,0.0,-0.3333333333333333,0.5,-1.0,0.0,-0.5,0.3333333333333333,0.3333333333333333,0.5,-1.0,0.5555555555555556,0.0,0.0,0.0,0.2,-0.3333333333333333,-0.4,-1.0000000000000002,-0.3333333333333333,-0.7136953955135773,0.5882056327189463
1.0,0.0,1.0,0.0,1.0,0.0,0.0,0.0,0.0,0.0,0.0,0.0,1.0,0.0,0.0,0.0,0.0,0.0,0.0,0.0,-0.6923076923076923,0.25,-0.5,0.5,0.0,-1.0,-0.3333333333333333,1.1666666666666667,0.0,1.0,-0.1111111111111111,1.0,-1.0,0.5714285714285714,0.8,0.0,0.8,0.5999999999999999,-0.09999999999999998,0.5681227863046044,0.5370448231072673
0.0,1.0,0.0,1.0,1.0,0.0,0.0,0.0,0.0,0.0,0.0,0.0,0.0,0.0,0.0,0.0,1.0,1.0,0.0,0.0,-0.3076923076923077,-0.25,-0.5,0.0,0.0,-0.5,0.0,-0.5,-1.0,0.0,-0.4444444444444444,2.0,0.0,-0.14285714285714285,0.0,0.0,-0.2,-0.29999999999999993,0.1333333333333334,-0.14876033057851248,-0.23004310596642638
0.0,1.0,1.0,0.0,0.0,0.0,1.0,0.0,0.0,0.0,0.0,0.0,0.0,0.0,1.0,0.0,0.0,0.0,1.0,0.0,-0.8461538461538461,-0.4166666666666667,-1.0,-1.0,1.0,-1.0,1.6666666666666667,-0.16666666666666666,0.0,-1.0,-0.4444444444444444,0.0,-1.0,-0.14285714285714285,0.0,-0.3333333333333333,-0.4,-0.9,-0.3333333333333333,-0.14876033057851248,-0.36160125768238766
0.0,1.0,0.0,1.0,1.0,0.0,0.0,0.0,0.0,0.0,0.0,1.0,0.0,0.0,0.0,0.0,0.0,1.0,0.0,0.0,0.3076923076923077,-0.4166666666666667,0.5,0.0,0.0,0.0,-0.6666666666666666,0.0,0.5,-1.0,1.2222222222222223,-1.0,0.0,2.142857142857143,2.4,0.0,1.8,0.2142857142857142,-0.2222222222222222,0.5879574970484059,1.2218997972851982
0.0,1.0,1.0,0.0,0.0,0.0,0.0,1.0,0.0,0.0,0.0,0.0,0.0,1.0,0.0,0.0,0.0,1.0,0.0,0.0,1.0,1.25,0.5,-1.0,0.0,-0.5,0.3333333333333333,0.3333333333333333,-0.5,1.0,1.8888888888888888,-1.0,0.0,-0.14285714285714285,-0.2,0.0,-0.2,-0.29999999999999993,0.1333333333333334,-1.0838252656434475,1.1317769992682176
1.0,0.0,1.0,0.0,1.0,0.0,0.0,0.0,0.0,0.0,0.0,0.0,0.0,0.0,0.0,0.0,0.0,0.0,0.0,0.0,-0.23076923076923078,-0.08333333333333333,0.0,0.0,0.0,0.5,0.3333333333333333,1.5,0.0,0.0,0.5555555555555556,-1.0,-2.0,1.1428571428571428,1.6,1.0,0.8,0.0,0.3333333333333333,0.3772136953955135,0.4136522604746354
0.0,1.0,1.0,0.0,1.0,0.0,0.0,0.0,0.0,0.0,0.0,0.0,0.0,0.0,1.0,0.0,0.0,0.0,1.0,0.0,-0.3076923076923077,-0.5,-1.0,0.5,0.0,-1.0,-0.3333333333333333,-0.16666666666666666,0.5,-1.0,-1.0,-1.0,0.0,-0.5714285714285714,-0.6,-0.3333333333333333,-0.6,-1.5,-0.3333333333333333,-0.30460448642266824,-0.5016215485541468
0.0,1.0,0.0,1.0,1.0,0.0,0.0,0.0,0.0,0.0,0.0,0.0,0.0,0.0,0.0,0.0,1.0,0.0,1.0,1.0,0.0,-0.4166666666666667,0.5,0.0,0.0,0.5,0.3333333333333333,1.1666666666666667,0.5,-1.0,-0.3333333333333333,0.0,-1.0,-0.2857142857142857,-0.2,0.0,-0.2,0.0,0.25000000000000006,-0.577331759149941,-0.6078847188925393
0.0,1.0,1.0,0.0,0.0,0.0,0.0,0.0,1.0,0.0,0.0,0.0,1.0,0.0,0.0,0.0,0.0,0.0,1.0,0.0,1.1538461538461537,0.3333333333333333,-0.5,0.5,-1.0,-0.5,0.3333333333333333,0.3333333333333333,-0.5,-1.0,2.111111111111111,-2.0,-1.0,0.0,-0.2,-0.3333333333333333,0.0,0.0,-0.3333333333333333,-1.0318772136953955,0.9199778139772772
1.0,0.0,0.0,1.0,1.0,0.0,0.0,0.0,0.0,0.0,0.0,0.0,0.0,0.0,0.0,0.0,1.0,1.0,0.0,0.0,-0.46153846153846156,0.4166666666666667,0.5,-0.5,-1.0,-1.0,-0.3333333333333333,0.6666666666666666,0.0,0.0,-1.0,-1.0,1.0,-0.5714285714285714,-0.6,-0.3333333333333333,-0.6,-1.5,-0.3333333333333333,-0.30460448642266824,-0.8582054206638373
0.0,1.0,1.0,0.0,0.0,0.0,1.0,0.0,0.0,0.0,0.0,1.0,0.0,0.0,0.0,0.0,0.0,1.0,0.0,0.0,1.3846153846153846,1.25,1.0,-0.5,0.0,0.0,0.3333333333333333,1.8333333333333333,0.0,0.0,2.888888888888889,3.0,0.0,0.7142857142857143,1.0,1.0,0.8,0.40909090909090906,0.5151515151515152,-0.8058329876511694,1.1888482851708275
1.0,0.0,0.0,1.0,0.0,1.0,0.0,0.0,0.0,0.0,0.0,0.0,0.0,0.0,0.0,1.0,0.0,1.0,0.0,0.0,-0.38461538461538464,0.0,0.5,-1.0,0.0,-1.0,0.0,0.0,0.5,1.0,-0.1111111111111111,0.0,0.0,-0.2857142857142857,-0.2,0.3333333333333333,-0.2,0.0,0.8333333333333334,-0.7409681227863046,0.6243812510971509
0.0,1.0,1.0,0.0,0.0,0.0,0.0,1.0,0.0,0.0,1.0,0.0,0.0,0.0,0.0,0.0,0.0,0.0,0.0,0.0,-0.07692307692307693,0.25,0.0,-0.5,0.0,0.5,-0.3333333333333333,1.0,-1.0,0.0,-0.7777777777777778,1.0,-1.0,-0.2857142857142857,-0.2,0.0,-0.2,0.0,0.25000000000000006,0.24085005903187715,-0.23344233535557166
0.0,1.0,1.0,0.0,1.0,0.0,0.0,0.0,0.0,0.0,1.0,0.0,0.0,0.0,0.0,0.0,0.0,0.0,1.0,0.0,0.8461538461538461,0.16666666666666666,0.5,-0.5,0.0,0.0,0.6666666666666666,-0.3333333333333333,0.0,-1.0,-0.3333333333333333,-1.0,0.0,-0.42857142857142855,-0.2,0.3333333333333333,-0.6,-1.5,1.222222222222222,-0.8500590318772137,-0.825054348424359
0.0,1.0,1.0,0.0,0.0,0.0,1.0,0.0,0.0,0.0,1.0,0.0,0.0,0.0,0.0,0.0,0.0,0.0,0.0,0.0,0.6923076923076923,-0.5,0.5,0.5,0.0,0.5,0.3333333333333333,0.0,0.5,1.0,-0.2222222222222222,-1.0,0.0,0.0,0.0,-0.3333333333333333,-0.2,-0.5000000000000001,-0.3333333333333333,-0.183392365210547,-0.7531699109459661
0.0,1.0,1.0,0.0,0.0,0.0,0.0,0.0,1.0,0.0,0.0,0.0,0.0,1.0,0.0,0.0,0.0,0.0,0.0,1.0,-0.6923076923076923,-0.16666666666666666,-1.0,0.0,-1.0,0.5,-0.3333333333333333,0.3333333333333333,-0.5,0.0,-0.1111111111111111,0.0,0.0,0.5714285714285714,1.0,-0.3333333333333333,1.0,0.9000000000000001,-0.3333333333333333,0.5681227863046044,0.8954464753402162
0.0,1.0,1.0,0.0,1.0,0.0,0.0,0.0,0.0,0.0,0.0,0.0,1.0,0.0,0.0,0.0,0.0,0.0,0.0,1.0,0.8461538461538461,-0.25,0.0,0.0,-1.0,-0.5,2.0,-0.3333333333333333,0.0,0.0,2.0,1.0,0.0,2.4285714285714284,1.6,4.333333333333333,1.4,-0.19565217391304351,1.0869565217391306,0.25965883646134413,0.6908297563911965
0.0,1.0,1.0,0.0,1.0,0.0,0.0,0.0,0.0,0.0,0.0,0.0,0.0,0.0,0.0,0.0,0.0,1.0,0.0,1.0,1.4615384615384615,-0.25,0.5,0.5,0.0,0.0,-0.6666666666666666,0.3333333333333333,-0.5,-1.0,-0.6666666666666666,-1.0,0.0,-0.2857142857142857,-0.2,0.0,-0.2,0.0,0.25000000000000006,-0.08642266824085014,-0.20516425540733169
0.0,1.0,0.0,0.0,0.0,0.0,1.0,0.0,0.0,1.0,0.0,0.0,0.0,0.0,0.0,0.0,0.0,1.0,0.0,0.0,1.3846153846153846,1.0,0.5,0.0,0.0,-0.5,0.0,0.16666666666666666,0.0,0.0,0.6666666666666666,-2.0,1.0,0.5714285714285714,0.8,2.0,-0.4,-1.2000000000000002,1.3,-0.24043336342801583,0.7263110541989611
0.0,1.0,1.0,0.0,0.0,0.0,1.0,0.0,0.0,0.0,0.0,0.0,1.0,0.0,0.0,0.0,0.0,0.0,1.0,1.0,-0.38461538461538464,0.0,0.5,0.0,0.0,0.5,-0.3333333333333333,0.0,0.0,-1.0,0.1111111111111111,-1.0,-1.0,0.8571428571428571,1.2,1.0,1.4,1.0000000000000002,0.4444444444444444,0.6044864226682407,0.339015022591158
0.0,1.0,0.0,1.0,1.0,0.0,0.0,0.0,0.0,0.0,0.0,1.0,0.0,0.0,0.0,0.0,0.0,1.0,0.0,0.0,0.38461538461538464,-0.4166666666666667,1.0,-0.5,0.0,-1.0,1.6666666666666667,0.3333333333333333,-0.5,0.0,1.3333333333333333,-1.0,0.0,1.8571428571428572,2.6,3.3333333333333335,1.0,-0.23684210526315796,1.0175438596491229,0.31199630409116574,1.1422857695326951
1.0,0.0,1.0,0.0,1.0,0.0,0.0,0.0,0.0,0.0,0.0,0.0,0.0,0.0,0.0,0.0,0.0,0.0,0.0,0.0,-0.5384615384615384,-0.4166666666666667,-1.0,-1.0,0.0,0.5,-0.3333333333333333,0.8333333333333334,0.5,0.0,-0.4444444444444444,-3.0,1.0,0.14285714285714285,0.2,0.0,0.0,-0.21428571428571436,0.0,0.4746162927981108,0.5435248836302893
0.0,1.0,0.0,1.0,0.0,0.0,1.0,0.0,0.0,0.0,0.0,0.0,0.0,0.0,0.0,1.0,0.0,1.0,0.0,0.0,0.23076923076923078,-0.08333333333333333,0.0,0.5,1.0,0.0,0.0,-0.5,-1.0,0.0,0.1111111111111111,0.0,0.0,0.2857142857142857,0.6,2.0,0.6,0.75,1.7083333333333335,-0.12278630460448638,0.474802596850785
0.0,1.0,1.0,0.0,0.0,0.0,1.0,0.0,0.0,0.0,0.0,0.0,0.0,0.0,0.0,0.0,0.0,0.0,0.0,0.0,0.23076923076923078,-0.5,0.0,0.0,1.0,0.5,-0.6666666666666666,0.5,-1.0,2.0,1.0,2.0,-1.0,1.8571428571428572,1.4,0.6666666666666666,0.8,-0.3947368421052632,0.03508771929824561,0.5681227863046044,0.622005191950478
0.0,1.0,1.0,0.0,1.0,0.0,0.0,0.0,0.0,0.0,0.0,0.0,0.0,0.0,1.0,0.0,0.0,1.0,0.0,1.0,-0.38461538461538464,0.3333333333333333,0.5,0.5,0.0,0.5,0.3333333333333333,0.8333333333333334,-0.5,0.0,-0.2222222222222222,-1.0,0.0,0.14285714285714285,0.2,-0.3333333333333333,-0.2,-0.6428571428571429,-0.3333333333333333,0.059031877213695266,-0.7177476130681592
0.0,1.0,1.0,0.0,1.0,0.0,0.0,0.0,0.0,0.0,0.0,0.0,0.0,0.0,0.0,0.0,0.0,1.0,0.0,1.0,-0.07692307692307693,0.75,0.0,0.5,0.0,0.0,0.6666666666666666,-0.3333333333333333,0.0,-1.0,0.0,-1.0,0.0,0.42857142857142855,0.8,-0.3333333333333333,-0.6,-1.5,-0.3333333333333333,0.19126328217237307,0.4021111672408193
0.0,1.0,1.0,0.0,0.0,0.0,1.0,0.0,0.0,0.0,1.0,0.0,0.0,0.0,0.0,0.0,0.0,0.0,0.0,0.0,-0.9230769230769231,1.8333333333333333,-1.0,-0.5,0.0,-1.0,-0.3333333333333333,-0.16666666666666666,-0.5,2.0,-0.4444444444444444,-1.0,1.0,0.14285714285714285,-0.2,0.0,-0.2,-0.6428571428571429,0.0,0.4746162927981108,-0.23587780110496775
1.0,0.0,1.0,0.0,0.0,0.0,0.0,0.0,1.0,0.0,0.0,0.0,1.0,0.0,0.0,0.0,0.0,1.0,0.0,0.0,-0.6923076923076923,-0.5,-1.0,0.0,-1.0,-1.0,1.0,0.8333333333333334,0.0,0.0,-0.4444444444444444,-2.0,0.0,-0.42857142857142855,-0.2,0.3333333333333333,-0.6,-1.5,1.222222222222222,-0.7721369539551358,-0.1450031270548725
0.0,1.0,1.0,0.0,0.0,0.0,1.0,0.0,0.0,0.0,1.0,0.0,0.0,0.0,0.0,0.0,0.0,1.0,0.0,0.0,-0.7692307692307693,0.8333333333333334,0.5,0.5,-2.0,0.0,-0.3333333333333333,0.16666666666666666,0.0,2.0,-0.7777777777777778,0.0,1.0,-0.2857142857142857,-0.2,-0.3333333333333333,-0.2,0.0,-0.3333333333333333,0.24085005903187715,-0.7385946200615786
0.0,1.0,1.0,0.0,0.0,0.0,0.0,1.0,0.0,0.0,0.0,0.0,0.0,1.0,0.0,0.0,0.0,0.0,0.0,1.0,0.5384615384615384,-0.08333333333333333,0.5,-0.5,-1.0,0.5,0.6666666666666666,0.0,0.0,0.0,1.2222222222222223,0.0,-1.0,-0.5714285714285714,-0.6,-0.3333333333333333,-0.6,-1.5,-0.3333333333333333,-1.296340023612751,1.1441215461255392
0.0,1.0,1.0,0.0,1.0,0.0,0.0,0.0,0.0,0.0,0.0,0.0,0.0,0.0,1.0,0.0,0.0,1.0,0.0,1.0,-0.6923076923076923,0.5833333333333334,0.0,-1.0,0.0,-1.0,-0.3333333333333333,0.0,0.5,1.0,-0.1111111111111111,0.0,-1.0,0.5714285714285714,0.8,1.6666666666666667,1.0,0.9000000000000001,1.0666666666666667,0.5681227863046044,-0.7679715854712094
1.0,0.0,1.0,0.0,0.0,0.0,1.0,0.0,0.0,0.0,1.0,0.0,0.0,0.0,0.0,0.0,0.0,1.0,0.0,0.0,0.0,1.3333333333333333,-0.5,0.0,1.0,0.5,0.6666666666666666,0.5,0.0,0.0,0.7777777777777778,0.0,0.0,0.0,-0.2,-0.3333333333333333,0.0,0.0,-0.3333333333333333,-0.789452971271153,-0.6345564991067298
1.0,0.0,0.0,1.0,0.0,1.0,0.0,0.0,0.0,0.0,0.0,0.0,0.0,0.0,0.0,1.0,0.0,1.0,0.0,1.0,-0.38461538461538464,1.5833333333333333,0.5,-1.0,0.0,0.5,-0.3333333333333333,-0.5,0.0,-1.0,0.0,1.0,0.0,0.7142857142857143,0.8,-0.3333333333333333,1.0,0.6818181818181819,-0.3333333333333333,0.5879574970484059,0.11001253794563373
0.0,1.0,1.0,0.0,0.0,0.0,1.0,0.0,0.0,0.0,0.0,0.0,0.0,1.0,0.0,0.0,0.0,1.0,0.0,0.0,1.0769230769230769,-0.4166666666666667,0.0,0.0,0.0,0.0,1.0,0.3333333333333333,0.5,-1.0,2.2222222222222223,0.0,0.0,-0.14285714285714285,0.0,-0.3333333333333333,0.0,0.29999999999999993,-0.3333333333333333,-1.113988650645542,1.2004256032324983
0.0,0.0,0.0,1.0,0.0,1.0,0.0,0.0,0.0,0.0,0.0,0.0,0.0,0.0,0.0,1.0,0.0,1.0,0.0,0.0,-0.23076923076923078,1.25,-0.5,0.0,0.0,-0.5,-0.6666666666666666,-0.16666666666666666,-1.0,0.0,-0.2222222222222222,-1.0,1.0,0.2857142857142857,0.8,-0.3333333333333333,0.8,1.125,-0.3333333333333333,0.3014561196379378,0.195771261662326
0.0,0.0,1.0,0.0,1.0,0.0,0.0,0.0,0.0,0.0,0.0,0.0,1.0,0.0,0.0,0.0,0.0,0.0,1.0,0.0,0.0,0.9166666666666666,0.5,-1.0,0.0,0.5,0.0,1.0,-1.0,-1.0,0.8888888888888888,-3.0,0.0,0.8571428571428571,1.2,-0.3333333333333333,1.2,0.75,-0.3333333333333333,-0.13235568259491703,0.4202899566456353
0.0,1.0,0.0,0.0,0.0,0.0,0.0,0.0,0.0,1.0,0.0,0.0,0.0,0.0,0.0,0.0,0.0,1.0,0.0,0.0,0.0,0.5,0.0,0.0,0.0,-0.5,0.6666666666666666,-0.16666666666666666,-0.5,0.0,-0.2222222222222222,-1.0,0.0,0.0,-0.2,-0.3333333333333333,0.2,0.4999999999999999,-0.3333333333333333,-0.183392365210547,-0.8080120614660196
0.0,0.0,1.0,0.0,0.0,0.0,0.0,0.0,1.0,0.0,0.0,0.0,1.0,0.0,0.0,0.0,0.0,1.0,0.0,0.0,-0.5384615384615384,-0.5,-1.0,0.5,0.0,0.0,-0.3333333333333333,-0.16666666666666666,-1.0,0.0,0.0,-2.0,0.0,0.7142857142857143,0.8,-0.3333333333333333,1.2,0.9545454545454547,-0.3333333333333333,0.5879574970484059,-0.1403592051585144
0.0,1.0,0.0,0.0,1.0,0.0,0.0,0.0,0.0,1.0,0.0,0.0,0.0,0.0,0.0,0.0,0.0,1.0,0.0,0.0,-0.7692307692307693,1.5,-1.0,0.0,0.0,0.0,-0.3333333333333333,1.5,0.5,0.0,-0.2222222222222222,0.0,0.0,0.42857142857142855,0.8,1.3333333333333333,0.8,0.8333333333333334,0.9629629629629631,0.54388036206218,-0.5061442557568534
0.0,0.0,1.0,0.0,0.0,0.0,1.0,0.0,0.0,0.0,0.0,0.0,0.0,0.0,1.0,0.0,0.0,0.0,0.0,0.0,0.5384615384615384,0.0,0.0,0.5,1.0,0.5,0.6666666666666666,0.0,0.5,2.0,-0.3333333333333333,0.0,1.0,0.0,0.2,0.3333333333333333,-0.2,-0.5000000000000001,0.4444444444444444,-0.031877213695395555,-0.8323222366837927
0.0,1.0,0.0,1.0,0.0,0.0,0.0,0.0,1.0,0.0,0.0,0.0,0.0,0.0,0.0,0.0,1.0,0.0,0.0,1.0,-0.15384615384615385,0.5833333333333334,0.0,0.0,0.0,0.0,-0.3333333333333333,0.6666666666666666,0.5,1.0,-0.2222222222222222,0.0,0.0,0.42857142857142855,-0.2,-0.3333333333333333,0.6,0.4999999999999999,-0.3333333333333333,0.54388036206218,-0.631596878004192
0.0,0.0,0.0,1.0,0.0,1.0,0.0,0.0,0.0,0.0,0.0,0.0,0.0,0.0,0.0,1.0,0.0,1.0,0.0,0.0,0.8461538461538461,-0.4166666666666667,0.5,0.0,0.0,-0.5,1.6666666666666667,-0.5,0.5,0.0,-0.6666666666666666,0.0,-2.0,-0.5714285714285714,-0.6,-0.3333333333333333,-0.6,-1.5,-0.3333333333333333,-0.9591499409681227,-0.005058695427687875
0.0,1.0,1.0,0.0,0.0,0.0,1.0,0.0,0.0,0.0,0.0,0.0,0.0,0.0,0.0,0.0,0.0,1.0,0.0,1.0,0.6923076923076923,1.0833333333333333,-0.5,0.0,0.0,0.5,-0.6666666666666666,0.0,-0.5,-1.0,1.2222222222222223,-1.0,0.0,2.142857142857143,0.8,1.0,1.4,-0.07142857142857151,0.1111111111111111,0.5879574970484059,0.945306708730078
0.0,1.0,1.0,0.0,0.0,0.0,1.0,0.0,0.0,0.0,0.0,0.0,0.0,1.0,0.0,0.0,0.0,1.0,0.0,0.0,0.8461538461538461,-0.4166666666666667,0.5,-1.0,0.0,0.0,0.3333333333333333,0.8333333333333334,-0.5,1.0,1.7777777777777777,-1.0,1.0,2.142857142857143,2.8,1.3333333333333333,0.6,-0.6428571428571429,0.2222222222222222,0.22064803882985687,1.1746895550497207
0.0,1.0,0.0,1.0,0.0,1.0,0.0,0.0,0.0,0.0,0.0,0.0,0.0,0.0,0.0,1.0,0.0,0.0,1.0,1.0,-0.3076923076923077,-0.4166666666666667,0.5,0.0,-1.0,-0.5,1.6666666666666667,-0.3333333333333333,0.0,-1.0,-0.3333333333333333,0.0,-1.0,-0.42857142857142855,-0.2,0.3333333333333333,-0.2,0.4999999999999999,1.222222222222222,-0.8500590318772137,0.6507115099581474
0.0,1.0,1.0,0.0,0.0,0.0,1.0,0.0,0.0,0.0,0.0,0.0,0.0,1.0,0.0,0.0,0.0,0.0,1.0,0.0,1.3076923076923077,-0.4166666666666667,0.0,0.5,1.0,-0.5,0.6666666666666666,-0.3333333333333333,-0.5,-1.0,2.7777777777777777,-1.0,-1.0,0.5714285714285714,1.0,2.3333333333333335,1.0,0.9000000000000001,1.5333333333333337,-0.8500590318772137,1.1424580238899777
0.0,1.0,0.0,1.0,0.0,1.0,0.0,0.0,0.0,0.0,0.0,0.0,0.0,0.0,0.0,1.0,0.0,0.0,1.0,1.0,-0.15384615384615385,-0.4166666666666667,0.0,0.0,0.0,-1.0,-0.6666666666666666,-0.3333333333333333,0.5,-1.0,-0.6666666666666666,0.0,0.0,-0.2857142857142857,-0.2,-0.3333333333333333,-0.2,0.0,-0.3333333333333333,-0.08642266824085014,-0.09323223306365712
0.0,1.0,1.0,0.0,1.0,0.0,0.0,0.0,0.0,0.0,0.0,0.0,1.0,0.0,0.0,0.0,0.0,0.0,1.0,0.0,0.23076923076923078,0.9166666666666666,-0.5,-1.0,0.0,0.0,-0.6666666666666666,-0.5,-1.0,-1.0,-0.1111111111111111,3.0,0.0,0.42857142857142855,0.8,0.0,0.8,0.8333333333333334,-0.07407407407407407,0.34994096812278636,-0.09407243345228324
0.0,0.0,0.0,1.0,0.0,0.0,1.0,0.0,0.0,0.0,0.0,0.0,0.0,0.0,0.0,1.0,0.0,1.0,0.0,0.0,-0.6153846153846154,-0.25,0.0,-0.5,0.0,0.0,-0.3333333333333333,0.16666666666666666,-0.5,-1.0,-0.5555555555555556,0.0,1.0,0.0,0.2,-0.3333333333333333,0.2,0.4999999999999999,-0.3333333333333333,0.42266824085005905,-0.16222711112236538
1.0,0.0,1.0,0.0,0.0,0.0,1.0,0.0,0.0,0.0,0.0,1.0,0.0,0.0,0.0,0.0,0.0,0.0,0.0,0.0,0.9230769230769231,1.25,0.0,0.5,0.0,0.5,0.3333333333333333,-0.5,-0.5,0.0,1.5555555555555556,0.0,0.0,2.4285714285714284,2.8,1.0,0.8,-0.5869565217391304,0.07246376811594205,0.5244864226682407,1.1749670327716033
0.0,1.0,1.0,0.0,0.0,0.0,1.0,0.0,0.0,0.0,0.0,0.0,0.0,0.0,1.0,0.0,0.0,0.0,0.0,1.0,0.07692307692307693,-0.08333333333333333,0.0,0.0,1.0,-1.0,0.6666666666666666,-0.16666666666666666,-1.0,1.0,0.3333333333333333,-1.0,0.0,0.2857142857142857,0.8,1.6666666666666667,0.8,1.125,1.416666666666667,-0.30460448642266824,0.1687251430192562
0.0,1.0,1.0,0.0,1.0,0.0,0.0,0.0,0.0,0.0,0.0,0.0,1.0,0.0,0.0,0.0,0.0,1.0,0.0,1.0,-1.0769230769230769,-0.3333333333333333,-1.0,-0.5,0.0,0.0,-0.6666666666666666,0.8333333333333334,-1.0,0.0,-0.6666666666666666,0.0,1.0,-0.2857142857142857,-0.2,-0.3333333333333333,-0.2,0.0,-0.3333333333333333,-0.08642266824085014,-0.17358056002120925
0.0,1.0,1.0,0.0,1.0,0.0,0.0,0.0,0.0,0.0,0.0,0.0,0.0,1.0,0.0,0.0,0.0,1.0,0.0,0.0,0.7692307692307693,-0.4166666666666667,0.0,-1.0,0.0,0.0,1.3333333333333333,-0.16666666666666666,0.0,-1.0,1.7777777777777777,-1.0,-2.0,-0.2857142857142857,-0.2,-0.3333333333333333,-0.4,-0.75,-0.3333333333333333,-1.1530893349075169,1.2123442637287953
0.0,1.0,1.0,0.0,1.0,0.0,0.0,0.0,0.0,0.0,0.0,0.0,0.0,0.0,0.0,0.0,0.0,0.0,1.0,0.0,0.7692307692307693,0.5,0.5,0.0,0.0,-0.5,1.3333333333333333,0.0,0.5,-1.0,1.0,0.0,0.0,0.7142857142857143,0.8,-0.3333333333333333,1.2,0.9545454545454547,-0.3333333333333333,-0.30460448642266824,0.10063676290438232
0.0,1.0,0.0,1.0,0.0,1.0,0.0,0.0,0.0,0.0,0.0,0.0,0.0,0.0,0.0,1.0,0.0,0.0,1.0,0.0,0.8461538461538461,0.5833333333333334,0.5,0.5,0.0,-1.0,0.0,-0.3333333333333333,0.5,-1.0,1.1111111111111112,-1.0,0.0,0.2857142857142857,0.8,0.0,0.8,1.125,-0.04166666666666665,-0.6682408500590319,-0.008510198219213533
1.0,0.0,0.0,0.0,0.0,0.0,1.0,0.0,0.0,1.0,0.0,0.0,0.0,0.0,0.0,0.0,0.0,1.0,0.0,0.0,-0.9230769230769231,0.25,0.0,-1.0,0.0,0.5,-0.6666666666666666,0.0,0.5,0.0,-0.7777777777777778,-1.0,0.0,-0.42857142857142855,-0.2,0.3333333333333333,-0.4,-0.5000000000000001,1.222222222222222,-0.30460448642266824,-0.8071234858966848
0.0,1.0,1.0,0.0,0.0,0.0,1.0,0.0,0.0,0.0,0.0,0.0,0.0,1.0,0.0,0.0,0.0,1.0,0.0,0.0,0.46153846153846156,-0.08333333333333333,0.0,0.0,0.0,-1.0,2.3333333333333335,-0.16666666666666666,-0.5,0.0,0.8888888888888888,0.0,1.0,1.1428571428571428,0.8,1.3333333333333333,0.8,0.0,0.5000000000000001,0.09730938917541787,0.9347989966828258
1.0,0.0,1.0,0.0,0.0,0.0,1.0,0.0,0.0,0.0,0.0,0.0,1.0,0.0,0.0,0.0,0.0,0.0,1.0,1.0,0.6153846153846154,-0.4166666666666667,-1.0,-0.5,0.0,0.0,1.0,0.6666666666666666,-0.5,-1.0,0.6666666666666666,-1.0,-1.0,-0.42857142857142855,-0.2,0.3333333333333333,-0.2,0.4999999999999999,1.222222222222222,-1.1388290853531493,0.6793253666442516
0.0,1.0,1.0,0.0,0.0,0.0,1.0,0.0,0.0,0.0,0.0,0.0,0.0,0.0,1.0,0.0,0.0,0.0,1.0,1.0,0.6153846153846154,-0.5,0.0,-0.5,0.0,0.5,1.3333333333333333,-0.3333333333333333,0.0,-1.0,-0.4444444444444444,-1.0,0.0,-0.14285714285714285,0.0,0.0,-0.2,-0.29999999999999993,0.1333333333333334,-0.14876033057851248,-0.6859383279500191
0.0,1.0,1.0,0.0,0.0,0.0,1.0,0.0,0.0,0.0,0.0,0.0,0.0,1.0,0.0,0.0,0.0,0.0,1.0,0.0,1.3846153846153846,-0.5,0.0,0.5,0.0,0.5,1.3333333333333333,0.8333333333333334,0.5,-1.0,2.111111111111111,0.0,-1.0,2.142857142857143,0.8,3.6666666666666665,0.8,-0.5000000000000001,1.0,0.059031877213695266,1.18347402024058
0.0,1.0,0.0,0.0,1.0,0.0,0.0,0.0,0.0,1.0,0.0,0.0,0.0,0.0,0.0,0.0,0.0,1.0,0.0,0.0,0.6923076923076923,-0.25,0.0,0.0,-2.0,0.0,0.6666666666666666,1.1666666666666667,0.0,1.0,-0.1111111111111111,-1.0,1.0,0.0,-0.6,-0.3333333333333333,0.0,0.0,-0.3333333333333333,-0.30460448642266824,0.6360758211800775
0.0,0.0,1.0,0.0,0.0,0.0,1.0,0.0,0.0,0.0,0.0,0.0,0.0,0.0,1.0,0.0,0.0,1.0,0.0,0.0,-0.6923076923076923,-0.3333333333333333,0.0,0.5,0.0,0.5,-0.3333333333333333,-0.5,0.0,2.0,-1.1111111111111112,3.0,-1.0,-0.7142857142857143,-0.6,-0.3333333333333333,-0.6,-1.5,-0.3333333333333333,-1.395513577331759,-1.025234246696306
1.0,0.0,1.0,0.0,0.0,0.0,0.0,0.0,1.0,0.0,0.0,0.0,0.0,0.0,1.0,0.0,0.0,0.0,1.0,1.0,-0.46153846153846156,-0.25,0.0,0.0,0.0,0.5,2.3333333333333335,1.5,0.0,-1.0,-0.7777777777777778,1.0,0.0,-0.5714285714285714,-0.6,-0.3333333333333333,-0.6,-1.5,-0.3333333333333333,-0.8500590318772137,-0.7468960421443566
0.0,1.0,1.0,0.0,0.0,0.0,0.0,0.0,1.0,0.0,1.0,0.0,0.0,0.0,0.0,0.0,0.0,1.0,0.0,0.0,-0.6923076923076923,0.75,0.5,0.0,0.0,-0.5,2.3333333333333335,0.0,-0.5,0.0,-0.6666666666666666,-1.0,0.0,-0.42857142857142855,-0.2,0.3333333333333333,-0.2,0.4999999999999999,1.222222222222222,-0.5227863046044864,-0.5495375506103656
0.0,1.0,1.0,0.0,1.0,0.0,0.0,0.0,0.0,0.0,0.0,0.0,0.0,0.0,1.0,0.0,0.0,0.0,0.0,0.0,-0.5384615384615384,-0.5,0.0,-1.0,0.0,0.5,-0.3333333333333333,0.16666666666666666,-1.0,2.0,-0.7777777777777778,2.0,0.0,-0.2857142857142857,-0.2,0.0,-0.2,0.0,0.25000000000000006,0.24085005903187715,-0.2724165293869083
1.0,0.0,1.0,0.0,0.0,0.0,1.0,0.0,0.0,0.0,0.0,0.0,0.0,0.0,1.0,0.0,0.0,1.0,0.0,1.0,-0.7692307692307693,-0.16666666666666666,-0.5,0.0,-1.0,0.0,-0.3333333333333333,0.0,-1.0,0.0,-0.2222222222222222,-1.0,0.0,0.42857142857142855,0.8,0.0,0.8,0.8333333333333334,-0.07407407407407407,0.54388036206218,-0.713712902430774
0.0,1.0,1.0,0.0,1.0,0.0,0.0,0.0,0.0,0.0,0.0,0.0,0.0,0.0,0.0,0.0,0.0,0.0,0.0,0.0,0.0,-0.3333333333333333,-0.5,0.5,1.0,-1.0,1.3333333333333333,1.0,-1.0,0.0,0.3333333333333333,0.0,0.0,0.0,0.2,-0.3333333333333333,0.2,0.4999999999999999,-0.3333333333333333,-0.6162927981109799,0.2979917210118849
0.0,1.0,1.0,0.0,0.0,0.0,0.0,1.0,0.0,0.0,1.0,0.0,0.0,0.0,0.0,0.0,0.0,0.0,1.0,0.0,-0.5384615384615384,0.16666666666666666,1.0,-0.5,-1.0,0.5,-0.6666666666666666,0.5,0.0,-1.0,-0.6666666666666666,-1.0,0.0,-0.2857142857142857,-0.2,0.3333333333333333,-0.2,0.0,0.8333333333333334,-0.08642266824085014,-0.21752249739342444
0.0,1.0,0.0,1.0,0.0,1.0,0.0,0.0,0.0,0.0,0.0,0.0,0.0,0.0,0.0,1.0,0.0,0.0,1.0,0.0,-0.23076923076923078,0.75,0.0,-1.0,0.0,-1.0,1.0,0.16666666666666666,0.0,-1.0,-0.4444444444444444,0.0,0.0,-0.2857142857142857,-0.2,-0.3333333333333333,-0.2,0.0,-0.3333333333333333,-0.46044864226682414,0.05896713108155738
0.0,1.0,1.0,0.0,0.0,0.0,0.0,0.0,1.0,0.0,0.0,0.0,1.0,0.0,0.0,0.0,0.0,1.0,0.0,0.0,1.3846153846153846,0.8333333333333334,0.0,0.0,0.0,0.0,2.0,-0.5,0.0,0.0,1.3333333333333333,-1.0,0.0,0.7142857142857143,0.8,-0.3333333333333333,1.0,0.6818181818181819,-0.3333333333333333,-0.4468969765412453,0.7275541328441367
0.0,1.0,0.0,1.0,0.0,0.0,1.0,0.0,0.0,0.0,0.0,0.0,0.0,0.0,0.0,1.0,0.0,0.0,0.0,0.0,-0.38461538461538464,0.5,0.5,-0.5,0.0,-1.0,0.0,0.5,0.0,-1.0,-0.1111111111111111,-1.0,-2.0,-0.2857142857142857,-0.4,0.0,-0.2,0.0,0.25000000000000006,-0.7409681227863046,-0.15952229219480815
0.0,1.0,1.0,0.0,0.0,0.0,0.0,0.0,1.0,0.0,0.0,0.0,0.0,0.0,1.0,0.0,0.0,0.0,0.0,0.0,0.3076923076923077,1.4166666666666667,-0.5,-1.0,0.0,0.5,-0.3333333333333333,0.5,-1.0,1.0,-0.1111111111111111,0.0,0.0,0.5714285714285714,1.0,1.0,0.8,0.5999999999999999,0.6000000000000001,0.5681227863046044,-0.3912744358176346
0.0,1.0,0.0,0.0,1.0,0.0,0.0,0.0,0.0,0.0,0.0,1.0,0.0,0.0,0.0,0.0,0.0,1.0,0.0,0.0,0.8461538461538461,1.5833333333333333,0.5,0.5,0.0,0.0,0.3333333333333333,-0.5,0.0,0.0,1.8888888888888888,-1.0,0.0,0.0,-0.2,0.0,-0.6,-1.5,0.05555555555555555,-1.0059031877213693,1.3036982897911782
1.0,0.0,1.0,0.0,0.0,0.0,0.0,0.0,1.0,0.0,0.0,0.0,0.0,0.0,1.0,0.0,0.0,0.0,1.0,0.0,-0.46153846153846156,-0.4166666666666667,0.5,0.5,-1.0,-1.0,-0.6666666666666666,0.3333333333333333,0.5,-1.0,0.0,-1.0,0.0,0.5714285714285714,0.8,-0.3333333333333333,0.8,0.5999999999999999,-0.3333333333333333,0.38961038961038963,-0.006974653509844517
0.0,1.0,1.0,0.0,1.0,0.0,0.0,0.0,0.0,0.0,0.0,0.0,0.0,0.0,1.0,0.0,0.0,0.0,0.0,0.0,-0.38461538461538464,1.5833333333333333,-1.0,-1.0,0.0,0.0,-0.3333333333333333,0.5,0.5,0.0,-0.5555555555555556,-2.0,-1.0,0.0,-0.2,1.0,0.0,0.0,1.222222222222222,0.42266824085005905,-0.5162358664023291
1.0,0.0,1.0,0.0,1.0,0.0,0.0,0.0,0.0,0.0,1.0,0.0,0.0,0.0,0.0,0.0,0.0,0.0,1.0,0.0,0.15384615384615385,1.8333333333333333,1.0,0.5,0.0,0.5,-0.3333333333333333,-0.5,0.5,-1.0,0.0,-1.0,0.0,0.7142857142857143,0.0,2.6666666666666665,1.2,0.9545454545454547,1.575757575757576,0.5879574970484059,-0.6977427385251166
0.0,1.0,1.0,0.0,0.0,0.0,0.0,0.0,1.0,0.0,0.0,0.0,1.0,0.0,0.0,0.0,0.0,0.0,1.0,0.0,-0.07692307692307693,-0.16666666666666666,0.5,0.0,0.0,-0.5,-0.6666666666666666,-0.16666666666666666,0.5,-1.0,0.7777777777777778,2.0,0.0,1.5714285714285714,0.6,-0.3333333333333333,2.0,0.7941176470588234,-0.3333333333333333,0.54388036206218,0.4582323732845532
0.0,1.0,1.0,0.0,1.0,0.0,0.0,0.0,0.0,0.0,0.0,0.0,1.0,0.0,0.0,0.0,0.0,1.0,0.0,1.0,1.5384615384615385,1.3333333333333333,0.0,0.5,0.0,-0.5,0.6666666666666666,-0.3333333333333333,-1.0,0.0,2.5555555555555554,-3.0,0.0,2.0,2.6,4.666666666666667,1.2,-0.14999999999999997,1.416666666666667,-0.17626224043336342,0.9386463292384318
1.0,0.0,0.0,1.0,0.0,1.0,0.0,0.0,0.0,0.0,0.0,0.0,0.0,0.0,0.0,0.0,1.0,0.0,0.0,0.0,0.07692307692307693,-0.25,0.5,-1.0,0.0,0.5,0.6666666666666666,0.5,0.0,0.0,0.3333333333333333,-1.0,0.0,0.5714285714285714,1.0,1.3333333333333333,1.0,0.9000000000000001,0.8333333333333334,0.00708382526564351,-0.5556574254135496
0.0,0.0,0.0,1.0,0.0,1.0,0.0,0.0,0.0,0.0,0.0,0.0,0.0,0.0,0.0,1.0,0.0,0.0,1.0,0.0,-0.15384615384615385,1.3333333333333333,0.5,-0.5,0.0,0.0,-0.6666666666666666,1.0,0.0,-1.0,0.0,-1.0,0.0,0.5714285714285714,0.4,2.3333333333333335,0.8,0.5999999999999999,1.5333333333333337,0.38961038961038963,-0.08695423124876327
0.0,1.0,1.0,0.0,1.0,0.0,0.0,0.0,0.0,0.0,1.0,0.0,0.0,0.0,0.0,0.0,0.0,0.0,0.0,1.0,0.38461538461538464,-0.4166666666666667,0.5,-0.5,-2.0,0.5,0.6666666666666666,-0.16666666666666666,0.0,0.0,0.0,-2.0,-1.0,0.2857142857142857,0.8,0.0,-0.6,-1.5,-0.04166666666666665,-0.00708382526564351,-0.5607875143982307
0.0,1.0,1.0,0.0,1.0,0.0,0.0,0.0,0.0,0.0,1.0,0.0,0.0,0.0,0.0,0.0,0.0,1.0,0.0,0.0,0.3076923076923077,-0.5,0.5,-1.0,0.0,0.5,2.0,0.8333333333333334,0.0,1.0,-0.2222222222222222,0.0,-1.0,-0.5714285714285714,-0.6,-0.3333333333333333,-0.6,-1.5,-0.3333333333333333,-1.1530893349075169,-0.6977427385251166
0.0,1.0,1.0,0.0,0.0,0.0,1.0,0.0,0.0,0.0,0.0,0.0,0.0,1.0,0.0,0.0,0.0,0.0,0.0,0.0,1.0769230769230769,-0.5,-0.5,0.5,0.0,0.5,2.3333333333333335,1.3333333333333333,0.0,0.0,2.4444444444444446,-2.0,-1.0,0.0,0.2,0.0,0.0,0.0,0.05555555555555555,-1.0649350649350648,1.1873706425177208
0.0,0.0,1.0,0.0,1.0,0.0,0.0,0.0,0.0,0.0,0.0,0.0,0.0,0.0,0.0,0.0,0.0,1.0,0.0,0.0,0.23076923076923078,1.5,-0.5,0.0,0.0,0.0,0.3333333333333333,1.1666666666666667,-0.5,0.0,0.3333333333333333,-1.0,0.0,0.14285714285714285,0.2,-0.3333333333333333,0.4,0.6428571428571429,-0.3333333333333333,-0.46044864226682414,0.7434810534196201
0.0,1.0,1.0,0.0,0.0,0.0,0.0,0.0,1.0,0.0,0.0,0.0,0.0,0.0,1.0,0.0,0.0,0.0,1.0,1.0,-1.1538461538461537,-0.5,-1.0,0.5,-1.0,-0.5,-0.3333333333333333,-0.5,0.0,-1.0,-0.8888888888888888,3.0,1.0,-0.42857142857142855,-0.2,0.3333333333333333,-0.2,0.4999999999999999,1.222222222222222,0.059031877213695266,-0.8410254682141105
0.0,0.0,0.0,0.0,0.0,0.0,0.0,0.0,0.0,1.0,0.0,0.0,0.0,0.0,0.0,0.0,0.0,0.0,0.0,0.0,0.15384615384615385,-0.4166666666666667,0.0,-1.0,0.0,-0.5,1.0,-0.16666666666666666,0.5,2.0,0.3333333333333333,0.0,0.0,0.8571428571428571,1.4,0.6666666666666666,1.0,0.4999999999999999,0.25000000000000006,0.318772136953955,-0.6268070113664685
0.0,1.0,1.0,0.0,0.0,0.0,1.0,0.0,0.0,0.0,0.0,0.0,0.0,1.0,0.0,0.0,0.0,0.0,1.0,0.0,0.23076923076923078,0.25,-1.0,0.0,0.0,0.0,1.6666666666666667,1.1666666666666667,0.0,-1.0,-0.1111111111111111,0.0,0.0,-0.14285714285714285,0.0,0.3333333333333333,-0.2,-0.29999999999999993,0.6000000000000001,-0.5227863046044864,0.9430445675202754
0.0,1.0,0.0,1.0,0.0,0.0,1.0,0.0,0.0,0.0,0.0,0.0,0.0,0.0,0.0,1.0,0.0,1.0,0.0,1.0,-0.15384615384615385,-0.3333333333333333,-1.0,0.5,-1.0,0.5,0.3333333333333333,-0.3333333333333333,0.0,-1.0,-0.1111111111111111,0.0,-1.0,-0.14285714285714285,-0.2,-0.3333333333333333,-0.4,-0.9,-0.3333333333333333,-0.5227863046044864,0.4591736051922426
0.0,1.0,1.0,0.0,0.0,0.0,1.0,0.0,0.0,0.0,0.0,0.0,0.0,0.0,1.0,0.0,0.0,0.0,1.0,0.0,0.23076923076923078,1.3333333333333333,0.0,0.0,0.0,-1.0,-0.6666666666666666,-0.16666666666666666,-1.0,-1.0,-0.4444444444444444,-1.0,0.0,0.0,-0.2,-0.3333333333333333,0.0,0.0,-0.3333333333333333,0.16292798110979928,-0.2366096561741386
1.0,0.0,1.0,0.0,1.0,0.0,0.0,0.0,0.0,0.0,0.0,0.0,0.0,0.0,1.0,0.0,0.0,0.0,1.0,1.0,-0.3076923076923077,-0.16666666666666666,-0.5,-1.0,1.0,0.0,0.3333333333333333,0.0,-1.0,-1.0,-0.2222222222222222,-1.0,0.0,-0.14285714285714285,-0.4,-0.3333333333333333,0.0,0.29999999999999993,-0.3333333333333333,-0.4258166076347895,-0.6875038268303054
0.0,1.0,1.0,0.0,1.0,0.0,0.0,0.0,0.0,0.0,0.0,0.0,0.0,0.0,1.0,0.0,0.0,0.0,1.0,0.0,-0.23076923076923078,-0.4166666666666667,0.0,0.0,0.0,0.5,-0.6666666666666666,0.0,-1.0,-1.0,-0.6666666666666666,-1.0,1.0,-0.2857142857142857,-0.4,-0.3333333333333333,-0.2,0.0,-0.3333333333333333,-0.08642266824085014,-0.6612338977589698
0.0,1.0,0.0,1.0,0.0,1.0,0.0,0.0,0.0,0.0,0.0,0.0,0.0,0.0,0.0,1.0,0.0,0.0,1.0,0.0,0.15384615384615385,0.0,0.5,0.5,-1.0,0.5,-0.6666666666666666,1.0,-1.0,-1.0,-0.2222222222222222,-1.0,0.0,0.2857142857142857,0.8,-0.3333333333333333,0.4,0.375,-0.3333333333333333,0.3014561196379378,-0.20681855975417446
0.0,1.0,1.0,0.0,0.0,0.0,0.0,0.0,1.0,0.0,0.0,0.0,1.0,0.0,0.0,0.0,0.0,1.0,0.0,1.0,0.6923076923076923,1.8333333333333333,0.0,-0.5,0.0,0.5,0.6666666666666666,0.6666666666666666,0.5,1.0,0.0,1.0,1.0,-0.2857142857142857,-0.4,0.0,-0.2,0.0,0.25000000000000006,-0.8004722550177096,0.5986243557139606
1.0,0.0,1.0,0.0,0.0,0.0,1.0,0.0,0.0,0.0,0.0,0.0,1.0,0.0,0.0,0.0,0.0,0.0,1.0,0.0,0.23076923076923078,-0.25,0.0,-1.0,0.0,0.0,-0.6666666666666666,-0.16666666666666666,0.5,-1.0,0.0,-1.0,-2.0,0.5714285714285714,-0.2,0.6666666666666666,1.0,0.9000000000000001,0.3666666666666667,0.38961038961038963,0.007113057070892801
0.0,1.0,1.0,0.0,1.0,0.0,0.0,0.0,0.0,0.0,0.0,0.0,0.0,0.0,1.0,0.0,0.0,0.0,0.0,1.0,1.5384615384615385,0.08333333333333333,0.0,0.0,0.0,-1.0,0.6666666666666666,0.6666666666666666,0.0,0.0,1.0,0.0,0.0,-0.42857142857142855,-0.2,0.3333333333333333,-0.2,0.4999999999999999,1.222222222222222,-1.177331759149941,-0.15413557660524074
0.0,1.0,1.0,0.0,0.0,0.0,1.0,0.0,0.0,0.0,0.0,0.0,1.0,0.0,0.0,0.0,0.0,0.0,0.0,0.0,0.7692307692307693,0.9166666666666666,0.0,0.0,0.0,0.0,0.0,0.0,0.0,0.0,1.0,2.0,-1.0,0.7142857142857143,0.8,-0.3333333333333333,1.0,0.6818181818181819,-0.3333333333333333,-0.30460448642266824,-0.03776947232838768
1.0,0.0,1.0,0.0,1.0,0.0,0.0,0.0,0.0,0.0,0.0,0.0,0.0,1.0,0.0,0.0,0.0,0.0,1.0,1.0,-0.23076923076923078,-0.5,-0.5,-1.0,0.0,0.5,-0.3333333333333333,-0.3333333333333333,0.0,-1.0,0.5555555555555556,-2.0,0.0,1.4285714285714286,2.2,2.3333333333333335,1.8,0.75,0.8333333333333334,0.6499409681227862,0.9426198175968564
0.0,1.0,0.0,1.0,0.0,0.0,1.0,0.0,0.0,0.0,0.0,1.0,0.0,0.0,0.0,0.0,0.0,0.0,0.0,0.0,1.3076923076923077,-0.4166666666666667,-0.5,0.0,0.0,0.0,1.3333333333333333,-0.16666666666666666,0.0,0.0,1.3333333333333333,0.0,1.0,1.7142857142857142,2.0,4.666666666666667,-0.2,-1.1666666666666667,1.6111111111111112,0.21713464401211421,1.0365413519303996
0.0,1.0,1.0,0.0,1.0,0.0,0.0,0.0,0.0,0.0,0.0,0.0,1.0,0.0,0.0,0.0,0.0,0.0,1.0,0.0,-0.46153846153846156,-0.4166666666666667,0.0,0.0,-2.0,0.5,0.0,1.0,0.0,-1.0,0.1111111111111111,-1.0,0.0,0.0,0.2,-0.3333333333333333,-0.2,-0.5000000000000001,-0.3333333333333333,-0.48642266824085,0.18720598665064947
0.0,1.0,1.0,0.0,1.0,0.0,0.0,0.0,0.0,0.0,0.0,0.0,0.0,1.0,0.0,0.0,0.0,1.0,0.0,0.0,0.8461538461538461,-0.16666666666666666,1.0,0.5,0.0,0.0,0.6666666666666666,-0.5,-0.5,0.0,1.2222222222222223,-1.0,0.0,-0.2857142857142857,-0.2,0.0,-0.4,-0.75,0.25000000000000006,-1.0979929161747344,1.2354831812122553
0.0,1.0,0.0,1.0,1.0,0.0,0.0,0.0,0.0,0.0,0.0,0.0,0.0,0.0,0.0,1.0,0.0,1.0,0.0,0.0,-0.8461538461538461,0.08333333333333333,0.0,0.5,1.0,-0.5,-0.6666666666666666,1.3333333333333333,0.0,0.0,-0.6666666666666666,1.0,0.0,-0.2857142857142857,-0.2,0.0,-0.2,0.0,0.25000000000000006,-0.08642266824085014,-0.02968231081122928
0.0,1.0,1.0,0.0,0.0,0.0,1.0,0.0,0.0,0.0,1.0,0.0,0.0,0.0,0.0,0.0,0.0,1.0,0.0,1.0,-0.6153846153846154,1.4166666666666667,0.0,0.0,0.0,-0.5,-0.3333333333333333,0.5,0.0,2.0,-1.0,0.0,0.0,-0.5714285714285714,-0.4,-0.3333333333333333,-0.6,-1.5,-0.3333333333333333,-0.30460448642266824,-0.6969512125418493
0.0,1.0,1.0,0.0,1.0,0.0,0.0,0.0,0.0,0.0,0.0,0.0,1.0,0.0,0.0,0.0,0.0,1.0,0.0,1.0,-0.07692307692307693,1.3333333333333333,-0.5,-0.5,-1.0,0.0,0.3333333333333333,-0.16666666666666666,-1.0,-1.0,-0.2222222222222222,-2.0,0.0,-0.5714285714285714,-0.6,-0.3333333333333333,-0.4,0.0,-0.3333333333333333,-1.1530893349075169,0.15942909902915903
1.0,0.0,1.0,0.0,0.0,0.0,1.0,0.0,0.0,0.0,0.0,0.0,0.0,0.0,1.0,0.0,0.0,0.0,1.0,0.0,0.5384615384615384,1.75,0.0,-0.5,1.0,0.0,0.6666666666666666,-0.3333333333333333,0.5,-1.0,0.8888888888888888,-1.0,0.0,-0.2857142857142857,-0.2,0.0,-0.2,0.0,0.25000000000000006,-1.0510159696762567,-0.051938470271512445
0.0,1.0,1.0,0.0,1.0,0.0,0.0,0.0,0.0,0.0,0.0,0.0,0.0,0.0,0.0,0.0,0.0,1.0,0.0,0.0,0.5384615384615384,0.0,0.0,0.0,0.0,-1.0,2.0,0.3333333333333333,-1.0,0.0,0.0,-2.0,-1.0,-0.5714285714285714,-0.6,-0.3333333333333333,-0.6,-1.5,-0.3333333333333333,-1.1971664698937425,0.6581845334597072
0.0,1.0,1.0,0.0,0.0,0.0,1.0,0.0,0.0,0.0,0.0,0.0,0.0,0.0,0.0,0.0,0.0,1.0,0.0,0.0,0.7692307692307693,1.1666666666666667,-0.5,0.5,0.0,-0.5,0.6666666666666666,1.3333333333333333,0.5,0.0,0.3333333333333333,-1.0,1.0,0.5714285714285714,0.8,0.6666666666666666,0.8,0.5999999999999999,0.3666666666666667,0.00708382526564351,0.5513499990445884
0.0,1.0,1.0,0.0,1.0,0.0,0.0,0.0,0.0,0.0,0.0,0.0,0.0,0.0,1.0,0.0,0.0,0.0,0.0,1.0,-1.0769230769230769,-0.16666666666666666,0.0,0.5,1.0,-0.5,-0.3333333333333333,0.3333333333333333,-1.0,0.0,-0.6666666666666666,-1.0,-1.0,-0.14285714285714285,-0.2,0.3333333333333333,-0.2,-0.29999999999999993,0.6000000000000001,0.34994096812278636,-0.7291365332521372
0.0,1.0,0.0,1.0,0.0,1.0,0.0,0.0,0.0,0.0,0.0,0.0,0.0,0.0,0.0,1.0,0.0,0.0,1.0,0.0,0.46153846153846156,-0.25,0.5,-0.5,0.0,-1.0,1.6666666666666667,-0.16666666666666666,0.5,-1.0,-0.1111111111111111,0.0,1.0,0.14285714285714285,0.2,0.0,0.4,0.6428571428571429,0.0,-0.08642266824085014,0.028231420376408713
0.0,1.0,1.0,0.0,1.0,0.0,0.0,0.0,0.0,0.0,0.0,0.0,0.0,0.0,1.0,0.0,0.0,0.0,0.0,0.0,-0.15384615384615385,-0.3333333333333333,0.0,0.5,0.0,-0.5,-0.3333333333333333,-0.3333333333333333,0.0,0.0,0.1111111111111111,-1.0,0.0,0.8571428571428571,1.0,2.0,1.2,0.75,1.027777777777778,0.6044864226682407,0.07827752277119995
0.0,1.0,1.0,0.0,0.0,0.0,1.0,0.0,0.0,0.0,0.0,0.0,0.0,0.0,1.0,0.0,0.0,1.0,0.0,0.0,0.9230769230769231,1.0833333333333333,0.5,0.5,0.0,0.0,0.6666666666666666,0.5,-1.0,1.0,0.3333333333333333,-1.0,-1.0,-0.7142857142857143,-0.6,-0.3333333333333333,-0.6,-1.5,-0.3333333333333333,-1.395513577331759,-0.7577971411886338
1.0,0.0,1.0,0.0,0.0,0.0,0.0,0.0,1.0,0.0,0.0,0.0,0.0,0.0,0.0,0.0,0.0,1.0,0.0,0.0,-0.15384615384615385,0.25,0.5,0.5,-1.0,0.0,-0.3333333333333333,0.0,-0.5,0.0,-0.2222222222222222,0.0,-1.0,0.42857142857142855,-0.2,2.0,0.8,0.8333333333333334,1.4814814814814814,0.54388036206218,0.011073276841339217
0.0,1.0,0.0,1.0,1.0,0.0,0.0,0.0,0.0,0.0,0.0,0.0,0.0,0.0,0.0,1.0,0.0,1.0,0.0,0.0,1.4615384615384615,-0.5,-0.5,-1.0,0.0,0.5,0.3333333333333333,0.0,0.5,0.0,1.5555555555555556,1.0,0.0,-0.5714285714285714,-0.6,0.0,-0.6,-1.5,0.8333333333333334,-1.3082408500590317,0.6821214485397272
0.0,1.0,1.0,0.0,0.0,0.0,1.0,0.0,0.0,0.0,0.0,0.0,0.0,0.0,0.0,0.0,0.0,0.0,1.0,0.0,0.8461538461538461,1.5,0.0,-1.0,0.0,0.0,0.0,1.5,-0.5,-1.0,1.6666666666666667,0.0,0.0,1.7142857142857142,2.2,3.6666666666666665,1.6,0.3333333333333335,1.222222222222222,0.0310598492416674,0.5195461037215318
0.0,0.0,1.0,0.0,0.0,0.0,1.0,0.0,0.0,0.0,0.0,0.0,0.0,0.0,1.0,0.0,0.0,1.0,0.0,0.0,1.2307692307692308,1.0,0.5,0.5,0.0,0.5,-0.6666666666666666,0.6666666666666666,-1.0,0.0,-0.5555555555555556,0.0,0.0,-0.14285714285714285,0.0,0.0,-0.2,-0.29999999999999993,0.1333333333333334,0.059031877213695266,-0.15391178953621573
0.0,1.0,0.0,1.0,1.0,0.0,0.0,0.0,0.0,0.0,0.0,0.0,0.0,0.0,0.0,0.0,1.0,0.0,1.0,0.0,-1.2307692307692308,0.16666666666666666,-1.0,0.5,0.0,-1.0,-0.3333333333333333,-0.5,-1.0,-1.0,-0.8888888888888888,0.0,0.0,-0.42857142857142855,-0.2,-0.3333333333333333,-0.2,0.4999999999999999,-0.3333333333333333,0.059031877213695266,-0.5780900453990208
0.0,1.0,1.0,0.0,1.0,0.0,0.0,0.0,0.0,0.0,0.0,0.0,0.0,0.0,0.0,0.0,0.0,1.0,0.0,1.0,-0.07692307692307693,1.1666666666666667,-1.0,0.5,0.0,0.5,-0.3333333333333333,1.8333333333333333,0.5,0.0,0.0,-1.0,-2.0,0.7142857142857143,0.6,-0.3333333333333333,0.8,0.40909090909090906,-0.3333333333333333,0.5879574970484059,-0.21013580855534808
0.0,1.0,1.0,0.0,0.0,0.0,0.0,1.0,0.0,0.0,0.0,0.0,0.0,0.0,0.0,0.0,0.0,1.0,0.0,1.0,0.6153846153846154,0.25,0.5,0.5,0.0,0.5,0.0,-0.16666666666666666,0.5,-1.0,-0.1111111111111111,2.0,1.0,-0.14285714285714285,-0.2,0.0,0.0,0.29999999999999993,0.1333333333333334,-0.5227863046044864,0.24398674734476178
0.0,1.0,1.0,0.0,0.0,0.0,1.0,0.0,0.0,0.0,0.0,0.0,0.0,0.0,1.0,0.0,0.0,1.0,0.0,0.0,-1.0,-0.25,0.0,-1.0,1.0,-1.0,0.0,0.3333333333333333,-1.0,0.0,-0.5555555555555556,0.0,1.0,-0.2857142857142857,-0.2,-0.3333333333333333,-0.2,0.0,-0.3333333333333333,-0.30460448642266824,-0.5468301702978059
0.0,1.0,1.0,0.0,0.0,0.0,1.0,0.0,0.0,0.0,0.0,0.0,0.0,1.0,0.0,0.0,0.0,1.0,0.0,0.0,0.15384615384615385,0.25,0.0,-0.5,-2.0,0.0,0.3333333333333333,-0.3333333333333333,-1.0,0.0,1.1111111111111112,0.0,0.0,1.8571428571428572,2.6,0.0,1.6,0.23684210526315796,-0.21052631578947367,0.4746162927981108,0.9246071834343329
0.0,1.0,1.0,0.0,0.0,0.0,1.0,0.0,0.0,0.0,0.0,0.0,0.0,0.0,0.0,0.0,0.0,0.0,0.0,1.0,0.6923076923076923,1.0833333333333333,0.0,-0.5,-2.0,-1.0,0.0,0.6666666666666666,-0.5,0.0,1.5555555555555556,-1.0,0.0,0.2857142857142857,0.8,-0.3333333333333333,0.8,1.125,-0.3333333333333333,-0.7846044864226681,0.7374408174449693
0.0,1.0,0.0,1.0,1.0,0.0,0.0,0.0,0.0,0.0,0.0,0.0,0.0,0.0,0.0,1.0,0.0,0.0,1.0,0.0,-0.3076923076923077,-0.5,-0.5,-1.0,-2.0,-0.5,1.3333333333333333,0.16666666666666666,-0.5,-1.0,0.0,-1.0,0.0,-0.7142857142857143,-0.6,-0.3333333333333333,-0.6,-1.5,-0.3333333333333333,-1.395513577331759,0.28297252753772156
0.0,1.0,0.0,1.0,0.0,1.0,0.0,0.0,0.0,0.0,0.0,0.0,0.0,0.0,0.0,1.0,0.0,1.0,0.0,1.0,0.3076923076923077,1.25,-0.5,0.0,-1.0,0.0,0.0,-0.3333333333333333,-1.0,1.0,-0.2222222222222222,3.0,0.0,0.14285714285714285,0.2,0.0,-0.6,-1.5,0.0,0.059031877213695266,0.23137587375265528
0.0,1.0,0.0,1.0,1.0,0.0,0.0,0.0,0.0,0.0,0.0,0.0,0.0,0.0,0.0,1.0,0.0,1.0,0.0,1.0,-0.07692307692307693,0.8333333333333334,0.5,0.0,0.0,-1.0,0.3333333333333333,0.16666666666666666,0.5,2.0,0.5555555555555556,-1.0,0.0,0.2857142857142857,0.8,0.0,0.8,1.125,-0.04166666666666665,-0.4409681227863046,0.5556106397797372
0.0,1.0,1.0,0.0,1.0,0.0,0.0,0.0,0.0,0.0,1.0,0.0,0.0,0.0,0.0,0.0,0.0,0.0,1.0,0.0,1.3076923076923077,-0.08333333333333333,0.0,0.5,0.0,0.5,0.0,0.5,0.5,-1.0,1.0,1.0,0.0,-0.42857142857142855,-0.2,0.3333333333333333,-0.2,0.4999999999999999,1.222222222222222,-1.177331759149941,-0.6804792454253555
0.0,1.0,0.0,1.0,0.0,0.0,1.0,0.0,0.0,0.0,0.0,0.0,0.0,0.0,0.0,1.0,0.0,1.0,0.0,0.0,-0.3076923076923077,0.08333333333333333,0.0,0.0,1.0,0.5,-0.3333333333333333,0.16666666666666666,0.0,1.0,0.0,1.0,1.0,0.7142857142857143,0.8,-0.3333333333333333,1.0,0.6818181818181819,-0.3333333333333333,0.5879574970484059,0.2054887247414203
0.0,1.0,0.0,1.0,0.0,1.0,0.0,0.0,0.0,0.0,0.0,0.0,0.0,0.0,0.0,1.0,0.0,1.0,0.0,0.0,-0.15384615384615385,1.75,0.0,0.5,-1.0,0.0,-0.3333333333333333,1.1666666666666667,0.5,1.0,-0.2222222222222222,-1.0,0.0,0.42857142857142855,0.8,0.0,0.8,0.8333333333333334,-0.07407407407407407,0.54388036206218,0.27971296063503376
0.0,1.0,1.0,0.0,0.0,0.0,0.0,0.0,1.0,0.0,0.0,0.0,0.0,0.0,1.0,0.0,0.0,1.0,0.0,1.0,-0.6923076923076923,0.8333333333333334,0.0,0.0,0.0,-0.5,-0.6666666666666666,0.3333333333333333,0.5,0.0,-0.4444444444444444,0.0,-1.0,0.0,-0.2,0.0,-0.4,-1.0000000000000002,0.05555555555555555,0.16292798110979928,-0.46930272096783837
1.0,0.0,1.0,0.0,0.0,0.0,1.0,0.0,0.0,0.0,1.0,0.0,0.0,0.0,0.0,0.0,0.0,0.0,1.0,0.0,0.46153846153846156,0.16666666666666666,-0.5,-1.0,0.0,0.5,-0.3333333333333333,-0.16666666666666666,0.0,-1.0,0.2222222222222222,0.0,0.0,1.0,1.2,1.3333333333333333,1.0,0.34615384615384626,0.5641025641025642,0.6184724366542549,-0.2947203742749276
1.0,0.0,0.0,1.0,1.0,0.0,0.0,0.0,0.0,0.0,0.0,0.0,0.0,0.0,0.0,1.0,0.0,1.0,0.0,1.0,-0.6153846153846154,-0.5,-0.5,0.0,-1.0,0.5,-0.3333333333333333,-0.3333333333333333,0.0,0.0,-0.3333333333333333,-1.0,0.0,0.2857142857142857,0.8,-0.3333333333333333,0.8,1.125,-0.3333333333333333,0.5135773317591499,0.29687694126310593
0.0,1.0,1.0,0.0,1.0,0.0,0.0,0.0,0.0,0.0,1.0,0.0,0.0,0.0,0.0,0.0,0.0,0.0,0.0,0.0,0.6923076923076923,0.16666666666666666,0.0,-0.5,0.0,-0.5,2.0,0.6666666666666666,0.0,0.0,1.1111111111111112,-1.0,-2.0,1.7142857142857142,1.2,-0.3333333333333333,2.4,1.0000000000000002,-0.3333333333333333,0.37072018890200703,-0.72098772576541
0.0,1.0,1.0,0.0,1.0,0.0,0.0,0.0,0.0,0.0,1.0,0.0,0.0,0.0,0.0,0.0,0.0,1.0,0.0,0.0,0.3076923076923077,-0.4166666666666667,-0.5,0.0,0.0,-1.0,0.6666666666666666,0.5,0.5,0.0,-0.3333333333333333,2.0,-1.0,-0.14285714285714285,0.0,-0.3333333333333333,-0.2,-0.29999999999999993,-0.3333333333333333,-0.30460448642266824,-0.3747694430167624
0.0,1.0,1.0,0.0,0.0,0.0,0.0,1.0,0.0,0.0,1.0,0.0,0.0,0.0,0.0,0.0,0.0,1.0,0.0,0.0,1.2307692307692308,0.08333333333333333,0.5,0.0,0.0,-1.0,2.3333333333333335,-0.16666666666666666,0.0,-1.0,0.2222222222222222,-1.0,-2.0,0.0,0.2,-0.3333333333333333,0.2,0.4999999999999999,-0.3333333333333333,-0.5563527381709199,-0.5035572240247747
0.0,0.0,1.0,0.0,1.0,0.0,0.0,0.0,0.0,0.0,1.0,0.0,0.0,0.0,0.0,0.0,0.0,0.0,1.0,0.0,-1.3846153846153846,-0.5,0.0,0.5,0.0,0.5,-0.3333333333333333,0.16666666666666666,0.0,-1.0,-1.1111111111111112,2.0,1.0,-0.7142857142857143,-0.6,-0.3333333333333333,-0.6,-1.5,-0.3333333333333333,-1.395513577331759,-1.0798045831684757
0.0,1.0,1.0,0.0,0.0,0.0,1.0,0.0,0.0,0.0,1.0,0.0,0.0,0.0,0.0,0.0,0.0,1.0,0.0,0.0,-0.07692307692307693,-0.5,0.0,0.5,-1.0,0.5,-0.6666666666666666,-0.3333333333333333,-0.5,0.0,0.0,-3.0,0.0,0.5714285714285714,0.8,-0.3333333333333333,-0.6,-1.5,-0.3333333333333333,0.38961038961038963,0.06592139375558888
0.0,1.0,1.0,0.0,0.0,0.0,0.0,0.0,1.0,0.0,0.0,0.0,1.0,0.0,0.0,0.0,0.0,0.0,0.0,0.0,0.7692307692307693,-0.4166666666666667,0.5,0.5,0.0,0.5,0.0,-0.5,0.0,0.0,0.2222222222222222,0.0,-1.0,0.14285714285714285,0.0,0.0,0.2,0.2142857142857142,0.0,-0.3885205703387521,0.3699881902050891
0.0,1.0,1.0,0.0,0.0,0.0,1.0,0.0,0.0,0.0,1.0,0.0,0.0,0.0,0.0,0.0,0.0,0.0,0.0,1.0,0.46153846153846156,-0.4166666666666667,0.0,0.5,-1.0,-1.0,-0.6666666666666666,-0.5,0.0,0.0,0.0,1.0,0.0,0.5714285714285714,0.6,2.0,1.0,0.9000000000000001,1.3,0.38961038961038963,-0.6264395553260304
0.0,1.0,0.0,0.0,0.0,0.0,0.0,0.0,0.0,1.0,0.0,0.0,0.0,0.0,0.0,0.0,0.0,1.0,0.0,0.0,-0.15384615384615385,-0.3333333333333333,-0.5,0.0,0.0,0.5,-0.6666666666666666,0.8333333333333334,0.0,0.0,-0.6666666666666666,-2.0,-2.0,-0.2857142857142857,-0.2,-0.3333333333333333,-0.2,0.0,-0.3333333333333333,-0.08642266824085014,-0.2782623768329975
0.0,1.0,1.0,0.0,0.0,0.0,0.0,1.0,0.0,0.0,0.0,1.0,0.0,0.0,0.0,0.0,0.0,0.0,1.0,0.0,0.46153846153846156,0.16666666666666666,-0.5,0.5,-1.0,0.5,2.0,1.3333333333333333,0.5,-1.0,1.5555555555555556,-1.0,0.0,-0.5714285714285714,-0.6,-0.3333333333333333,-0.4,0.0,-0.3333333333333333,-1.3082408500590317,1.301514352018347
0.0,1.0,0.0,1.0,0.0,1.0,0.0,0.0,0.0,0.0,0.0,0.0,0.0,0.0,0.0,1.0,0.0,1.0,0.0,0.0,1.3076923076923077,0.08333333333333333,0.0,-1.0,0.0,0.5,1.0,0.0,0.0,0.0,2.0,0.0,0.0,-0.42857142857142855,-0.6,0.3333333333333333,-0.2,0.4999999999999999,1.222222222222222,-1.2450433578960223,0.8202380021430541
0.0,1.0,0.0,1.0,1.0,0.0,0.0,0.0,0.0,0.0,0.0,0.0,0.0,0.0,0.0,1.0,0.0,1.0,0.0,0.0,-0.46153846153846156,-0.16666666666666666,0.0,-0.5,0.0,0.5,0.0,-0.3333333333333333,0.0,0.0,0.2222222222222222,-1.0,0.0,0.7142857142857143,1.2,2.0,0.2,-0.40909090909090906,1.1515151515151516,0.2828081009899192,0.6025780757547093
0.0,1.0,1.0,0.0,1.0,0.0,0.0,0.0,0.0,0.0,1.0,0.0,0.0,0.0,0.0,0.0,0.0,0.0,1.0,0.0,1.3846153846153846,0.08333333333333333,0.5,0.0,0.0,0.0,1.6666666666666667,-0.5,0.0,-1.0,1.0,0.0,0.0,-0.5714285714285714,-0.6,-0.3333333333333333,-0.6,-1.5,-0.3333333333333333,-1.28642266824085,-0.26736216999711454
0.0,1.0,1.0,0.0,1.0,0.0,0.0,0.0,0.0,0.0,0.0,0.0,1.0,0.0,0.0,0.0,0.0,0.0,1.0,0.0,-0.38461538461538464,0.08333333333333333,0.5,0.0,0.0,0.5,-0.3333333333333333,1.5,0.5,-1.0,0.1111111111111111,-1.0,0.0,0.8571428571428571,0.8,0.0,1.0,0.4999999999999999,-0.1388888888888889,0.6044864226682407,-0.1174730946797832
0.0,1.0,1.0,0.0,1.0,0.0,0.0,0.0,0.0,0.0,1.0,0.0,0.0,0.0,0.0,0.0,0.0,0.0,1.0,0.0,-0.5384615384615384,0.0,0.0,0.5,0.0,-1.0,0.3333333333333333,0.0,-0.5,-1.0,0.1111111111111111,-1.0,0.0,-0.2857142857142857,-0.2,0.0,-0.2,0.0,0.25000000000000006,-0.8500590318772137,-0.8447138994427322
0.0,0.0,1.0,0.0,0.0,0.0,1.0,0.0,0.0,0.0,0.0,0.0,1.0,0.0,0.0,0.0,0.0,0.0,1.0,0.0,-0.38461538461538464,-0.16666666666666666,0.0,-0.5,0.0,-1.0,-0.6666666666666666,0.8333333333333334,-0.5,-1.0,0.0,-1.0,0.0,0.5714285714285714,0.2,0.0,0.8,0.5999999999999999,-0.09999999999999998,0.38961038961038963,0.6534967898085524
0.0,1.0,1.0,0.0,0.0,0.0,1.0,0.0,0.0,0.0,0.0,0.0,0.0,0.0,0.0,0.0,0.0,1.0,0.0,1.0,-0.38461538461538464,0.3333333333333333,-0.5,0.0,0.0,-1.0,-0.3333333333333333,-0.3333333333333333,0.5,-1.0,-0.4444444444444444,-1.0,-1.0,0.14285714285714285,0.4,-0.3333333333333333,-0.4,-1.0714285714285716,-0.3333333333333333,0.4746162927981108,0.29673750206041694
1.0,0.0,1.0,0.0,1.0,0.0,0.0,0.0,0.0,0.0,0.0,0.0,0.0,0.0,0.0,0.0,0.0,0.0,0.0,0.0,-0.23076923076923078,0.0,-0.5,0.5,0.0,0.0,-0.3333333333333333,1.0,0.0,2.0,-0.1111111111111111,-1.0,0.0,0.5714285714285714,0.8,0.3333333333333333,1.0,0.9000000000000001,0.1333333333333334,0.5681227863046044,0.16776767753777733
0.0,1.0,1.0,0.0,0.0,0.0,0.0,0.0,1.0,0.0,1.0,0.0,0.0,0.0,0.0,0.0,0.0,0.0,1.0,0.0,-1.2307692307692308,-0.25,0.0,-1.0,0.0,-1.0,-0.3333333333333333,0.8333333333333334,-0.5,-1.0,-1.0,-1.0,0.0,-0.5714285714285714,-0.6,-0.3333333333333333,-0.6,-1.5,-0.3333333333333333,-0.30460448642266824,-0.49615838980806026
0.0,1.0,1.0,0.0,1.0,0.0,0.0,0.0,0.0,0.0,0.0,0.0,0.0,1.0,0.0,0.0,0.0,0.0,0.0,1.0,1.0,0.9166666666666666,0.5,0.5,-1.0,0.0,-0.3333333333333333,0.5,0.0,0.0,2.3333333333333335,2.0,0.0,3.7142857142857144,1.2,-0.3333333333333333,1.2,-0.65625,-0.3333333333333333,0.7181227863046044,1.2961058096272609
0.0,1.0,1.0,0.0,0.0,0.0,0.0,1.0,0.0,0.0,0.0,0.0,0.0,0.0,0.0,0.0,0.0,0.0,1.0,0.0,1.0,0.0,0.0,-0.5,-1.0,0.0,2.0,1.6666666666666667,0.0,-1.0,1.7777777777777777,-1.0,0.0,0.0,-0.2,-0.3333333333333333,-0.6,-1.5,-0.3333333333333333,-0.9914731732913551,0.7473998121107045
1.0,0.0,1.0,0.0,0.0,0.0,1.0,0.0,0.0,0.0,0.0,0.0,0.0,0.0,0.0,0.0,0.0,1.0,0.0,1.0,1.4615384615384615,0.9166666666666666,0.5,0.0,0.0,-0.5,0.3333333333333333,0.0,0.5,1.0,0.7777777777777778,0.0,0.0,0.42857142857142855,0.8,1.6666666666666667,0.8,0.8333333333333334,1.222222222222222,-0.4258166076347895,0.23212232732655014
0.0,1.0,1.0,0.0,1.0,0.0,0.0,0.0,0.0,0.0,1.0,0.0,0.0,0.0,0.0,0.0,0.0,1.0,0.0,0.0,-0.9230769230769231,0.9166666666666666,-1.0,-0.5,0.0,0.0,-0.6666666666666666,-0.3333333333333333,0.0,0.0,-0.4444444444444444,-1.0,0.0,0.0,0.0,0.0,-0.2,-0.5000000000000001,0.05555555555555555,0.16292798110979928,-0.5621602150015279
0.0,1.0,1.0,0.0,0.0,0.0,1.0,0.0,0.0,0.0,0.0,0.0,1.0,0.0,0.0,0.0,0.0,1.0,0.0,1.0,1.6923076923076923,0.0,0.5,0.0,-1.0,-1.0,1.6666666666666667,0.0,0.5,-1.0,2.3333333333333335,-3.0,-1.0,0.7142857142857143,1.2,1.3333333333333333,1.2,0.9545454545454547,0.7272727272727273,-0.7136953955135773,0.6603769761639867
0.0,1.0,1.0,0.0,1.0,0.0,0.0,0.0,0.0,0.0,0.0,0.0,0.0,0.0,0.0,0.0,0.0,0.0,0.0,0.0,-0.23076923076923078,-0.16666666666666666,0.0,0.5,-1.0,0.5,0.6666666666666666,0.16666666666666666,0.0,0.0,-0.1111111111111111,-1.0,0.0,-0.2857142857142857,-0.2,0.0,-0.2,0.0,0.25000000000000006,-0.7409681227863046,0.33580807431841764
0.0,0.0,1.0,0.0,0.0,0.0,0.0,0.0,1.0,0.0,1.0,0.0,0.0,0.0,0.0,0.0,0.0,0.0,1.0,0.0,0.07692307692307693,-0.16666666666666666,-0.5,0.0,1.0,0.0,-0.6666666666666666,0.0,-1.0,-1.0,-0.3333333333333333,-1.0,-2.0,0.14285714285714285,0.4,0.0,0.0,-0.21428571428571436,0.0,0.24085005903187715,-0.3406856652402812
0.0,1.0,1.0,0.0,1.0,0.0,0.0,0.0,0.0,0.0,0.0,0.0,0.0,0.0,1.0,0.0,0.0,1.0,0.0,1.0,0.07692307692307693,1.1666666666666667,0.0,-0.5,1.0,-1.0,-0.3333333333333333,-0.3333333333333333,-1.0,0.0,-0.2222222222222222,0.0,-1.0,0.42857142857142855,0.8,0.0,0.8,0.8333333333333334,-0.07407407407407407,0.54388036206218,-0.3234217279021091
0.0,1.0,0.0,1.0,0.0,0.0,1.0,0.0,0.0,0.0,0.0,0.0,0.0,0.0,0.0,1.0,0.0,1.0,0.0,1.0,-0.9230769230769231,-0.25,-1.0,0.5,0.0,0.0,-0.3333333333333333,-0.3333333333333333,0.0,1.0,-0.5555555555555556,0.0,0.0,0.0,0.2,-0.3333333333333333,0.0,0.0,-0.3333333333333333,0.42266824085005905,-0.17563862322337342
0.0,0.0,1.0,0.0,1.0,0.0,0.0,0.0,0.0,0.0,0.0,0.0,0.0,0.0,0.0,0.0,0.0,0.0,0.0,1.0,1.6923076923076923,-0.5,0.5,0.5,-2.0,0.0,0.0,-0.16666666666666666,0.5,0.0,0.2222222222222222,-1.0,0.0,0.0,0.0,0.0,-0.2,-0.5000000000000001,0.05555555555555555,-0.5563527381709199,0.11727897635073163
1.0,0.0,1.0,0.0,1.0,0.0,0.0,0.0,0.0,0.0,0.0,0.0,0.0,0.0,1.0,0.0,0.0,0.0,1.0,1.0,-0.3076923076923077,0.75,-1.0,-0.5,-2.0,-1.0,-0.3333333333333333,1.3333333333333333,-0.5,-1.0,0.0,2.0,0.0,0.7142857142857143,-0.2,1.6666666666666667,0.8,0.40909090909090906,0.9393939393939393,0.5879574970484059,-0.23295598820081115
1.0,0.0,0.0,1.0,0.0,1.0,0.0,0.0,0.0,0.0,0.0,0.0,0.0,0.0,0.0,0.0,1.0,0.0,1.0,1.0,-1.2307692307692308,0.16666666666666666,0.0,0.5,0.0,0.5,-0.3333333333333333,0.0,-0.5,-1.0,-0.8888888888888888,0.0,0.0,-0.42857142857142855,-0.2,-0.3333333333333333,-0.2,0.4999999999999999,-0.3333333333333333,0.059031877213695266,-0.7311846690696362
1.0,0.0,0.0,1.0,1.0,0.0,0.0,0.0,0.0,0.0,0.0,1.0,0.0,0.0,0.0,0.0,0.0,1.0,0.0,1.0,0.5384615384615384,1.5833333333333333,-0.5,0.0,0.0,0.5,-0.3333333333333333,-0.3333333333333333,0.5,1.0,1.6666666666666667,0.0,1.0,2.857142857142857,1.8,1.0,1.8,-0.11538461538461531,0.025641025641025682,0.7023885205703387,1.1629619286969373
0.0,1.0,0.0,1.0,0.0,1.0,0.0,0.0,0.0,0.0,0.0,0.0,0.0,0.0,0.0,1.0,0.0,0.0,1.0,0.0,-0.23076923076923078,0.25,0.5,-0.5,0.0,0.0,-0.3333333333333333,0.0,-0.5,-1.0,0.0,-1.0,-1.0,0.7142857142857143,0.2,-0.3333333333333333,1.2,0.9545454545454547,-0.3333333333333333,0.5879574970484059,0.08770112095790038
0.0,1.0,0.0,1.0,1.0,0.0,0.0,0.0,0.0,0.0,0.0,0.0,0.0,0.0,0.0,1.0,0.0,0.0,1.0,1.0,-0.23076923076923078,0.75,0.0,-1.0,0.0,-1.0,0.0,1.0,0.0,-1.0,0.1111111111111111,-1.0,-1.0,-0.7142857142857143,-0.6,-0.3333333333333333,-0.6,-1.5,-0.3333333333333333,-1.395513577331759,0.5118994775694163
0.0,1.0,0.0,1.0,1.0,0.0,0.0,0.0,0.0,0.0,0.0,0.0,0.0,0.0,0.0,1.0,0.0,1.0,0.0,0.0,-0.3076923076923077,0.0,0.0,0.5,-1.0,0.0,-0.3333333333333333,0.0,0.0,0.0,0.3333333333333333,0.0,-1.0,1.1428571428571428,1.0,1.0,1.0,0.2142857142857142,0.3333333333333333,0.6304604486422668,0.08718002522137601
1.0,0.0,1.0,0.0,0.0,0.0,1.0,0.0,0.0,0.0,0.0,1.0,0.0,0.0,0.0,0.0,0.0,0.0,0.0,0.0,1.3846153846153846,0.3333333333333333,0.5,-0.5,0.0,0.5,0.3333333333333333,1.0,-1.0,0.0,1.7777777777777777,-1.0,0.0,1.2857142857142858,1.2,0.0,1.8,0.9000000000000001,-0.17777777777777778,-0.2642004460186279,1.1093953533012177
0.0,1.0,1.0,0.0,1.0,0.0,0.0,0.0,0.0,0.0,1.0,0.0,0.0,0.0,0.0,0.0,0.0,1.0,0.0,0.0,-0.38461538461538464,-0.5,-0.5,0.5,-1.0,-1.0,-0.3333333333333333,-0.3333333333333333,0.0,0.0,-0.6666666666666666,0.0,0.0,-0.14285714285714285,-0.2,0.6666666666666666,-0.2,-0.29999999999999993,1.0666666666666667,0.34994096812278636,-0.7752447758330142
1.0,0.0,0.0,1.0,1.0,0.0,0.0,0.0,0.0,0.0,0.0,0.0,0.0,0.0,0.0,0.0,1.0,0.0,1.0,0.0,-0.38461538461538464,-0.4166666666666667,0.0,0.0,-1.0,0.5,1.6666666666666667,0.0,0.0,-1.0,-0.7777777777777778,0.0,1.0,-0.5714285714285714,-0.6,-0.3333333333333333,-0.6,-1.5,-0.3333333333333333,-0.8500590318772137,-0.5583900358279524
0.0,1.0,1.0,0.0,0.0,0.0,1.0,0.0,0.0,0.0,1.0,0.0,0.0,0.0,0.0,0.0,0.0,1.0,0.0,0.0,0.46153846153846156,-0.4166666666666667,0.0,0.0,-1.0,-0.5,0.6666666666666666,0.0,-0.5,0.0,-0.6666666666666666,0.0,0.0,-0.5714285714285714,-0.6,-0.3333333333333333,-0.6,-1.5,-0.3333333333333333,-0.9591499409681227,-0.031648470429769156
0.0,1.0,0.0,1.0,0.0,1.0,0.0,0.0,0.0,0.0,0.0,0.0,0.0,0.0,0.0,1.0,0.0,0.0,0.0,1.0,0.46153846153846156,0.4166666666666667,0.5,-0.5,0.0,0.5,0.3333333333333333,-0.3333333333333333,0.0,1.0,0.4444444444444444,1.0,0.0,-0.7142857142857143,-0.6,-0.3333333333333333,-0.6,-1.5,-0.3333333333333333,-1.395513577331759,0.01557918229972307
0.0,1.0,1.0,0.0,0.0,0.0,1.0,0.0,0.0,0.0,0.0,1.0,0.0,0.0,0.0,0.0,0.0,0.0,0.0,1.0,1.4615384615384615,0.08333333333333333,0.0,0.5,0.0,0.0,0.0,0.0,0.0,2.0,1.2222222222222223,-1.0,0.0,0.0,-0.6,-0.3333333333333333,-0.2,-0.5000000000000001,-0.3333333333333333,-0.8996458087367177,1.03036181430452
0.0,1.0,1.0,0.0,0.0,0.0,1.0,0.0,0.0,0.0,1.0,0.0,0.0,0.0,0.0,0.0,0.0,1.0,0.0,0.0,-0.23076923076923078,-0.25,0.5,-1.0,-1.0,-0.5,2.0,-0.5,0.5,-1.0,-0.2222222222222222,2.0,0.0,0.0,0.2,-0.3333333333333333,-0.2,-0.5000000000000001,-0.3333333333333333,-0.183392365210547,-0.2528543204523774
0.0,1.0,1.0,0.0,1.0,0.0,0.0,0.0,0.0,0.0,0.0,0.0,0.0,0.0,1.0,0.0,0.0,1.0,0.0,1.0,-0.46153846153846156,1.25,0.0,-1.0,0.0,0.0,0.6666666666666666,-0.5,-0.5,-1.0,-0.3333333333333333,-1.0,0.0,0.0,-0.2,-0.3333333333333333,-0.4,-1.0000000000000002,-0.3333333333333333,-0.031877213695395555,-0.812914092157428
1.0,0.0,0.0,1.0,1.0,0.0,0.0,0.0,0.0,0.0,0.0,0.0,0.0,0.0,0.0,1.0,0.0,1.0,0.0,0.0,1.5384615384615385,-0.08333333333333333,0.0,0.0,1.0,-1.0,2.3333333333333335,-0.5,0.5,2.0,2.888888888888889,-3.0,-1.0,0.2857142857142857,0.8,2.0,0.8,1.125,1.7083333333333335,-0.9827371645553463,0.9250400360817744
0.0,0.0,1.0,0.0,1.0,0.0,0.0,0.0,0.0,0.0,0.0,0.0,0.0,1.0,0.0,0.0,0.0,0.0,0.0,0.0,0.38461538461538464,0.0,-1.0,-0.5,-2.0,0.0,-0.3333333333333333,1.3333333333333333,-0.5,1.0,1.2222222222222223,0.0,0.0,2.2857142857142856,2.6,1.3333333333333333,1.4,-0.1363636363636364,0.196969696969697,0.6871310507674144,1.3188473044219517
0.0,1.0,0.0,1.0,1.0,0.0,0.0,0.0,0.0,0.0,0.0,0.0,0.0,0.0,0.0,1.0,0.0,1.0,0.0,0.0,-0.8461538461538461,1.75,0.0,-1.0,-1.0,0.0,0.0,0.6666666666666666,0.5,-1.0,-0.4444444444444444,0.0,0.0,-0.42857142857142855,-0.2,0.3333333333333333,-0.2,0.4999999999999999,1.222222222222222,-0.7721369539551358,0.5202081372521978
0.0,1.0,0.0,1.0,1.0,0.0,0.0,0.0,0.0,0.0,0.0,0.0,0.0,0.0,0.0,1.0,0.0,0.0,0.0,0.0,-0.38461538461538464,0.08333333333333333,-0.5,-1.0,0.0,0.5,-0.3333333333333333,0.6666666666666666,-1.0,0.0,0.3333333333333333,2.0,0.0,1.1428571428571428,0.8,2.6666666666666665,1.2,0.4285714285714287,1.1666666666666667,0.6304604486422668,0.7323337333122831
0.0,1.0,1.0,0.0,0.0,0.0,0.0,0.0,1.0,0.0,0.0,0.0,0.0,0.0,1.0,0.0,0.0,0.0,0.0,0.0,1.4615384615384615,1.25,0.0,-1.0,-1.0,-0.5,1.0,-0.3333333333333333,0.5,0.0,-0.2222222222222222,-2.0,0.0,-0.14285714285714285,-0.2,0.0,-0.2,-0.29999999999999993,0.1333333333333334,-0.4258166076347895,-0.3306668494328419
1.0,0.0,0.0,1.0,1.0,0.0,0.0,0.0,0.0,0.0,0.0,0.0,0.0,0.0,0.0,1.0,0.0,0.0,1.0,1.0,0.8461538461538461,1.6666666666666667,-0.5,-0.5,1.0,0.0,0.6666666666666666,-0.3333333333333333,0.5,-1.0,-0.2222222222222222,-1.0,0.0,0.0,0.2,0.0,0.0,0.0,0.05555555555555555,-0.183392365210547,0.2339114340392554
0.0,0.0,0.0,1.0,1.0,0.0,0.0,0.0,0.0,0.0,0.0,1.0,0.0,0.0,0.0,0.0,0.0,0.0,1.0,1.0,1.2307692307692308,-0.4166666666666667,0.5,-1.0,-1.0,0.0,-0.3333333333333333,0.6666666666666666,0.5,-1.0,2.5555555555555554,-1.0,1.0,4.0,0.8,4.666666666666667,1.8,-0.4411764705882352,0.6960784313725491,0.7221334814917701,1.2746592549890083
0.0,1.0,0.0,1.0,1.0,0.0,0.0,0.0,0.0,0.0,0.0,0.0,0.0,0.0,0.0,1.0,0.0,0.0,1.0,1.0,1.2307692307692308,-0.16666666666666666,0.0,-0.5,0.0,-0.5,2.3333333333333335,0.8333333333333334,0.0,-1.0,0.0,-1.0,-1.0,0.42857142857142855,0.8,2.0,0.8,0.8333333333333334,1.4814814814814814,0.19126328217237307,0.49867875378165905
0.0,1.0,1.0,0.0,0.0,0.0,1.0,0.0,0.0,0.0,0.0,0.0,0.0,0.0,1.0,0.0,0.0,1.0,0.0,0.0,-0.23076923076923078,-0.25,0.5,0.0,-1.0,-0.5,1.3333333333333333,1.1666666666666667,0.5,-1.0,-0.3333333333333333,0.0,0.0,-0.2857142857142857,-0.2,0.0,-0.4,-0.75,0.25000000000000006,-0.577331759149941,-0.6158444990462417
0.0,1.0,1.0,0.0,0.0,0.0,1.0,0.0,0.0,0.0,1.0,0.0,0.0,0.0,0.0,0.0,0.0,0.0,0.0,0.0,-0.6923076923076923,-0.5,-0.5,0.5,0.0,-0.5,-0.3333333333333333,-0.5,-0.5,0.0,-0.5555555555555556,-1.0,0.0,0.0,-0.2,-0.3333333333333333,0.2,0.4999999999999999,-0.3333333333333333,0.42266824085005905,-0.2583313310970004
0.0,1.0,1.0,0.0,1.0,0.0,0.0,0.0,0.0,0.0,0.0,0.0,0.0,0.0,0.0,0.0,0.0,0.0,1.0,0.0,-0.07692307692307693,0.75,0.0,0.5,-1.0,-0.5,-0.3333333333333333,0.8333333333333334,0.5,-1.0,0.1111111111111111,0.0,-2.0,0.8571428571428571,1.0,0.6666666666666666,0.0,-0.75,0.25000000000000006,0.6044864226682407,0.5165612482932362
0.0,1.0,0.0,1.0,0.0,1.0,0.0,0.0,0.0,0.0,0.0,0.0,0.0,0.0,0.0,0.0,1.0,0.0,1.0,1.0,-1.3076923076923077,1.25,-1.0,0.5,0.0,0.0,-0.3333333333333333,0.8333333333333334,0.5,-1.0,-1.1111111111111112,-1.0,-1.0,-0.7142857142857143,-0.6,-0.3333333333333333,-0.6,-1.5,-0.3333333333333333,-1.395513577331759,-1.0427002479022813
1.0,0.0,1.0,0.0,1.0,0.0,0.0,0.0,0.0,0.0,0.0,0.0,1.0,0.0,0.0,0.0,0.0,0.0,0.0,0.0,0.0,-0.25,-0.5,0.5,0.0,-0.5,1.6666666666666667,-0.16666666666666666,-0.5,2.0,0.8888888888888888,0.0,0.0,-0.14285714285714285,-0.2,-0.3333333333333333,-0.2,-0.29999999999999993,-0.3333333333333333,-0.9361834337910893,0.02378507998222537
0.0,1.0,1.0,0.0,0.0,0.0,0.0,0.0,1.0,0.0,0.0,0.0,0.0,0.0,1.0,0.0,0.0,1.0,0.0,0.0,0.6923076923076923,1.75,0.0,0.5,0.0,0.5,0.6666666666666666,1.0,0.5,0.0,-0.2222222222222222,0.0,0.0,0.0,0.2,-0.3333333333333333,0.0,0.0,-0.3333333333333333,-0.183392365210547,-0.812914092157428
1.0,0.0,1.0,0.0,1.0,0.0,0.0,0.0,0.0,0.0,1.0,0.0,0.0,0.0,0.0,0.0,0.0,0.0,1.0,1.0,-0.15384615384615385,0.0,0.0,-1.0,-2.0,0.0,-0.3333333333333333,1.6666666666666667,0.5,-1.0,-0.1111111111111111,0.0,0.0,0.5714285714285714,0.8,-0.3333333333333333,0.6,0.29999999999999993,-0.3333333333333333,0.5681227863046044,0.18454288754045828
0.0,1.0,1.0,0.0,1.0,0.0,0.0,0.0,0.0,0.0,0.0,0.0,0.0,0.0,0.0,0.0,0.0,1.0,0.0,0.0,-0.5384615384615384,-0.5,0.0,-1.0,0.0,-1.0,-0.6666666666666666,-0.3333333333333333,-1.0,0.0,-0.4444444444444444,2.0,-1.0,0.0,0.0,-0.3333333333333333,-0.2,-0.5000000000000001,-0.3333333333333333,0.16292798110979928,0.06769639376410211
0.0,1.0,1.0,0.0,1.0,0.0,0.0,0.0,0.0,0.0,0.0,0.0,0.0,0.0,1.0,0.0,0.0,0.0,1.0,0.0,-0.15384615384615385,-0.5,0.5,-0.5,1.0,0.5,0.0,0.3333333333333333,0.0,-1.0,0.0,-1.0,0.0,-0.14285714285714285,-0.2,0.0,0.0,0.29999999999999993,0.1333333333333334,-0.602125147579693,-0.4025355551636597
0.0,1.0,0.0,1.0,0.0,1.0,0.0,0.0,0.0,0.0,0.0,0.0,0.0,0.0,0.0,1.0,0.0,0.0,0.0,1.0,0.38461538461538464,-0.25,-1.0,0.0,0.0,0.0,-0.6666666666666666,-0.16666666666666666,0.5,0.0,1.4444444444444444,0.0,1.0,2.4285714285714284,2.2,4.0,0.4,-0.8478260869565218,0.9855072463768115,0.6044864226682407,0.701285224954555
0.0,1.0,1.0,0.0,1.0,0.0,0.0,0.0,0.0,0.0,1.0,0.0,0.0,0.0,0.0,0.0,0.0,1.0,0.0,0.0,-0.38461538461538464,-0.4166666666666667,0.5,-0.5,0.0,0.0,-0.3333333333333333,0.0,0.5,0.0,-0.4444444444444444,-1.0,1.0,0.0,-0.2,-0.3333333333333333,0.0,0.0,-0.3333333333333333,0.16292798110979928,-0.34696708539298543
0.0,1.0,1.0,0.0,0.0,0.0,1.0,0.0,0.0,0.0,0.0,0.0,1.0,0.0,0.0,0.0,0.0,0.0,1.0,0.0,0.38461538461538464,0.0,-0.5,0.5,0.0,0.0,1.3333333333333333,0.0,-0.5,-1.0,-0.2222222222222222,3.0,0.0,-0.42857142857142855,-0.2,0.3333333333333333,-0.4,-0.5000000000000001,1.222222222222222,-0.9106650924832743,-0.000285585033741888
0.0,1.0,1.0,0.0,1.0,0.0,0.0,0.0,0.0,0.0,0.0,0.0,0.0,0.0,0.0,0.0,0.0,1.0,0.0,1.0,1.0,-0.08333333333333333,-1.0,0.0,-1.0,0.0,0.0,0.8333333333333334,-0.5,0.0,2.2222222222222223,0.0,0.0,1.4285714285714286,1.6,0.3333333333333333,1.8,0.75,-0.04166666666666665,-0.33979510225844534,0.9779277712852624
1.0,0.0,0.0,1.0,0.0,0.0,1.0,0.0,0.0,0.0,0.0,0.0,0.0,0.0,0.0,1.0,0.0,0.0,0.0,0.0,-0.3076923076923077,0.16666666666666666,-0.5,0.5,-2.0,0.5,-0.6666666666666666,0.5,0.5,2.0,-0.1111111111111111,-1.0,1.0,0.42857142857142855,0.8,-0.3333333333333333,0.8,0.8333333333333334,-0.3333333333333333,0.34994096812278636,-0.06632131384344457
1.0,0.0,0.0,1.0,1.0,0.0,0.0,0.0,0.0,0.0,0.0,0.0,0.0,0.0,0.0,1.0,0.0,1.0,0.0,0.0,0.5384615384615384,-0.4166666666666667,0.5,-1.0,0.0,0.5,-0.3333333333333333,1.0,0.0,0.0,-0.3333333333333333,2.0,0.0,0.2857142857142857,0.8,2.0,0.8,1.125,1.7083333333333335,0.5135773317591499,0.1198008016621221
0.0,1.0,1.0,0.0,1.0,0.0,0.0,0.0,0.0,0.0,1.0,0.0,0.0,0.0,0.0,0.0,0.0,0.0,1.0,1.0,0.3076923076923077,0.0,0.0,-1.0,0.0,-1.0,0.3333333333333333,0.0,-0.5,-1.0,0.0,0.0,-2.0,-0.14285714285714285,-0.2,-0.3333333333333333,0.0,0.29999999999999993,-0.3333333333333333,-0.602125147579693,-0.79784312421676
0.0,1.0,0.0,1.0,0.0,0.0,1.0,0.0,0.0,0.0,0.0,0.0,0.0,0.0,0.0,1.0,0.0,0.0,1.0,0.0,-0.6153846153846154,-0.16666666666666666,0.5,-1.0,0.0,0.5,-0.3333333333333333,0.0,-0.5,-1.0,-0.6666666666666666,0.0,0.0,-0.14285714285714285,-0.2,-0.3333333333333333,-0.2,-0.29999999999999993,-0.3333333333333333,0.34994096812278636,-0.018552004587272863
0.0,1.0,1.0,0.0,0.0,0.0,0.0,1.0,0.0,0.0,0.0,0.0,1.0,0.0,0.0,0.0,0.0,1.0,0.0,0.0,0.0,-0.5,0.0,0.0,0.0,-0.5,-0.6666666666666666,0.16666666666666666,-1.0,0.0,0.0,-1.0,0.0,0.5714285714285714,0.8,-0.3333333333333333,0.4,0.0,-0.3333333333333333,0.38961038961038963,0.04162957995296028
0.0,1.0,1.0,0.0,1.0,0.0,0.0,0.0,0.0,0.0,1.0,0.0,0.0,0.0,0.0,0.0,0.0,1.0,0.0,1.0,0.6153846153846154,0.08333333333333333,0.5,-1.0,1.0,0.5,0.0,1.6666666666666667,0.0,0.0,0.0,-1.0,-1.0,-0.2857142857142857,-0.2,-0.3333333333333333,-0.2,0.0,-0.3333333333333333,-0.8004722550177096,-0.5471681725106302
0.0,1.0,1.0,0.0,1.0,0.0,0.0,0.0,0.0,0.0,1.0,0.0,0.0,0.0,0.0,0.0,0.0,0.0,1.0,0.0,0.0,0.0,0.0,-1.0,0.0,-0.5,0.0,-0.5,0.0,-1.0,0.5555555555555556,1.0,0.0,-0.14285714285714285,0.0,0.0,0.0,0.29999999999999993,0.1333333333333334,-0.8500590318772137,-0.8676224659563629
0.0,1.0,1.0,0.0,0.0,0.0,1.0,0.0,0.0,0.0,0.0,0.0,1.0,0.0,0.0,0.0,0.0,0.0,0.0,0.0,-0.6153846153846154,-0.3333333333333333,0.0,0.5,0.0,-0.5,-0.6666666666666666,0.5,-0.5,2.0,0.0,0.0,-1.0,0.5714285714285714,0.8,0.0,0.8,0.5999999999999999,-0.09999999999999998,0.38961038961038963,0.40497845127552273
0.0,1.0,0.0,1.0,1.0,0.0,0.0,0.0,0.0,0.0,0.0,0.0,0.0,0.0,0.0,0.0,1.0,0.0,1.0,0.0,-1.1538461538461537,0.4166666666666667,0.0,0.0,1.0,-0.5,-0.3333333333333333,0.16666666666666666,0.5,-1.0,-1.0,-3.0,0.0,-0.5714285714285714,-0.6,-0.3333333333333333,-0.6,-1.5,-0.3333333333333333,-0.30460448642266824,-0.5822898196395114
1.0,0.0,0.0,0.0,0.0,0.0,0.0,0.0,0.0,1.0,0.0,0.0,0.0,0.0,0.0,0.0,0.0,0.0,0.0,0.0,-0.46153846153846156,0.08333333333333333,0.0,0.0,-1.0,0.5,1.3333333333333333,-0.5,0.0,0.0,-0.4444444444444444,-3.0,-1.0,-0.14285714285714285,-0.2,0.0,-0.2,-0.29999999999999993,0.1333333333333334,-0.14876033057851248,-0.7917060463349003
0.0,1.0,0.0,1.0,0.0,0.0,0.0,0.0,1.0,0.0,0.0,0.0,0.0,0.0,0.0,1.0,0.0,0.0,1.0,0.0,-0.7692307692307693,0.08333333333333333,0.0,0.5,-1.0,-1.0,1.3333333333333333,0.5,0.0,-1.0,-0.4444444444444444,-1.0,-1.0,-0.14285714285714285,0.0,0.0,-0.2,-0.29999999999999993,0.1333333333333334,-0.14876033057851248,0.05932499711245008
0.0,0.0,1.0,0.0,1.0,0.0,0.0,0.0,0.0,0.0,0.0,0.0,0.0,0.0,0.0,0.0,0.0,1.0,0.0,0.0,0.3076923076923077,0.16666666666666666,1.0,0.5,-1.0,0.5,2.3333333333333335,0.0,0.5,0.0,-0.5555555555555556,2.0,-2.0,-0.2857142857142857,-0.2,-0.3333333333333333,-0.2,0.0,-0.3333333333333333,-0.30460448642266824,-0.02478458583108903
0.0,0.0,1.0,0.0,1.0,0.0,0.0,0.0,0.0,0.0,1.0,0.0,0.0,0.0,0.0,0.0,0.0,1.0,0.0,0.0,-0.9230769230769231,-0.25,-1.0,-1.0,-1.0,0.5,-0.6666666666666666,0.5,0.5,-1.0,-0.4444444444444444,-1.0,-1.0,0.0,-0.2,0.6666666666666666,0.2,0.4999999999999999,0.8333333333333334,0.16292798110979928,-0.43744127977356323
0.0,1.0,1.0,0.0,0.0,0.0,1.0,0.0,0.0,0.0,0.0,0.0,0.0,0.0,1.0,0.0,0.0,0.0,1.0,0.0,-0.07692307692307693,-0.5,0.0,-0.5,-1.0,0.0,-0.3333333333333333,0.6666666666666666,-1.0,-1.0,-0.4444444444444444,0.0,0.0,0.14285714285714285,0.2,-0.3333333333333333,0.2,0.2142857142857142,-0.3333333333333333,0.4746162927981108,-0.5334074522183486
0.0,1.0,1.0,0.0,0.0,0.0,1.0,0.0,0.0,0.0,0.0,0.0,0.0,0.0,1.0,0.0,0.0,1.0,0.0,1.0,0.07692307692307693,0.0,0.5,0.5,0.0,-1.0,1.0,1.3333333333333333,0.0,0.0,0.6666666666666666,-1.0,0.0,0.0,0.0,-0.3333333333333333,0.2,0.4999999999999999,-0.3333333333333333,-0.753802347385235,-0.1481116948639872
1.0,0.0,1.0,0.0,0.0,0.0,1.0,0.0,0.0,0.0,0.0,0.0,0.0,0.0,0.0,0.0,0.0,1.0,0.0,1.0,-0.7692307692307693,0.3333333333333333,-0.5,-1.0,0.0,-1.0,-0.3333333333333333,-0.16666666666666666,0.0,0.0,-0.5555555555555556,0.0,0.0,0.0,0.0,0.6666666666666666,0.0,0.0,0.8333333333333334,0.42266824085005905,-0.05153644654520843
0.0,1.0,0.0,1.0,0.0,0.0,1.0,0.0,0.0,0.0,0.0,0.0,0.0,0.0,0.0,1.0,0.0,0.0,1.0,0.0,0.7692307692307693,0.16666666666666666,-0.5,0.0,-1.0,0.5,-0.3333333333333333,0.3333333333333333,0.5,-1.0,-0.1111111111111111,0.0,0.0,0.5714285714285714,1.0,1.0,0.8,0.5999999999999999,0.6000000000000001,0.5681227863046044,0.6225997623528792
0.0,1.0,0.0,1.0,0.0,0.0,1.0,0.0,0.0,0.0,0.0,0.0,0.0,0.0,0.0,1.0,0.0,0.0,1.0,0.0,-0.6153846153846154,-0.16666666666666666,0.0,0.5,0.0,-1.0,-0.6666666666666666,0.6666666666666666,0.5,-1.0,-0.4444444444444444,1.0,0.0,0.0,0.2,0.0,0.0,0.0,0.05555555555555555,0.16292798110979928,0.5005947798417968
0.0,1.0,1.0,0.0,0.0,0.0,0.0,0.0,1.0,0.0,1.0,0.0,0.0,0.0,0.0,0.0,0.0,0.0,0.0,1.0,-0.5384615384615384,0.0,0.0,-0.5,0.0,0.0,0.3333333333333333,-0.16666666666666666,-1.0,1.0,0.0,-1.0,0.0,0.2857142857142857,0.8,2.0,0.8,1.125,1.7083333333333335,-0.00708382526564351,-0.3855507115305294
0.0,1.0,1.0,0.0,1.0,0.0,0.0,0.0,0.0,0.0,1.0,0.0,0.0,0.0,0.0,0.0,0.0,0.0,1.0,0.0,0.0,-0.25,0.5,-1.0,-1.0,0.5,-0.3333333333333333,0.3333333333333333,0.0,-1.0,0.0,-1.0,-1.0,0.7142857142857143,0.2,0.0,1.0,0.6818181818181819,-0.12121212121212119,0.5879574970484059,0.14220187237565993
0.0,1.0,1.0,0.0,0.0,0.0,1.0,0.0,0.0,0.0,1.0,0.0,0.0,0.0,0.0,0.0,0.0,0.0,1.0,0.0,-0.46153846153846156,0.16666666666666666,-0.5,0.5,-1.0,0.0,-0.3333333333333333,-0.16666666666666666,-1.0,-1.0,0.0,2.0,0.0,0.7142857142857143,-0.6,0.0,1.0,0.6818181818181819,-0.12121212121212119,0.5879574970484059,-0.7804124191996871
1.0,0.0,1.0,0.0,1.0,0.0,0.0,0.0,0.0,0.0,0.0,0.0,0.0,0.0,1.0,0.0,0.0,0.0,0.0,0.0,-0.5384615384615384,-0.5,0.5,-0.5,-2.0,0.5,-0.3333333333333333,0.6666666666666666,0.5,0.0,0.0,2.0,0.0,0.7142857142857143,0.8,0.3333333333333333,1.0,0.6818181818181819,0.09090909090909094,0.5879574970484059,-0.5808878374387852
0.0,1.0,1.0,0.0,1.0,0.0,0.0,0.0,0.0,0.0,0.0,0.0,0.0,0.0,0.0,0.0,0.0,0.0,0.0,0.0,-0.5384615384615384,1.8333333333333333,-1.0,0.5,-2.0,0.0,2.0,0.5,0.5,1.0,0.1111111111111111,0.0,0.0,0.2857142857142857,-0.6,0.0,0.6,0.75,-0.04166666666666665,-0.12278630460448638,0.23197308337838454
0.0,1.0,0.0,1.0,1.0,0.0,0.0,0.0,0.0,0.0,0.0,0.0,0.0,0.0,0.0,0.0,1.0,1.0,0.0,1.0,-0.15384615384615385,0.25,0.5,0.0,0.0,0.0,-0.3333333333333333,0.8333333333333334,0.5,0.0,-1.0,-1.0,0.0,-0.5714285714285714,-0.4,-0.3333333333333333,-0.6,-1.5,-0.3333333333333333,-0.30460448642266824,-0.7743862197127209
0.0,1.0,1.0,0.0,1.0,0.0,0.0,0.0,0.0,0.0,0.0,0.0,1.0,0.0,0.0,0.0,0.0,1.0,0.0,0.0,-0.3076923076923077,-0.25,0.0,0.0,-1.0,0.0,-0.3333333333333333,-0.3333333333333333,0.0,0.0,0.4444444444444444,0.0,0.0,1.2857142857142858,2.0,1.6666666666666667,1.0,0.09999999999999998,0.6000000000000001,0.6408500590318772,0.19824859135389022
0.0,1.0,0.0,0.0,0.0,0.0,0.0,0.0,1.0,1.0,0.0,0.0,0.0,0.0,0.0,0.0,0.0,0.0,0.0,1.0,0.46153846153846156,-0.4166666666666667,-1.0,0.0,0.0,0.0,-0.6666666666666666,-0.5,0.0,0.0,-0.6666666666666666,2.0,0.0,-0.2857142857142857,-0.2,0.0,-0.6,-1.5,0.25000000000000006,-0.08642266824085014,-0.589330835998228
0.0,1.0,1.0,0.0,0.0,0.0,1.0,0.0,0.0,0.0,1.0,0.0,0.0,0.0,0.0,0.0,0.0,1.0,0.0,0.0,-0.46153846153846156,-0.5,-0.5,0.5,0.0,-0.5,-0.3333333333333333,-0.16666666666666666,0.0,-1.0,0.2222222222222222,3.0,-1.0,1.0,1.0,0.0,0.8,0.11538461538461531,-0.15384615384615383,0.6184724366542549,-0.27546206240463406
0.0,1.0,0.0,1.0,0.0,1.0,0.0,0.0,0.0,0.0,0.0,0.0,0.0,0.0,0.0,1.0,0.0,1.0,0.0,0.0,0.9230769230769231,-0.4166666666666667,1.0,-0.5,0.0,0.5,0.0,0.0,-1.0,0.0,0.4444444444444444,-1.0,0.0,0.5714285714285714,0.8,1.6666666666666667,0.8,0.5999999999999999,1.0666666666666667,-0.08642266824085014,-0.20139373721846962
0.0,1.0,1.0,0.0,1.0,0.0,0.0,0.0,0.0,0.0,0.0,0.0,0.0,0.0,1.0,0.0,0.0,0.0,1.0,1.0,0.15384615384615385,-0.4166666666666667,0.0,0.5,0.0,0.5,1.0,-0.5,0.0,-1.0,-0.4444444444444444,0.0,0.0,-0.2857142857142857,-0.2,0.0,-0.2,0.0,0.25000000000000006,-0.46044864226682414,-0.22689749844427198
0.0,1.0,1.0,0.0,0.0,0.0,0.0,0.0,1.0,0.0,1.0,0.0,0.0,0.0,0.0,0.0,0.0,0.0,1.0,0.0,-0.3076923076923077,-0.4166666666666667,-1.0,0.5,-1.0,-1.0,0.6666666666666666,-0.16666666666666666,0.5,-1.0,-0.1111111111111111,2.0,0.0,0.14285714285714285,-0.2,-0.3333333333333333,0.2,0.2142857142857142,-0.3333333333333333,-0.08642266824085014,-0.7934554680819177
0.0,1.0,0.0,1.0,0.0,1.0,0.0,0.0,0.0,0.0,0.0,0.0,0.0,0.0,0.0,1.0,0.0,1.0,0.0,0.0,-0.07692307692307693,0.75,0.0,0.0,0.0,-0.5,-0.6666666666666666,0.16666666666666666,0.0,1.0,0.2222222222222222,0.0,-1.0,0.8571428571428571,1.2,1.6666666666666667,1.2,0.75,0.8333333333333334,0.4506402688220869,0.4493628183908479
0.0,1.0,0.0,0.0,1.0,0.0,0.0,0.0,0.0,1.0,0.0,0.0,0.0,0.0,0.0,0.0,0.0,0.0,0.0,1.0,0.6153846153846154,-0.5,0.0,0.0,0.0,0.5,0.6666666666666666,0.6666666666666666,-1.0,2.0,-0.2222222222222222,-1.0,0.0,-0.42857142857142855,-0.2,0.3333333333333333,-0.2,0.4999999999999999,1.222222222222222,-0.9106650924832743,-0.42755004188105344
0.0,1.0,1.0,0.0,1.0,0.0,0.0,0.0,0.0,0.0,0.0,0.0,0.0,0.0,1.0,0.0,0.0,1.0,0.0,0.0,1.6153846153846154,-0.5,-0.5,-0.5,1.0,0.0,-0.6666666666666666,1.6666666666666667,-1.0,0.0,0.3333333333333333,-1.0,-1.0,1.0,1.2,0.3333333333333333,1.0,0.34615384615384626,0.025641025641025682,0.4746162927981108,-0.02010633272644071
0.0,1.0,1.0,0.0,0.0,0.0,1.0,0.0,0.0,0.0,0.0,0.0,0.0,0.0,1.0,0.0,0.0,1.0,0.0,1.0,-0.15384615384615385,-0.4166666666666667,0.5,0.5,1.0,0.5,-0.6666666666666666,0.0,-1.0,2.0,-0.4444444444444444,0.0,0.0,0.0,-0.6,0.0,-0.2,-0.5000000000000001,0.05555555555555555,0.16292798110979928,-0.5093879526564822
0.0,1.0,0.0,1.0,0.0,1.0,0.0,0.0,0.0,0.0,0.0,0.0,0.0,0.0,0.0,1.0,0.0,1.0,0.0,0.0,1.0,0.3333333333333333,0.0,0.0,0.0,0.5,-0.3333333333333333,0.6666666666666666,-1.0,1.0,-0.1111111111111111,0.0,1.0,0.5714285714285714,1.0,2.0,0.8,0.5999999999999999,1.3,0.5681227863046044,0.40485396597339696
0.0,0.0,1.0,0.0,0.0,0.0,1.0,0.0,0.0,0.0,0.0,0.0,0.0,0.0,1.0,0.0,0.0,0.0,0.0,1.0,0.15384615384615385,-0.08333333333333333,0.0,-0.5,-2.0,0.5,1.6666666666666667,-0.3333333333333333,0.5,2.0,0.7777777777777778,0.0,0.0,1.1428571428571428,1.6,0.0,1.2,0.4285714285714287,-0.16666666666666666,0.18024399842581654,0.05986154431386239
0.0,1.0,1.0,0.0,0.0,0.0,1.0,0.0,0.0,0.0,0.0,1.0,0.0,0.0,0.0,0.0,0.0,1.0,0.0,0.0,0.3076923076923077,-0.25,-1.0,0.5,0.0,0.0,-0.3333333333333333,0.0,-0.5,0.0,1.2222222222222223,-1.0,0.0,2.142857142857143,1.0,2.6666666666666665,1.2,-0.21428571428571436,0.6666666666666666,0.5879574970484059,1.2729084788087301
0.0,1.0,1.0,0.0,0.0,0.0,1.0,0.0,0.0,0.0,0.0,1.0,0.0,0.0,0.0,0.0,0.0,0.0,0.0,0.0,1.3076923076923077,0.0,-0.5,0.5,0.0,0.0,0.3333333333333333,0.6666666666666666,-0.5,0.0,1.7777777777777777,3.0,0.0,0.2857142857142857,0.8,1.0,0.8,1.125,0.8333333333333334,-0.8298570116751935,1.2512859250170296
0.0,1.0,1.0,0.0,1.0,0.0,0.0,0.0,0.0,0.0,0.0,0.0,0.0,0.0,1.0,0.0,0.0,0.0,1.0,0.0,-0.5384615384615384,1.3333333333333333,0.0,0.5,0.0,0.5,2.3333333333333335,0.3333333333333333,0.5,-1.0,-0.4444444444444444,1.0,0.0,-0.2857142857142857,-0.2,0.0,-0.2,0.0,0.25000000000000006,-0.46044864226682414,-0.7825739017072977
1.0,0.0,1.0,0.0,0.0,0.0,1.0,0.0,0.0,0.0,0.0,0.0,0.0,0.0,1.0,0.0,0.0,0.0,0.0,1.0,0.6153846153846154,-0.5,-0.5,0.0,0.0,-0.5,-0.3333333333333333,-0.3333333333333333,0.0,2.0,-0.4444444444444444,-1.0,-1.0,0.0,0.0,0.3333333333333333,0.0,0.0,0.4444444444444444,0.16292798110979928,-0.7234250601606416
1.0,0.0,0.0,1.0,1.0,0.0,0.0,0.0,0.0,0.0,0.0,0.0,0.0,0.0,0.0,1.0,0.0,1.0,0.0,0.0,-0.23076923076923078,-0.16666666666666666,-1.0,-0.5,0.0,0.5,1.3333333333333333,-0.16666666666666666,-1.0,-1.0,-0.2222222222222222,-1.0,1.0,0.0,0.2,0.0,-0.2,-0.5000000000000001,0.05555555555555555,-0.183392365210547,0.6594243599020697
0.0,1.0,1.0,0.0,0.0,0.0,1.0,0.0,0.0,0.0,0.0,0.0,0.0,0.0,0.0,0.0,0.0,1.0,0.0,0.0,0.6153846153846154,0.0,0.5,-1.0,-1.0,0.5,0.3333333333333333,0.0,0.5,0.0,1.5555555555555556,1.0,0.0,2.4285714285714284,0.6,1.3333333333333333,2.8,0.7173913043478259,0.1739130434782609,0.5244864226682407,0.6829586758922837
0.0,1.0,1.0,0.0,1.0,0.0,0.0,0.0,0.0,0.0,0.0,0.0,1.0,0.0,0.0,0.0,0.0,0.0,1.0,0.0,-0.23076923076923078,1.5,0.0,0.5,-1.0,-0.5,-0.3333333333333333,-0.16666666666666666,0.5,-1.0,-0.5555555555555556,-1.0,0.0,0.0,0.0,-0.3333333333333333,-0.2,-0.5000000000000001,-0.3333333333333333,0.42266824085005905,-0.14013862947668973
1.0,0.0,0.0,0.0,0.0,0.0,0.0,0.0,0.0,1.0,0.0,0.0,0.0,0.0,0.0,0.0,0.0,1.0,0.0,0.0,-0.6923076923076923,1.25,0.0,-1.0,-1.0,-0.5,-0.3333333333333333,-0.3333333333333333,-1.0,-1.0,-1.0,-1.0,0.0,-0.5714285714285714,-0.6,-0.3333333333333333,-0.6,-1.5,-0.3333333333333333,-0.30460448642266824,-0.5320755201649626
0.0,1.0,0.0,1.0,0.0,0.0,1.0,0.0,0.0,0.0,0.0,0.0,0.0,0.0,0.0,1.0,0.0,0.0,0.0,1.0,-0.5384615384615384,-0.16666666666666666,0.0,-1.0,-1.0,-0.5,-0.3333333333333333,-0.16666666666666666,-0.5,0.0,0.0,0.0,-1.0,0.7142857142857143,-0.6,-0.3333333333333333,1.2,0.9545454545454547,-0.3333333333333333,0.5879574970484059,-0.16993271928377068
0.0,0.0,1.0,0.0,1.0,0.0,0.0,0.0,0.0,0.0,0.0,0.0,0.0,0.0,1.0,0.0,0.0,0.0,1.0,0.0,-1.3846153846153846,-0.16666666666666666,-0.5,-0.5,0.0,0.5,-0.3333333333333333,0.16666666666666666,0.5,-1.0,-1.1111111111111112,-1.0,0.0,-0.7142857142857143,-0.6,-0.3333333333333333,-0.6,-1.5,-0.3333333333333333,-1.395513577331759,-1.4865271514533704
0.0,1.0,0.0,1.0,0.0,1.0,0.0,0.0,0.0,0.0,0.0,0.0,0.0,0.0,0.0,1.0,0.0,0.0,1.0,0.0,0.5384615384615384,-0.25,0.5,0.5,-1.0,0.5,0.3333333333333333,0.0,0.5,-1.0,1.4444444444444444,0.0,1.0,2.2857142857142856,0.8,4.666666666666667,2.8,0.8181818181818181,1.2575757575757573,0.5135773317591499,0.6813766284712797
0.0,1.0,1.0,0.0,0.0,0.0,0.0,0.0,1.0,0.0,0.0,0.0,1.0,0.0,0.0,0.0,0.0,0.0,0.0,0.0,-0.5384615384615384,1.0,0.0,0.5,0.0,0.5,0.6666666666666666,-0.3333333333333333,-0.5,1.0,-0.2222222222222222,-1.0,1.0,-0.2857142857142857,-0.2,0.0,-0.2,0.0,0.25000000000000006,-0.6682408500590319,-0.15301716639699453
0.0,1.0,1.0,0.0,0.0,0.0,1.0,0.0,0.0,0.0,0.0,0.0,1.0,0.0,0.0,0.0,0.0,1.0,0.0,0.0,-0.3076923076923077,-0.3333333333333333,0.5,0.0,0.0,-1.0,-0.3333333333333333,-0.3333333333333333,0.0,0.0,-0.2222222222222222,-1.0,1.0,0.42857142857142855,0.8,1.6666666666666667,0.0,-0.5000000000000001,1.222222222222222,0.54388036206218,0.28155669422267693
0.0,1.0,0.0,1.0,0.0,1.0,0.0,0.0,0.0,0.0,0.0,0.0,0.0,0.0,0.0,1.0,0.0,0.0,0.0,1.0,1.0769230769230769,1.75,0.0,0.5,-1.0,-1.0,0.6666666666666666,-0.16666666666666666,-0.5,0.0,1.1111111111111112,0.0,0.0,-0.2857142857142857,-0.2,0.3333333333333333,-0.6,-1.5,0.8333333333333334,-1.0838252656434475,0.7377042340115517
1.0,0.0,0.0,1.0,1.0,0.0,0.0,0.0,0.0,0.0,0.0,0.0,0.0,0.0,0.0,0.0,1.0,0.0,1.0,1.0,-0.38461538461538464,-0.5,0.0,0.5,0.0,-0.5,-0.3333333333333333,-0.5,-1.0,-1.0,-0.7777777777777778,-1.0,1.0,-0.2857142857142857,-0.2,0.3333333333333333,-0.2,0.0,0.8333333333333334,0.24085005903187715,-0.739835232815306
0.0,1.0,1.0,0.0,1.0,0.0,0.0,0.0,0.0,0.0,0.0,0.0,0.0,0.0,0.0,0.0,0.0,0.0,0.0,0.0,0.3076923076923077,-0.5,0.0,0.0,0.0,0.5,0.6666666666666666,0.5,0.5,0.0,0.2222222222222222,0.0,0.0,0.0,0.0,-0.3333333333333333,0.0,0.0,-0.3333333333333333,-0.5563527381709199,0.25103514110679387
0.0,1.0,1.0,0.0,1.0,0.0,0.0,0.0,0.0,0.0,0.0,0.0,0.0,0.0,0.0,0.0,0.0,1.0,0.0,0.0,-0.46153846153846156,-0.4166666666666667,0.0,0.0,-1.0,0.5,-0.3333333333333333,0.8333333333333334,-1.0,2.0,0.1111111111111111,0.0,0.0,0.8571428571428571,1.4,3.0,1.0,0.4999999999999999,1.6111111111111112,0.6044864226682407,-0.17793058495597694
0.0,1.0,0.0,1.0,1.0,0.0,0.0,0.0,0.0,0.0,0.0,0.0,0.0,0.0,0.0,1.0,0.0,1.0,0.0,1.0,-0.38461538461538464,-0.08333333333333333,0.5,-0.5,-2.0,0.0,0.6666666666666666,0.6666666666666666,-0.5,-1.0,0.2222222222222222,0.0,-1.0,0.2857142857142857,0.8,2.0,0.8,1.125,1.7083333333333335,-0.2206884025065844,0.19979365853582387
0.0,1.0,1.0,0.0,0.0,0.0,1.0,0.0,0.0,0.0,0.0,0.0,0.0,0.0,0.0,0.0,0.0,0.0,1.0,1.0,-0.07692307692307693,0.25,0.5,-1.0,0.0,0.0,0.3333333333333333,0.3333333333333333,0.0,-1.0,0.0,1.0,0.0,0.0,-0.2,-0.3333333333333333,0.2,0.4999999999999999,-0.3333333333333333,-0.40377804014167656,0.19515092170286727
0.0,1.0,1.0,0.0,1.0,0.0,0.0,0.0,0.0,0.0,0.0,0.0,0.0,0.0,1.0,0.0,0.0,1.0,0.0,0.0,-0.15384615384615385,-0.5,1.0,-0.5,0.0,0.5,-0.3333333333333333,-0.3333333333333333,0.5,0.0,0.0,1.0,-1.0,0.7142857142857143,1.2,2.3333333333333335,1.0,0.6818181818181819,1.363636363636364,0.5879574970484059,-0.59109924850988
0.0,0.0,1.0,0.0,1.0,0.0,0.0,0.0,0.0,0.0,1.0,0.0,0.0,0.0,0.0,0.0,0.0,1.0,0.0,0.0,-0.6153846153846154,-0.5,0.0,0.0,-2.0,0.5,-0.6666666666666666,-0.5,-1.0,2.0,0.0,3.0,0.0,0.5714285714285714,1.0,2.0,0.4,0.0,1.3,0.38961038961038963,0.2743030425060925
0.0,0.0,1.0,0.0,0.0,0.0,0.0,1.0,0.0,0.0,1.0,0.0,0.0,0.0,0.0,0.0,0.0,0.0,0.0,0.0,0.3076923076923077,0.16666666666666666,0.5,0.0,0.0,0.0,0.3333333333333333,-0.5,0.0,1.0,0.1111111111111111,-1.0,1.0,0.42857142857142855,0.8,-0.3333333333333333,0.8,0.8333333333333334,-0.3333333333333333,0.059031877213695266,-0.21943807035811988
0.0,1.0,0.0,1.0,1.0,0.0,0.0,0.0,0.0,0.0,0.0,1.0,0.0,0.0,0.0,0.0,0.0,0.0,1.0,0.0,0.7692307692307693,-0.5,0.5,0.5,1.0,-1.0,-0.3333333333333333,0.16666666666666666,-0.5,-1.0,1.8888888888888888,2.0,-2.0,3.0,-0.6,-0.3333333333333333,1.8,-0.16666666666666674,-0.3333333333333333,0.6304604486422668,1.1965278586208612
0.0,1.0,0.0,1.0,1.0,0.0,0.0,0.0,0.0,0.0,0.0,0.0,0.0,0.0,0.0,1.0,0.0,1.0,0.0,0.0,-0.7692307692307693,-0.5,0.0,0.0,0.0,0.0,-0.3333333333333333,0.5,-0.5,0.0,-0.2222222222222222,0.0,0.0,0.42857142857142855,0.8,2.0,0.8,0.8333333333333334,1.4814814814814814,0.54388036206218,0.05394284484160672
0.0,1.0,0.0,1.0,0.0,1.0,0.0,0.0,0.0,0.0,0.0,0.0,0.0,0.0,0.0,1.0,0.0,0.0,0.0,0.0,-0.46153846153846156,0.6666666666666666,-0.5,0.0,-1.0,-1.0,0.0,-0.5,-1.0,0.0,0.2222222222222222,-1.0,0.0,0.2857142857142857,0.8,0.0,0.8,1.125,-0.04166666666666665,-0.2206884025065844,0.33861474373512057
0.0,1.0,1.0,0.0,0.0,0.0,0.0,1.0,0.0,0.0,1.0,0.0,0.0,0.0,0.0,0.0,0.0,0.0,0.0,1.0,-0.07692307692307693,0.5833333333333334,0.5,0.0,-1.0,-0.5,-0.3333333333333333,1.6666666666666667,0.5,0.0,-0.5555555555555556,-1.0,-2.0,-0.14285714285714285,-0.2,-0.3333333333333333,-0.2,-0.29999999999999993,-0.3333333333333333,0.059031877213695266,-0.276733912625531
0.0,1.0,1.0,0.0,0.0,0.0,1.0,0.0,0.0,0.0,1.0,0.0,0.0,0.0,0.0,0.0,0.0,0.0,1.0,0.0,-0.3076923076923077,0.16666666666666666,0.0,-1.0,0.0,-1.0,1.6666666666666667,1.3333333333333333,-1.0,-1.0,0.0,-1.0,1.0,0.0,0.2,-0.3333333333333333,0.2,0.4999999999999999,-0.3333333333333333,-0.40377804014167656,-0.16697909575416936
0.0,1.0,1.0,0.0,0.0,0.0,0.0,1.0,0.0,0.0,0.0,0.0,1.0,0.0,0.0,0.0,0.0,1.0,0.0,0.0,-0.46153846153846156,1.0833333333333333,0.0,0.0,0.0,-1.0,-0.6666666666666666,0.16666666666666666,0.0,0.0,-0.3333333333333333,-2.0,-1.0,0.14285714285714285,-0.2,-0.3333333333333333,-0.2,-0.6428571428571429,-0.3333333333333333,0.24085005903187715,0.6555086469830244
0.0,1.0,0.0,1.0,0.0,0.0,0.0,0.0,1.0,0.0,0.0,0.0,0.0,0.0,0.0,1.0,0.0,1.0,0.0,0.0,-0.15384615384615385,0.08333333333333333,-0.5,-0.5,1.0,0.0,-0.3333333333333333,1.1666666666666667,0.0,1.0,0.0,2.0,0.0,0.7142857142857143,1.0,1.0,1.0,0.6818181818181819,0.5151515151515152,0.5879574970484059,0.2919843888205299
0.0,1.0,0.0,1.0,0.0,0.0,1.0,0.0,0.0,0.0,0.0,0.0,0.0,0.0,0.0,1.0,0.0,0.0,1.0,0.0,-0.07692307692307693,-0.5,0.0,-1.0,0.0,0.0,-0.3333333333333333,0.3333333333333333,0.5,-1.0,-0.5555555555555556,0.0,0.0,0.0,0.2,-0.3333333333333333,0.0,0.0,-0.3333333333333333,0.42266824085005905,-0.028112298546629357
0.0,1.0,0.0,1.0,0.0,1.0,0.0,0.0,0.0,0.0,0.0,0.0,0.0,0.0,0.0,1.0,0.0,1.0,0.0,0.0,0.3076923076923077,-0.4166666666666667,-0.5,-0.5,0.0,-0.5,0.3333333333333333,0.0,0.0,0.0,0.5555555555555556,1.0,0.0,0.8571428571428571,1.0,1.3333333333333333,1.4,1.0000000000000002,0.638888888888889,0.1044864226682408,0.12013654139752084
0.0,1.0,0.0,1.0,0.0,0.0,1.0,0.0,0.0,0.0,0.0,0.0,0.0,0.0,0.0,1.0,0.0,0.0,1.0,1.0,-0.15384615384615385,1.4166666666666667,0.5,-1.0,-1.0,-0.5,-0.6666666666666666,1.5,0.0,-1.0,0.6666666666666666,-1.0,1.0,1.4285714285714286,1.2,3.0,1.4,0.375,1.125,0.5296201125078129,-0.08051012029467323
0.0,1.0,1.0,0.0,1.0,0.0,0.0,0.0,0.0,0.0,0.0,0.0,0.0,0.0,1.0,0.0,0.0,0.0,0.0,0.0,0.15384615384615385,0.16666666666666666,-0.5,-0.5,0.0,0.5,0.0,0.8333333333333334,0.5,1.0,0.0,-3.0,1.0,0.0,-0.2,-0.3333333333333333,0.0,0.0,-0.3333333333333333,-0.40377804014167656,-0.045526353707519056
0.0,1.0,1.0,0.0,0.0,0.0,1.0,0.0,0.0,0.0,0.0,1.0,0.0,0.0,0.0,0.0,0.0,1.0,0.0,1.0,-0.46153846153846156,0.8333333333333334,0.5,-0.5,0.0,-1.0,-0.3333333333333333,1.5,0.5,1.0,-0.1111111111111111,-1.0,0.0,0.5714285714285714,-0.4,-0.3333333333333333,1.0,0.9000000000000001,-0.3333333333333333,0.5681227863046044,0.8266571371582804
0.0,1.0,0.0,1.0,0.0,1.0,0.0,0.0,0.0,0.0,0.0,0.0,0.0,0.0,0.0,1.0,0.0,1.0,0.0,1.0,0.7692307692307693,0.25,0.0,0.0,-1.0,0.5,0.0,0.8333333333333334,0.0,0.0,0.5555555555555556,0.0,0.0,-0.2857142857142857,-0.2,0.0,-0.2,0.0,0.25000000000000006,-0.98642266824085,0.566705028511495
0.0,1.0,1.0,0.0,1.0,0.0,0.0,0.0,0.0,0.0,0.0,0.0,0.0,1.0,0.0,0.0,0.0,1.0,0.0,0.0,1.1538461538461537,0.08333333333333333,0.5,-0.5,-1.0,-0.5,1.0,0.3333333333333333,0.5,1.0,0.6666666666666666,2.0,-2.0,0.7142857142857143,1.2,1.0,0.8,0.40909090909090906,0.5151515151515152,-0.11209111743871102,0.8714884453369253
0.0,1.0,1.0,0.0,0.0,0.0,1.0,0.0,0.0,0.0,0.0,0.0,0.0,0.0,1.0,0.0,0.0,0.0,1.0,0.0,-1.0,0.25,-1.0,-1.0,1.0,0.0,-0.3333333333333333,0.6666666666666666,0.5,-1.0,-0.8888888888888888,0.0,0.0,-0.42857142857142855,-0.2,-0.3333333333333333,-0.2,0.4999999999999999,-0.3333333333333333,0.059031877213695266,-0.33932560046103144
0.0,1.0,1.0,0.0,0.0,0.0,1.0,0.0,0.0,0.0,0.0,0.0,0.0,1.0,0.0,0.0,0.0,0.0,1.0,0.0,1.4615384615384615,0.5833333333333334,0.5,0.0,1.0,-0.5,2.0,-0.5,0.5,-1.0,2.888888888888889,0.0,0.0,2.7142857142857144,2.4,0.3333333333333333,2.4,0.29999999999999993,-0.14666666666666664,0.01971983790165612,1.2572086699617098
0.0,1.0,0.0,1.0,1.0,0.0,0.0,0.0,0.0,0.0,0.0,0.0,0.0,0.0,0.0,1.0,0.0,0.0,0.0,1.0,0.7692307692307693,-0.4166666666666667,0.0,0.0,0.0,0.5,0.6666666666666666,-0.3333333333333333,-0.5,0.0,0.3333333333333333,2.0,-1.0,0.7142857142857143,0.6,-0.3333333333333333,0.0,-0.6818181818181819,-0.3333333333333333,0.16292798110979928,0.6940519884149718
0.0,1.0,1.0,0.0,1.0,0.0,0.0,0.0,0.0,0.0,0.0,0.0,0.0,0.0,1.0,0.0,0.0,0.0,1.0,0.0,-0.46153846153846156,0.9166666666666666,0.0,-1.0,0.0,0.0,-0.3333333333333333,0.0,0.0,-1.0,-0.5555555555555556,1.0,-1.0,0.0,0.2,-0.3333333333333333,0.2,0.4999999999999999,-0.3333333333333333,0.42266824085005905,-0.6122181734032783
1.0,0.0,1.0,0.0,1.0,0.0,0.0,0.0,0.0,0.0,0.0,0.0,0.0,1.0,0.0,0.0,0.0,1.0,0.0,1.0,1.6923076923076923,0.6666666666666666,0.5,-1.0,0.0,0.0,0.0,0.0,-0.5,-1.0,1.4444444444444444,0.0,0.0,-0.42857142857142855,-0.2,0.3333333333333333,-0.2,0.4999999999999999,1.222222222222222,-1.2136953955135772,1.0947202057636047
0.0,1.0,1.0,0.0,0.0,0.0,0.0,0.0,1.0,0.0,0.0,1.0,0.0,0.0,0.0,0.0,0.0,1.0,0.0,0.0,1.1538461538461537,-0.3333333333333333,0.0,-1.0,0.0,0.0,0.0,-0.5,0.5,-1.0,0.5555555555555556,-1.0,0.0,-0.42857142857142855,-0.2,0.3333333333333333,-0.2,0.4999999999999999,1.222222222222222,-1.1227863046044864,0.9180906901347511
1.0,0.0,1.0,0.0,0.0,0.0,0.0,1.0,0.0,0.0,1.0,0.0,0.0,0.0,0.0,0.0,0.0,1.0,0.0,0.0,0.46153846153846156,-0.16666666666666666,-0.5,-0.5,0.0,0.0,0.6666666666666666,0.5,0.5,0.0,-0.2222222222222222,1.0,0.0,-0.42857142857142855,-0.2,0.3333333333333333,-0.6,-1.5,1.222222222222222,-0.9106650924832743,-0.8305000616944821
0.0,1.0,0.0,1.0,0.0,1.0,0.0,0.0,0.0,0.0,0.0,0.0,0.0,0.0,0.0,1.0,0.0,0.0,0.0,0.0,-0.38461538461538464,0.0,0.0,0.5,0.0,0.5,0.6666666666666666,-0.3333333333333333,0.5,2.0,0.3333333333333333,0.0,0.0,0.2857142857142857,0.8,0.0,0.8,1.125,-0.04166666666666665,-0.30460448642266824,0.39143919425014606
0.0,1.0,0.0,1.0,0.0,0.0,0.0,0.0,1.0,0.0,0.0,0.0,0.0,0.0,0.0,0.0,1.0,1.0,0.0,1.0,-0.15384615384615385,0.0,-0.5,-0.5,0.0,0.0,-0.6666666666666666,1.8333333333333333,-0.5,0.0,0.2222222222222222,1.0,0.0,0.8571428571428571,1.4,1.3333333333333333,0.8,0.2500000000000001,0.638888888888889,0.4506402688220869,-0.7373556202392962
0.0,1.0,1.0,0.0,1.0,0.0,0.0,0.0,0.0,0.0,0.0,1.0,0.0,0.0,0.0,0.0,0.0,1.0,0.0,0.0,1.8461538461538463,0.0,0.0,-1.0,0.0,-1.0,1.0,-0.5,0.5,-1.0,2.5555555555555554,2.0,-2.0,3.4285714285714284,1.0,3.3333333333333335,1.4,-0.5000000000000001,0.5222222222222223,0.4654489895131605,1.2992279942811709
0.0,1.0,1.0,0.0,0.0,0.0,1.0,0.0,0.0,0.0,1.0,0.0,0.0,0.0,0.0,0.0,0.0,0.0,1.0,0.0,0.07692307692307693,0.3333333333333333,0.0,-1.0,0.0,0.0,0.6666666666666666,0.6666666666666666,-1.0,-1.0,-0.2222222222222222,3.0,0.0,-0.2857142857142857,-0.2,-0.3333333333333333,-0.2,0.0,-0.3333333333333333,-0.6682408500590319,-0.30620240749572775
0.0,1.0,0.0,1.0,0.0,0.0,1.0,0.0,0.0,0.0,0.0,0.0,0.0,0.0,0.0,1.0,0.0,1.0,0.0,0.0,-0.07692307692307693,0.9166666666666666,0.5,-0.5,0.0,-1.0,-0.6666666666666666,0.3333333333333333,0.5,0.0,-0.4444444444444444,-1.0,-2.0,0.0,0.0,-0.3333333333333333,0.2,0.4999999999999999,-0.3333333333333333,0.16292798110979928,0.10046543755936897
0.0,0.0,1.0,0.0,0.0,0.0,1.0,0.0,0.0,0.0,0.0,0.0,1.0,0.0,0.0,0.0,0.0,1.0,0.0,0.0,0.7692307692307693,0.0,0.5,0.0,0.0,0.0,0.0,0.0,0.0,-1.0,-0.3333333333333333,-1.0,1.0,-0.5714285714285714,-0.6,-0.3333333333333333,-0.6,-1.5,-0.3333333333333333,-1.1227863046044864,0.047081524050266374
0.0,1.0,0.0,1.0,1.0,0.0,0.0,0.0,0.0,0.0,0.0,0.0,0.0,0.0,0.0,0.0,1.0,0.0,0.0,1.0,-1.0,0.0,0.0,0.0,0.0,0.5,-0.3333333333333333,1.1666666666666667,-0.5,0.0,-0.7777777777777778,-1.0,0.0,-0.2857142857142857,-0.2,-0.3333333333333333,-0.2,0.0,-0.3333333333333333,0.24085005903187715,-0.7510740287968924
0.0,1.0,0.0,1.0,1.0,0.0,0.0,0.0,0.0,0.0,0.0,0.0,0.0,0.0,0.0,1.0,0.0,0.0,0.0,0.0,0.15384615384615385,-0.4166666666666667,-0.5,-0.5,0.0,-1.0,0.3333333333333333,0.16666666666666666,0.5,0.0,0.1111111111111111,0.0,0.0,0.2857142857142857,0.8,0.0,0.8,1.125,-0.04166666666666665,-0.12278630460448638,0.30506795046353885
0.0,1.0,1.0,0.0,1.0,0.0,0.0,0.0,0.0,0.0,1.0,0.0,0.0,0.0,0.0,0.0,0.0,1.0,0.0,0.0,-1.0769230769230769,0.08333333333333333,-1.0,-0.5,-2.0,-1.0,-0.3333333333333333,0.16666666666666666,-1.0,0.0,-0.6666666666666666,0.0,-1.0,-0.14285714285714285,0.0,0.0,-0.4,-0.9,0.1333333333333334,0.34994096812278636,-0.6800905049634811
0.0,1.0,1.0,0.0,0.0,0.0,0.0,1.0,0.0,0.0,0.0,0.0,0.0,0.0,1.0,0.0,0.0,1.0,0.0,1.0,0.0,-0.4166666666666667,0.5,0.5,0.0,-0.5,0.6666666666666666,1.3333333333333333,0.5,0.0,0.5555555555555556,-1.0,0.0,-0.5714285714285714,-0.6,-0.3333333333333333,-0.6,-1.5,-0.3333333333333333,-1.2591499409681228,0.3145588001840303
1.0,0.0,0.0,1.0,1.0,0.0,0.0,0.0,0.0,0.0,0.0,0.0,0.0,0.0,0.0,1.0,0.0,0.0,0.0,0.0,0.23076923076923078,1.0833333333333333,0.0,0.0,0.0,0.5,0.0,0.6666666666666666,0.5,0.0,-0.3333333333333333,3.0,0.0,-0.42857142857142855,-0.4,0.3333333333333333,-0.2,0.4999999999999999,1.222222222222222,-0.8500590318772137,-0.183684721680569
0.0,1.0,0.0,1.0,0.7774235824289695,0.0,0.22257641757103053,0.0,0.0,0.0,0.0,0.0,0.0,0.0,0.0,1.0,0.0,0.0,1.0,0.7774235824289695,0.11141081486779508,1.332802040310121,-0.11128820878551526,0.0,-0.22257641757103053,0.5,-0.3333333333333333,0.5924745274763231,0.5,-1.0,-0.024730713063447835,-0.7774235824289695,0.0,0.6824890832041385,0.8445152835142061,1.7774235824289695,0.8,0.4515827706271967,1.0287608848547651,0.583542758187493,0.24950950472195635
0.6033483980457481,0.39665160195425186,1.0,0.0,1.0,0.0,0.0,0.0,0.0,0.0,0.0,0.0,0.0,0.0,1.0,0.0,0.0,0.0,0.39665160195425186,1.0,-0.32101637043338577,1.2355655986971654,0.5,0.5,0.0,-0.30167419902287407,-0.3333333333333333,0.4366817313790815,-0.4050225970686222,-0.39665160195425186,-0.08814480043427819,-0.39665160195425186,-0.6033483980457481,0.600956685155928,-0.2,2.0,0.9206696796091496,0.7419169093870079,1.2823968248872615,0.5704742308465657,-0.7995649143061423
0.0,1.0,0.0,1.0,0.0,1.0,0.0,0.0,0.0,0.0,0.0,0.0,0.0,0.0,0.0,0.0,1.0,0.0,1.0,1.0,-0.3471879443942406,-0.013520620767100366,-0.10810309122322337,0.5,0.0,0.0,-0.3333333333333333,-0.05856357544344326,-0.39189690877677663,-1.0,-1.0120114545803582,-1.0,-0.10810309122322337,-0.5868718701747462,-0.6,-0.3333333333333333,-0.6,-1.5,-0.3333333333333333,-0.42253513139345733,-0.5908444624710172
0.0,1.0,1.0,0.0,0.0,0.0,0.8533951783079745,0.0,0.1466048216920255,0.0,0.1466048216920255,0.0,0.0,0.0,0.8533951783079745,0.0,0.0,0.0,1.0,0.1466048216920255,-0.6153846153846154,-0.3800154612436603,0.5,0.0,0.0,0.0,1.0889919638466241,0.40226345220531634,0.42669758915398726,-1.0,-0.6044238294528974,0.0,-1.0,-0.42857142857142855,-0.2,0.3333333333333333,-0.37067903566159494,-0.3533951783079746,1.222222222222222,-0.5616191615557407,-0.16032787092361014
0.0,1.0,0.0,1.0,0.0,0.0,0.5133261686923929,0.0,0.4866738313076071,0.0,0.0,0.0,0.0,0.0,0.0,0.0,1.0,0.0,1.0,0.4866738313076071,-1.0810234365207363,-0.4572228192756339,-0.4866738313076071,-0.4866738313076071,-0.5133261686923929,-0.24333691565380355,-0.3333333333333333,0.07667024898713687,0.013326168692392892,-1.0,-0.6725894083077302,0.4866738313076071,-0.5133261686923929,-0.21999692943959695,-0.10266523373847858,-0.1711087228974643,-0.005330467476957146,0.4999999999999999,-0.14407128782481943,0.10959539215474541,-0.6449635109603624
0.7667719275754722,0.0,0.7667719275754722,0.2332280724245278,1.0,0.0,0.0,0.0,0.0,0.0,0.7667719275754722,0.0,0.0,0.0,0.0,0.2332280724245278,0.0,0.0,0.2332280724245278,1.0,0.5436221315616838,1.4166666666666667,0.0,0.2667719275754722,0.2332280724245278,-0.1166140362122639,0.41107602414150923,1.1001052609088053,0.5,-0.2332280724245278,1.077742690808176,-2.5335438551509446,-1.7667719275754723,-0.5714285714285714,-0.6,-0.3333333333333333,-0.6,-1.5,-0.3333333333333333,-1.2897413285599342,-0.12020644794458435
0.0,1.0,0.0,1.0,0.0,1.0,0.0,0.0,0.0,0.0,0.0,0.0,0.0,0.0,0.0,1.0,0.0,0.0,1.0,1.0,-0.7495320193600267,0.11246305518214517,-0.20934729138660885,0.20934729138660885,-0.5813054172267823,0.0,-0.05420361148452152,-0.5,0.5,-1.0,-0.4444444444444444,-2.4186945827732176,0.0,-0.09639690444183868,-0.13495566621857413,-0.05420361148452152,-0.08373891655464355,0.0847818448380126,0.3179693509805609,-0.047392537672394264,0.3466439492381765
0.0,1.0,0.13686147801099613,0.8631385219890039,0.8631385219890039,0.0,0.13686147801099613,0.0,0.0,0.0,0.0,0.0,0.0,0.0,0.13686147801099613,0.8631385219890039,0.0,1.0,0.0,0.8631385219890039,-0.16353145859762153,-0.060523086998167316,0.5,-0.43156926099450194,-1.8631385219890038,-0.06843073900549806,0.5754256813260026,0.5982359276611686,-0.5684307390054981,-1.0,0.20701539133211153,0.0,-1.0,0.3052659254301423,0.6631385219890038,2.0,0.8,1.0850820689134595,1.6772860535993575,-0.18240547159441767,0.17078440080642943
0.0,1.0,0.8803599686384168,0.11964003136158319,0.11964003136158319,0.0,0.8803599686384168,0.0,0.0,0.0,0.0,0.0,0.0,0.0,0.8803599686384168,0.11964003136158319,0.0,1.0,0.0,0.0,1.0927230407366348,0.013543315039076465,0.5,-0.11964003136158319,-1.0,-0.4401799843192084,0.11964003136158319,0.08690664575894447,-0.8803599686384168,-1.0,0.1908711320188332,-0.11964003136158319,-1.119640031361583,0.5311200268813571,-0.22392800627231665,2.159520041815444,0.8,0.7216693040625224,1.469074367118058,0.08803552118013969,0.07494469349147592
0.0,1.0,0.7633148063179213,0.23668519368207874,0.0,0.0,1.0,0.0,0.0,0.0,0.7633148063179213,0.0,0.0,0.0,0.0,0.23668519368207874,0.0,0.0,0.0,0.23668519368207874,-0.19435612404891098,0.34861883070086613,-0.8816574031589606,-1.0,-2.0,0.5,1.5877716021059738,-0.1272191343863202,-0.6449722094768819,1.7633148063179211,-0.2485205770757865,-1.0,-0.23668519368207874,-0.21048148390916532,-0.04733703873641575,0.07889506456069291,-0.04733703873641575,0.3473370387364157,0.3910572108982635,-0.5262285079847623,-0.26060429443737365
0.09230629365145371,0.9076937063485463,0.0,1.0,0.0,0.0,0.9076937063485463,0.0,0.09230629365145371,0.0,0.0,0.0,0.0,0.0,0.0,0.0,1.0,0.0,1.0,0.0,-0.46863894566549646,0.28204953373098385,0.0,-0.45384685317427315,0.09230629365145371,0.3615405595228194,-0.3333333333333333,-0.10512913756569753,0.046153146825726854,-1.0,-1.0,0.0,-0.9076937063485463,-0.5714285714285714,-0.6,-0.3333333333333333,-0.6,-1.5,-0.3333333333333333,-0.30460448642266824,-1.4589214367209655
0.0,1.0,0.5918887388212843,0.0,0.0,0.0,0.5918887388212843,0.0,0.0,0.40811126117871566,0.0,0.0,0.0,0.0,0.5918887388212843,0.0,0.0,0.40811126117871566,0.5918887388212843,0.5918887388212843,-1.1051965350219337,0.7074353227471559,-0.40811126117871566,0.5,-1.4081112611787157,-0.5918887388212843,-0.3333333333333333,-0.10540750745247712,-0.5918887388212843,-0.5918887388212843,-1.0,-1.0,0.0,-0.5714285714285714,-0.6,-0.3333333333333333,-0.6,-1.5,-0.3333333333333333,-0.30460448642266824,-0.8236942646219454
1.0,0.0,0.0,1.0,0.0,0.6497817532996865,0.35021824670031354,0.0,0.0,0.0,0.0,0.0,0.0,0.0,0.0,0.0,1.0,0.0,1.0,1.0,-1.3846153846153846,-0.22503637445005226,-0.17510912335015677,-0.5,0.0,-0.14978175329968646,-0.3333333333333333,-0.11673941556677117,0.32489087664984323,-1.0,-1.1111111111111112,-0.35021824670031354,0.35021824670031354,-0.7142857142857143,-0.6,-0.3333333333333333,-0.6,-1.5,-0.3333333333333333,-1.395513577331759,-0.9937084978304385
0.0,1.0,1.0,0.0,1.0,0.0,0.0,0.0,0.0,0.0,1.0,0.0,0.0,0.0,0.0,0.0,0.0,0.0,0.7081811955831998,0.2918188044168002,-1.003006178839569,-0.35765156703473333,0.0,-0.2918188044168002,0.0,-0.2918188044168002,-0.3333333333333333,-0.2153031340694667,0.1459094022084001,-0.7081811955831998,-1.0786867995092444,-1.0,0.0,-0.6725973136547428,-0.6,-0.3333333333333333,-0.6,-1.5,-0.3333333333333333,-1.0771657906952496,-1.094701937574961
0.0,1.0,0.0,1.0,0.0,0.0,1.0,0.0,0.0,0.0,0.0,0.0,0.0,0.0,0.0,1.0,0.0,0.5183330120358847,0.48166698796411533,0.0,0.21102598703827813,-0.04930542168161864,0.018333012035884666,0.25916650601794233,-1.5183330120358847,0.5,-0.3333333333333333,-0.09861084336323728,0.24083349398205767,-1.0,0.17685167335326923,-0.5183330120358847,-0.5183330120358847,0.9416664371684891,1.0,1.8638883533931412,0.903666602407177,0.3408334939820576,0.8418887389500795,0.605819732634487,0.661157913908326
0.6220124098777455,0.37798759012225447,0.0,1.0,0.6220124098777455,0.0,0.37798759012225447,0.0,0.0,0.0,0.0,0.0,0.0,0.0,0.0,1.0,0.0,1.0,0.0,0.0,0.4100143190897064,0.009171837449060638,0.18899379506112723,0.18899379506112723,-2.0,0.18899379506112723,0.9106914864221578,-0.5,0.0,-1.0,1.2046818342950223,-0.37798759012225447,-1.6220124098777455,2.0854445269856727,0.6267925540733527,3.703354016462909,1.248804963951098,-0.1177043434572109,1.0424772951714212,0.5747340546252916,0.8263260276030098
0.2949156357033401,0.7050843642966599,0.2949156357033401,0.7050843642966599,0.2949156357033401,0.0,0.0,0.0,0.7050843642966599,0.0,0.0,0.0,0.2949156357033401,0.0,0.0,0.7050843642966599,0.0,0.0,1.0,0.7050843642966599,-0.1676663494471816,-0.32372890892583506,0.2949156357033401,0.35254218214832994,0.2949156357033401,-0.8525421821483299,-0.5683614547655533,0.7926546678772097,-1.0,-1.0,-0.07834270714407332,-1.0,0.0,0.5128330387723828,0.858983127140668,1.0,0.8,0.7082176090955528,0.648096715153579,0.4201357640587879,0.5480513389006049
0.0,1.0,1.0,0.0,0.751275845569712,0.0,0.24872415443028795,0.0,0.0,0.0,1.0,0.0,0.0,0.0,0.0,0.0,0.0,0.24872415443028795,0.751275845569712,1.0,0.17376391684522957,0.14508909008433465,0.0,-0.751275845569712,0.0,-0.626913768354568,0.4991494362868586,-0.04145402573838132,-0.375637922784856,-0.751275845569712,-0.055272034317841764,-0.24872415443028795,-2.0,-0.10732512079567313,-0.10051033822788483,-0.3333333333333333,0.04974483088605759,0.3497448308860575,-0.3333333333333333,-0.4979761903526854,-0.7700096983886212
1.0,0.0,0.0,1.0,0.6697474709809015,0.3302525290190985,0.0,0.0,0.0,0.0,0.0,0.0,0.0,0.0,0.0,0.0,1.0,0.0,0.6697474709809015,0.0,-0.3084032625340542,-0.3623947795753756,0.16974747098090148,-0.16974747098090148,-2.0,0.0,-0.44341750967303284,-0.11316498065393432,-0.16974747098090148,-0.6697474709809015,-0.926610549106867,0.0,-0.3302525290190985,-0.5242496387115573,-0.46789898839236055,-0.22324915699363382,-0.6,-1.5,-0.07647025520736783,-0.30460448642266824,-1.0694024036641034
0.5655481555117287,0.43445184448827134,0.0,1.0,0.0,1.0,0.0,0.0,0.0,0.0,0.0,0.0,0.0,0.0,0.0,0.0,1.0,0.5655481555117287,0.43445184448827134,0.0,-1.0668387453058878,0.09425802591862144,-0.43445184448827134,0.06554815551172866,0.0,-0.7827740777558643,-0.3333333333333333,0.398881488845062,-0.7827740777558643,-0.43445184448827134,-1.0,0.0,-0.5655481555117287,-0.5714285714285714,-0.6,0.0,-0.6,-1.5,0.8333333333333334,-0.30460448642266824,-0.8125831013475169
1.0,0.0,0.0,1.0,1.0,0.0,0.0,0.0,0.0,0.0,0.0,0.0,0.0,0.0,0.0,0.0,1.0,0.25368217387313874,0.7463178261268613,0.0,-0.40412939799024145,-0.2674580072829561,0.5,-0.5,-1.7463178261268613,-0.25368217387313874,-0.3333333333333333,-0.07965115946019458,-0.37315891306343063,-0.7463178261268613,-1.0,-0.25368217387313874,0.25368217387313874,-0.5714285714285714,-0.6,-0.3333333333333333,-0.6,-1.5,-0.3333333333333333,-0.30460448642266824,-1.1444929846080363
0.0,1.0,1.0,0.0,0.4052020867814171,0.0,0.5947979132185829,0.0,0.0,0.0,0.4052020867814171,0.0,0.0,0.0,0.5947979132185829,0.0,0.0,0.5947979132185829,0.4052020867814171,0.5947979132185829,-1.0789238795313143,-0.4662331594348819,0.0,-0.5,-0.4052020867814171,0.5,-0.13506736226047236,0.7385354201147505,-0.5947979132185829,-0.4052020867814171,-0.669556714878565,-0.5947979132185829,-1.0,-0.48645744096877386,-0.6,0.19826597107286095,-0.6,-1.5,1.0646436329183377,-0.5826918224729148,-1.0263349905172725
0.0,1.0,0.0,1.0,0.0,0.42852697479498936,0.5714730252050106,0.0,0.0,0.0,0.0,0.0,0.0,0.0,0.0,1.0,0.0,0.0,0.42852697479498936,0.0,-0.31868815772384784,0.6071317436987473,0.2857365126025053,-0.7142634873974947,0.0,-1.0,0.42852697479498936,0.3571576750683369,0.0,-1.0,-0.2539534360427742,-0.5714730252050106,-1.1429460504100213,-0.2857142857142857,-0.31429460504100215,-0.1428423249316631,-0.2,0.0,2.5931369589560216e-05,-0.6207579584282297,-0.0658936806134853
0.2590261390893317,0.7409738609106683,0.0,1.0,0.0,0.7409738609106683,0.0,0.0,0.2590261390893317,0.0,0.0,0.0,0.0,0.0,0.0,0.0,1.0,0.2590261390893317,0.0,0.0,-0.672382604685436,-0.43825217825744434,-0.7409738609106683,-0.2590261390893317,0.0,-0.7409738609106683,-0.407640527577335,-0.3273159072737789,-0.2409738609106683,0.0,-0.5555555555555556,0.0,0.2590261390893317,-0.17986087701276166,-0.05180522781786634,-0.24699128697022277,-0.2,-0.22229215827320045,-0.18223475219788982,-0.03515944609151622,-0.48556449232895016
0.23280514689142828,0.7671948531085717,1.0,0.0,0.0,0.0,1.0,0.0,0.0,0.0,1.0,0.0,0.0,0.0,0.0,0.0,0.0,0.0,1.0,0.7671948531085717,-0.8567352942206596,0.49074234039333287,-0.8835974265542859,0.38359742655428586,-1.0,-0.11640257344571414,-0.4109350489638094,-0.5,-0.8835974265542859,-1.0,-0.5296883170120635,-1.0,0.23280514689142828,0.0,0.2,0.0,-0.1068779412434287,-0.26719485310857183,0.05555555555555555,0.36219937152761017,-0.24643004182298045
0.0,1.0,0.0,0.17720964812330686,0.0,0.17720964812330686,0.0,0.0,0.0,0.8227903518766931,0.0,0.0,0.0,0.0,0.0,0.0,0.17720964812330686,1.0,0.0,0.17720964812330686,-0.9094454116828226,1.2056975879691734,-0.9113951759383465,0.41139517593834657,-1.822790351876693,-0.08860482406165343,-0.3333333333333333,-0.29325541052280857,0.0,0.3544192962466137,-1.0,-1.0,0.0,-0.5714285714285714,-0.6,-0.3333333333333333,-0.6,-1.5,-0.3333333333333333,-0.30460448642266824,-1.0393333091448211
0.0,1.0,0.0,1.0,1.0,0.0,0.0,0.0,0.0,0.0,0.0,0.0,0.0,0.0,0.0,1.0,0.0,0.0,1.0,0.7442116569432979,-0.25044525715820787,0.4302645711791224,-0.12789417152835103,-1.0,-0.5115766861134041,-0.872105828471649,0.3410511240756027,0.7868430474527482,-0.12789417152835103,-1.0,0.08269018410481088,-1.0,-0.7442116569432979,-0.7142857142857143,-0.6,-0.3333333333333333,-0.6,-1.5,-0.3333333333333333,-1.395513577331759,0.45334263233978467
0.0,1.0,0.0,1.0,0.0,1.0,0.0,0.0,0.0,0.0,0.0,0.0,0.0,0.0,0.0,0.0,1.0,0.0,0.681039427096909,0.0,-1.0066335817370349,-0.13290023870962125,-1.0,-0.3405197135484545,0.0,-0.6594802864515454,-0.43965352430103033,-0.27298685763436364,-0.5,-0.681039427096909,-0.858239745376404,0.0,0.0,-0.4347311830415324,-0.4086236562581454,-0.10632019096769699,-0.47241577083876357,-1.117247312516291,0.46121266494639396,-0.18861882354881704,-0.55684454764548
0.0,1.0,0.7624935287075301,0.23750647129246993,1.0,0.0,0.0,0.0,0.0,0.0,0.7624935287075301,0.0,0.0,0.0,0.0,0.0,0.23750647129246993,0.7624935287075301,0.23750647129246993,0.0,-0.1759600450863531,-0.2781212250793925,-0.26249352870753007,-0.7624935287075301,-0.23750647129246993,-1.0,1.6666666666666667,1.1187532356462349,-0.881246764353765,-1.0,0.2541645095691767,0.23750647129246993,0.7624935287075301,0.4357105878328743,0.6099948229660241,-0.07916882376415664,0.6099948229660241,0.45749611722451794,-0.15541817663490964,-0.0904985265758908,-0.5334121306033331
0.40022289287202484,0.5997771071279752,1.0,0.0,0.40022289287202484,0.0,0.5997771071279752,0.0,0.0,0.0,1.0,0.0,0.0,0.0,0.0,0.0,0.0,1.0,0.0,1.0,-0.015521780228938353,-0.21674096429067496,0.0,0.09977710712797516,0.0,-0.39966566069196274,1.533259035709325,0.6330361428373003,0.2998885535639876,-0.5997771071279752,-0.2666914325413361,-1.0,-2.0,-0.42857142857142855,-0.2,0.3333333333333333,-0.2,0.4999999999999999,1.222222222222222,-0.8864091595819394,-0.5318658505818202
0.0,1.0,0.0,1.0,0.0,1.0,0.0,0.0,0.0,0.0,0.0,0.0,0.0,0.0,0.0,0.0,1.0,0.0,1.0,0.47771489088022767,-0.7128785622644052,-0.07961914848003794,-0.5222851091197723,-0.02228510911977233,0.0,-0.26114255455988616,-0.3333333333333333,-0.16666666666666666,-0.5,-1.0,-1.0,-0.47771489088022767,0.0,-0.5714285714285714,-0.6,-0.15923829696007588,-0.6,-1.5,0.27599929397306777,-0.30460448642266824,-0.5670379550922504
0.0,1.0,1.0,0.0,1.0,0.0,0.0,0.0,0.0,0.0,1.0,0.0,0.0,0.0,0.0,0.0,0.0,0.08289132169335423,0.0,1.0,-0.15343814310155776,-0.3890362261022153,0.0,-0.9171086783066458,0.08289132169335423,-1.0,-0.3333333333333333,-0.20899635079330198,0.4585543391533229,0.08289132169335423,-1.0,-1.0,0.0,-0.5832701888133363,-0.6,-0.3333333333333333,-0.6,-1.5,-0.3333333333333333,-0.3950313828154183,-0.85962330641021
0.0,1.0,0.47162987870279083,0.5283701212972092,0.5283701212972092,0.0,0.47162987870279083,0.0,0.0,0.0,0.47162987870279083,0.0,0.0,0.0,0.0,0.0,0.5283701212972092,0.0,0.5283701212972092,0.0,-0.9724500466527728,0.7703890756937599,0.0,-0.47162987870279083,0.5283701212972092,-0.2641850606486046,-0.3333333333333333,0.559691565585659,0.2641850606486046,-0.5283701212972092,-1.0,-3.0,-0.47162987870279083,-0.5714285714285714,-0.5056740242594419,-0.3333333333333333,-0.6,-1.5,-0.3333333333333333,-0.30460448642266824,-0.6421889563236629
0.436335831606556,0.563664168393444,1.0,0.0,0.436335831606556,0.0,0.563664168393444,0.0,0.0,0.0,0.0,0.0,0.0,0.0,1.0,0.0,0.0,0.563664168393444,0.436335831606556,0.0,0.5259190412509481,-0.09847326316939832,0.281832084196722,0.218167915803278,-0.563664168393444,-0.281832084196722,-0.1454452772021853,-0.05150124913661133,-1.0,-1.0,-0.08281592515846933,-0.436335831606556,-1.436335831606556,0.3662377383419205,-0.2,2.0,0.8,0.9605979508852456,1.5804650729107466,0.25736634612576614,-0.09136061116474267
0.8021092490267341,0.19789075097326592,1.0,0.0,0.19789075097326592,0.0,0.8021092490267341,0.0,0.0,0.0,1.0,0.0,0.0,0.0,0.0,0.0,0.0,0.0,1.0,0.19789075097326592,-0.3109373061949756,-0.4331575625811055,-0.5,-0.19789075097326592,-1.0,-0.8021092490267341,1.7985938339821774,-0.43403641634224477,0.09894537548663296,-1.0,0.1075956960665545,-1.0,-0.8021092490267341,-0.6860156070038191,-0.6,-0.3333333333333333,-0.6,-1.5,-0.3333333333333333,-1.3775235090614621,-0.49828444178277503
0.0,1.0,0.0,1.0,0.0,1.0,0.0,0.0,0.0,0.0,0.0,0.0,0.0,0.0,0.0,1.0,0.0,0.0,1.0,0.02209933124572916,-0.23246917932659455,0.7242174468799827,0.01104966562286458,-0.9779006687542708,-0.02209933124572916,-0.9889503343771354,1.0147328874971526,0.1556170010438021,0.0,-1.0,-0.441988963194919,0.0,-0.02209933124572916,-0.28887133303510415,-0.2,-0.3186004458361806,-0.2,0.01104966562286458,-0.2989565958399767,-0.46905877132360174,0.07204428612314939
0.0,1.0,0.0,1.0,1.0,0.0,0.0,0.0,0.0,0.0,0.0,0.0,0.0,0.0,0.0,1.0,0.0,0.0,1.0,1.0,1.2735388491263526,0.7136746445174257,0.2780025193212923,-0.7780025193212923,0.0,-0.7780025193212923,1.777328294690749,0.2773282946907488,-0.2780025193212923,-1.0,0.3088916881347692,-1.0,-1.0,-0.048004318836501025,0.2439949613574155,1.0733249355956924,0.2439949613574155,0.6479983204524717,1.337332027018589,-0.5393549091017669,0.6113796852785955
0.0,0.0,0.0,1.0,0.0,0.32268638827758367,0.0,0.6773136117224163,0.0,0.0,0.0,0.0,0.0,0.0,0.0,1.0,0.0,0.6773136117224163,0.32268638827758367,0.32268638827758367,-0.25804824795729486,0.5484575921850559,0.33865680586120817,0.015970417583624497,1.0,0.16134319413879183,2.0,-0.2795522686204027,0.17731361172241633,-1.0,-0.33688231501858323,-0.6773136117224163,-0.32268638827758367,-0.09675908738891661,-0.2,-0.10756212942586121,-0.07092544468896653,-0.041850889377933076,-0.01725364786287234,-0.19904911836203198,-0.021680351895400102
0.0,1.0,1.0,0.0,0.0,0.0,0.04340078329817276,0.0,0.9565992167018272,0.0,1.0,0.0,0.0,0.0,0.0,0.0,0.0,0.0,1.0,1.0,-0.6320772243454511,-0.15581647084212347,0.43489882505274086,0.02170039164908638,-0.04340078329817276,0.0,-0.3333333333333333,-0.18113359443272425,-0.04340078329817276,-1.0,-0.8744219611228312,-0.04340078329817276,-0.9565992167018272,-0.4099710928722117,-0.1826396866807309,0.31886640556727575,-0.2,0.4565992167018271,1.1715879750410205,0.07481398023121263,-0.35077216515782333
1.0,0.0,1.0,0.0,1.0,0.0,0.0,0.0,0.0,0.0,1.0,0.0,0.0,0.0,0.0,0.0,0.0,0.924643330223596,0.07535666977640398,1.0,-0.946263590700432,-0.006279722481367003,0.0,-0.886964995335394,-0.07535666977640398,0.03767833488820199,-0.3333333333333333,0.35845222325880133,0.424643330223596,-0.07535666977640398,-0.4863092609868911,1.0753566697764039,0.0,0.08903095015971141,-0.045214001865842346,0.0,-0.2301426679105616,-0.7074485740940606,0.06279722481367,0.4158968098554584,-0.52346464944695
0.08088428472134057,0.9191157152786594,1.0,0.0,1.0,0.0,0.0,0.0,0.0,0.0,0.0,0.0,0.0,0.0,1.0,0.0,0.0,0.0,1.0,0.9191157152786594,-0.6674202200857413,0.7389683344917695,0.4595578576393297,0.5,0.0,0.0,-0.3333333333333333,-0.18014738078689008,0.3786735729179891,-1.0,-0.23120936496903782,-1.0,-0.16176856944268114,0.4170165307540942,-0.2,2.0,0.8,0.8569245830437244,1.49983023125623,0.5414293231312304,-0.6613484361908668
0.2529901679892411,0.7470098320107589,0.0,0.2529901679892411,0.0,0.0,0.0,0.0,0.2529901679892411,0.7470098320107589,0.0,0.0,0.0,0.0,0.0,0.0,0.2529901679892411,0.7470098320107589,0.2529901679892411,0.0,-0.42353694892142174,1.0431617506612871,0.7470098320107589,0.37350491600537944,1.0,-1.0,-0.5823366106702529,0.5,0.12649508399462056,-1.0,-0.9169989075543601,0.7470098320107589,0.0,-0.5714285714285714,-0.6,-0.3333333333333333,-0.6,-1.5,-0.3333333333333333,-0.5762444253356714,-0.7417957097886388
0.0,1.0,0.30458887689335246,0.6954111231066475,1.0,0.0,0.0,0.0,0.0,0.0,0.0,0.0,0.0,0.0,0.30458887689335246,0.6954111231066475,0.0,0.0,1.0,1.0,-0.26436238578052457,1.412842602588873,0.15229443844667623,0.15229443844667623,0.0,0.34770556155332377,-0.3333333333333333,0.41284260258887295,0.5,-1.0,-0.06768641708741166,-1.0,0.0,0.6272603208876135,0.49541112310664753,2.0,0.8,0.5383104326214223,1.2520192253722173,0.5745320920062748,-0.11474462207220693
0.0,1.0,0.07543454708976927,0.9245654529102307,0.0,0.0,1.0,0.0,0.0,0.0,0.0,0.0,0.0,0.0,0.0,0.9245654529102307,0.0,1.0,0.0,1.0,0.22496657330078698,-0.16989181463883324,-0.5377172735448846,0.42456545291023073,0.0,-0.07543454708976927,0.7421012137564359,0.6792390911816282,-0.9622827264551154,-1.0,0.2641303039387607,-0.07543454708976927,-0.9245654529102307,-0.5714285714285714,-0.6,-0.3333333333333333,-0.6,-1.5,-0.3333333333333333,-1.2311981716016782,0.060853859062237656
0.0,1.0,1.0,0.0,0.0,0.0,1.0,0.0,0.0,0.0,0.16621543190925292,0.0,0.0,0.0,0.8337845680907471,0.0,0.0,0.0,1.0,0.16621543190925292,0.026196391496304094,1.125564043446767,-0.16621543190925292,0.08310771595462646,-0.16621543190925292,-0.8337845680907471,-0.6112615226969157,-0.22207181063641762,-1.0,-1.0,-0.46291282576769477,-1.0,0.0,0.0,-0.13351382723629884,-0.2779281893635823,-0.033243086381850584,-0.08310771595462647,-0.2686939987019572,0.2061008205667481,-0.23319869678768393
0.21680910658649122,0.0,0.7831908934135088,0.21680910658649122,0.0,0.0,1.0,0.0,0.0,0.0,0.7831908934135088,0.0,0.0,0.0,0.0,0.0,0.21680910658649122,0.0,1.0,0.21680910658649122,-1.3846153846153846,-0.007003794411038003,-0.8915954467067544,-0.10840455329324561,0.0,0.10840455329324561,-0.3333333333333333,-0.3333333333333333,0.3915954467067544,-1.0,-1.1111111111111112,-2.5663817868270176,0.21680910658649122,-0.7142857142857143,-0.6,-0.3333333333333333,-0.6,-1.5,-0.3333333333333333,-1.395513577331759,-0.9606093143083607
0.7055060531605701,0.29449394683942987,0.0,1.0,0.0,0.29449394683942987,0.7055060531605701,0.0,0.0,0.0,0.0,0.0,0.0,0.0,0.0,0.0,1.0,0.0,1.0,1.0,-1.0448146767237347,-0.284251008860095,-0.35275302658028507,-0.20550605316057013,0.0,0.35275302658028507,-0.3333333333333333,-0.284251008860095,-0.14724697341971493,-1.0,-1.0783895614622856,-1.0,0.7055060531605701,-0.67221515045151,-0.6,-0.3333333333333333,-0.6,-1.5,-0.3333333333333333,-1.0742474535069264,-0.9374300087723726
0.0,0.9958313750293707,0.0,1.0,0.0,0.0,0.0,0.004168624970629309,0.9958313750293707,0.0,0.0,0.0,0.0,0.0,0.0,1.0,0.0,0.004168624970629309,0.9958313750293707,0.0,-0.7673067884750941,0.08437548957599064,0.0020843124853146544,0.5,-0.9916627500587414,-0.9958313750293707,1.3361124166470861,0.4965261458578089,0.0020843124853146544,-1.0,-0.4444444444444444,-1.0,-0.9958313750293707,-0.14285714285714285,-0.0008337249941258729,0.0,-0.2,-0.29999999999999993,0.1333333333333334,-0.14876033057851248,0.05883427066846842
0.0,1.0,0.0,1.0,0.3030749441361852,0.6969250558638148,0.0,0.0,0.0,0.0,0.0,0.0,0.0,0.0,0.0,0.0,1.0,0.0,1.0,0.6969250558638148,-0.5105307176641709,0.010127050746108035,0.0,0.3484625279319074,0.3030749441361852,-0.1515374720680926,-0.3333333333333333,-0.06564168528793826,-0.1969250558638148,-1.0,-1.0,-1.6061498882723704,0.0,-0.5714285714285714,-0.6,-0.3333333333333333,-0.6,-1.5,-0.3333333333333333,-0.30460448642266824,-0.5500828877875372
0.0,1.0,1.0,0.0,1.0,0.0,0.0,0.0,0.0,0.0,1.0,0.0,0.0,0.0,0.0,0.0,0.0,0.6157981686207801,0.3842018313792199,0.0,-0.45021313061019086,0.57719877908052,-0.11579816862078007,0.5,0.0,-0.69210091568961,-0.07719877908052003,-0.10263302810346334,-0.80789908431039,-0.3842018313792199,-0.4023527067434357,0.0,-2.0,-0.35188466778330285,-0.292638534896624,-0.20526605620692667,-0.6,-1.5,-0.18392151001919224,-0.4617779628959855,-0.811948149900718
0.0,1.0,0.7371007058430192,0.26289929415698077,0.26289929415698077,0.0,0.7371007058430192,0.0,0.0,0.0,0.7371007058430192,0.0,0.0,0.0,0.0,0.26289929415698077,0.0,0.7371007058430192,0.26289929415698077,1.0,-0.06898504974955028,0.29852576466327096,-0.13144964707849038,-0.13144964707849038,0.0,0.5,1.2628992941569808,-0.25429976471899357,-0.26289929415698077,-0.26289929415698077,-0.2222222222222222,-1.5257985883139615,-2.0,0.037557042022425824,0.2,-0.3333333333333333,0.25257985883139616,0.5375570420224257,-0.3333333333333333,-0.11965920299067292,-0.4604524651922647
0.08474565833089365,0.9152543416691064,0.0,1.0,0.0,0.08474565833089365,0.9152543416691064,0.0,0.0,0.0,0.0,0.0,0.0,0.0,0.0,0.0,1.0,0.0,1.0,0.08474565833089365,-1.2307692307692308,-0.36723169930697874,0.0,0.042372829165446824,-0.9152543416691064,0.042372829165446824,-0.3333333333333333,-0.1525423902781844,0.41525434166910635,-1.0,-0.8888888888888888,0.0,-0.9152543416691064,-0.42857142857142855,-0.2,-0.3333333333333333,-0.2,0.4999999999999999,-0.3333333333333333,0.059031877213695266,-0.8427365718693821
1.0,0.0,1.0,0.0,1.0,0.0,0.0,0.0,0.0,0.0,0.04129759259215382,0.0,0.0,0.0,0.0,0.0,0.0,0.9587024074078462,0.04129759259215382,0.0,-0.32743410256471006,1.1108650617281026,-0.02064879629607691,-1.0,-0.04129759259215382,-0.04129759259215382,0.3333333333333333,-0.27826987654379476,-1.0,-1.0,0.25893119341524784,-1.0,0.0,-0.5537296031747911,-0.5752214444447077,-0.3195674691359487,-0.5752214444447077,-1.4256643333341232,-0.3140611234569949,-1.2174498381081285,0.6100361654945118
0.9421361022422926,0.057863897757707394,0.0,1.0,0.0,1.0,0.0,0.0,0.0,0.0,0.0,0.0,0.0,0.0,0.0,0.0,1.0,0.9421361022422926,0.057863897757707394,0.0,-1.0089021381165704,0.15702268370704875,-0.057863897757707394,0.4421361022422926,0.0,-0.9710680511211462,-0.3333333333333333,0.775469435575626,-0.9710680511211462,-0.057863897757707394,-1.0,0.0,-0.9421361022422926,-0.5714285714285714,-0.6,0.0,-0.6,-1.5,0.8333333333333334,-0.30460448642266824,-0.9572299852888486
0.6054782013918701,0.39452179860812986,1.0,0.0,0.6054782013918701,0.0,0.39452179860812986,0.0,0.0,0.0,0.6054782013918701,0.0,0.39452179860812986,0.0,0.0,0.0,0.0,0.6054782013918701,0.39452179860812986,0.0,-0.06280266185966234,0.19954348321734416,0.5,0.5,0.0,-1.0,0.27214486805853677,0.36849273379729003,-0.19726089930406493,-0.39452179860812986,0.06727535571020779,0.39452179860812986,-1.39452179860813,0.45479505654634134,-0.24219128055674807,-0.3333333333333333,0.878904359721626,0.950155111980488,-0.3333333333333333,0.1576176183731926,-0.02663289477545809
0.0,1.0,1.0,0.0,0.0,0.0,0.10675606593588438,0.0,0.8932439340641156,0.0,0.8932439340641156,0.0,0.0,0.0,0.10675606593588438,0.0,0.0,0.0,1.0,0.10675606593588438,-1.2307692307692308,-0.18772562820406746,0.0,-0.8398659010961734,-0.10675606593588438,-1.0,-0.3333333333333333,0.7621626227094105,-0.5533780329679422,-1.0,-1.0,-1.0,0.0,-0.5714285714285714,-0.6,-0.3333333333333333,-0.6,-1.5,-0.3333333333333333,-0.30460448642266824,-0.5097925200765155
0.0,1.0,1.0,0.0,0.6643399352030368,0.0,0.3356600647969632,0.0,0.0,0.0,1.0,0.0,0.0,0.0,0.0,0.0,0.0,1.0,0.0,1.0,-0.870899975078091,0.4201567638621115,0.0,0.0,0.6643399352030368,-0.8321699676015184,-0.3333333333333333,0.9428932901353579,0.0,1.3356600647969632,-1.0,-0.6643399352030368,0.0,-0.6663342764575767,-0.5328679870406073,-0.3333333333333333,-0.6,-1.5,-0.3333333333333333,-1.0293389611896173,-0.9552357356179197
0.0,1.0,0.8303200961044345,0.16967990389556553,0.16967990389556553,0.0,0.8303200961044345,0.0,0.0,0.0,0.0,0.0,0.0,0.0,0.8303200961044345,0.16967990389556553,0.0,1.0,0.0,0.16967990389556553,0.9566709244763942,0.05505334935073908,0.5,-0.08483995194778277,-1.1696799038955654,-0.41516004805221723,0.11311993593037702,0.25150661861444945,-0.9151600480522173,-1.0,0.12996443376617395,0.0,-1.0,0.40433144230063345,-0.03032009610443448,2.0,0.8,0.8828233053028733,1.5199736819022347,0.011568967033117501,0.023798411254818838
1.0,0.0,0.0,1.0,1.0,0.0,0.0,0.0,0.0,0.0,0.0,0.0,0.0,0.0,0.0,0.0,1.0,0.0,1.0,0.0,-0.38461538461538464,-0.470570696805727,0.3234241808343619,-0.3234241808343619,-1.6468483616687237,0.17657581916563808,0.37296994332921907,-0.21561612055624127,-0.3234241808343619,-1.0,-0.9215218581486053,0.0,0.35315163833127616,-0.5714285714285714,-0.6,-0.3333333333333333,-0.6,-1.5,-0.3333333333333333,-0.49723265278518247,-1.0004561975803532
0.0,1.0,1.0,0.0,0.0,0.0,1.0,0.0,0.0,0.0,0.3882683839898722,0.0,0.0,0.0,0.6117316160101278,0.0,0.0,0.3882683839898722,0.6117316160101278,1.0,-1.1710356332323273,0.18528860266835462,-1.0,0.3058658080050639,0.0,-0.3882683839898722,-0.3333333333333333,-0.11173161601012782,0.3058658080050639,-1.0,-1.0,2.388268383989872,0.0,-0.5714285714285714,-0.6,-0.1294227946632907,-0.47765367679797444,-0.5824025759848083,0.3803535520118158,-0.30460448642266824,-1.205251127308584
0.0,1.0,1.0,0.0,0.0,0.0,1.0,0.0,0.0,0.0,0.22939474570494967,0.0,0.0,0.0,0.7706052542950503,0.0,0.0,0.22939474570494967,0.7706052542950503,0.22939474570494967,-0.4212813690188888,-0.34020175143168346,0.38530262714752517,0.11469737285247483,0.0,-0.22939474570494967,1.4097982485683165,0.6529298304699664,0.5,-1.0,-0.47909064032057236,-0.22939474570494967,-1.2293947457049497,-0.42857142857142855,-0.2,0.3333333333333333,-0.3541210508590101,-0.27060525429505045,1.222222222222222,-0.7238516975026561,-0.25776934652161876
0.0,1.0,0.0,1.0,0.0,1.0,0.0,0.0,0.0,0.0,0.0,0.0,0.0,0.0,0.0,0.0,1.0,0.0,0.26593792496423896,0.26593792496423896,-0.5695671115549666,-0.350182185425607,-0.734062075035761,0.13296896248211948,0.0,-0.734062075035761,-0.5780206916785869,-0.4113540250119203,-0.5,-0.26593792496423896,-0.6737501888729951,-0.26593792496423896,0.0,-0.2568305392703881,-0.15956275497854336,-0.3333333333333333,-0.3063751699856956,-0.6191255099570867,-0.3333333333333333,-0.037672822773300696,-0.49095906428511243
0.0,1.0,0.0,1.0,0.0,0.6396549047947317,0.36034509520526825,0.0,0.0,0.0,0.0,0.0,0.0,0.0,0.0,0.0,1.0,0.0,1.0,0.0,-0.7879312197574935,-0.04353463886973982,0.0,-0.3198274523973659,-1.6396549047947317,-0.3198274523973659,-0.3333333333333333,-0.16666666666666666,0.18017254760263413,-1.0,-0.8888888888888888,0.0,-0.36034509520526825,-0.42857142857142855,-0.2,0.09310326986315448,-0.2,0.4999999999999999,0.6616854074584716,0.059031877213695266,-0.6700696749381081
0.0,1.0,0.0,1.0,0.0,0.0,0.2599498628542627,0.0,0.7400501371457373,0.0,0.0,0.0,0.0,0.0,0.0,1.0,0.0,0.0,1.0,0.7400501371457373,0.1430344993382223,-0.14168755714405723,-0.12997493142713135,0.37002506857286865,-0.2599498628542627,-0.610075205718606,-0.5800167123819124,1.0733834704790706,-0.610075205718606,-1.0,-0.1111111111111111,-0.7400501371457373,0.0,0.46570712326489466,0.8519899725708526,1.0,0.8,0.7726783653340054,0.6767459401484469,0.40665730183644366,0.6198819719758544
0.45324084682883103,0.546759153171169,1.0,0.0,1.0,0.0,0.0,0.0,0.0,0.0,1.0,0.0,0.0,0.0,0.0,0.0,0.0,0.0,1.0,0.0,-1.2379629466417184,-0.1145061021141126,-0.22662042341441552,-0.7266204234144156,-1.0,0.2733795765855845,-0.3333333333333333,1.1822530510570564,0.0,-1.0,-0.9496399059079076,-0.45324084682883103,-1.4532408468288311,-0.5066798790244527,-0.4187036612684676,0.151080282276277,-0.4187036612684676,-0.5935183063423379,1.0095936626556565,-0.1397896330303661,-1.0667371674933581
0.032315951109650465,0.9676840488903495,0.0,0.9676840488903495,0.9676840488903495,0.0,0.0,0.0,0.0,0.032315951109650465,0.0,0.0,0.0,0.0,0.0,0.9676840488903495,0.0,0.0,0.9676840488903495,0.9676840488903495,0.3572711182918342,-0.4811490285193706,-0.48384202444517477,-0.48384202444517477,-0.032315951109650465,0.5,1.9784560325935663,-0.5,-0.9676840488903495,-0.9676840488903495,-0.2294035446910334,-3.0,-1.9676840488903495,0.1336240139686713,0.18707361955613983,-0.3225613496301165,0.38061042933420974,0.6123878175251868,-0.31825255614882975,0.05231687438571595,0.14061576245662244
0.2797635071689457,0.7202364928310543,0.7202364928310543,0.0,0.7202364928310543,0.0,0.0,0.0,0.0,0.2797635071689457,0.7202364928310543,0.0,0.0,0.0,0.0,0.0,0.0,0.0,0.0,0.7202364928310543,0.1478924170108921,-0.27678491308219383,0.36011824641552714,-0.36011824641552714,-1.7202364928310543,0.5,0.8531756714459637,-0.25992116905631524,0.0,0.0,-0.12433933651953143,-2.279763507168946,-1.0,0.16581563978473754,0.5202364928310543,0.0,-0.4880945971324217,-1.1642837913972652,0.007291947087898862,-0.0467197412754115,-0.6253900927631376
0.41120672087218624,0.5887932791278138,1.0,0.0,1.0,0.0,0.0,0.0,0.0,0.0,1.0,0.0,0.0,0.0,0.0,0.0,0.0,0.0,1.0,0.41120672087218624,-1.1854774400670913,0.1129310930426046,0.0,0.20560336043609312,-1.0,-0.3831899186917207,-0.3333333333333333,0.17600560072682184,-0.7943966395639068,-1.0,-1.0,2.5887932791278137,-0.5887932791278138,-0.5714285714285714,-0.6,0.0,-0.6,-1.5,0.8333333333333334,-0.30460448642266824,-0.9183949710200088
0.6027818820232985,0.0,0.0,1.0,0.6027818820232985,0.0,0.0,0.3972181179767015,0.0,0.0,0.0,0.0,0.0,0.0,0.0,1.0,0.0,0.3972181179767015,0.0,0.0,0.5269287597245671,-0.1689849016860821,0.5,-0.10278188202329852,0.3972181179767015,0.0,1.7990727059922338,-0.3333333333333333,0.5,0.20556376404659704,-0.04258985642891211,-0.3972181179767015,0.0,0.029366252006656712,-0.0794436235953403,-0.20092729400776616,-0.3205563764046597,-0.7650031661322589,-0.14796487827753926,-0.293283459135547,0.14677827514661823
0.0,1.0,1.0,0.0,0.2709576425151299,0.0,0.0,0.0,0.7290423574848701,0.0,0.7290423574848701,0.0,0.0,0.0,0.2709576425151299,0.0,0.0,0.0,0.2709576425151299,1.0,-0.5801473296177123,0.2257980354292749,0.13547882125756494,-0.22904235748487012,0.0,0.0,0.1526949049899134,-0.16666666666666666,-0.5935635362273052,0.45808471496974024,-0.06021280944780664,-1.0,0.0,0.32442252035930425,0.5290423574848702,2.0,0.8,1.0459706875997539,1.6468660903553642,0.14220413204296795,-0.47143210153782694
0.0,0.8668148747762503,1.0,0.0,0.8668148747762503,0.0,0.1331851252237497,0.0,0.0,0.0,1.0,0.0,0.0,0.0,0.0,0.0,0.0,0.0,1.0,0.0,-1.3846153846153846,-0.27783953115677096,-0.1331851252237497,0.0,0.0,0.0,-0.3333333333333333,-0.18886418753729162,0.06659256261187485,-1.0,-1.1111111111111112,-1.2663702504474994,0.0,-0.7142857142857143,-0.6,-0.3333333333333333,-0.6,-1.5,-0.3333333333333333,-1.395513577331759,-1.1627872139469786
0.9237996204008369,0.07620037959916315,1.0,0.0,0.07620037959916315,0.0,0.0,0.9237996204008369,0.0,0.0,0.0,0.0,0.0,0.0,0.07620037959916315,0.0,0.0,0.0,1.0,1.0,-0.5501846737844867,0.6023834282331242,-0.8856994306012553,0.038100189799581574,0.0,0.4618998102004184,-0.6412665401336123,-0.32063327006680614,-0.8856994306012553,-1.0,-0.11957781995546257,-1.9237996204008367,0.0,0.42857142857142855,0.7237996204008369,2.0,0.8,0.8333333333333334,1.4814814814814814,0.3647192235601998,0.30877972014526145
0.0,1.0,0.0,1.0,0.0,0.059468172864616586,0.0,0.0,0.9405318271353834,0.0,0.0,0.0,0.0,0.0,0.0,1.0,0.0,0.0,1.0,0.0,-0.6914646970231938,0.08828901440538471,0.0,0.4107977407030752,-1.0594681728646167,-0.9405318271353834,1.3729787819097443,0.46035455142358894,-0.029734086432308293,-1.0,-0.43783686968170926,-1.0,-1.0,-0.14285714285714285,0.0,0.0,-0.1881063654270767,-0.26431909628122996,0.1333333333333334,-0.158028097778193,0.05953737511612391
0.0,1.0,1.0,0.0,1.0,0.0,0.0,0.0,0.0,0.0,1.0,0.0,0.0,0.0,0.0,0.0,0.0,0.5833609422615208,0.4166390577384792,0.0,-0.3076923076923077,-0.173599607391033,-0.0833609422615208,0.5,0.0,-0.2083195288692396,-0.3333333333333333,0.25002760892818743,-1.0,-0.4166390577384792,-0.4166390577384792,-0.4166390577384792,0.0,0.17860692576481252,-0.13331124619078338,-0.1388796859128264,-0.48332781154769583,-1.3409015612014035,-0.20959010315664708,0.21608131328182956,-0.5212413032720813
1.0,0.0,1.0,0.0,0.4188373788191737,0.0,0.5811626211808263,0.0,0.0,0.0,1.0,0.0,0.0,0.0,0.0,0.0,0.0,1.0,0.0,0.4188373788191737,-0.6101432039795551,0.38744174745388416,0.0,-0.4188373788191737,0.0,0.0,-0.3333333333333333,-0.05410841412055084,0.20941868940958686,0.0,-0.7027389427470339,1.5811626211808263,-0.5811626211808263,-0.18923578353190074,-0.11623252423616526,0.19372087372694208,-0.2,0.021328709920944267,0.7103098703321209,0.23309416451517004,-0.5801058641550507
0.0,1.0,1.0,0.0,1.0,0.0,0.0,0.0,0.0,0.0,1.0,0.0,0.0,0.0,0.0,0.0,0.0,0.0,1.0,0.9191765518355596,-0.6278189920252986,1.4234019540137035,0.0,-0.08082344816444043,-1.0808234481644403,0.0,0.8922354024474128,-0.02694114938814679,-0.4595882759177798,-1.0,-0.4893463600913558,0.8383531036711191,-0.08082344816444043,-0.1774957634990459,-0.23232937926577618,-0.3333333333333333,-0.03232937926577617,0.2757529655506678,-0.3333333333333333,-0.16135619263011358,-0.8510959075520391
0.0,1.0,1.0,0.0,1.0,0.0,0.0,0.0,0.0,0.0,1.0,0.0,0.0,0.0,0.0,0.0,0.0,0.08274842003530614,0.0,1.0,0.3082322276597174,-0.42356236833627553,0.41725157996469386,-0.5,-1.9172515799646939,0.3758773699470408,0.5839182466313605,-0.19424947334510204,0.04137421001765307,0.0,-0.08274842003530614,-2.0,-0.9172515799646939,0.21478706854116614,0.6841522119505714,-0.02758280667843538,-0.6,-1.5,-0.06580162251029761,-0.03170318990424698,-0.5750234564691343
0.0,1.0,0.0,1.0,0.0,0.0,0.12333851407420726,0.0,0.8766614859257927,0.0,0.0,0.0,0.0,0.0,0.0,1.0,0.0,0.0,1.0,1.0,-0.08641065492878518,-0.04443580987632112,0.06166925703710363,0.31499222888868905,-0.12333851407420726,-0.9383307429628964,-0.6666666666666666,1.3538897523457012,-0.8766614859257927,-1.0,-0.015181155720060957,-1.0,0.12333851407420726,0.5519099426456359,0.8493354056296829,1.2466770281484145,0.8740031084445243,0.7768031810493217,0.7556657628738559,0.37210232680136046,0.5326597467172609
0.0,1.0,1.0,0.0,0.0,0.0,1.0,0.0,0.0,0.0,0.55158787254407,0.0,0.44841212745592995,0.0,0.0,0.0,0.0,1.0,0.0,0.55158787254407,-0.05830302790156541,0.13492120587740336,0.0,0.0,0.0,0.051587872544070046,0.8505292908480233,-0.3161373758186433,-0.44841212745592995,0.44841212745592995,-0.27204579193954775,-1.0,-1.10317574508814,0.0,0.02063514901762803,-0.18386262418135668,0.2,0.4999999999999999,-0.15895083932269388,-0.11545113377783037,-0.39131301990132167
0.0,1.0,1.0,0.0,0.835165738862999,0.0,0.16483426113700095,0.0,0.0,0.0,0.0,0.0,0.0,0.0,1.0,0.0,0.0,0.0,1.0,1.0,-1.102282194021077,0.05494475371233365,-0.835165738862999,0.5,-0.16483426113700095,-0.5824171305685004,-0.3333333333333333,1.2802209851506654,-1.0,-1.0,-1.0,-1.0,0.0,-0.5714285714285714,-0.6,-0.3333333333333333,-0.6,-1.5,-0.3333333333333333,-0.30460448642266824,-0.6640361551804251
0.0,1.0,0.0,1.0,0.0,1.0,0.0,0.0,0.0,0.0,0.0,1.0,0.0,0.0,0.0,0.0,0.0,0.5887448834146309,0.41125511658536906,0.41125511658536906,1.0093241679924936,-0.4166666666666667,-0.5887448834146309,-1.0,-2.0,0.08874488341463094,-0.19624829447154363,0.2352091860975615,-0.1168826748780536,-0.41125511658536906,2.2356904648780462,-0.41125511658536906,0.0,3.3871370096167213,1.8709959067317048,0.9812414723577183,1.3645020466341475,-0.47544288694988757,-0.045178965851885744,0.6110455537529758,1.292020345521922
0.0,1.0,1.0,0.0,0.0,0.0,0.7776022837352256,0.22239771626477445,0.0,0.0,1.0,0.0,0.0,0.0,0.0,0.0,0.0,0.7776022837352256,0.0,1.0,-0.196554197497727,0.5833333333333334,0.11119885813238722,0.0,-0.22239771626477445,0.27760228373522555,0.7034697116469675,0.24106247981875306,0.11119885813238722,0.0,-0.29635479431048034,-1.0,-2.0,-0.031771102323539205,0.11104091349409023,-0.3333333333333333,0.11104091349409023,0.32208182698818033,-0.3333333333333333,-0.12947776732817748,-0.5949322004963906
0.0,0.48037008186635466,0.0,1.0,0.0,0.48037008186635466,0.0,0.5196299181336453,0.0,0.0,0.0,0.0,0.0,0.0,0.0,1.0,0.0,0.5196299181336453,0.48037008186635466,0.0,-0.27074076293335736,0.533487534110981,0.25981495906682267,-0.22055512279953193,0.5196299181336453,-0.48037008186635466,1.5196299181336452,-0.09314829240015599,0.25981495906682267,-1.0,-0.4444444444444444,-0.5196299181336453,0.0,-0.21148144026662208,-0.2,-0.1601233606221182,-0.2,-0.15588897544009356,-0.09083937153763214,-0.2984860703810126,-0.0020172354597393916
0.0,1.0,1.0,0.0,0.014713949334495657,0.0,0.9852860506655043,0.0,0.0,0.0,1.0,0.0,0.0,0.0,0.0,0.0,0.0,0.9852860506655043,0.014713949334495657,1.0,-0.22284633497373318,0.5747501962215442,0.0,-0.014713949334495657,0.0,0.4779290759982566,0.9901907004436696,-0.16421434177758404,-0.007356974667247829,-0.014713949334495657,-0.2189524557034454,-0.9852860506655043,-2.0,-0.00210199276207082,0.19411442026620174,-0.3333333333333333,0.19705721013310087,0.4970572101331008,-0.3333333333333333,-0.18955357815501905,-0.687584889452575
0.0,1.0,0.0,1.0,0.0,1.0,0.0,0.0,0.0,0.0,0.0,0.0,0.0,0.0,0.0,0.0,1.0,0.0,0.37673896993794076,0.37673896993794076,-0.5184281677209504,-0.32248192418218147,-0.6232610300620592,0.18836948496897038,0.0,-0.6232610300620592,-0.5410870100206864,-0.37442034335401975,-0.5,-0.37673896993794076,-0.7229950977501959,-0.37673896993794076,0.0,-0.3043167014019746,-0.22604338196276444,-0.3333333333333333,-0.3506955879751763,-0.7520867639255289,-0.3333333333333333,-0.0779641118546468,-0.49776925795154797
0.0,1.0,1.0,0.0,0.7495782999760721,0.0,0.25042170002392794,0.0,0.0,0.0,0.0,0.0,0.0,0.0,1.0,0.0,0.0,0.25042170002392794,0.7495782999760721,1.0,-0.6153846153846154,-0.479131524998006,-0.24957829997607206,-1.0,-2.0,-0.24957829997607206,1.4997188666507149,-0.16666666666666666,0.5,-1.0,-0.13912316667996,1.0,-0.25042170002392794,0.1426161714148983,0.5495782999760721,0.5831927666586907,0.5495782999760721,0.8432755874730811,0.6147063291736456,-0.08158945502482864,-0.6695325808243248
0.0,1.0,0.0,1.0,0.0,0.6070105510211409,0.3929894489788591,0.0,0.0,0.0,0.0,0.0,0.0,0.0,0.0,0.0,1.0,0.0,0.3929894489788591,0.0,-0.9039173956040011,-0.4166666666666667,-0.6070105510211409,0.0,-0.3929894489788591,-0.6070105510211409,-0.5356701836737137,-0.3690035170070469,-0.10701055102114088,-0.3929894489788591,-0.6865520385485087,0.0,-0.3929894489788591,-0.2551398425653883,-0.07859788979577183,-0.3333333333333333,-0.2,0.014391559183087321,-0.3333333333333333,0.059031877213695266,-0.623341210731756
0.0,1.0,1.0,0.0,1.0,0.0,0.0,0.0,0.0,0.0,1.0,0.0,0.0,0.0,0.0,0.0,0.0,1.0,0.0,0.8291642207065144,-0.6679494705518418,0.48784824137228566,-0.9145821103532572,0.0854178896467428,0.0,0.3291642207065144,-0.3333333333333333,-0.44305474023550484,0.24374633105977161,-0.8291642207065144,-1.0,0.8291642207065144,-1.1708357792934856,-0.5714285714285714,-0.43416715585869714,-0.3333333333333333,-0.6,-1.5,-0.3333333333333333,-0.30460448642266824,-0.6765739523012607
0.0,1.0,0.0,1.0,0.0,0.5690814691657476,0.0,0.0,0.43091853083425236,0.0,0.0,0.0,0.0,0.0,0.0,0.0,1.0,0.0,0.43091853083425236,0.43091853083425236,-0.7917504301925198,-0.4525765442361877,-1.0,-0.43091853083425236,0.0,-0.7845407345828739,-0.5230271563885825,-0.14090122430478969,-0.5,-0.43091853083425236,-0.5076757187961942,0.43091853083425236,0.0,-0.08129735273796394,0.0,-0.1896938230552492,-0.027632587666299058,0.04473482466740186,-0.1657539046755685,0.10380263366400724,-0.4534346016108272
0.0,1.0,0.0,1.0,0.06351182959000135,0.0,0.9364881704099987,0.0,0.0,0.0,0.0,0.0,0.0,0.0,0.0,1.0,0.0,0.0,0.06351182959000135,0.06351182959000135,-0.3748443339092306,0.5158779573975003,0.4682440852049993,-0.5317559147950006,0.0,-1.0,0.0,0.5317559147950006,0.0,-1.0,-0.09699737120222192,-1.0,-1.9364881704099988,-0.3129336412528577,-0.4127023659180003,-0.02117060986333378,-0.22540473183600054,-0.09526774438500202,0.21295143273916595,-0.7825395021543056,-0.1168790671705256
0.0,1.0,0.9631781323640086,0.03682186763599138,0.03682186763599138,0.0,0.9631781323640086,0.0,0.0,0.0,0.0,0.0,0.9631781323640086,0.0,0.0,0.03682186763599138,0.0,0.9631781323640086,0.03682186763599138,1.0,1.675312984168004,-0.006136977939331896,0.4815890661820043,-0.01841093381799569,-0.9631781323640086,-0.9815890661820044,1.6912145784239943,0.030684889696659483,0.4815890661820043,-1.0,2.2474156421826867,-2.9263562647280175,-1.0,0.703765180675431,1.1852712529456033,1.3578812450906608,1.1852712529456033,0.9500821978623042,0.755044102190108,-0.6803731268677835,0.6544229456224495
0.1338521188006332,0.8661478811993668,1.0,0.0,1.0,0.0,0.0,0.0,0.0,0.0,0.0,0.0,0.0,0.0,1.0,0.0,0.0,0.0,0.8661478811993668,1.0,-0.6099371576611488,0.9225680792004222,0.5,0.5,0.0,-0.0669260594003166,-0.3333333333333333,-0.03281454786603347,0.2992218217990502,-0.8661478811993668,-0.19247730693319262,-0.8661478811993668,-0.1338521188006332,0.4668148910858952,-0.2,2.0,0.8267704237601267,0.8130527092726314,1.4373147890826192,0.5497801799707479,-0.7240382092458121
0.0,1.0,0.0,0.9863280351730027,0.0,0.9863280351730027,0.0,0.0,0.013671964826997285,0.013671964826997285,0.0,0.0,0.0,0.0,0.0,0.9863280351730027,0.0,0.013671964826997285,0.9863280351730027,0.9863280351730027,-0.6090744777721552,0.4954426783910009,-0.4863280351730027,0.4794920527595041,0.0,0.0,0.3242186901153351,-0.4908853567820018,0.5,-1.0,-0.4505208732564432,-3.0,0.0,-0.42857142857142855,-0.5945312140692011,0.3333333333333333,-0.2,0.4999999999999999,1.222222222222222,-0.7607732429300991,0.6289364645751764
0.0,1.0,0.07535906035246231,0.9246409396475377,0.9246409396475377,0.0,0.07535906035246231,0.0,0.0,0.0,0.0,0.0,0.0,0.0,0.0,0.9246409396475377,0.0,1.0,0.0,0.0,0.7692307692307693,0.3190791386564238,-0.03767953017623116,0.03767953017623116,0.0,-0.5,0.9748803132158459,1.1792265100587438,0.03767953017623116,1.8492818792950754,0.43607121551639305,-1.0,0.07535906035246231,0.4393370086217803,0.8,-0.257974272980871,0.8,0.8157495525844255,-0.2805819910866097,-0.21386933433844352,0.3758599928252666
0.691714397168912,0.30828560283108797,1.0,0.0,0.691714397168912,0.0,0.30828560283108797,0.0,0.0,0.0,0.691714397168912,0.30828560283108797,0.0,0.0,0.0,0.0,0.0,1.0,0.0,0.30828560283108797,0.34415366611175746,-0.01316660165146799,0.345857198584456,0.5,0.0,-1.0,0.7694285342770293,0.2944762647792747,0.15414280141554398,0.0,0.5564125374226827,-0.30828560283108797,-0.691714397168912,0.19763268490540342,-0.3383428794337824,-0.23057146572297066,0.6150286383013472,0.93232149823057,-0.21344448778791023,-0.3806251724268508,0.44840628595849075
0.0,1.0,0.4656537249705369,0.0,0.4656537249705369,0.0,0.0,0.0,0.5343462750294631,0.5343462750294631,0.0,0.0,0.0,0.0,0.4656537249705369,0.0,0.0,0.0,1.0,0.0,-0.8778581000271968,-0.18383980418139823,-0.26717313751473154,-1.0,-1.0,0.03434627502946308,-0.3333333333333333,-0.3333333333333333,0.0,-1.0,-1.0,0.0,1.0,-0.5714285714285714,-0.6,-0.3333333333333333,-0.6,-1.5,-0.3333333333333333,-0.30460448642266824,-0.9519000224290329
0.0,1.0,0.0,1.0,0.0,1.0,0.0,0.0,0.0,0.0,0.0,0.0,0.0,0.0,0.0,0.0,1.0,0.0,0.2500892505300282,0.0,-0.8077335002446284,-0.31246281227915496,-1.0,-0.1250446252650141,0.0,-0.8749553747349859,-0.5833035831566573,-0.4166369164899906,-0.5,-0.2500892505300282,-0.6667063335689014,0.0,0.0,-0.2500382502271549,-0.15005355031801687,-0.24997024982332394,-0.30003570021201126,-0.6001071006360337,-0.04156254104830048,-0.03190966843358767,-0.5048102341700809
0.0,1.0,1.0,0.0,1.0,0.0,0.0,0.0,0.0,0.0,0.9131657522576428,0.0,0.0,0.0,0.08683424774235715,0.0,0.0,0.0,1.0,1.0,-0.6153846153846154,1.2502343584938156,-0.043417123871178576,-0.08683424774235715,-1.0868342477423572,-0.043417123871178576,1.0578894984949048,-0.014472374623726192,-0.41316575225764285,-1.0,-0.40585144544784124,1.0,0.0,-0.10564246525327547,-0.1131657522576428,-0.24649908559097622,0.0694673981938857,0.3716382543874446,-0.2573533665587707,-0.13645795781690345,-0.8532180923821275
0.41485046767452805,0.585149532325472,1.0,0.0,0.41485046767452805,0.0,0.0,0.585149532325472,0.0,0.0,0.585149532325472,0.0,0.0,0.0,0.0,0.0,0.0,0.41485046767452805,0.0,0.0,-0.1595578721825108,0.8395210281977199,0.0,-1.0,0.0,0.0,1.113532709767296,-0.13828348922484268,-0.707425233837264,-0.41485046767452805,0.027172378113731577,-0.41485046767452805,-0.585149532325472,-0.5714285714285714,-0.6,-0.3333333333333333,-0.6,-1.5,-0.3333333333333333,-1.1982193351447423,0.247296288317833
0.0,1.0,0.0,1.0,0.0,1.0,0.0,0.0,0.0,0.0,0.0,0.0,0.0,0.0,0.0,0.0,1.0,0.0,1.0,0.27387915592815193,-1.195981408604331,0.34234894491018997,-1.0,-0.22612084407184807,0.0,-0.36306042203592404,-0.3333333333333333,0.1072124892614853,-0.22612084407184807,-1.0,-1.0304310173253501,-0.27387915592815193,-0.27387915592815193,-0.6105541651325931,-0.6,-0.09129305197605064,-0.6,-1.5,0.5138076514171561,-0.6033817474351976,-0.717874900655679
0.0,1.0,1.0,0.0,0.7570812020424559,0.0,0.0,0.0,0.24291879795754412,0.0,1.0,0.0,0.0,0.0,0.0,0.0,0.0,0.0,1.0,0.0,-1.3472432618526855,-0.31309010017020467,0.0,-0.24291879795754412,0.0,-0.24291879795754412,-0.3333333333333333,0.07625213129087749,-0.12145939897877206,-1.0,-1.0841201335602728,-1.0,0.0,-0.679583028863208,-0.6,-0.3333333333333333,-0.6,-1.5,-0.3333333333333333,-1.1305112522871656,-1.0290173078427673
0.0,1.0,1.0,0.0,0.0,0.0,0.6221494507242136,0.0,0.37785054927578643,0.0,0.37785054927578643,0.0,0.0,0.0,0.6221494507242136,0.0,0.0,0.0,1.0,0.37785054927578643,-0.6153846153846154,-0.3222040293477201,0.5,0.0,0.0,0.0,0.7035824178736892,0.24809963381614242,0.3110747253621068,-1.0,-0.6815057386474843,0.0,-1.0,-0.42857142857142855,-0.2,0.3333333333333333,-0.32442989014484275,-0.12214945072421368,1.222222222222222,-0.3934404505857327,-0.21358863201084233
0.0,1.0,1.0,0.0,1.0,0.0,0.0,0.0,0.0,0.0,1.0,0.0,0.0,0.0,0.0,0.0,0.0,0.24108483232963185,0.0,1.0,-0.18819299953675317,-0.43675706936080266,-0.12054241616481592,-0.8794575838351841,-0.24108483232963185,-1.0,-0.3333333333333333,-0.37351413872160527,0.5,0.0,-1.0,-1.2410848323296317,0.0,-0.5714285714285714,-0.6,-0.3333333333333333,-0.6,-1.5,-0.3333333333333333,-0.30460448642266824,-0.8135447516977441
0.0,1.0,0.0,1.0,0.7949546714934751,0.2050453285065249,0.0,0.0,0.0,0.0,0.0,0.0,0.0,0.0,0.0,1.0,0.0,0.0,1.0,1.0,0.9764652385663828,1.040750231071371,0.5,-0.7949546714934751,-0.2050453285065249,-0.8974773357467376,1.4016817761688416,-0.2008408880844208,-0.39747733574673755,-1.0,0.3732930413275335,-0.7949546714934751,-1.0,-0.42857142857142855,-0.2,0.3333333333333333,-0.2,0.4999999999999999,1.222222222222222,-1.0668648513754342,0.6909878279694435
0.0,1.0,1.0,0.0,0.0,0.0,1.0,0.0,0.0,0.0,0.0,0.7485575604882015,0.25144243951179845,0.0,0.0,0.0,0.0,1.0,0.0,0.7485575604882015,1.1327291175614942,-0.4166666666666667,0.0,0.3742787802441008,0.0,-0.8742787802441008,0.9161858534960672,-0.2504808131705995,0.12283634073230232,0.25144243951179845,1.080608725366603,-1.0,0.0,0.0,-0.2,0.0,0.2,0.4999999999999999,0.05555555555555555,-0.7259942243299096,0.9758840093492301
0.0,1.0,1.0,0.0,0.7252682029740912,0.0,0.0,0.2747317970259088,0.0,0.0,1.0,0.0,0.0,0.0,0.0,0.0,0.0,0.0,0.7252682029740912,0.7252682029740912,0.6694783412068535,-0.17947957013643978,-0.3626341014870456,-1.0,-0.7252682029740912,0.0,2.1501788019827277,-0.1208780338290152,0.22526820297409123,-0.7252682029740912,1.0170838712930308,-0.7252682029740912,-0.2747317970259088,-0.5714285714285714,-0.6,-0.3333333333333333,-0.6,-1.5,-0.3333333333333333,-1.2696386213466435,0.04105257717365326
0.20722764900805646,0.7927723509919435,0.0,1.0,0.0,1.0,0.0,0.0,0.0,0.0,0.0,0.0,0.0,0.0,0.0,1.0,0.0,0.20722764900805646,0.7927723509919435,1.0,-0.5038004966879697,0.5863448537533569,-0.29277235099194354,0.5,0.0,0.0,0.12610568432527686,-0.25823440949060084,0.39638617549597177,-0.7927723509919435,-0.4674697387786729,-3.0,-0.20722764900805646,-0.369363528854841,-0.5171089403967775,0.4024092163360188,-0.2,0.33421788079355474,1.1899868101543023,-0.5998957911432448,0.4957728727383849
1.0,0.0,1.0,0.0,0.0,0.0,1.0,0.0,0.0,0.0,1.0,0.0,0.0,0.0,0.0,0.0,0.0,0.0,1.0,0.12177933252080775,-0.6528551792371716,-0.3456287226961956,-0.4391103337395961,-0.060889666260403874,-0.8782206674791923,-1.0,1.4637011124653205,-0.5,0.0,-1.0,-0.2763463700092479,-1.0,-1.0,-0.7142857142857143,-0.6,-0.3333333333333333,-0.6,-1.5,-0.3333333333333333,-1.395513577331759,-0.6134459957263132
0.0,0.7569991321722287,1.0,0.0,0.2430008678277713,0.0,0.0,0.0,0.7569991321722287,0.0,0.7569991321722287,0.2430008678277713,0.0,0.0,0.0,0.0,0.0,0.2430008678277713,0.0,1.0,-0.20199879839231671,0.4455015910175808,0.12150043391388565,-0.6215004339138857,0.0,-0.12150043391388565,0.17133275478148574,-0.20716681130462855,-0.635498698258343,0.7569991321722287,0.0,-1.0,-0.2430008678277713,0.3898575147833305,0.8,2.1620005785518472,0.8972003471311085,1.0835793975293573,1.6761173091895,0.13751173245005505,-0.09228881515489384
0.9531035322087801,0.0,0.0,1.0,0.9531035322087801,0.0,0.0,0.04689646779121992,0.0,0.0,0.0,0.0,0.0,0.0,0.0,1.0,0.0,0.04689646779121992,0.0,0.0,1.011989506135234,-0.4609196101739834,0.5,-0.4531035322087801,0.04689646779121992,0.0,1.6822988225970734,-0.3333333333333333,0.5,0.9062070644175602,0.19095791036140894,-0.04689646779121992,0.0,0.12945815205965144,-0.009379293558243984,-0.3177011774029267,-0.39062070644175606,-1.0352512962753448,-0.31144831503076403,-0.3772766619772209,0.2660192476596432
0.0,1.0,0.26867248202530736,0.7313275179746926,0.0,0.7313275179746926,0.26867248202530736,0.0,0.0,0.0,0.0,0.0,0.0,0.0,0.26867248202530736,0.7313275179746926,0.0,0.0,1.0,0.7313275179746926,-0.3903607637000946,-0.4166666666666667,0.5,0.0,-0.7313275179746926,-0.3656637589873463,1.577109172658231,-0.10943959831224387,0.13433624101265368,-1.0,-0.39303832933895716,0.0,-1.0,-0.42857142857142855,-0.2,0.3333333333333333,-0.2537344964050615,0.23132751797469253,1.222222222222222,-0.8012094896907942,0.44187958930844323
0.0,1.0,1.0,0.0,1.0,0.0,0.0,0.0,0.0,0.0,1.0,0.0,0.0,0.0,0.0,0.0,0.0,0.0,0.9778152579696984,0.02218474203030163,-1.3556045681142208,-0.33518206183585847,0.0,-0.02218474203030163,0.0,-0.02218474203030163,-0.3333333333333333,-0.17036412367171694,0.011092371015150815,-0.9778152579696984,-1.108646139774411,-1.0,0.0,-0.7111164654242427,-0.6,-0.3333333333333333,-0.6,-1.5,-0.3333333333333333,-1.37131204057143,-1.1919872665572449
0.0,1.0,0.49816518664589293,0.5018348133541071,0.5018348133541071,0.0,0.49816518664589293,0.0,0.0,0.0,0.49816518664589293,0.0,0.0,0.0,0.0,0.0,0.5018348133541071,0.0,0.5018348133541071,0.0,-0.9622441589823488,0.7902905566510864,0.0,-0.49816518664589293,0.5018348133541071,-0.25091740667705353,-0.3333333333333333,0.5818043222049107,0.25091740667705353,-0.5018348133541071,-1.0,-3.0,-0.49816518664589293,-0.5714285714285714,-0.5003669626708214,-0.3333333333333333,-0.6,-1.5,-0.3333333333333333,-0.30460448642266824,-0.6455590609527667
1.0,0.0,0.5237893032109858,0.4762106967890142,1.0,0.0,0.0,0.0,0.0,0.0,0.0,0.0,0.0,0.0,0.0,0.4762106967890142,0.0,0.4762106967890142,0.0,0.0,0.5238219672547779,-0.13887709353974176,0.0,-0.5237893032109858,-0.9524213935780284,0.2618946516054929,1.6666666666666667,-0.5,0.2618946516054929,0.5713679096329574,1.4338714207951175,0.5237893032109858,-0.9524213935780284,2.197293354849296,0.6095157212843944,3.8095440301223475,0.8762106967890142,-0.4912187580576909,1.0224173609320515,0.4586352077082251,0.8744144678622621
0.0,1.0,1.0,0.0,0.8313714900625012,0.0,0.16862850993749878,0.0,0.0,0.0,1.0,0.0,0.0,0.0,0.0,0.0,0.0,1.0,0.0,1.0,-0.9351428807932697,0.16960943157291486,0.0,0.0,0.8313714900625012,-0.9156857450312506,-0.3333333333333333,1.0542476600416677,0.0,1.168628509937499,-1.0,-0.8313714900625012,0.0,-0.6901959271517859,-0.5662742980125002,-0.3333333333333333,-0.6,-1.5,-0.3333333333333333,-1.2115552028544876,-1.0201748777640955
0.6922227602289506,0.3077772397710494,0.0,1.0,0.6922227602289506,0.3077772397710494,0.0,0.0,0.0,0.0,0.0,0.0,0.0,0.0,0.0,0.0,1.0,0.0,1.0,1.0,-0.3372650400352232,-0.3974075867429835,0.0,0.5,0.0,-0.3461113801144753,-0.3333333333333333,-0.3974075867429835,-0.8461113801144753,-1.0,-0.8461727199491221,-1.0,0.6922227602289506,-0.3736506399345855,-0.3231108959084198,0.12814850681930037,-0.3231108959084198,-0.46166585965657414,0.4742598869337757,0.07297156461130475,-0.6771230598666169
0.18361426478693765,0.8163857352130623,0.0,0.0,0.0,0.0,0.0,0.0,0.0,1.0,0.0,0.0,0.0,0.0,0.0,0.0,0.0,0.0,0.0,1.0,-0.46784066738963936,0.6530118873224481,0.0,-0.9081928676065312,-0.8163857352130623,-1.0,0.9726904413115627,0.16666666666666666,0.4081928676065312,2.0,-0.5238555718323818,-0.18361426478693765,0.0,-0.40234081931615173,-0.2,0.21092382347537492,-0.5265542940852249,-1.2245786028195935,0.9366000325536525,-0.5828782458074842,-0.47268409942205347
1.0,0.0,1.0,0.0,0.0,0.0,1.0,0.0,0.0,0.0,0.967973765439823,0.0,0.0,0.0,0.03202623456017695,0.0,0.0,0.03202623456017695,0.967973765439823,0.03202623456017695,-0.3969331671385296,1.7692808642129794,-0.5,0.0,-1.0,-0.4839868827199115,-0.6559912551466076,-0.4839868827199115,-0.5160131172800885,-0.967973765439823,-0.43732750343107174,-1.0,0.967973765439823,0.013725529097218692,0.21921574073610617,0.0,0.21921574073610617,0.5106754115200589,0.051404006631088184,0.17512845141843814,-0.3581822617480666
0.0,0.08840822336564658,1.0,0.0,0.0,0.0,1.0,0.0,0.0,0.0,1.0,0.0,0.0,0.0,0.0,0.0,0.0,0.0,0.9115917766343534,0.0,-1.330210324082679,0.17910890864611712,-0.9115917766343534,-0.08840822336564658,0.0,0.0,-0.3333333333333333,-0.2154557021791379,0.4557958883171767,-0.9115917766343534,-1.101287975181595,-3.0,-0.08840822336564658,-0.7016559680906219,-0.5823183553268707,-0.3333333333333333,-0.6,-1.5,-0.3333333333333333,-1.2990682427510538,-0.9019625826070236
0.0,1.0,1.0,0.0,0.0,0.0,0.2081821605303671,0.0,0.7918178394696329,0.0,0.7918178394696329,0.0,0.0,0.0,0.2081821605303671,0.0,0.0,0.0,1.0,0.2081821605303671,-1.2307692307692308,-0.12856040635728583,0.0,-0.6877267592044494,-0.2081821605303671,-1.0,-0.3333333333333333,0.6945452263130887,-0.6040910802651835,-1.0,-1.0,-1.0,0.0,-0.5714285714285714,-0.6,-0.3333333333333333,-0.6,-1.5,-0.3333333333333333,-0.30460448642266824,-0.5227459440735404
0.4100441028623639,0.5899558971376361,1.0,0.0,0.0,0.0,1.0,0.0,0.0,0.0,1.0,0.0,0.0,0.0,0.0,0.0,0.0,0.0,0.4100441028623639,0.5899558971376361,-0.6115214988990908,1.194214444767561,0.08995589713763608,-0.5899558971376361,-0.4100441028623639,-0.5,-0.27336273524157595,-0.3033480342874546,0.08995589713763608,-0.4100441028623639,-0.5099950996819596,-1.0,0.4100441028623639,-0.1685588277536103,-0.035982358855054436,-0.19665196571254534,-0.035982358855054436,0.2050220514311819,-0.17387173777574733,-0.11289555521429029,-0.5614460623133589
0.0,1.0,1.0,0.0,0.0,0.0,0.0,0.0,1.0,0.0,1.0,0.0,0.0,0.0,0.0,0.0,0.0,0.5199540329815249,0.0,1.0,-0.6984473947635461,-0.12998850824538122,-0.5199540329815249,0.019954032981524872,0.0,0.25997701649076244,-0.013302688654349915,0.006651344327174957,-0.7400229835092376,0.48004596701847513,-0.17331801099384161,-0.48004596701847513,0.5199540329815249,0.2857142857142857,0.8,1.6533639780123166,0.696009193403695,0.9300172376319282,1.4050268140941107,0.2636360431462248,-0.33590136731669784
0.5794642213349249,0.4205357786650751,1.0,0.0,0.0,0.0,0.5794642213349249,0.4205357786650751,0.0,0.0,1.0,0.0,0.0,0.0,0.0,0.0,0.0,0.0,0.5794642213349249,0.0,-0.35659336697533844,0.03891376022049797,-0.28973211066746246,-0.4205357786650751,-0.5794642213349249,-0.5794642213349249,1.6666666666666667,-0.28973211066746246,-0.21026788933253754,-0.5794642213349249,-0.17549602459276942,-0.5794642213349249,-1.0,-0.6542091744764178,-0.6,-0.3333333333333333,-0.6,-1.5,-0.3333333333333333,-1.3037603165321063,-0.38374316701663025
0.7846682639443096,0.21533173605569045,1.0,0.0,1.0,0.0,0.0,0.0,0.0,0.0,0.21533173605569045,0.0,0.0,0.0,0.7846682639443096,0.0,0.0,0.0,1.0,0.7846682639443096,-0.7041013354274541,1.0218918172312341,-0.3923341319721548,0.28466826394430955,-1.0,0.5,-0.3333333333333333,1.59488942131477,-0.3923341319721548,-1.0,-1.0,0.0,-1.0,-0.5714285714285714,-0.6,0.0,-0.6,-1.5,0.8333333333333334,-0.30460448642266824,-0.8476957378678556
0.0,1.0,0.0,1.0,0.0,0.36063864302575765,0.0,0.0,0.6393613569742423,0.0,0.0,0.0,0.0,0.0,0.0,0.36063864302575765,0.6393613569742423,1.0,0.0,0.36063864302575765,0.25851066484813523,0.3442380776198233,-0.18031932151287883,0.3196806784871212,-0.36063864302575765,0.3196806784871212,0.21312045232474744,-0.12021288100858588,-0.36063864302575765,0.36063864302575765,0.5592194363018518,3.0,0.6393613569742423,-0.3138295406958873,-0.31148908557939387,-0.21312045232474744,-0.6,-1.5,-0.21312045232474744,-0.8011997667152851,-0.44958682894028207
0.8050446675193619,0.19495533248063812,0.8050446675193619,0.19495533248063812,0.0,0.0,0.0,0.0,1.0,0.0,0.0,0.0,0.0,0.0,0.8050446675193619,0.0,0.19495533248063812,1.0,0.0,0.8050446675193619,0.4784752823136498,0.6383780008526952,0.0,0.09747766624031906,-0.8050446675193619,0.09747766624031906,1.943422668372057,0.26834822250645396,0.40252233375968094,0.0,-0.16284229752796708,1.3899106649612762,0.19495533248063812,-0.5714285714285714,-0.6,-0.3333333333333333,-0.6,-1.5,-0.3333333333333333,-1.123322709626538,-0.7144287791462173
0.0,1.0,0.0,1.0,1.0,0.0,0.0,0.0,0.0,0.0,0.0,0.0,0.0,0.0,0.0,1.0,0.0,0.0,1.0,1.0,1.3002423891289712,1.263322509571325,0.45157552933831313,-0.9515755293383131,0.0,-0.9515755293383131,1.430182274656707,-0.06981772534329289,-0.45157552933831313,-1.0,0.5017505881536812,-1.0,-1.0,-0.3455580502942511,-0.10315105867662622,0.4947482355389561,-0.10315105867662622,0.5322829804411244,1.2473312070097635,-0.9955219932787306,0.6817453782205267
0.0,1.0,0.0,1.0,1.0,0.0,0.0,0.0,0.0,0.0,0.0,0.0,0.0,0.0,0.0,1.0,0.0,0.0,1.0,0.382736287902708,-0.2782510547767148,-0.021579640121615062,-0.308631856048646,-1.0,-1.234527424194584,-0.6913681439513539,0.8230182827963893,0.4856135732522566,-0.308631856048646,-1.0,0.042526254211412,-1.0,-0.382736287902708,-0.7142857142857143,-0.6,-0.3333333333333333,-0.6,-1.5,-0.3333333333333333,-1.395513577331759,0.37059117859374113
1.0,0.0,1.0,0.0,0.019537274907622137,0.0,0.0,0.0,0.9804627250923779,0.0,0.019537274907622137,0.0,0.0,0.0,0.9804627250923779,0.0,0.0,0.9804627250923779,0.0,1.0,0.5610045479703334,0.8089117396988057,-0.019537274907622137,0.009768637453811069,-1.0,0.009768637453811069,2.3333333333333335,0.3268209083641259,0.5,0.0,-0.4509568694136518,0.9804627250923779,-0.019537274907622137,-0.5714285714285714,-0.6,-0.3333333333333333,-0.6,-1.5,-0.3333333333333333,-1.0792581104702372,-0.685987832299354
0.3919121504581148,0.6080878495418852,0.0,1.0,0.0,0.6080878495418852,0.0,0.0,0.3919121504581148,0.0,0.0,0.0,0.0,0.0,0.0,0.0,1.0,0.3919121504581148,0.0,0.0,-0.6621606038109142,-0.4493260125381762,-0.6080878495418852,-0.3919121504581148,0.0,-0.6080878495418852,-0.2747545162085519,-0.23872523302792345,-0.10808784954188522,0.0,-0.5555555555555556,0.0,0.3919121504581148,-0.19884459292258783,-0.07838243009162296,-0.20269594984729505,-0.2,-0.18242635486256553,-0.10471791223276633,-0.08348163204380096,-0.491182510302764
1.0,0.0,0.36335567837771743,0.6366443216222826,0.6366443216222826,0.0,0.36335567837771743,0.0,0.0,0.0,0.36335567837771743,0.0,0.0,0.0,0.0,0.0,0.6366443216222826,0.6366443216222826,0.0,0.0,-0.5174393351350335,0.08359062815375906,0.3183221608111413,-0.6816778391888587,-1.0,-0.8183221608111413,-0.3333333333333333,0.4849888274778079,-0.36335567837771743,0.36335567837771743,-1.0,-1.0,0.6366443216222826,-0.5714285714285714,-0.6,-0.3333333333333333,-0.6,-1.5,-0.3333333333333333,-0.30460448642266824,-0.7735917343339852
0.0,1.0,1.0,0.0,1.0,0.0,0.0,0.0,0.0,0.0,1.0,0.0,0.0,0.0,0.0,0.0,0.0,0.44518439145777433,0.5548156085422257,0.44518439145777433,-1.2133906186700867,-0.22203723546888976,0.0,0.0,0.44518439145777433,-0.44518439145777433,-0.3333333333333333,0.4269125219436991,0.0,-0.10963121708445134,-1.061646178726914,-1.0,0.0,-0.7142857142857143,-0.6,-0.3333333333333333,-0.6,-1.5,-0.3333333333333333,-1.395513577331759,-1.1491263145648865
0.09100209105133028,0.9089979089486697,1.0,0.0,0.0,0.0,0.0,0.0,1.0,0.0,1.0,0.0,0.0,0.0,0.0,0.0,0.0,0.0,1.0,0.9089979089486697,-0.6573855804852294,-0.17425017425427752,0.3634968634230046,0.0,-0.09100209105133028,0.0,-0.21199721193155963,-0.12116562114100152,0.0,-1.0,-0.8686662019885932,0.0,-0.9089979089486697,-0.42857142857142855,-0.2,0.3029993029828899,-0.2,0.4999999999999999,1.1514428180711875,0.006085206056557664,-0.3461600208998447
0.7263970326502283,0.27360296734977174,0.0,1.0,0.0,0.0,0.0,0.0,1.0,0.0,0.0,0.0,0.0,0.0,0.0,0.7263970326502283,0.27360296734977174,1.0,0.0,0.7263970326502283,0.8454128737809623,0.014932591495890407,-0.36319851632511413,-0.22639703265022826,0.0,0.13680148367488587,0.3333333333333333,0.0,-0.7263970326502283,0.0,0.919289218594419,1.5472059346995435,0.27360296734977174,-0.26011555743561643,-0.164161780409863,-0.09120098911659058,-0.164161780409863,-0.19248534122958927,0.005651948570106535,-1.0320099276188561,-0.016309254787800098
0.0,1.0,1.0,0.0,0.0,0.0,0.5474463068991116,0.0,0.45255369310088844,0.0,0.5474463068991116,0.0,0.0,0.0,0.45255369310088844,0.0,0.0,0.5474463068991116,0.45255369310088844,0.45255369310088844,-0.6720947334227352,-0.3333333333333333,0.0,-0.32116946034866733,0.0,-1.0,1.0,-0.31751789770029615,0.0,-0.45255369310088844,-0.3438769570886914,2.0,0.0,-0.23461984581390494,-0.2,-0.3333333333333333,-0.018978522759644623,0.4999999999999999,-0.3333333333333333,-0.5056984160256084,-0.3858196737106657
1.0,0.0,0.0,0.5490895525838956,0.0,0.5490895525838956,0.0,0.0,0.0,0.4509104474161044,0.0,0.0,0.0,0.0,0.0,0.5490895525838956,0.0,0.5490895525838956,0.0,0.5490895525838956,-0.2503501720831171,0.5409079604865796,0.2745447762919478,0.2745447762919478,-0.4509104474161044,0.2254552237080522,0.2351542281655422,0.1406044780145449,0.0,0.0,-0.505454394731544,-3.0,-1.0,-0.14285714285714285,-0.2,0.36605970172259705,-0.2,-0.29999999999999993,0.6458169157449692,-0.034663800171469264,-0.3994922190590014
0.08952872159672698,0.910471278403273,0.0,1.0,0.0,1.0,0.0,0.0,0.0,0.0,0.0,0.0,0.0,0.0,0.0,0.0,1.0,0.0,0.910471278403273,0.0,-0.5040274147704896,0.1442844862674849,-0.04476436079836349,-0.410471278403273,-2.0,-0.4552356392016365,-0.3631762405322423,-0.1219023058683032,0.04476436079836349,-0.910471278403273,-0.8789412531559192,0.0,-0.08952872159672698,-0.42857142857142855,-0.2,0.30349042613442434,-0.23581148863869078,0.32094255680654604,1.1525887720914345,0.026475978451249105,-0.5806594893041712
0.0,1.0,0.0,1.0,0.0,0.29795945154195047,0.7020405484580495,0.0,0.0,0.0,0.0,0.0,0.0,0.0,0.0,0.0,1.0,0.0,1.0,0.0,-1.0244896104709573,-0.2428569866005289,0.0,-0.14897972577097524,-1.2979594515419506,-0.14897972577097524,-0.3333333333333333,-0.16666666666666666,0.35102027422902476,-1.0,-0.8888888888888888,0.0,-0.7020405484580495,-0.42857142857142855,-0.2,-0.134693698972033,-0.2,0.4999999999999999,0.13015914684303403,0.059031877213695266,-0.7678236664820355
0.0,1.0,1.0,0.0,0.0,0.0,0.4763977239849888,0.0,0.5236022760150112,0.0,0.0,0.0,0.4763977239849888,0.0,0.5236022760150112,0.0,0.0,0.0,1.0,0.5236022760150112,-0.20501661016192912,-0.05543466100875649,0.2381988619924944,0.5,0.0,-1.0,0.36480303468668157,-0.18240151734334079,-0.2381988619924944,-1.0,-0.11635606133666915,1.5236022760150112,-0.9527954479699776,0.3402840885607063,-0.10472045520300224,-0.3333333333333333,0.581118179187991,0.5866177679972706,-0.3333333333333333,0.18407695356575277,-0.3939890285518174
0.0,1.0,1.0,0.0,1.0,0.0,0.0,0.0,0.0,0.0,0.6976418714934634,0.0,0.0,0.0,0.30235812850653665,0.0,0.0,0.0,1.0,0.30235812850653665,1.2593617275324278,1.063915516742374,-0.19764187149346335,-0.6976418714934634,0.0,0.3488209357467317,-0.3333333333333333,0.08136822624455275,0.3488209357467317,-1.0,-0.5219602079437181,0.30235812850653665,0.0,-0.05646910614098952,-0.07905674859738532,-0.10078604283551221,-0.47905674859738534,-1.2408358898515401,-0.007767126636383737,0.18468720334628191,-0.5921949489641566
0.20352822432612272,0.7964717756738773,0.0,0.20352822432612272,0.0,0.0,0.0,0.0,1.0,0.7964717756738773,0.0,0.0,0.0,0.0,0.0,0.0,0.20352822432612272,0.0,1.0,0.0,-1.3076923076923077,-0.4336273520271769,-0.6017641121630614,-0.7964717756738773,-1.2035282243261227,0.1947076635108158,-0.4011760747753742,-0.02804099684414907,-0.20352822432612272,-1.0,-1.0,0.40705644865224544,1.0,-0.600504032046589,-0.6,-0.3333333333333333,-0.6,-1.5,-0.3333333333333333,-0.5266352765966202,-0.6561248302874747
0.0,1.0,1.0,0.0,0.45934680794617244,0.0,0.5406531920538276,0.0,0.0,0.0,0.45934680794617244,0.0,0.0,0.0,0.5406531920538276,0.0,0.0,0.0,1.0,0.5406531920538276,-0.8067567926650716,-0.011176772626296017,0.22967340397308622,0.5,-0.5406531920538276,-0.7703265960269138,-0.3333333333333333,-0.06300673730641956,-1.0,-1.0,-1.0,-1.0,0.0,-0.5714285714285714,-0.6,-0.3333333333333333,-0.6,-1.5,-0.3333333333333333,-0.30460448642266824,-0.8969080611299292
0.0,1.0,0.0,1.0,0.0,0.8420914150187097,0.15790858498129035,0.0,0.0,0.0,0.0,0.0,0.0,0.0,0.0,1.0,0.0,0.0,0.8420914150187097,0.0,-0.25506285922789085,0.7105228537546774,0.07895429249064517,-0.9210457075093548,0.0,-1.0,0.8420914150187097,0.21930286166043006,0.0,-1.0,-0.391808249450681,-0.15790858498129035,-0.3158171699625807,-0.2857142857142857,-0.23158171699625807,-0.2806971383395699,-0.2,0.0,-0.24121999209424727,-0.504745076495342,0.024465775418608282
0.0,1.0,1.0,0.0,0.7689177413153975,0.0,0.23108225868460253,0.0,0.0,0.0,1.0,0.0,0.0,0.0,0.0,0.0,0.0,0.23108225868460253,0.7689177413153975,1.0,0.18326339916982948,0.1347979842326848,0.0,-0.7689177413153975,0.0,-0.6533766119730962,0.48738817245640165,-0.0385137097807671,-0.38445887065769874,-0.7689177413153975,-0.05135161304102279,-0.23108225868460253,-2.0,-0.10984539161648535,-0.10756709652615898,-0.3333333333333333,0.046216451736920516,0.3462164517369204,-0.3333333333333333,-0.5053634304445427,-0.7719839111378012
0.0,1.0,0.06623597785186586,0.9337640221481341,0.0,0.0,1.0,0.0,0.0,0.0,0.06623597785186586,0.0,0.0,0.0,0.0,0.9337640221481341,0.0,0.0,0.0,0.9337640221481341,-0.08711322736182552,0.6390683425617225,-0.533117988925933,-1.0,-2.0,0.5,1.3554119926172885,-0.011039329641977642,0.4006460332222012,1.066235977851866,-0.32597378023868157,-1.0,-0.9337640221481341,-0.40964686347089546,-0.18675280442962683,0.311254674049378,-0.18675280442962683,0.4867528044296267,1.1500986018946349,-0.8219589200612706,0.04999173666108184
0.0,1.0,1.0,0.0,0.0,0.0,0.0,0.0,1.0,0.0,1.0,0.0,0.0,0.0,0.0,0.0,0.0,0.954138733595367,0.0,1.0,-0.8320426872601129,-0.23853468339884176,-0.954138733595367,0.45413873359536705,0.0,0.4770693667976835,-0.3027591557302447,0.15137957786512235,-0.5229306332023165,0.04586126640463295,-0.318046244531789,-0.04586126640463295,0.954138733595367,0.2857142857142857,0.8,1.3639075109364218,0.6091722532809266,0.7671979749017374,1.1517524054027026,0.4896991517302914,-0.29444196074272855
0.0,1.0,1.0,0.0,0.0,0.0,0.3791943155779087,0.0,0.6208056844220913,0.0,0.6208056844220913,0.3791943155779087,0.0,0.0,0.0,0.0,0.0,1.0,0.0,1.0,-0.6128034981059023,0.09759478927974963,-1.0,0.12080568442209128,0.0,0.31040284221104564,0.4250552978224842,-0.022930491122287677,-0.12080568442209128,-0.3791943155779087,0.003728280513696669,-0.3791943155779087,1.0,0.2857142857142857,0.7241611368844183,1.5861295437186058,0.6758388631155817,0.8921978683417158,1.3461966840871136,0.1516191214347825,0.18142175732909593
1.0,0.0,0.0,1.0,0.0,1.0,0.0,0.0,0.0,0.0,0.0,0.0,0.0,0.0,0.0,0.0,1.0,0.6525865917745858,0.3474134082254142,0.3474134082254142,-1.1336205416251592,0.050862197258195255,0.0,0.15258659177458578,0.0,-0.8262932958872928,-0.3333333333333333,0.5438221598121549,-0.4788798876618787,-0.3474134082254142,-1.0386014898028237,0.0,-0.6525865917745858,-0.6210590583179163,-0.6,-0.1158044694084714,-0.6,-1.5,0.4280176904036834,-0.6836009317594838,-0.9635747818902038
0.0,1.0,1.0,0.0,0.7908692089214858,0.0,0.20913079107851418,0.0,0.0,0.0,0.0,0.0,0.0,0.0,1.0,0.0,0.0,0.20913079107851418,0.7908692089214858,1.0,-0.6153846153846154,-0.4825724340767905,-0.2908692089214858,-1.0,-2.0,-0.2908692089214858,1.5272461392809906,-0.16666666666666666,0.5,-1.0,-0.11618377282139677,1.0,-0.20913079107851418,0.1662109765265633,0.5908692089214859,0.5969564029738286,0.5908692089214859,0.8897278600366716,0.6026631473979001,-0.06930455649561466,-0.687104680793845
0.0,1.0,0.0,1.0,0.4203500655282616,0.0,0.5796499344717384,0.0,0.0,0.0,0.0,0.0,0.0,0.0,0.0,1.0,0.0,0.5796499344717384,0.4203500655282616,1.0,0.03676150821772539,0.12204590432228346,-0.2898249672358692,-0.13052509829239245,0.0,-0.4203500655282616,0.3864332896478256,0.8067833551760872,-0.5796499344717384,-1.0,0.1755166593857487,-0.4203500655282616,-1.0,-0.6314785807897516,-0.6,-0.3333333333333333,-0.6,-1.5,-0.3333333333333333,-1.298229672245593,0.24036297864282125
0.34156321045654503,0.658436789543455,0.658436789543455,0.0,1.0,0.0,0.0,0.0,0.0,0.34156321045654503,0.658436789543455,0.0,0.0,0.0,0.0,0.0,0.0,0.0,0.0,1.0,-0.009496012065244308,0.010287346404014575,0.5,-0.5,-1.31687357908691,0.3292183947717275,0.2112490527246066,-0.2805210701521817,-0.17078160522827251,0.0,-0.07590293565701,-1.658436789543455,-1.0,0.2857142857142857,0.8,0.0,-0.6,-1.5,-0.04166666666666665,0.09830206886970923,-0.5651504941687765
0.0,1.0,0.0,1.0,1.0,0.0,0.0,0.0,0.0,0.0,0.0,0.0,0.0,0.0,0.0,1.0,0.0,0.4627365832859299,0.5372634167140701,1.0,0.4832716731534978,-0.1281052847261725,0.23136829164296496,-0.5,-0.9254731665718599,-0.26863170835703504,1.5621056945234502,0.756210569452345,-0.23136829164296496,-1.0,0.10283035184131775,-0.5372634167140701,-1.0,0.36246620238772426,0.8,2.0,0.8,0.9682981701250629,1.5864541323194934,0.0006381671251495524,0.3603736860125115
0.46011915898357203,0.539880841016428,1.0,0.0,0.0,0.0,1.0,0.0,0.0,0.0,0.0,0.0,0.539880841016428,0.0,0.46011915898357203,0.0,0.0,1.0,0.0,0.46011915898357203,-0.27087922367714345,-0.3016368769207737,-0.23005957949178601,0.0,-0.46011915898357203,-0.269940420508214,0.2065475076830946,-0.269940420508214,-1.0,0.539880841016428,-0.2822089823351587,-1.0,0.0,0.19719392527867372,0.260119158983572,0.0,0.47607149539014326,0.653373052994524,-0.004089520608981559,0.23303987784060035,-0.34399390702434424
0.0,1.0,1.0,0.0,0.5847661059491537,0.0,0.4152338940508463,0.0,0.0,0.0,0.4152338940508463,0.0,0.0,0.0,0.5847661059491537,0.0,0.0,0.5847661059491537,0.0,1.0,-0.5893027366310297,1.0423830529745768,0.20761694702542316,-1.0,0.0,-0.20761694702542316,0.3898440706327691,-0.36158870198305126,-0.08476610594915368,-0.5847661059491537,-0.4256075320112992,-1.0,0.0,-0.11863825544309894,-0.2,-0.3333333333333333,-0.31695322118983077,-0.5847661059491538,-0.3333333333333333,-0.14512282116380815,-0.7705538578793281
0.5996995110897186,0.0,1.0,0.0,1.0,0.0,0.0,0.0,0.0,0.0,1.0,0.0,0.0,0.0,0.0,0.0,0.0,0.0,1.0,0.40030048891028136,0.6920765469920913,0.8826822740277238,-0.2998497555448593,-1.0,-1.0,-1.0,0.1998998370299062,1.2001502444551406,-0.7998497555448594,-1.0,0.7108106222008298,-1.0,0.40030048891028136,-0.3144144952472634,-0.2401802933461688,-0.1334334963034271,-0.2401802933461688,-0.4205408800385064,-0.053473561491464594,-1.073505899414682,-0.2096130847628651
0.6976675736969318,0.3023324263030682,1.0,0.0,0.0,0.0,1.0,0.0,0.0,0.0,1.0,0.0,0.0,0.0,0.0,0.0,0.0,0.0,1.0,0.3023324263030682,-0.5706661084941957,1.3042515873029639,-0.6511662131515341,0.1511662131515341,-1.0,-0.3488337868484659,-0.5658891912323105,-0.5,-0.6511662131515341,-1.0,-0.4780369362558965,-1.0,0.6976675736969318,0.0,0.2,0.0,0.0790670294787727,0.19766757369693166,0.05555555555555555,0.24145588404566118,-0.3070159747628143
0.0,1.0,0.0,1.0,0.0,0.8199327276507015,0.0,0.0,0.18006727234929853,0.0,0.0,0.0,0.0,0.0,0.0,1.0,0.0,0.0,1.0,0.8199327276507015,-0.8323025175115925,-0.12164984857934202,0.0,0.09003363617464927,-1.0,-0.18006727234929853,-0.03322121275116913,-0.31993272765070147,0.40996636382535073,-1.0,-0.4444444444444444,-1.8199327276507016,-0.18006727234929853,0.09140935075734327,0.1639865455301403,-0.2733109092169005,-0.03601345446985971,-0.2297200519156542,-0.2493019395703273,0.36236656458036626,0.11835278634778802
0.0,1.0,1.0,0.0,0.0,0.0,1.0,0.0,0.0,0.0,0.0,0.303498533772921,0.696501466227079,0.0,0.0,0.0,0.0,1.0,0.0,1.0,1.6222695691293259,-0.12645772240538378,0.3482507331135395,0.1517492668864605,-0.696501466227079,-1.0,1.4643343108180527,-0.050583088962153494,0.5,-0.696501466227079,2.097278918176617,-2.393002932454158,-0.696501466227079,0.4975010473050564,0.7751020527179104,0.9286686216361053,0.8965014662270789,0.8165915755577633,0.5234075505464723,-0.7881904901669307,0.8585662508871169
0.0,1.0,1.0,0.0,0.0,0.0,1.0,0.0,0.0,0.0,0.0,0.4116612143575281,0.0,0.0,0.0,0.0,0.0,1.0,0.0,0.4116612143575281,1.0542269945552118,0.5148697439339138,-0.29416939282123594,0.5,0.0,-0.7058306071787641,0.8038870714525094,0.7158415117970411,0.5,0.0,0.8364748175480898,-1.0,0.5883387856424719,0.3361935917956982,0.38833878564247193,0.39222585709498126,0.5530032713854831,0.558833878564247,0.23859428886654685,-0.39067714029539663,0.86505336846791
1.0,0.0,1.0,0.0,1.0,0.0,0.0,0.0,0.0,0.0,0.0,0.0,0.12568239514558288,0.0,0.8743176048544171,0.0,0.0,0.0,1.0,0.8743176048544171,-0.31736018424196794,-0.20856079838186092,-0.3114764072816256,-0.8743176048544171,1.0,-0.06284119757279144,0.24954506990294473,-0.06284119757279144,-1.0,-1.0,-0.19429280107875935,-1.0,0.0,-0.03512937558950047,-0.22404464679618386,-0.16575680647255608,0.10054591611646635,0.31371080674315444,-0.2266937253310206,-0.2984030500216366,-0.5535132156064722
0.0,1.0,0.5152360548642109,0.0,0.5152360548642109,0.0,0.0,0.0,0.0,0.48476394513578913,0.5152360548642109,0.0,0.0,0.0,0.0,0.0,0.0,1.0,0.0,0.5152360548642109,-0.5035160126609718,0.6590486392345613,-0.030472109728421737,0.24238197256789457,0.48476394513578913,-0.22714591770368364,-0.49492131504526304,-0.015236054864210868,0.25761802743210543,-1.0,-0.9461373394293567,1.0,-0.5152360548642109,-0.5714285714285714,-0.49695278902715784,-0.3333333333333333,-0.6,-1.5,-0.3333333333333333,-0.4808822846538643,-0.5809234485580184
0.0,1.0,1.0,0.0,0.026889650729895687,0.0,0.9731103492701043,0.0,0.0,0.0,1.0,0.0,0.0,0.0,0.0,0.0,0.0,0.9731103492701043,0.026889650729895687,1.0,-0.21629018806851774,0.5676477037408942,0.0,-0.026889650729895687,0.0,0.45966552390515636,0.9820735661800697,-0.16218505821168405,-0.013444825364947843,-0.026889650729895687,-0.21624674428224538,-0.9731103492701043,-2.0,-0.0038413786756993917,0.18924413970804171,-0.3333333333333333,0.19462206985402086,0.49462206985402074,-0.3333333333333333,-0.19465194347761078,-0.6889474088366319
0.0,1.0,1.0,0.0,0.0,0.0,1.0,0.0,0.0,0.0,0.0,0.3980646044590398,0.0,0.0,0.0,0.0,0.0,1.0,0.0,0.3980646044590398,1.0448139569331814,0.5363977096065204,-0.3009676977704801,0.5,0.0,-0.69903230222952,0.7993548681530133,0.7362364266447737,0.5,0.0,0.8198567387832708,-1.0,0.6019353955409602,0.34396308316626295,0.4019353955409602,0.40129026369397347,0.5611612373245762,0.5601935395540959,0.24282434527940985,-0.3775396367051689,0.8546921729286435
0.0,1.0,0.0,1.0,0.0,1.0,0.0,0.0,0.0,0.0,0.0,0.0,0.0,0.0,0.0,1.0,0.0,0.0,0.2238490659063206,0.2238490659063206,0.9242031994736066,0.24128302196877355,0.1119245329531603,-1.0,0.2238490659063206,0.3880754670468397,0.8158993772708804,-0.2761509340936794,-0.7761509340936794,-0.2238490659063206,1.9005115262638574,-1.7761509340936794,0.5523018681873588,0.6694555415536925,0.8,0.9253836446978931,0.2238490659063206,-0.35821132005702594,0.6505232628431715,-0.615574521439767,0.7337553920620579
1.0,0.0,0.8217906368444492,0.1782093631555508,0.1782093631555508,0.0,0.8217906368444492,0.0,0.0,0.0,0.8217906368444492,0.0,0.0,0.0,0.0,0.0,0.1782093631555508,0.1782093631555508,0.0,0.0,-0.5879677902837614,-0.33664141710741186,0.0891046815777754,-0.9108953184222246,-1.0,-0.5891046815777754,-0.3333333333333333,0.25577134824444203,-0.8217906368444492,0.8217906368444492,-1.0,-1.0,0.1782093631555508,-0.5714285714285714,-0.6,-0.3333333333333333,-0.6,-1.5,-0.3333333333333333,-0.30460448642266824,-0.66683718476556
0.0,1.0,0.0,1.0,1.0,0.0,0.0,0.0,0.0,0.0,0.0,0.0,0.0,0.0,0.0,1.0,0.0,1.0,0.0,0.34508262782238674,-0.08234582822571695,-0.3562155717406722,0.5,-0.8274586860888067,-1.3450826278223866,0.0,0.8849724573925377,-0.09740360087388217,-0.17254131391119337,-1.0,0.5860652067653407,-0.6549173721776133,-1.6549173721776134,0.9406316578918991,0.014099153386864127,2.8732231629034843,0.8,0.3227262190824238,1.4918467575301777,0.12127311583324163,0.5378323671209341
0.0,1.0,0.0,1.0,0.0,0.0,0.6523807855173165,0.0,0.3476192144826835,0.0,0.0,0.0,0.0,0.0,0.0,1.0,0.0,0.0,1.0,1.0,-0.12710621427056282,0.8373013091955275,0.32619039275865824,-0.47857117827597473,-0.6523807855173165,-0.6738096072413418,-0.6666666666666666,1.442063464252886,-0.3476192144826835,-1.0,0.3962961665134684,-1.0,0.6523807855173165,1.080952214088745,1.0609523142069266,2.304761571034633,1.1914284713103898,0.5343254733045633,0.9785493124170176,0.4671601894777693,0.1626277737922841
0.0,1.0,0.0,1.0,0.9681953185148349,0.03180468148516513,0.0,0.0,0.0,0.0,0.0,0.0,0.0,0.0,0.0,1.0,0.0,0.0,1.0,1.0,1.256315514523964,1.358358083943864,0.5,-0.9681953185148349,-0.03180468148516513,-0.9840976592574174,1.3439348938283884,-0.1719674469141942,-0.48409765925741743,-1.0,0.5272847275687421,-0.9681953185148349,-1.0,-0.42857142857142855,-0.2,0.3333333333333333,-0.2,0.4999999999999999,1.222222222222222,-1.1141123005630778,0.699765052183758
0.0,1.0,0.45128469079259137,0.5487153092074086,0.5487153092074086,0.0,0.0,0.0,0.45128469079259137,0.0,0.45128469079259137,0.0,0.0,0.0,0.0,0.5487153092074086,0.0,0.45128469079259137,0.5487153092074086,0.5487153092074086,1.3696260587054128,-0.0914525515345681,-0.22564234539629568,-0.04871530920740863,0.0,-0.2743576546037043,2.182905103069136,0.23162041227654495,0.22564234539629568,-0.5487153092074086,0.20057097368559615,-0.09743061841481726,-1.4512846907925914,0.5575099116550262,0.9805138763170366,2.300856460528394,0.8902569381585183,0.7649568650314256,1.524026839536002,0.13158927347252622,-0.05338901058331835
0.0,1.0,0.0,1.0,0.0,1.0,0.0,0.0,0.0,0.0,0.0,0.0,0.0,0.0,0.0,1.0,0.0,0.0,1.0,0.534423503732523,-0.27187873105634797,0.12650591231205643,0.2672117518662615,-0.465576496267477,-0.534423503732523,-0.7327882481337384,1.356282335821682,-0.10054508519959485,0.0,-1.0,-0.38506405514083075,0.0,-0.534423503732523,-0.36206050053321753,-0.2,0.02294900248834869,-0.2,0.26721175186626145,0.4979921169172579,-0.6686655917730019,0.3752092353548102
0.0,1.0,1.0,0.0,0.0,0.0,0.6440085157280139,0.0,0.3559914842719861,0.0,0.3559914842719861,0.0,0.0,0.0,0.6440085157280139,0.0,0.0,0.6440085157280139,0.3559914842719861,1.0,-0.6153846153846154,-0.3276687955986701,0.5,-0.6440085157280139,-1.2880170314560278,0.32200425786400694,0.5253446876373519,-0.16666666666666666,0.32200425786400694,-1.0,-0.6742193836462176,0.6440085157280139,-1.0,-0.3365702120388551,-0.2,0.3333333333333333,-0.2,0.17799574213599303,0.9717744661057723,-0.1751530375964915,-0.3527952956514073
0.10578273710407426,0.8942172628959257,0.0,0.8942172628959257,0.8942172628959257,0.0,0.0,0.0,0.0,0.10578273710407426,0.0,0.0,0.0,0.0,0.0,0.8942172628959257,0.0,0.8942172628959257,0.0,0.10578273710407426,0.6715851657500853,0.36459796519608045,0.0,-0.05289136855203713,0.0,-0.5528913685520371,1.141043649472099,1.0608839295625925,0.0,2.0,0.40918353207641966,-1.0,0.0,0.35301233063994686,0.6942172628959258,-0.3333333333333333,0.6942172628959258,0.7451810524132715,-0.3333333333333333,-0.2972701784506414,0.3925814783396419
0.8712516017003561,0.0,1.0,0.0,1.0,0.0,0.0,0.0,0.0,0.0,1.0,0.0,0.0,0.0,0.0,0.0,0.0,0.0,1.0,0.1287483982996439,0.9009627705387355,1.4710451370174382,-0.43562580085017805,-1.0,-1.0,-1.0,0.2904172005667853,1.064374199149822,-0.9356258008501781,-1.0,0.9823627128114673,-1.0,0.1287483982996439,-0.19803502784270452,-0.07724903897978634,-0.04291613276654797,-0.07724903897978634,0.06825288306064092,0.07325074746016623,-1.0100261899212863,-0.16789234880282644
0.0,1.0,0.0,1.0,0.0,0.6699004866898446,0.0,0.0,0.3300995133101554,0.0,0.0,0.0,0.0,0.0,0.0,1.0,0.0,0.0,1.0,0.0,-0.40851512255162215,0.5299336577932298,0.0,-0.5048507300347669,-0.3300995133101554,-1.0,1.110033171103385,0.2766998377700518,0.0,-1.0,-0.4444444444444444,-0.3300995133101554,-0.3300995133101554,-0.2385572123842635,-0.13398009733796892,-0.2233001622299482,-0.2,-0.0990298539930466,-0.1792868937885941,-0.3575604822740484,0.059085262484185296
0.678417235319971,0.321582764680029,1.0,0.0,0.678417235319971,0.0,0.0,0.0,0.321582764680029,0.0,0.321582764680029,0.0,0.0,0.0,0.678417235319971,0.0,0.0,0.0,1.0,1.0,-0.6126729456953913,1.4166666666666667,-0.3392086176599855,0.3392086176599855,-1.3215827646800289,0.5,-0.3333333333333333,1.3450839019866376,-0.5,-1.0,-1.0,0.0,-1.3215827646800289,-0.5714285714285714,-0.6,-0.107194254893343,-0.6,-1.5,0.45815344120663287,-0.30460448642266824,-0.6974597265830516
0.0,1.0,1.0,0.0,1.0,0.0,0.0,0.0,0.0,0.0,1.0,0.0,0.0,0.0,0.0,0.0,0.0,0.0,1.0,0.9077094137712539,0.3076923076923077,0.01538176437145768,0.04614529311437304,-0.8615641206568809,0.0,-1.0,0.3333333333333333,0.0,-0.5,-1.0,0.05127254790485894,0.0,-2.0,-0.12967277339589342,-0.16308376550850157,-0.30256980459041793,-0.05537435173724765,0.13387694478825699,-0.29744254979993207,-0.6124220311671977,-0.8040650179591067
0.4811453940562932,0.5188546059437068,1.0,0.0,0.0,0.0,1.0,0.0,0.0,0.0,1.0,0.0,0.0,0.0,0.0,0.0,0.0,0.5188546059437068,0.0,0.5188546059437068,-0.6153846153846154,0.49447132805877136,0.0,-0.4811453940562932,-0.4811453940562932,-0.5,-0.3333333333333333,0.3396182019812356,-0.4811453940562932,1.518854605943707,-1.0,-0.4811453940562932,0.0,-0.5714285714285714,-0.49622907881125866,-0.3333333333333333,-0.6,-1.5,-0.3333333333333333,-0.30460448642266824,-0.6624948627554913
0.687784717096083,0.312215282903917,0.0,1.0,0.0,0.687784717096083,0.312215282903917,0.0,0.0,0.0,0.0,0.0,0.0,0.0,0.0,0.0,1.0,0.0,1.0,0.687784717096083,-1.2307692307692308,-0.015458915027284914,0.0,0.3438923585480415,-0.312215282903917,0.3438923585480415,-0.3333333333333333,-0.05203588048398616,-0.18778471709608302,-1.0,-0.8888888888888888,0.0,-0.312215282903917,-0.42857142857142855,-0.2,-0.3333333333333333,-0.2,0.4999999999999999,-0.3333333333333333,0.059031877213695266,-0.7692377077775197
0.0,0.48834298645273877,1.0,0.0,0.48834298645273877,0.0,0.5116570135472612,0.0,0.0,0.0,0.0,0.0,0.0,0.0,1.0,0.0,0.0,0.0,1.0,1.0,-1.1949977723570602,0.1279142533868153,-0.48834298645273877,-0.2674855203208919,-0.5116570135472612,-0.5,-0.3333333333333333,1.670552337849087,-0.7441714932263694,-1.0,-1.0,-1.0,0.5116570135472612,-0.5714285714285714,-0.49766859729054774,-0.3333333333333333,-0.6,-1.5,-0.3333333333333333,-0.30460448642266824,-0.8108611129236002
0.15697768271619372,0.8430223172838063,1.0,0.0,1.0,0.0,0.0,0.0,0.0,0.0,0.8430223172838063,0.0,0.0,0.0,0.15697768271619372,0.0,0.0,0.0,1.0,0.15697768271619372,-1.1869402440644663,-0.12887424835364486,-0.07848884135809686,-0.3430223172838063,-1.0,0.5,-0.3333333333333333,1.3856592275720645,-0.07848884135809686,-1.0,-1.0,0.0,-1.0,-0.5714285714285714,-0.6,0.0,-0.6,-1.5,0.8333333333333334,-0.30460448642266824,-1.3226351653910353
0.0,1.0,0.0,1.0,1.0,0.0,0.0,0.0,0.0,0.0,0.0,0.0,0.0,0.0,0.0,1.0,0.0,0.3772859652420726,0.6227140347579274,1.0,0.621307286916652,-0.1352261695631606,0.1886429826210363,-0.5,-0.7545719304841452,-0.3113570173789637,1.7045233912632125,0.7704523391263213,-0.1886429826210363,-1.0,0.08384132560934945,-0.6227140347579274,-1.0,0.37467343353684673,0.8,2.0,0.8,0.9433750731956045,1.567069501374359,0.03583969318517466,0.3859136021253653
0.9974049756163534,0.0025950243836465603,0.0,1.0,0.0,0.0,0.0,0.0,1.0,0.0,0.0,0.0,0.0,0.0,0.0,1.0,0.0,0.0,1.0,0.0,-0.53906039024238,0.4989187398401473,0.0,-0.9961074634245302,-0.0025950243836465603,-0.5012975121918233,1.0008650081278823,-0.49740497561635344,-0.9974049756163534,-1.0,-0.3336216693759607,0.9948099512327069,-1.9974049756163534,-0.00037071776909236576,0.0,-0.3324683252054511,-0.5989619902465414,-1.496885970739624,-0.33212232195429825,-0.03218052823374386,0.13459735968192216
0.0,1.0,0.0,1.0,0.8683011070355868,0.0,0.13169889296441317,0.0,0.0,0.0,0.0,0.0,0.0,0.0,0.0,1.0,0.0,0.0,1.0,0.8683011070355868,0.03451444789296498,1.469118327220047,-0.06584944648220659,0.0,-0.13169889296441317,0.5,-0.3333333333333333,0.6227670356785289,0.5,-1.0,-0.01463321032937924,-0.8683011070355868,0.0,0.6954715867193696,0.8263397785928827,1.8683011070355868,0.8,0.43423342502047885,1.0788812166075057,0.585345287601178,0.20589683354158184
0.08451700768068193,0.9154829923193181,0.0,1.0,1.0,0.0,0.0,0.0,0.0,0.0,0.0,0.0,0.0,0.0,0.0,1.0,0.0,0.0,1.0,1.0,1.2686844579935315,1.4377959185868372,0.41548299231931807,-0.9577414961596591,0.08451700768068193,-0.9154829923193181,1.276988661546212,-0.180752834613447,-0.41548299231931807,-1.0,0.4898201051372474,-1.0,-0.9154829923193181,-0.3923498538511363,-0.16619319692772724,0.30516099743977265,-0.1830965984638636,0.4577414961596589,1.1236190465947598,-1.0433915398135427,0.6618676909656762
0.0,1.0,1.0,0.0,1.0,0.0,0.0,0.0,0.0,0.0,1.0,0.0,0.0,0.0,0.0,0.0,0.0,0.0,1.0,0.0,-0.9369958904452318,-0.018481278496379594,0.20136095887228472,-0.40272191774456945,-0.5972780822554306,-0.5972780822554306,-0.19909269408514352,-0.3009073059148565,-0.5972780822554306,-1.0,-0.8210124810024135,2.5972780822554307,-1.4027219177445693,-0.62896027396351,-0.6,-0.1342406392481898,-0.6,-1.5,0.36349109596466905,-0.7439374875985622,-0.8571826989750178
0.0,1.0,0.0,1.0,0.0,0.013743004133184855,0.9862569958668151,0.0,0.0,0.0,0.0,0.0,0.0,0.0,0.0,0.013743004133184855,0.9862569958668151,0.0,1.0,0.013743004133184855,-1.2254834599487752,-0.41323091563337044,0.0,0.0,-1.0,0.0,-0.3333333333333333,-0.1712476680443949,0.5,-1.0,-0.8827808870519178,-0.02748600826636971,-0.9862569958668151,-0.4207182833524658,-0.19450279834672607,-0.3333333333333333,-0.19725139917336304,0.49018356847629635,-0.3333333333333333,0.06474325555475913,-0.8395370795236756
0.0,1.0,0.0,1.0,0.0,0.4634093540126675,0.5365906459873325,0.0,0.0,0.0,0.0,0.0,0.0,0.0,0.0,0.0,1.0,0.0,1.0,0.4634093540126675,-0.8536540687799494,0.6686934668470564,-0.4634093540126675,-0.036590645987332526,0.0,0.26829532299366626,-0.3333333333333333,0.29674268734600084,0.23170467700633374,-1.0,-1.0514899282236296,-0.4634093540126675,-1.0,-0.6376299077160954,-0.6,-0.3333333333333333,-0.6,-1.5,-0.3333333333333333,-0.8101419635273963,-1.2664748942246908
1.0,0.0,0.9240417591074331,0.07595824089256686,0.9240417591074331,0.07595824089256686,0.0,0.0,0.0,0.0,0.9240417591074331,0.0,0.0,0.0,0.0,0.07595824089256686,0.0,1.0,0.0,1.0,-0.8821763318270794,0.12026721474656421,0.03797912044628343,-1.0,0.0,0.03797912044628343,-0.3333333333333333,0.2700347992561942,0.46202087955371657,-0.07595824089256686,-0.4106852262699703,1.0,0.0,0.18626185193860967,0.06076659271405349,-0.025319413630855603,-0.10885011092891972,-0.5422371354410154,-0.025319413630855603,0.48322549129360837,-0.47625995431396295
0.0,1.0,0.0,1.0,0.7638834668825957,0.23611653311740433,0.0,0.0,0.0,0.0,0.0,0.0,0.0,0.0,0.0,1.0,0.0,0.0,1.0,0.7638834668825957,0.4209410050949853,-0.3425889779217305,-0.38194173344129784,-0.6180582665587022,-0.47223306623480865,0.38194173344129784,2.0,-0.4212944889608652,-0.8819417334412978,-1.0,-0.24845739256860047,-2.527766933765191,-1.7638834668825956,0.07539527625217018,0.15277669337651914,-0.25462782229419856,0.3055533867530383,0.5619029029311757,-0.22314561787854464,-0.02682868028354264,0.14604843903505313
0.7599554089375856,0.0,0.0,1.0,0.7599554089375856,0.0,0.0,0.24004459106241438,0.0,0.0,0.0,0.0,0.0,0.0,0.0,1.0,0.0,0.24004459106241438,0.7599554089375856,0.7599554089375856,0.5691793180049064,1.346607211916781,-0.2599554089375856,-0.2599554089375856,1.0,0.0,0.9867261214165524,-0.3333333333333333,0.5,-1.0,-0.27556546468053655,-1.0,0.0,-0.03429208443748777,0.10398216357503426,0.0,-0.048008918212482876,-0.07201337731872429,0.07422569041596558,-0.1750791326196409,0.16374509029887088
1.0,0.0,1.0,0.0,1.0,0.0,0.0,0.0,0.0,0.0,0.0,0.0,0.46873424602646596,0.0,0.531265753973534,0.0,0.0,0.0,1.0,0.0,-0.38461538461538464,-0.41145570767107764,0.46873424602646596,0.265632876986767,0.46873424602646596,-0.23436712301323298,-0.3333333333333333,-0.41145570767107764,-1.0,-1.0,-0.17708858465784466,-1.0,-1.062531507947068,0.48660039115419973,0.3624810952317592,1.5312657539735341,0.8,0.7894288920492345,1.1490481534153911,0.5484418624553332,0.07457629914495106
0.0,1.0,1.0,0.0,0.0,0.0,0.0,0.0,1.0,0.0,1.0,0.0,0.0,0.0,0.0,0.0,0.0,0.0,0.7205160613914648,1.0,-0.5938858508762666,-0.1200860102319108,0.3602580306957324,-0.13974196930426758,0.0,0.0,-0.1470107075943099,-0.16666666666666666,-0.27948393860853515,-0.4410321227829297,-0.6404587212368577,-0.27948393860853515,-0.7205160613914648,-0.22894004385104627,0.0794839386085352,0.7991398976808919,0.0794839386085352,0.6746774616303344,1.3580824701569267,0.04055360028089957,-0.36489498692758576
0.0,1.0,1.0,0.0,1.0,0.0,0.0,0.0,0.0,0.0,1.0,0.0,0.0,0.0,0.0,0.0,0.0,0.9376586374887586,0.06234136251124145,0.9376586374887586,-0.6153846153846154,0.36471553124063216,-0.9064879562331378,-0.06234136251124145,0.0,0.4688293187443793,-0.3125528791629195,-0.5,0.4688293187443793,-1.0,-0.9722927277727815,1.0623413625112414,-1.0623413625112414,-0.5803344803587488,-0.4124682725022483,-0.3333333333333333,-0.6,-1.5,-0.3333333333333333,-0.37261324552584074,-0.6361622124903696
0.8522609080937733,0.1477390919062267,1.0,0.0,0.8522609080937733,0.0,0.1477390919062267,0.0,0.0,0.0,0.8522609080937733,0.0,0.1477390919062267,0.0,0.0,0.0,0.0,0.8522609080937733,0.1477390919062267,0.0,-0.11975251725240924,0.17897825765885222,0.5,0.5,0.0,-1.0,0.5189275747604399,0.4507536360312578,-0.07386954595311335,-0.1477390919062267,0.09469565645486369,0.1477390919062267,-1.1477390919062267,0.34903103938838287,-0.34090436323750933,-0.3333333333333333,0.8295478183812454,1.0595247206324676,-0.3333333333333333,-0.017781660770308766,0.02936972295156133
0.13311692858747826,0.8668830714125217,1.0,0.0,0.0,0.0,1.0,0.0,0.0,0.0,1.0,0.0,0.0,0.0,0.0,0.0,0.0,0.0,1.0,0.8668830714125217,-0.9180818901000134,0.31628795836142026,-0.9334415357062609,0.43344153570626087,-1.0,-0.06655846429373913,-0.37770564286249275,-0.5,-0.9334415357062609,-1.0,-0.5407647857125024,-1.0,0.13311692858747826,0.0,0.2,0.0,-0.14675322856500872,-0.36688307141252186,0.05555555555555555,0.3880924152429218,-0.23343758779618595
0.0,1.0,0.6871655054033311,0.3128344945966689,0.0,0.0,1.0,0.0,0.0,0.0,0.6871655054033311,0.0,0.0,0.0,0.0,0.3128344945966689,0.0,0.0,0.0,0.3128344945966689,-0.1826408469851279,0.38034770608194535,-0.8435827527016655,-1.0,-2.0,0.5,1.5623885018011103,-0.11452758423388851,-0.5307482581049967,1.687165505403331,-0.256981610510741,-1.0,-0.3128344945966689,-0.23223842702761968,-0.06256689891933379,0.1042781648655563,-0.06256689891933379,0.3625668989193337,0.4739753385608172,-0.5585342720091339,-0.2266746014540995
0.0,1.0,0.8444406726336288,0.15555932736637124,0.0,0.15555932736637124,0.8444406726336288,0.0,0.0,0.0,0.0,0.0,0.0,0.0,0.8444406726336288,0.15555932736637124,0.0,0.0,1.0,0.15555932736637124,-0.5675202069641935,-0.4166666666666667,0.5,0.0,-0.15555932736637124,-0.07777966368318562,1.385186442455457,0.37036722719469056,0.4222203363168144,-1.0,-0.5209868161408064,0.0,-1.0,-0.42857142857142855,-0.2,0.3333333333333333,-0.36888813452672575,-0.3444406726336289,1.222222222222222,-0.6965243641256449,-0.0056495963653429015
0.0,0.7496162320085874,0.7496162320085874,0.2503837679914126,0.0,0.0,1.0,0.0,0.0,0.0,0.7496162320085874,0.0,0.0,0.0,0.0,0.2503837679914126,0.0,0.7496162320085874,0.2503837679914126,0.0,-0.8268935563083529,0.20916483064806068,-0.1251918839957063,-0.8748081160042938,-0.5007675359828252,-1.0,1.2503837679914125,0.04198647332617722,0.1251918839957063,-0.2503837679914126,-0.4166240257787319,2.2503837679914125,0.0,-0.42857142857142855,-0.2,-0.16641082133905827,-0.2,0.4999999999999999,0.05615252798664194,-0.7916473774349861,-0.15620114138338995
0.0,1.0,0.03047215273359416,0.0,0.0,0.0,0.03047215273359416,0.0,0.0,0.9695278472664058,0.03047215273359416,0.0,0.0,0.0,0.0,0.0,0.0,0.03047215273359416,0.0,1.0,-0.5408055502102764,0.5279328066724613,0.0,-0.9695278472664058,-0.9695278472664058,-0.9847639236332029,0.6361945139330725,0.17682405091119804,0.4847639236332029,2.0,-0.676824050911198,0.0,0.0,-0.4329245932476563,-0.20609443054671883,0.31301856484427054,-0.6,-1.5,1.1748210957477423,-0.5161378349171567,-0.7253829127986999
0.0,1.0,1.0,0.0,1.0,0.0,0.0,0.0,0.0,0.0,1.0,0.0,0.0,0.0,0.0,0.0,0.0,0.0,1.0,0.8672149810747233,0.3076923076923077,0.02213083648754613,0.06639250946263836,-0.8008224716120849,0.0,-1.0,0.3333333333333333,0.0,-0.5,-1.0,0.07376945495848708,0.0,-2.0,-0.12388785443924617,-0.1468859924298893,-0.28907166035824106,-0.07967101135516608,0.0609869659345017,-0.2816947148623924,-0.6169400050630917,-0.8067950044906684
0.0,1.0,0.0,1.0,0.6458533292068745,0.0,0.35414667079312545,0.0,0.0,0.0,0.0,0.0,0.0,0.0,0.0,1.0,0.0,0.6458533292068745,0.35414667079312545,0.0,-0.025665635946922505,-0.2639022194712497,-0.17707333539656273,-0.3229266646034373,-1.0,-0.4687799938103119,-0.3333333333333333,-0.20487777433906212,0.5,-0.35414667079312545,-0.039349630088125045,0.6458533292068745,0.0,0.6636933327438392,1.0,1.4305688861379164,0.8,0.4767007280605057,0.8191987056702119,0.580933100272344,0.6286481338742161
0.6028361674959175,0.3971638325040825,1.0,0.0,0.6028361674959175,0.0,0.0,0.3971638325040825,0.0,0.0,1.0,0.0,0.0,0.0,0.0,0.0,0.0,0.0,0.0,0.6028361674959175,1.0201842834546295,0.013594151879422645,-0.6028361674959175,-0.09574574875612374,-0.6028361674959175,0.30141808374795875,2.0685574449972783,0.0,0.10283616749591751,0.0,-0.5130018894417228,0.0,-1.0,-0.5714285714285714,-0.6,-0.3333333333333333,-0.6,-1.5,-0.3333333333333333,-0.9800399225149135,-0.43998119031820054
0.8951308334675191,0.1048691665324809,1.0,0.0,0.1048691665324809,0.0,0.8951308334675191,0.0,0.0,0.0,1.0,0.0,0.0,0.0,0.0,0.0,0.0,0.0,1.0,0.0,-0.6960532050249854,-0.4079275694556266,-0.44756541673375955,0.0,-0.8951308334675191,-0.8951308334675191,1.456928333601705,-0.4650436111558397,0.0,-1.0,-0.31543925913998305,-1.0,-0.8951308334675191,-0.7142857142857143,-0.6,-0.3333333333333333,-0.6,-1.5,-0.3333333333333333,-1.395513577331759,-0.6971763824780304
0.0,1.0,0.0,1.0,1.0,0.0,0.0,0.0,0.0,0.0,0.0,0.0,0.0,0.0,0.0,1.0,0.0,0.0,1.0,0.2625947939061809,-0.28749270816106304,-0.1717565076172739,-0.36870260304690955,-1.0,-1.4748104121876382,-0.6312973969530904,0.9832069414584255,0.38549566158848403,-0.36870260304690955,-1.0,0.029177199322908992,-1.0,-0.2625947939061809,-0.7142857142857143,-0.6,-0.3333333333333333,-0.6,-1.5,-0.3333333333333333,-1.395513577331759,0.343087552800865
0.0,1.0,0.18228387847595806,0.8177161215240419,0.0,0.0,1.0,0.0,0.0,0.0,0.0,0.0,0.0,0.0,0.18228387847595806,0.8177161215240419,0.0,1.0,0.0,1.0,0.020441678681586833,-0.363713979745993,-0.40885806076202097,0.31771612152404194,0.0,0.09114193923797903,0.545144081016028,0.6059053738413472,-1.0,-0.8177161215240419,0.10069963657158351,-0.18228387847595806,-1.0,-0.5453880173605774,-0.6,-0.21181074768269462,-0.6,-1.5,-0.04978063348184303,-1.1446429993247291,-0.10001017673337312
0.0,0.4360349079811636,0.0,1.0,0.4360349079811636,0.5639650920188364,0.0,0.0,0.0,0.0,0.0,0.0,0.0,0.0,0.0,1.0,0.0,0.0,1.0,1.0,0.08094187352831883,0.34594763802825457,-0.2180174539905818,-0.7819825460094182,0.5639650920188364,0.5,2.0,-0.31201163599372117,-0.7180174539905818,-1.0,-0.15955943422012928,-1.3081047239434909,-1.4360349079811636,0.06229070114016623,-0.025586036807534546,-0.3333333333333333,0.28720698159623276,0.5622907011401662,-0.3333333333333333,-0.14604633806588155,0.10612232300150866
0.0,1.0,0.0,1.0,0.8407099858779311,0.0,0.1592900141220689,0.0,0.0,0.0,0.0,0.0,0.0,0.0,0.0,1.0,0.0,1.0,0.0,0.0,0.01565768687612734,-0.4601774964694828,0.5,-0.7610649788168966,-1.1592900141220688,0.07964500706103445,0.7876133145039081,-0.5,0.0,-1.0,0.7246811064037548,-1.0,-1.8407099858779312,1.2857142857142858,-0.1769939802291034,3.2271399905852878,0.8318580028244138,-0.0681419971755862,1.328220884495356,0.355518185036943,0.7129282834315598
0.0,1.0,1.0,0.0,1.0,0.0,0.0,0.0,0.0,0.0,0.0,0.0,0.9107956712879438,0.0,0.08920432871205619,0.0,0.0,1.0,0.0,1.0,-0.11123243412002162,1.3258996392739952,-0.4553978356439719,-0.5446021643560282,-0.9107956712879438,0.0,0.36306810957068536,-0.19640144290401873,-0.9553978356439718,-1.0,-0.23213381430133956,-1.9107956712879437,0.0,-0.5204546693073965,-0.5643182685151775,-0.3333333333333333,-0.4,-0.0892043287120562,-0.3333333333333333,-1.053072360290969,0.07269187738162101
0.0,1.0,0.5353355640155235,0.4646644359844765,0.0,0.0,1.0,0.0,0.0,0.0,0.0,0.0,0.0,0.0,0.5353355640155235,0.4646644359844765,0.0,0.5353355640155235,0.4646644359844765,0.0,1.3379994852271868,-0.14899888465890493,-0.19699665397671473,0.0,-0.5353355640155235,-0.03533556401552351,0.3097762906563176,0.24411073933074606,-0.5353355640155235,-1.0,0.16274049288716405,0.0,-1.0,0.49495206228349664,0.26466443598447653,2.0,0.42826845121241885,0.16731430842225037,1.3971534912472616,0.08502709041562403,0.007033892854528333
0.23321641154980122,0.7667835884501988,0.0,0.23321641154980122,0.0,0.0,0.0,0.0,0.23321641154980122,0.7667835884501988,0.0,0.0,0.0,0.0,0.0,0.0,0.23321641154980122,0.7667835884501988,0.23321641154980122,0.0,-0.4204948325461233,1.0332748724415672,0.7667835884501988,0.3833917942250994,1.0,-1.0,-0.5889278628167329,0.5,0.11660820577490061,-1.0,-0.9148018235055334,0.7667835884501988,0.0,-0.5714285714285714,-0.6,-0.3333333333333333,-0.6,-1.5,-0.3333333333333333,-0.5834348822227405,-0.723023654712176
0.0,1.0,1.0,0.0,1.0,0.0,0.0,0.0,0.0,0.0,0.34292686427826025,0.0,0.0,0.0,0.6570731357217398,0.0,0.0,0.0,1.0,0.0,-0.7275422488936449,-0.059552860115941755,0.0,-0.6570731357217398,-0.6570731357217398,-0.3285365678608699,-0.3333333333333333,-0.2761788559536233,0.0,-1.0,-1.0381029849198067,-0.34292686427826025,0.6570731357217398,-0.6204181234683229,-0.6,-0.3333333333333333,-0.6,-1.5,-0.3333333333333333,-0.6787065201807703,-1.274297137329747
0.0,1.0,0.0,1.0,0.0,0.5260300585694438,0.0,0.0,0.47396994143055615,0.0,0.0,0.0,0.0,0.0,0.0,1.0,0.0,0.0,1.0,0.5260300585694438,-0.8096946198899573,-0.04817418130902762,0.0,0.23698497071527808,-1.0,-0.47396994143055615,0.4566165690509269,-0.026030058569443848,0.2630150292847219,-1.0,-0.4444444444444444,-1.526030058569444,-0.47396994143055615,0.007437159591269671,0.10520601171388877,-0.17534335285648128,-0.09479398828611124,-0.25491170926547624,-0.11214736066574044,0.17915451112711483,0.09719443491090973
0.0,1.0,1.0,0.0,1.0,0.0,0.0,0.0,0.0,0.0,1.0,0.0,0.0,0.0,0.0,0.0,0.0,0.6448956967206952,0.0,1.0,-0.6722114123575649,-0.20170143442643493,0.0,-0.35510430327930476,0.6448956967206952,-1.0,-0.3333333333333333,0.6340102117477096,0.17755215163965238,0.6448956967206952,-1.0,-1.0,0.0,-0.6635565281029565,-0.6,-0.3333333333333333,-0.6,-1.5,-0.3333333333333333,-1.0081270646634266,-0.998184528450121
0.0,1.0,1.0,0.0,1.0,0.0,0.0,0.0,0.0,0.0,0.0,0.0,0.351177159708424,0.0,0.648822840291576,0.0,0.0,1.0,0.0,1.0,-0.3264703231890677,1.2792647633090353,-0.175588579854212,-0.8244114201457879,-0.351177159708424,0.0,0.5496076134305253,-0.3829409467638587,-0.6755885798542121,-1.0,-0.2943136489212862,-1.3511771597084241,0.0,-0.20067266269052797,-0.3404708638833696,-0.3333333333333333,-0.4,-0.6488228402915761,-0.3333333333333333,-0.4256213018533255,-0.4714493720146973
0.0,1.0,1.0,0.0,0.0,0.0,0.5204178982457498,0.0,0.4795821017542502,0.0,0.4795821017542502,0.5204178982457498,0.0,0.0,0.0,0.0,0.0,1.0,0.0,1.0,-0.5258966780026155,0.22704974005860395,-1.0,-0.0204178982457498,0.0,0.2397910508771251,0.7075024631581663,-0.09354228245620821,0.0204178982457498,-0.5204178982457498,0.1292603539962221,-0.5204178982457498,1.0,0.2857142857142857,0.6959164203508501,1.6802785988304998,0.70408357964915,0.9451567118421562,1.4285771073100209,0.016814792524570576,0.3570170400730813
1.0,0.0,1.0,0.0,0.5841994847141693,0.0,0.41580051528583073,0.0,0.0,0.0,1.0,0.0,0.0,0.0,0.0,0.0,0.0,0.41580051528583073,0.5841994847141693,0.5841994847141693,-0.8789380255273741,0.22851705313103965,0.0,0.29209974235708464,-0.5841994847141693,0.29209974235708464,-0.3333333333333333,0.25086615138083596,-0.29209974235708464,-0.5841994847141693,-0.9537999427460188,2.0,-0.41580051528583073,-0.5120284978163099,-0.4336797938856677,0.13860017176194356,-0.4336797938856677,-0.6683989694283387,0.9950335337222674,-0.15340429904600258,-0.5566097228901985
0.0,1.0,0.26317752460508714,0.0,0.26317752460508714,0.0,0.0,0.0,0.7368224753949129,0.7368224753949129,0.0,0.0,0.0,0.0,0.26317752460508714,0.0,0.0,0.0,1.0,0.0,-1.0647592080568427,-0.2850779043641231,-0.36841123769745643,-1.0,-1.0,0.23682247539491286,-0.3333333333333333,-0.3333333333333333,0.0,-1.0,-1.0,0.0,1.0,-0.5714285714285714,-0.6,-0.3333333333333333,-0.6,-1.5,-0.3333333333333333,-0.30460448642266824,-0.8150416013002617
0.0,0.4422577340495626,1.0,0.0,0.4422577340495626,0.0,0.5577422659504374,0.0,0.0,0.0,1.0,0.0,0.0,0.0,0.0,0.0,0.0,0.0,1.0,0.0,-1.3846153846153846,-0.10094072252065109,-0.5577422659504374,0.0,0.0,0.0,-0.3333333333333333,-0.25962371099173953,0.2788711329752187,-1.0,-1.1111111111111112,-2.115484531900875,0.0,-0.7142857142857143,-0.6,-0.3333333333333333,-0.6,-1.5,-0.3333333333333333,-1.395513577331759,-1.0441898714551032
0.0,1.0,1.0,0.0,1.0,0.0,0.0,0.0,0.0,0.0,0.5865354346607591,0.0,0.4134645653392409,0.0,0.0,0.0,0.0,0.4134645653392409,0.5865354346607591,0.4134645653392409,-0.4829860701497563,1.4310892391101264,-0.20673228266962046,-0.7932677173303795,-1.586535434660759,0.0,-0.05769028977383939,-0.26442257244345985,-0.4134645653392409,-1.0,-0.6784164491805904,-1.413464565339241,-0.5865354346607591,-0.5714285714285714,-0.6,-0.3333333333333333,-0.4,0.0,-0.3333333333333333,-0.6554229054983879,-0.3702099877066941
1.0,0.0,0.0,1.0,0.0,0.43554145747735873,0.5644585425226413,0.0,0.0,0.0,0.0,0.0,0.0,0.0,0.0,0.0,1.0,0.0,1.0,1.0,-1.3846153846153846,-0.2607430904204402,-0.28222927126132064,-0.5,0.0,0.06445854252264127,-0.3333333333333333,-0.18815284750754707,0.21777072873867936,-1.0,-1.1111111111111112,-0.5644585425226413,0.5644585425226413,-0.7142857142857143,-0.6,-0.3333333333333333,-0.6,-1.5,-0.3333333333333333,-1.395513577331759,-1.030390590698242
0.0,1.0,1.0,0.0,0.0,0.0,0.37877262595128935,0.0,0.6212273740487106,0.0,0.0,0.0,0.0,0.0,1.0,0.0,0.0,0.6212273740487106,0.37877262595128935,0.0,-0.24709798003746974,1.4368712290081185,0.6212273740487106,0.0,-0.6212273740487106,-0.6893863129756447,0.36871229008118445,0.14394702035768864,-0.6893863129756447,-1.0,-0.4444444444444444,-1.0,0.6212273740487106,-0.26624030316373315,-0.2,-0.1262575419837631,-0.24849094961948426,-0.3106136870243554,0.1498435131489972,-0.41795995306561845,-0.4896078269258084
0.0,1.0,1.0,0.0,0.6625531661280819,0.0,0.0,0.0,0.3374468338719181,0.0,1.0,0.0,0.0,0.0,0.0,0.0,0.0,0.0,1.0,0.3374468338719181,-0.7692307692307693,1.4718794305106735,0.0,-0.6625531661280819,-2.0,0.16872341693595905,-0.3333333333333333,0.00411350053858478,-0.16872341693595905,-1.0,-1.0,-0.6625531661280819,-1.337446833871918,-0.5714285714285714,-0.6,-0.3333333333333333,-0.46748936677438363,-0.5061702508078771,-0.3333333333333333,-0.30460448642266824,-0.7370446526008423
0.0,1.0,1.0,0.0,0.1003526028549877,0.0,0.8996473971450123,0.0,0.0,0.0,1.0,0.0,0.0,0.0,0.0,0.0,0.0,0.8996473971450123,0.1003526028549877,0.8996473971450123,-1.084642507911922,0.10005876714249792,-0.8996473971450123,0.0,-0.1003526028549877,-1.0,-0.3333333333333333,0.43309826476334157,-0.1003526028549877,-1.0,-1.0,3.0,-0.1003526028549877,-0.5714285714285714,-0.6,-0.2998824657150041,-0.6,-1.5,-0.21625529666918097,-0.30460448642266824,-0.7512686152579217
0.0,1.0,1.0,0.0,0.6075552222935728,0.0,0.0,0.0,0.39244477770642716,0.0,1.0,0.0,0.0,0.0,0.0,0.0,0.0,0.0,1.0,1.0,-0.05456441019054814,-0.0654074629510712,0.19622238885321358,-0.6075552222935728,0.0,-0.6075552222935728,0.07170348152904854,-0.0654074629510712,-0.3037776111467864,-1.0,-0.348839802405713,0.0,-1.607555222293573,-0.2549842222018363,-0.2,-0.07170348152904854,-0.07848895554128543,0.37848895554128537,0.2771363208766645,-0.34265752595560905,-0.6247905293385223
0.0,1.0,0.24435315546465453,0.7556468445353455,0.0,0.0,1.0,0.0,0.0,0.0,0.24435315546465453,0.0,0.0,0.0,0.0,0.7556468445353455,0.0,0.0,0.0,0.7556468445353455,-0.11451587007148531,0.5648528518897272,-0.6221765777323273,-1.0,-2.0,0.5,1.414784385154885,-0.04072552591077575,0.1334702668030182,1.2443531554646545,-0.30618298272614947,-1.0,-0.7556468445353455,-0.35875624129581296,-0.1511293689070691,0.2518822815117818,-0.1511293689070691,0.451129368907069,0.9561487862718205,-0.7463940568316026,-0.029371580911953285
0.4982476978489402,0.0,0.5017523021510598,0.4982476978489402,0.0,0.0,1.0,0.0,0.0,0.0,0.5017523021510598,0.0,0.0,0.0,0.0,0.0,0.4982476978489402,0.0,1.0,0.4982476978489402,-1.3846153846153846,-0.12426987410372507,-0.75087615107553,-0.2491238489244701,0.0,0.2491238489244701,-0.3333333333333333,-0.3333333333333333,0.2508761510755299,-1.0,-1.1111111111111112,-2.00350460430212,0.4982476978489402,-0.7142857142857143,-0.6,-0.3333333333333333,-0.6,-1.5,-0.3333333333333333,-1.395513577331759,-1.0124828801828172
0.0,0.330348481280914,0.330348481280914,0.669651518719086,0.669651518719086,0.0,0.330348481280914,0.0,0.0,0.0,0.0,0.0,0.0,0.0,0.0,0.669651518719086,0.0,0.330348481280914,0.669651518719086,1.0,0.2568694644183209,1.5543118672003808,-0.330348481280914,-0.5,0.669651518719086,-0.665174240640457,0.9970151479475806,0.4985075739737903,0.16965151871908601,-1.0,1.1498063992883811,-1.0,-0.669651518719086,-0.5714285714285714,-0.6,-0.3333333333333333,-0.6,-1.5,-0.3333333333333333,-1.2919470824363464,0.7091529142221895
1.0,0.0,1.0,0.0,0.0,0.0,0.9336918237598746,0.0,0.06630817624012542,0.0,0.0,0.0,0.9336918237598746,0.0,0.06630817624012542,0.0,0.0,0.06630817624012542,0.0,0.06630817624012542,0.1075268505723656,0.28867976947340646,0.0,-0.9336918237598746,-0.06630817624012542,0.0,1.3996415095734587,-0.44474318646656213,-0.4336918237598746,0.9336918237598746,0.696734451262069,1.9336918237598746,0.0,-0.5714285714285714,-0.6,-0.3333333333333333,-0.6,-1.5,-0.3333333333333333,-1.2616713273119948,0.5746801241138347
0.0,0.9924656368659253,1.0,0.0,0.0,0.0,1.0,0.0,0.0,0.0,0.0,0.0,0.0,0.0,1.0,0.0,0.0,0.0,1.0,1.0,-1.2313487971641597,0.3327054697388271,0.0,0.4886984552988879,-1.0,-0.9962328184329626,-0.3333333333333333,0.17922393855679122,-0.9962328184329626,-1.0,-1.0,-1.0,0.00753436313407474,-0.5714285714285714,-0.598493127373185,-0.3333333333333333,-0.6,-1.5,-0.3333333333333333,-0.30460448642266824,-0.6262789927301051
1.0,0.0,0.7746672022874718,0.22533279771252823,0.0,0.22533279771252823,0.7746672022874718,0.0,0.0,0.0,0.0,0.0,0.0,0.0,0.7746672022874718,0.22533279771252823,0.0,0.22533279771252823,0.7746672022874718,0.22533279771252823,-0.26543581503269664,1.7770001339052013,0.5,-1.0,-0.7746672022874718,0.11266639885626412,-0.3333333333333333,0.9202232041936982,-0.3873336011437359,-1.0,0.3442965343499874,1.0,0.0,1.0462859438374879,0.8,0.4413338689541384,1.0,0.3196361132162469,0.05400026781040254,0.5162527642746897,-0.05233013294099521
0.0,0.0,0.0,1.0,0.0,0.6346431803259424,0.0,0.36535681967405764,0.0,0.0,0.0,0.0,0.0,0.0,0.0,1.0,0.0,0.36535681967405764,0.6346431803259424,0.6346431803259424,-0.21005489533447042,0.7564287868839615,0.18267840983702882,-0.4519647704889136,1.0,0.3173215901629712,2.0,-0.22755946994567627,-0.13464318032594236,-1.0,-0.2328967176691303,-0.36535681967405764,-0.6346431803259424,-0.052193831382008234,-0.2,-0.2115477267753141,0.05385727213037694,0.20771454426075386,-0.1628334841521064,-0.2476657612786593,0.013812557847152442
0.0,1.0,1.0,0.0,0.0,0.0,0.0,0.0,1.0,0.0,0.4878098008087379,0.0,0.0,0.0,0.5121901991912621,0.0,0.0,0.0,0.5121901991912621,0.0,-0.5759853692929798,0.15041306774498397,0.25609509959563104,-0.5121901991912621,-1.0,-0.2682852987868931,1.1707300663970872,-0.24796830013478965,-0.4878098008087379,-0.5121901991912621,-0.15989433378263218,-1.0,-1.512190199191262,0.22299299942233008,0.21462823902951444,-0.3333333333333333,0.4097521593530097,0.4536570597573785,-0.3333333333333333,0.0507942924830182,-0.7143421089134073
0.14918248216385377,0.8508175178361462,0.8508175178361462,0.14918248216385377,0.0,0.14918248216385377,0.8508175178361462,0.0,0.0,0.0,0.0,0.0,0.0,0.0,0.0,0.14918248216385377,0.0,1.0,0.0,0.14918248216385377,0.4662021332207616,0.8034172753168659,0.07459124108192688,-1.0,0.0,0.5,-0.3333333333333333,-0.5,0.4254087589180731,-0.14918248216385377,0.0,-0.7016350356722925,0.0,0.7142857142857143,0.8,-0.3333333333333333,0.4895094892983123,-0.014305241865937957,-0.3333333333333333,0.5879574970484059,0.39448085108461806
0.0,0.0,1.0,0.0,0.08788762454014387,0.0,0.9121123754598561,0.0,0.0,0.0,0.08788762454014387,0.0,0.0,0.0,0.9121123754598561,0.0,0.0,0.0,1.0,1.0,-1.1724805776305478,0.19140825030657074,0.0,-1.0,-1.0,-0.5439438122700719,-0.3040374584866187,1.8040374584866186,-0.5,-1.0,-0.9023470838442846,-1.0,1.0,-0.5714285714285714,-0.4175775249080288,-0.3333333333333333,-0.6,-1.5,-0.3333333333333333,-0.3845023269137081,-0.8870341340271464
0.0,1.0,0.0,1.0,0.0,1.0,0.0,0.0,0.0,0.0,0.0,0.0,0.0,0.0,0.0,1.0,0.0,0.0,0.19413511325885657,0.19413511325885657,0.9036320014869007,0.2313783710862855,0.09706755662942829,-1.0,0.19413511325885657,0.4029324433705717,0.7960900755059044,-0.3058648867411434,-0.8058648867411434,-0.19413511325885657,1.9137177274405082,-1.8058648867411433,0.6117297734822869,0.6185173370151826,0.8,0.9352882955803812,0.19413511325885657,-0.36043986650558574,0.6747896575052672,-0.6491969300530227,0.7251224206740126
0.9443465106430247,0.05565348935697534,0.0,1.0,1.0,0.0,0.0,0.0,0.0,0.0,0.0,0.0,0.0,0.0,0.0,1.0,0.0,0.0,1.0,1.0,0.43157119803855176,0.48623352836288586,0.0,0.0,0.0,-0.916519765964537,-0.6481155035476749,-0.277679843976358,-0.44434651064302466,-1.0,1.259128680857366,-1.0,-0.9443465106430247,2.198258802439039,1.1777386042572098,3.8886930212860493,2.122085114900235,0.40909090909090906,1.051357188265134,0.5961013404747202,0.9179408651842345
0.0,1.0,1.0,0.0,1.0,0.0,0.0,0.0,0.0,0.0,1.0,0.0,0.0,0.0,0.0,0.0,0.0,0.8423140352981816,0.0,1.0,-0.465683400906853,-0.48685950294151514,-0.4211570176490908,-0.5788429823509091,-0.8423140352981816,-1.0,-0.3333333333333333,-0.4737190058830303,0.5,0.0,-1.0,-1.8423140352981817,0.0,-0.5714285714285714,-0.6,-0.3333333333333333,-0.6,-1.5,-0.3333333333333333,-0.30460448642266824,-0.749597869832435
0.0,1.0,0.051635477874512836,0.9483645221254872,0.0,0.9483645221254872,0.051635477874512836,0.0,0.0,0.0,0.051635477874512836,0.0,0.0,0.0,0.0,0.0,0.9483645221254872,1.0,0.0,1.0,-0.8342379666443431,1.0215147824477138,-0.4741822610627436,0.0,-0.9483645221254872,-0.5,-0.3333333333333333,0.6580607536875812,0.0,2.0,-1.0,-0.9483645221254872,0.0,-0.5714285714285714,-0.5896729044250975,-0.3333333333333333,-0.6,-1.5,-0.3333333333333333,-0.30460448642266824,-0.6950772977885544
0.0,1.0,1.0,0.0,1.0,0.0,0.0,0.0,0.0,0.0,1.0,0.0,0.0,0.0,0.0,0.0,0.0,1.0,0.0,1.0,-0.9915803931869103,-0.0909343672618171,-0.009121240714180523,-0.009121240714180523,0.9635150371432779,-1.0,-0.3333333333333333,1.1362625309527317,0.009121240714180523,0.981757518571639,-1.0,-1.018242481428361,0.0,-0.7116796455102341,-0.6,-0.3333333333333333,-0.6,-1.5,-0.3333333333333333,-1.3756126885008197,-1.079296962544689
0.0,1.0,0.0,1.0,0.0,0.0,0.0,0.0,1.0,0.0,0.0,0.0,0.0,0.0,0.0,1.0,0.0,0.0,1.0,0.30303853763357846,-0.5594348585613688,-0.017679512544526155,0.0,0.5,-0.6969614623664215,-1.0,0.7272562580661764,0.7525321146946486,-0.30303853763357846,-1.0,-0.34343159856658495,-1.0,-0.6969614623664215,0.03030773579061624,0.24243083010686284,0.30303853763357846,0.10303853763357851,0.04344367598472232,0.30617753627989297,0.0023653816958955076,0.22890606714293638
0.0,1.0,0.0,1.0,0.0,1.0,0.0,0.0,0.0,0.0,0.0,0.002744465231605653,0.0,0.0,0.0,0.9972555347683943,0.0,0.0,1.0,1.0,1.4594273344372264,0.4974842402043615,0.4986277673841972,-1.0,0.9917666043051829,-0.0013722326158028264,1.3296740463578591,0.4995425891280657,-0.002744465231605653,-1.0,1.5561654367181346,-1.0,-0.9972555347683943,2.0019603323082897,0.8016466791389635,0.6648370231789296,1.0016466791389633,-0.2996706641722072,0.01596225392388792,0.2634400177394317,0.9600870722417145
0.0,0.8966102629740208,0.8966102629740208,0.1033897370259792,0.1033897370259792,0.0,0.8966102629740208,0.0,0.0,0.0,0.0,0.0,0.0,0.0,0.0,0.1033897370259792,0.0,0.8966102629740208,0.1033897370259792,1.0,0.16975226723476605,1.7902542762391753,-0.8966102629740208,-0.5,0.1033897370259792,-0.9483051314870103,1.5632769296406874,0.7816384648203437,-0.3966102629740208,-1.0,0.8352165205699884,-1.0,-0.1033897370259792,-0.5714285714285714,-0.6,-0.3333333333333333,-0.6,-1.5,-0.3333333333333333,-1.2770258233666991,0.3413202309130321
0.0,1.0,1.0,0.0,0.0,0.0,0.57599841780566,0.0,0.42400158219434003,0.0,0.42400158219434003,0.0,0.0,0.0,0.57599841780566,0.0,0.0,0.0,1.0,0.57599841780566,-1.2307692307692308,0.08599907705330162,0.0,-0.1360023732915101,-0.57599841780566,-1.0,-0.3333333333333333,0.44933438812956,-0.78799920890283,-1.0,-1.0,-1.0,0.0,-0.5714285714285714,-0.6,-0.3333333333333333,-0.6,-1.5,-0.3333333333333333,-0.30460448642266824,-0.5697208369996137
0.0,1.0,0.0,0.08260438691446836,0.0,0.0,0.08260438691446836,0.0,0.0,0.9173956130855316,0.0,0.0,0.0,0.0,0.0,0.08260438691446836,0.0,0.0,0.0,1.0,-0.5003364368087069,0.5137673978190781,-0.04130219345723418,-1.0,-1.0826043869144684,-0.8760934196282975,0.7217362579429789,0.1528992688475886,0.5,1.9173956130855316,-0.6391318710285105,-0.08260438691446836,-0.08260438691446836,-0.42857142857142855,-0.2,0.3333333333333333,-0.5669582452342126,-1.3347912261710633,1.222222222222222,-0.5498204675946761,-0.6597154817500005
0.0,1.0,0.005300006397605417,0.0,0.005300006397605417,0.0,0.0,0.0,0.0,0.9946999936023946,0.005300006397605417,0.0,0.0,0.0,0.0,0.0,0.0,1.0,0.0,0.005300006397605417,-0.38583846301483204,0.9140166634678639,0.9893999872047892,0.4973499968011973,0.9946999936023946,-0.9920499904035919,-0.6648999978674648,0.4946999936023946,0.0026500031988027084,-1.0,-0.8894777784886228,1.0,-0.005300006397605417,-0.5714285714285714,-0.5989399987204789,-0.3333333333333333,-0.6,-1.5,-0.3333333333333333,-0.6663135750053572,-0.5024372922766499
1.0,0.0,0.0,1.0,0.024932837054857493,0.9750671629451425,0.0,0.0,0.0,0.0,0.0,0.0,0.0,0.0,0.0,0.0,1.0,0.0,0.024932837054857493,0.0,-0.1595998854741979,-0.09372201543952396,-0.4750671629451425,0.4750671629451425,-2.0,0.0,-0.6583557209817141,0.3167114419634283,0.4750671629451425,-0.024932837054857493,-0.7833184082344128,0.0,-0.9750671629451425,-0.43213326243640815,-0.20997313482194302,-0.008310945684952498,-0.6,-1.5,0.42505223784622187,-0.30460448642266824,-0.7327871830878875
0.5092512207412155,0.49074877925878446,1.0,0.0,1.0,0.0,0.0,0.0,0.0,0.0,0.0,0.0,0.0,0.0,1.0,0.0,0.0,0.0,1.0,1.0,-0.458691932079626,0.1365640259265194,-0.7546256103706077,-0.7453743896293923,-2.0,-0.7546256103706077,0.6481642251842357,0.5972101644451566,-0.009251220741215538,-1.0,0.0,1.5092512207412154,0.0,0.5039648088890923,0.29074877925878445,1.1759178874078824,0.8,0.7604224215148117,0.7442097658251047,0.29594169451425323,-0.4995052640287375
0.2771039033782243,0.7228960966217757,0.0,1.0,1.0,0.0,0.0,0.0,0.0,0.0,0.0,0.0,0.0,0.0,0.0,1.0,0.0,1.0,0.0,0.7228960966217757,-0.04356442661141624,-0.014057357488777261,0.36144804831088784,-0.36144804831088784,-2.0,0.0,0.9437705700448911,0.3433787793920715,-0.36144804831088784,-1.0,0.6224834159907684,0.0,-1.2771039033782243,0.9190946362930841,0.6891584386487103,2.64657577454919,0.9662623420269346,0.7439821328549416,1.5197487324231531,-0.011407132822331079,0.395187608260399
0.8208614731533526,0.17913852684664744,1.0,0.0,0.8208614731533526,0.0,0.17913852684664744,0.0,0.0,0.0,0.8208614731533526,0.0,0.17913852684664744,0.0,0.0,0.0,0.0,0.8208614731533526,0.17913852684664744,0.0,-0.11250649380461983,0.18159487723722062,0.5,0.5,0.0,-1.0,0.48752813982001925,0.44028715771778426,-0.08956926342332372,-0.17913852684664744,0.0912068303503725,0.17913852684664744,-1.1791385268466474,0.3624879400771346,-0.328344589261341,-0.3333333333333333,0.8358277053693295,1.0456090619656904,-0.3333333333333333,0.004535292988998574,0.022244221431161476
0.28154272916344636,0.7184572708365536,0.28154272916344636,0.7184572708365536,0.0,0.0,0.0,0.0,1.0,0.0,0.28154272916344636,0.0,0.0,0.0,0.0,0.7184572708365536,0.0,0.0,1.0,0.0,-0.8558593012810605,-0.01051424305448212,-0.28154272916344636,0.3592286354182768,-1.0,-0.7184572708365536,1.2394857569455178,0.45307621180609225,0.0,-1.0,-0.5070094953696547,-0.7184572708365536,-0.7184572708365536,-0.22329792261812753,-0.056308545832689266,0.0,-0.2,-0.07476581666924287,0.2209244046286278,-0.2540646240838015,-0.024681226129843747
0.5350367320449105,0.46496326795508947,1.0,0.0,0.0,0.0,0.0,0.0,1.0,0.0,1.0,0.0,0.0,0.0,0.0,0.0,0.0,0.0,1.0,0.46496326795508947,-0.8623246455591895,-0.21125306100374253,-0.3025550980673658,0.0,-0.5350367320449105,0.0,0.3800489760598807,0.10085169935578861,0.0,-1.0,-0.7699918373233532,0.0,-0.46496326795508947,-0.42857142857142855,-0.2,0.1549877559850298,-0.2,0.4999999999999999,0.8060825417428472,-0.2522622214306163,-0.29383963548494413
0.0,1.0,0.0,1.0,0.0,0.476619484126412,0.523380515873588,0.0,0.0,0.0,0.0,0.0,0.0,0.0,0.0,1.0,0.0,0.0,0.476619484126412,1.0,-0.1869121886445566,0.150328892196387,-0.023380515873588026,-0.523380515873588,-1.523380515873588,0.023380515873588026,1.492206494708804,-0.15887316137547064,0.261690257936794,0.04676103174717605,-0.3333333333333333,-0.523380515873588,-1.0,-0.42857142857142855,-0.2,0.3333333333333333,-0.2,0.4999999999999999,1.222222222222222,-0.8500590318772137,0.35175282234905086
0.0,1.0,1.0,0.0,1.0,0.0,0.0,0.0,0.0,0.0,1.0,0.0,0.0,0.0,0.0,0.0,0.0,0.8385825587026248,0.16141744129737523,0.8385825587026248,-0.6153846153846154,0.2821521322521873,-0.7578738380539372,-0.16141744129737523,0.0,0.4192912793513124,-0.27952751956754157,-0.5,0.4192912793513124,-1.0,-0.9282589149789444,1.1614174412973752,-1.1614174412973752,-0.594488205899625,-0.43228348825947505,-0.3333333333333333,-0.6,-1.5,-0.3333333333333333,-0.4806962405652594,-0.6053735553363939
0.0,1.0,0.7949224398505409,0.2050775601494591,0.7949224398505409,0.2050775601494591,0.0,0.0,0.0,0.0,0.0,0.2050775601494591,0.0,0.7949224398505409,0.0,0.0,0.0,0.2050775601494591,0.7949224398505409,0.7949224398505409,1.5976565107002496,-0.4166666666666667,0.19238365977581134,0.19238365977581134,-0.4101551202989182,-0.2949224398505409,1.2565115463677485,-0.23079455325860376,0.5,-0.7949224398505409,3.1738285643281987,-0.7949224398505409,0.0,3.74358250859278,2.3589844879701083,3.5214856929845952,1.0410155120298918,-0.7360174390807187,0.5071894973838533,0.33696589654625375,1.2895034182514455
1.0,0.0,0.03200593349576575,0.9679940665042343,0.03200593349576575,0.9679940665042343,0.0,0.0,0.0,0.0,0.0,0.0,0.0,0.0,0.03200593349576575,0.9679940665042343,0.0,0.0,1.0,0.03200593349576575,0.3624574306567775,-0.21799406650423425,-0.03200593349576575,-0.9839970332521171,-0.0640118669915315,-0.5160029667478829,-0.3333333333333333,0.6880039556638438,-0.016002966747882874,-1.0,-0.21510979255649648,2.0,0.0,0.43771598099879017,0.7679940665042342,1.9893313555014114,0.8,0.819755058516948,1.4641314636605443,0.5452910919132331,0.56954715385906
0.2890475211632517,0.7109524788367483,0.0,0.2890475211632517,0.0,0.2890475211632517,0.0,0.0,0.7109524788367483,0.7109524788367483,0.0,0.0,0.0,0.0,0.0,0.2890475211632517,0.0,1.0,0.0,0.2890475211632517,-0.13161172914128833,0.3834523075391054,0.5,-0.5664287182551224,0.0,0.0,-0.42968250705441724,0.3111904272482925,0.35547623941837414,-0.7109524788367483,-0.792539715167805,-3.0,-0.2890475211632517,-0.3459864225247852,-0.2,0.42968250705441724,-0.2,0.2687619830693986,1.1772592744857162,0.059031877213695266,-0.4299020886179833
0.0,1.0,1.0,0.0,0.19950692733831976,0.0,0.8004930726616802,0.0,0.0,0.0,1.0,0.0,0.0,0.0,0.0,0.0,0.0,0.8004930726616802,0.19950692733831976,0.8004930726616802,-1.0922697636414092,0.11658448788971995,-0.8004930726616802,0.0,-0.19950692733831976,-1.0,-0.3333333333333333,0.3669953817744535,-0.19950692733831976,-1.0,-1.0,3.0,-0.19950692733831976,-0.5714285714285714,-0.6,-0.26683102422056004,-0.6,-1.5,-0.10057525143862692,-0.30460448642266824,-0.8010205462315386
0.7362471836984882,0.0,0.0,1.0,0.7362471836984882,0.0,0.0,0.2637528163015118,0.0,0.0,0.0,0.0,0.0,0.0,0.0,1.0,0.0,0.2637528163015118,0.7362471836984882,0.7362471836984882,0.5418236734982556,1.3149962449313177,-0.23624718369848818,-0.23624718369848818,1.0,0.0,1.0183370884020158,-0.3333333333333333,0.5,-1.0,-0.2808339591781137,-1.0,0.0,-0.03767897375735883,0.09449887347939528,0.0,-0.05275056326030236,-0.07912584489045352,0.0760696634901176,-0.1742580685420964,0.15681504670056112
0.47015997681888333,0.5298400231811167,1.0,0.0,1.0,0.0,0.0,0.0,0.0,0.0,0.0,0.0,0.5298400231811167,0.0,0.0,0.0,0.0,1.0,0.0,0.5298400231811167,-0.22158768517504104,1.2157933391286124,-0.26492001159055834,-0.7350799884094417,-0.5298400231811167,0.0,0.3333333333333333,-0.24502666280314722,-1.0,-1.0,-0.013262232524940742,-1.5298400231811167,0.0,-0.5714285714285714,-0.6,-0.3333333333333333,-0.4940319953637767,-0.705239965228325,-0.3333333333333333,-1.188159542968599,0.38664117696992156
0.7072300956444445,0.2927699043555555,1.0,0.0,1.0,0.0,0.0,0.0,0.0,0.0,1.0,0.0,0.0,0.0,0.0,0.0,0.0,0.0,1.0,0.0,-1.0412423444786325,0.6159623804444444,-0.35361504782222225,-1.0,-1.2927699043555556,0.0,-0.3333333333333333,0.609640127525926,0.0,-1.0,-0.9214188782617283,-1.0,-1.7072300956444444,-0.4703957006222222,-0.3171079617422222,0.13815339709629632,-0.25855398087111114,0.3536150478222222,0.7668023710024692,-0.04742990618832488,-0.6524673229883058
0.0,1.0,0.0,1.0,0.2322204985571612,0.7677795014428388,0.0,0.0,0.0,0.0,0.0,0.0,0.0,0.0,0.0,1.0,0.0,0.0,1.0,0.0,0.3419672704516328,0.011853000961892457,-0.1161102492785806,-1.0,-2.0,-0.1161102492785806,1.8451863342952257,-0.08925983381427957,-0.5,-1.0,-0.25592650048094623,-1.0,-0.7677795014428388,-0.27555457060409216,-0.13933229913429673,-0.07740683285238709,-0.13933229913429673,-0.11799689740289021,0.02496376733999145,-0.5579359393941168,0.11400250025624525
0.0,1.0,0.0,1.0,0.0,1.0,0.0,0.0,0.0,0.0,0.0,0.0,0.0,0.0,0.0,0.0,1.0,0.0,0.08729017958967544,0.0,-0.7325954675029271,-0.3802957585043019,-1.0,-0.04364508979483772,0.0,-0.9563549102051623,-0.6375699401367748,-0.4709032734701082,-0.5,-0.08729017958967544,-0.5943511909287447,0.0,0.0,-0.18026721982414662,-0.052374107753805264,-0.3042366068034415,-0.23491607183587018,-0.4047482155076105,-0.23149479047871196,0.02728999372654057,-0.4851533495661611
0.0,1.0,0.0,1.0,0.0,0.493896043640653,0.0,0.0,0.506103956359347,0.0,0.0,0.0,0.0,0.0,0.0,0.0,1.0,0.0,0.506103956359347,0.506103956359347,-0.8091009130060032,-0.45884199636327894,-1.0,-0.506103956359347,0.0,-0.7469480218203265,-0.4979653478802176,-0.07824670303387754,-0.5,-0.506103956359347,-0.4993217826267392,0.506103956359347,0.0,-0.07055657766295043,0.0,-0.1646320145468843,0.0024415825437388017,0.10488316508747758,-0.13651512808247618,0.11161410644583528,-0.4497393418467773
0.0,1.0,0.06798565774306586,0.9320143422569341,0.06798565774306586,0.9320143422569341,0.0,0.0,0.0,0.0,0.0,0.9320143422569341,0.0,0.06798565774306586,0.0,0.0,0.0,0.9320143422569341,0.06798565774306586,0.06798565774306586,1.262147226650646,-0.4166666666666667,-0.8980215133854013,-0.8980215133854013,-1.8640286845138683,0.43201434225693414,-0.19736201784720153,0.13267383779513375,0.5,-0.06798565774306586,2.608433289355718,-0.06798565774306586,0.0,3.8474306203224193,2.2135971315486134,1.825299868067154,1.1864028684513868,-0.6864535675733909,0.12651142872340476,0.6305091699784622,1.3107348895785655
0.0,1.0,0.0,1.0,1.0,0.0,0.0,0.0,0.0,0.0,0.0,0.0,0.0,0.0,0.0,1.0,0.0,1.0,0.0,0.3206421921595143,-0.07106562715054507,-0.3663990866002024,0.5,-0.8396789039202428,-1.3206421921595144,0.0,0.8931192692801619,-0.12591744248056674,-0.16032109607975714,-1.0,0.5996432265780476,-0.6793578078404857,-1.6793578078404856,0.9650720935547715,-0.015229369408582827,2.905810410453981,0.8,0.29278668539540503,1.483767835741617,0.13403455543343612,0.5504474139340368
0.0,1.0,1.0,0.0,1.0,0.0,0.0,0.0,0.0,0.0,0.4061169024421012,0.0,0.0,0.0,0.5938830975578988,0.0,0.0,0.0,1.0,0.5938830975578988,-0.41114983677085304,0.7994902581298249,0.5,0.2969415487789494,0.4061169024421012,-0.4061169024421012,-0.3333333333333333,0.03639178455438391,0.2969415487789494,-1.0,0.22901878049122348,-1.4061169024421012,0.0,0.9507217317112729,0.6934571853726226,3.08297840651227,1.3685636634189418,0.8333333333333334,1.5341262651313834,0.5490620769258752,-0.6498569462330579
0.0,1.0,0.0,1.0,0.0,1.0,0.0,0.0,0.0,0.0,0.0,1.0,0.0,0.0,0.0,0.0,0.0,0.6307695184901039,0.3692304815098961,0.3692304815098961,1.0319528176485175,-0.4166666666666667,-0.6307695184901039,-1.0,-2.0,0.13076951849010388,-0.21025650616336794,0.22820508025164934,-0.05384572226484419,-0.3692304815098961,2.2683762921589694,-0.3692304815098961,0.0,3.43516516398869,1.9046156147920832,1.0512825308168399,1.3476921926039584,-0.49653161291503395,-0.0312726320632747,0.6158398080218355,1.294135620667741
0.0,1.0,0.45426797221909965,0.5457320277809004,0.0,0.0,1.0,0.0,0.0,0.0,0.0,0.0,0.0,0.0,0.45426797221909965,0.5457320277809004,0.0,1.0,0.0,1.0,-0.29338612179126883,-0.40904466203651657,-0.2728660138904502,0.04573202778090035,0.0,0.22713398610954982,0.36382135185393355,0.5152440092603001,-1.0,-0.5457320277809004,-0.08062309259051087,-0.45426797221909965,-1.0,-0.5065331468258429,-0.6,-0.030488018520600235,-0.6,-1.5,0.3733057345630438,-1.0207421534237577,-0.3140663238986895
0.0,1.0,0.4513968820618468,0.5486031179381532,0.4513968820618468,0.5486031179381532,0.0,0.0,0.0,0.0,0.0,0.5486031179381532,0.0,0.4513968820618468,0.0,0.0,0.0,0.5486031179381532,0.4513968820618468,0.4513968820618468,1.439106253259314,-0.4166666666666667,-0.3229046769072298,-0.3229046769072298,-1.0972062358763064,0.048603117938153195,0.5694604307903604,-0.05903177436425672,0.5,-0.4513968820618468,2.906642019381436,-0.4513968820618468,0.0,3.792657588276879,2.2902793764123692,2.7199260581443094,1.1097206235876307,-0.7125952419587623,0.32729401115549367,0.4756844470762911,1.2995366882824084
0.0,1.0,1.0,0.0,0.5489219798889773,0.0,0.4510780201110227,0.0,0.0,0.0,0.0,0.0,0.0,0.0,1.0,0.0,0.0,0.4510780201110227,0.5489219798889773,1.0,-0.6153846153846154,-0.4624101649907481,-0.048921979888977285,-1.0,-2.0,-0.048921979888977285,1.3659479865926516,-0.16666666666666666,0.5,-1.0,-0.2505989000616793,1.0,-0.4510780201110227,0.027955417079415568,0.3489219798889773,0.5163073266296591,0.3489219798889773,0.6175372273750994,0.6732310891990483,-0.14128885604247668,-0.5841396213051296
0.0,1.0,1.0,0.0,0.0,0.0,0.20173046233023584,0.0,0.7982695376697642,0.0,0.7982695376697642,0.0,0.0,0.0,0.20173046233023584,0.0,0.0,1.0,0.0,0.0,1.4763906269753122,0.016810871860852984,-0.29826953766976416,0.3991347688348821,-0.20173046233023584,-0.10086523116511792,1.5965390753395283,-0.3655130251131761,0.19740430650464624,-0.20173046233023584,0.3772009570010325,0.7982695376697642,-1.7982695376697642,0.6566484393342183,0.9175773527376698,2.5321796917798425,0.9596539075339529,0.7123834033833691,1.5567392156725706,0.059031877213695266,-0.580917349825437
0.3154284521201667,0.6845715478798333,0.6845715478798333,0.0,0.0,0.0,0.6845715478798333,0.0,0.0,0.3154284521201667,0.0,0.0,0.6845715478798333,0.0,0.0,0.0,0.0,0.6845715478798333,0.0,0.3154284521201667,0.056791245501487175,0.1353331245436249,0.0,-0.15771422606008334,0.0,-0.6577142260600833,1.192380753533611,-0.28971436525322225,-0.6845715478798333,1.3154284521201667,-0.1931429101688148,-1.0,0.0,-0.09012241489147618,-0.2,-0.10514281737338887,0.07382861915193334,0.3422857739399166,-0.06711106471339817,-0.28995503815735,0.18677264309490788
0.0,1.0,1.0,0.0,1.0,0.0,0.0,0.0,0.0,0.0,1.0,0.0,0.0,0.0,0.0,0.0,0.0,1.0,0.0,0.08786811124265681,-0.8960405811561056,0.7967216203155597,-0.5439340556213283,0.4560659443786716,0.0,-0.4121318887573432,-0.3333333333333333,-0.1959560370808856,-0.8681978331360147,-0.08786811124265681,-1.0,0.08786811124265681,-1.9121318887573433,-0.5714285714285714,-0.5824263777514687,-0.3333333333333333,-0.6,-1.5,-0.3333333333333333,-0.30460448642266824,-0.767865667783969
1.0,0.0,0.13882477344202038,0.8611752265579796,1.0,0.0,0.0,0.0,0.0,0.0,0.0,0.0,0.0,0.0,0.13882477344202038,0.8611752265579796,0.0,0.0,1.0,1.0,0.6859714152592072,1.4121545820229626,-0.5,-0.5694123867210101,1.0,0.0,0.6203917421859931,-0.2870584088526599,0.29176283983696943,-1.0,-0.2222222222222222,-1.0,0.0,-0.019832110491717195,0.11670513593478778,-0.046274924480673454,0.0,0.0416474320326061,0.0015681436614365246,-0.21704685574194588,0.10599616920301852
1.0,0.0,0.0,1.0,1.0,0.0,0.0,0.0,0.0,0.0,0.0,0.0,0.0,0.0,0.0,0.0,1.0,0.9972891005856703,0.0027108994143296705,0.0,-0.46132993081428236,0.41418167553686447,0.5,-0.5,-1.0027108994143297,-0.9972891005856703,-0.3333333333333333,0.663955767252337,-0.0013554497071648353,-0.0027108994143296705,-1.0,-0.9972891005856703,0.9972891005856703,-0.5714285714285714,-0.6,-0.3333333333333333,-0.6,-1.5,-0.3333333333333333,-0.30460448642266824,-0.8592453218456888
0.0,0.11669606414168132,0.11669606414168132,0.8833039358583187,0.8833039358583187,0.0,0.11669606414168132,0.0,0.0,0.0,0.0,0.0,0.0,0.0,0.0,0.8833039358583187,0.0,0.11669606414168132,0.8833039358583187,1.0,0.289739067055126,1.4652900267257005,-0.11669606414168132,-0.5,0.8833039358583187,-0.5583480320708407,0.783362730808348,0.391681365404174,0.3833039358583187,-1.0,1.2685021865879547,-1.0,-0.8833039358583187,-0.5714285714285714,-0.6,-0.3333333333333333,-0.6,-1.5,-0.3333333333333333,-1.29757692215016,0.8479373853493676
1.0,0.0,1.0,0.0,0.0,0.0,0.4731662010518922,0.0,0.5268337989481078,0.0,0.0,0.0,0.4731662010518922,0.0,0.5268337989481078,0.0,0.0,0.5268337989481078,0.0,0.5268337989481078,0.32007713797604975,0.557319716053063,0.0,-0.4731662010518922,-0.5268337989481078,0.0,1.860167132281441,-0.06097183420991015,0.02683379894810778,0.4731662010518922,0.13386980128564607,1.4731662010518922,0.0,-0.5714285714285714,-0.6,-0.3333333333333333,-0.6,-1.5,-0.3333333333333333,-1.173952161081903,-0.046902961092664786
0.0,1.0,0.6061018810558386,0.3938981189441614,0.3938981189441614,0.0,0.6061018810558386,0.0,0.0,0.0,0.0,0.0,0.6061018810558386,0.0,0.0,0.3938981189441614,0.0,1.0,0.0,0.0,0.3962449962733301,-0.15406792070389247,0.0,0.0,0.0,-0.5,0.7979660396480538,0.1564968649069356,-0.6061018810558386,1.3938981189441613,-0.026968129710096655,-1.0,0.0,0.1688134795474977,0.19389811894416142,-0.1312993729813871,0.4363388713664968,0.631299372981387,-0.09762704625606278,-0.11065683748422783,0.12490226537133145
0.0,1.0,1.0,0.0,0.7942894499664624,0.0,0.0,0.0,0.20571055003353755,0.0,0.0,0.0,0.7942894499664624,0.0,0.20571055003353755,0.0,0.0,1.0,0.0,0.7942894499664624,-0.17186640770778655,1.3676184250055896,-0.19143417494969373,-0.3971447249832312,-1.0,-0.10285527501676878,0.47047370002235833,-0.06381139164989791,-0.8971447249832312,-1.0,-0.26793567778523053,-1.7942894499664623,0.20571055003353755,-0.5420413499952089,-0.517715779986585,-0.2647631499888208,-0.4,-0.10285527501676878,-0.17333623886280403,-1.0747234110852169,-0.005816972894172823
1.0,0.0,1.0,0.0,0.0,0.0,1.0,0.0,0.0,0.0,1.0,0.0,0.0,0.0,0.0,0.0,0.0,0.0,0.10669925011343606,0.10669925011343606,-0.6482151538810573,-0.4288671665910426,0.0,-0.946650374943282,-0.8933007498865639,-0.553349625056718,-0.2977669166288546,0.09553383325770928,-0.8933007498865639,0.7866014997731279,-0.9644335832955213,-1.0,-0.10669925011343606,-0.5866713214447765,-0.6,-0.3333333333333333,-0.6,-1.5,-0.3333333333333333,-0.42100366836459846,-0.6049686207236425
1.0,0.0,0.14927253998354528,0.8507274600164547,1.0,0.0,0.0,0.0,0.0,0.0,0.0,0.0,0.0,0.0,0.0,0.8507274600164547,0.0,0.8507274600164547,0.0,0.0,0.7542938215485875,0.07959101834293192,0.0,-0.14927253998354528,-1.7014549200329094,0.07463626999177264,1.6666666666666667,-0.5,0.07463626999177264,-0.5521823800493642,1.6003233155628689,0.14927253998354528,-1.7014549200329094,2.464805328583182,0.4597090159934181,4.184060793349788,1.2507274600164546,-0.31874393288715896,1.02625013482473,0.5129199006617257,0.8962281305724062
0.0,1.0,0.7459745255487181,0.0,0.7459745255487181,0.0,0.0,0.0,0.0,0.2540254744512819,0.7459745255487181,0.0,0.0,0.0,0.0,0.0,0.0,1.0,0.0,0.7459745255487181,-0.5567633520497042,0.5436794038923076,-0.49194905109743625,0.12701273722564094,0.2540254744512819,0.11896178832307713,-0.4180084914837606,-0.24597452554871813,0.37298726277435906,-1.0,-0.9717749472831909,1.0,-0.7459745255487181,-0.5714285714285714,-0.4508050948902564,-0.3333333333333333,-0.6,-1.5,-0.3333333333333333,-0.3969773862231344,-0.6164372658782978
0.4085182929359169,0.5914817070640831,1.0,0.0,0.4085182929359169,0.0,0.5914817070640831,0.0,0.0,0.0,0.4085182929359169,0.5914817070640831,0.0,0.0,0.0,0.0,0.0,1.0,0.0,0.5914817070640831,0.8016242960265957,-0.17836432912071515,0.20425914646795845,0.5,0.0,-1.0,0.8638272356880277,0.10567886195727791,0.29574085353204155,0.0,0.9654735768703423,-0.5914817070640831,-0.4085182929359169,0.11671951226740482,-0.2817036585871834,-0.13617276431197228,0.44511097576155023,0.7553239330849479,-0.10331266947507878,-0.617480095967174,0.8025419615452442
0.9329380670999546,0.06706193290004536,1.0,0.0,0.9329380670999546,0.0,0.06706193290004536,0.0,0.0,0.0,0.9329380670999546,0.0,0.06706193290004536,0.0,0.0,0.0,0.0,0.9329380670999546,0.06706193290004536,0.0,-0.1383703231769126,0.17225516107500377,0.5,0.5,0.0,-1.0,0.5996047337666213,0.47764602236665155,-0.03353096645002268,-0.06706193290004536,0.10365978523332829,0.06706193290004536,-1.0670619329000455,0.3144551141000194,-0.3731752268399819,-0.3333333333333333,0.8134123865800091,1.0952793706465709,-0.3333333333333333,-0.07512245146891694,0.04767786194358045
0.009070523542609399,0.9909294764573906,0.0,1.0,1.0,0.0,0.0,0.0,0.0,0.0,0.0,0.0,0.0,0.0,0.0,1.0,0.0,0.0,1.0,1.0,-0.07203894886167195,1.655328512238405,0.0,0.0,0.0,0.486394214686086,-0.3363568411808698,0.6575961431240573,0.4909294764573906,-1.0,0.012094031390145865,-1.0,-0.009070523542609399,0.7285393941383864,0.8036282094170438,2.018141047085219,0.8126987329596531,0.40909090909090906,1.1505531262909354,0.5880357193139548,0.1501400523659545
0.0,1.0,1.0,0.0,0.7949981899467627,0.0,0.0,0.0,0.20500181005323725,0.0,0.0,0.0,0.0,0.0,1.0,0.0,0.0,0.0,1.0,1.0,0.394613435327283,0.1304156108022783,0.3974990949733814,0.10250090502661863,0.0,-0.20500181005323725,-0.05999758659568366,-0.5,0.0,-1.0,-0.3988884866548361,1.2050018100532371,0.0,0.11357116999239467,0.1179992759787051,-0.3333333333333333,-0.1179992759787051,-0.4085693599391575,-0.3333333333333333,0.33972332687563433,-0.5275895615032162
0.0,1.0,0.3792285849638004,0.6207714150361996,0.0,0.6207714150361996,0.3792285849638004,0.0,0.0,0.0,0.3792285849638004,0.0,0.0,0.0,0.0,0.6207714150361996,0.0,1.0,0.0,0.3792285849638004,-0.47212967345318474,1.0028190566425337,0.3103857075180998,-0.6207714150361996,0.0,-0.1896142924819002,-0.12640952832126678,0.08615238997586691,-0.6207714150361996,2.0,-0.3792285849638004,-0.6207714150361996,0.0,-0.5714285714285714,-0.5241542830072399,-0.3333333333333333,-0.6,-1.5,-0.3333333333333333,-0.858681451909524,0.02495695740168935
0.0,0.07355057641028884,0.0,1.0,1.0,0.0,0.0,0.0,0.0,0.0,0.0,0.0,0.0,0.0,0.0,1.0,0.0,0.0,1.0,1.0,0.26808815116369067,1.3676329490598076,0.0,-0.5367752882051444,0.9264494235897112,-0.5367752882051444,0.6176329490598074,0.3823670509401925,0.4632247117948556,-1.0,1.2434381843874247,-1.0,-1.0,-0.5819357966300412,-0.6,-0.3333333333333333,-0.6,-1.5,-0.3333333333333333,-1.307629047030759,0.8934497147673939
0.27840344924872285,0.7215965507512772,0.27840344924872285,0.7215965507512772,1.0,0.0,0.0,0.0,0.0,0.0,0.0,0.0,0.0,0.0,0.27840344924872285,0.7215965507512772,0.0,0.0,0.7215965507512772,1.0,-0.07692307692307693,1.6202660917918796,0.13920172462436142,0.13920172462436142,0.0,0.22159655075127715,-0.3333333333333333,0.7130672415414538,0.08239482612691562,-0.7215965507512772,0.0,-0.7215965507512772,-0.27840344924872285,0.7142857142857143,0.5215965507512772,2.0,0.8556806898497447,0.48501912252237894,1.1515151515151516,0.5879574970484059,-0.13739878613173873
0.0,1.0,1.0,0.0,0.9519053560359123,0.0,0.0,0.0,0.04809464396408769,0.0,0.0,0.0,0.0,0.0,1.0,0.0,0.0,0.0,1.0,1.0,-0.6079854393901404,-0.4919842260059854,-0.47595267801795615,-0.9278580340538685,-1.9038107120718246,-0.5240473219820438,1.6346035706906084,-0.18269821465469588,0.47595267801795615,-1.0,-0.010687698658686153,1.0480946439640877,0.0,0.2719729588674035,0.7519053560359124,0.6185720227025789,0.7711432136215475,1.0949408475224451,0.49958385319809,-0.015563321722121777,-0.7677889349934097
0.0,1.0,1.0,0.0,1.0,0.0,0.0,0.0,0.0,0.0,0.2184855182485851,0.0,0.0,0.0,0.7815144817514149,0.0,0.0,0.7815144817514149,0.2184855182485851,0.7815144817514149,-0.02456742504129128,1.2864142530414309,-0.10924275912429254,-1.0,0.0,0.10924275912429254,0.4481811484180816,-0.3179287347928457,-0.2815144817514149,-1.0,-0.3818856707219078,-0.7815144817514149,0.0,-0.031212216892655006,-0.2,-0.26050482725047164,-0.44369710364971704,-1.1092427591242928,-0.2313734248173269,-0.012014893854615113,-0.7726542742724976
0.0,1.0,1.0,0.0,0.0,0.0,1.0,0.0,0.0,0.0,0.17205911282250808,0.0,0.8279408871774919,0.0,0.0,0.0,0.0,0.8279408871774919,0.0,0.0,0.08766957199134306,-0.3019605914516613,-0.17205911282250808,-0.17205911282250808,-0.34411822564501615,-0.3279408871774919,0.8387257794891748,-0.44264696239249735,-1.0,1.1720591128225082,-0.3142156541308324,-1.0,0.0,-0.024579873260358293,-0.1655881774354984,0.0,0.1655881774354984,0.4655881774354983,0.06893793099730619,-0.09965807632244417,-0.08690957868855115
0.0,1.0,0.0,1.0,0.24949807523468648,0.7505019247653135,0.0,0.0,0.0,0.0,0.0,0.0,0.0,0.0,0.0,1.0,0.0,1.0,0.0,0.0,-0.21219482469310225,1.3132110600841942,0.0,-0.37525096238265676,0.0,0.2505019247653135,-0.0006692330204178809,1.291750320794219,0.37525096238265676,2.0,0.11088803343763842,-0.24949807523468648,-0.7505019247653135,0.6430005499329468,0.34969884514081184,-0.08316602507822884,1.1002007699061254,0.9243032636079169,-0.17413595535281226,0.3834103147072416,0.3926486930187726
0.0,1.0,0.0,1.0,0.0,0.20046286908048438,0.0,0.0,0.7995371309195156,0.0,0.0,0.0,0.0,0.0,0.0,1.0,0.0,0.0,1.0,0.0,-0.6612892243412778,0.21697524605365626,0.0,0.19930569637927342,-0.7995371309195156,-1.0,1.2665123769731719,0.4331790436398386,0.0,-1.0,-0.4444444444444444,-0.7995371309195156,-0.7995371309195156,-0.17149469558292635,-0.04009257381609688,-0.06682095636016144,-0.2,-0.23986113927585462,0.039783994429107294,-0.2112422637984037,0.05925325826115088
0.0,1.0,0.17486732330720278,0.8251326766927972,0.17486732330720278,0.8251326766927972,0.0,0.0,0.0,0.0,0.17486732330720278,0.0,0.0,0.0,0.0,0.0,0.8251326766927972,0.0,1.0,0.8251326766927972,-0.2442205633313233,-0.21038349749346738,0.08743366165360139,0.5,0.0,-0.08743366165360139,-0.3333333333333333,-0.19581122055120045,-0.5874336616536013,-1.0,-1.0,-1.0,0.0,-0.5714285714285714,-0.6,-0.3333333333333333,-0.6,-1.5,-0.3333333333333333,-0.30460448642266824,-0.6553708033298551
0.0,1.0,1.0,0.0,0.1864049867881441,0.0,0.8135950132118559,0.0,0.0,0.0,1.0,0.0,0.0,0.0,0.0,0.0,0.0,0.8135950132118559,0.1864049867881441,1.0,0.24510807590678033,-0.06779958443432132,0.0,0.22039251981778385,0.0,-1.0,1.4181266842824747,0.9491941820804985,0.3135950132118559,-1.0,-0.18079889182485687,-0.8135950132118559,-2.0,-0.3753128609176731,-0.2,0.20906334214123726,-0.16271900264237119,0.4627190026423711,0.9322589094406646,-0.8531517081299076,-0.7170464665033757
0.0,1.0,0.0,1.0,0.7643082539350002,0.0,0.23569174606499976,0.0,0.0,0.0,0.0,0.0,0.0,0.0,0.0,1.0,0.0,0.0,0.7643082539350002,0.7643082539350002,-0.26702949939461534,0.6910770634837501,0.11784587303249988,-0.8821541269675002,0.0,-1.0,0.0,0.8821541269675002,0.0,-1.0,0.05873516754111116,-1.0,-1.2356917460649997,-0.6132749659721429,-0.552861650787,-0.2547694179783334,-0.5057233015740001,-1.1464623809025003,-0.19584648146208344,-1.241242616271032,0.353650908307634
1.0,0.0,0.6337585637201772,0.0,0.6337585637201772,0.0,0.0,0.0,0.0,0.36624143627982275,0.6337585637201772,0.0,0.0,0.0,0.0,0.0,0.0,0.6337585637201772,0.0,0.6337585637201772,-0.4127878027907556,-0.2335459485267553,0.0,-0.3168792818600886,-0.36624143627982275,0.5,1.3333333333333333,-0.28874714542660757,0.0,0.0,-0.3740268262533136,-1.7324828725596455,-1.6337585637201772,-0.3239310182057649,-0.2,0.2112528545733924,-0.2,0.2070068509761418,0.8234259916064153,-0.5932143882524029,-0.4687352359387191
1.0,0.0,1.0,0.0,0.907866130462516,0.0,0.0,0.0,0.09213386953748404,0.0,1.0,0.0,0.0,0.0,0.0,0.0,0.0,0.0,1.0,0.0,-1.1467589331125012,0.20393306523125798,-0.546066934768742,-0.907866130462516,-1.0,0.0,-0.21048817395002128,0.9385774203083441,0.0,-1.0,-0.8684146956583368,-0.907866130462516,-1.815732260925032,-0.42857142857142855,-0.2,0.3026220434875053,-0.2,0.4999999999999999,1.1505625459152902,0.0054267167555227536,-0.5801402808350545
1.0,0.0,0.0,1.0,0.3161965822964946,0.0,0.0,0.0,0.6838034177035054,0.0,0.0,0.0,0.0,0.0,0.0,1.0,0.0,0.6838034177035054,0.0,0.6838034177035054,1.0769230769230769,-0.10111467300628853,-0.1838034177035054,-0.5,0.0,0.0,0.7549287763953262,-0.1053988607654982,-0.5257051265552581,0.3161965822964946,0.6780911673578924,0.6838034177035054,0.0,-0.05251526220100154,0.0,-0.1053988607654982,-0.12647863291859784,-0.1336410271494784,-0.014225071738364098,-0.7630143081167484,0.2885340000589584
1.0,0.0,1.0,0.0,0.0,0.0,1.0,0.0,0.0,0.0,0.0,0.0,0.0,0.0,1.0,0.0,0.0,0.5883066757950567,0.0,1.0,-0.19919385879315532,-0.3038977747349811,-0.5,0.0,-0.5883066757950567,-0.20584666210247166,-0.3333333333333333,-0.13723110806831443,-0.5883066757950567,0.8233866484098866,-0.3137096276010985,-1.0,-0.4116933242049433,0.2521314324835957,0.47064534063604535,0.13723110806831443,0.47064534063604535,0.49025556316254726,0.13939653847663724,0.3870448099841065,-0.7177113329317859
0.3170179365828676,0.6829820634171324,1.0,0.0,1.0,0.0,0.0,0.0,0.0,0.0,0.0,0.0,0.0,0.0,1.0,0.0,0.0,0.0,1.0,0.6829820634171324,-0.5947637118206561,0.4634790739866545,0.3414910317085662,0.5,0.0,0.0,-0.3333333333333333,-0.2195029894304779,0.02447309512569862,-1.0,-0.25744643739809636,-1.0,-0.6340358731657352,0.3832831519167332,-0.2,2.0,0.8,0.9257968981700031,1.553397587465558,0.5342737579233053,-0.5411937381018572
0.0,1.0,1.0,0.0,1.0,0.0,0.0,0.0,0.0,0.0,0.45194860129903924,0.0,0.5480513987009608,0.0,0.0,0.0,0.0,1.0,0.0,0.5480513987009608,-0.7292703066930467,-0.1826837995669869,-0.7740256993504804,-0.04805139870096076,0.0,0.0,-0.5160171329003203,0.7580085664501601,-1.0,0.0,-0.3653675991339738,0.0,0.5480513987009608,0.16623431558475354,-0.019220559480384314,-0.1826837995669869,-0.29038972025980786,-0.5546641925033664,-0.2374654482092947,0.218362504205444,-0.10571467514933988
0.713782454855326,0.286217545144674,1.0,0.0,0.713782454855326,0.0,0.286217545144674,0.0,0.0,0.0,1.0,0.0,0.0,0.0,0.0,0.0,0.0,1.0,0.0,0.713782454855326,-0.9010601888350251,-0.095405848381558,0.0,-1.0,0.0,-0.286217545144674,0.04829006019289872,0.19022456076099634,0.356891227427663,0.0,-0.4444444444444444,1.286217545144674,0.0,-0.020695740082670888,-0.0572435090289348,-0.095405848381558,-0.2,-0.31575137697751543,-0.095405848381558,0.11777363911124461,-0.43333730170280726
0.10033255470782687,0.8996674452921731,1.0,0.0,0.8996674452921731,0.0,0.0,0.0,0.10033255470782687,0.0,1.0,0.0,0.0,0.0,0.0,0.0,0.0,0.0,1.0,0.8996674452921731,-0.6616919483266894,1.249445742153622,-0.10033255470782687,0.0,-1.0,0.0,1.0,0.033444184902608975,-0.44983372264608656,-1.0,-0.4667405677128504,0.8996674452921731,0.0,-0.1715235870593791,-0.2,-0.29988914843072434,-0.020066510941565363,0.3200665109415653,-0.2552969018939124,-0.18628731207962174,-0.7981945172664047
0.0,1.0,1.0,0.0,0.3758984558181624,0.0,0.6241015441818376,0.0,0.0,0.0,0.0,0.0,0.0,0.0,1.0,0.0,0.0,0.6241015441818376,0.3758984558181624,1.0,-0.6153846153846154,-0.44799153798484687,0.12410154418183761,-1.0,-2.0,0.12410154418183761,1.2505989705454417,-0.16666666666666666,0.5,-1.0,-0.34672308010102093,1.0,-0.6241015441818376,-0.07091516810390719,0.17589845581816244,0.4586328186060541,0.17589845581816244,0.42288576279543266,0.7236962837197027,-0.19276692931974393,-0.5105063025019417
0.539781061914633,0.46021893808536696,1.0,0.0,0.0,0.0,1.0,0.0,0.0,0.0,1.0,0.0,0.0,0.0,0.0,0.0,0.0,0.0,0.0,0.0,-0.4383773315056281,-0.15483579643597478,-0.46021893808536696,-1.0,-1.460218938085367,-0.03978106191463304,0.5871045428374007,0.013260353971544347,-1.0,1.460218938085367,-0.6420519370447146,-1.0,0.0,-0.37419188367769984,-0.32386863714877984,-0.179927020638211,-0.32386863714877984,-0.6716059114463394,-0.11856449556016205,-0.36038860012998547,-0.5060150522097967
0.43874467538833906,0.0,1.0,0.0,0.0,0.0,1.0,0.0,0.0,0.0,1.0,0.0,0.0,0.0,0.0,0.0,0.0,0.0,1.0,0.43874467538833906,-1.1821178421284588,0.11989538961569492,-0.5612553246116609,-0.21937233769416953,0.0,-0.43874467538833906,-0.18708510820388696,-0.4064574458980565,0.28062766230583047,-1.0,-0.9161134776051827,-2.122510649223322,-0.43874467538833906,-0.7142857142857143,-0.6,-0.3333333333333333,-0.6,-1.5,-0.3333333333333333,-1.395513577331759,-0.7073237813896982
0.4225137290938743,0.5774862709061257,1.0,0.0,1.0,0.0,0.0,0.0,0.0,0.0,1.0,0.0,0.0,0.0,0.0,0.0,0.0,0.0,1.0,0.0,-1.2426901955240193,-0.1349908472707505,-0.21125686454693715,-0.7112568645469372,-1.0,0.28874313545306285,-0.3333333333333333,1.1924954236353753,0.0,-1.0,-0.9530540301006806,-0.4225137290938743,-1.4225137290938743,-0.5110694672723036,-0.43099450836245023,0.1408379096979581,-0.43099450836245023,-0.6549725418122515,0.9976442279809511,-0.1509631303885322,-1.0921379395362358
0.0,0.6446375481816041,0.0,1.0,1.0,0.0,0.0,0.0,0.0,0.0,0.0,0.0,0.0,0.0,0.0,1.0,0.0,0.0,1.0,1.0,0.9523298558739118,1.4166666666666667,0.32231877409080206,-0.822318774090802,0.3553624518183959,-0.822318774090802,1.0964250321210693,0.01101455924253128,-0.14463754818160413,-1.0,0.8319485736365302,-1.0,-1.0,-0.47933749311691365,-0.3421449807273583,0.0964250321210694,-0.3421449807273583,-0.21072490363679186,0.669436186060273,-1.1859930648093395,0.7803964115004036
0.0,1.0,1.0,0.0,0.6085178897984981,0.0,0.3914821102015019,0.0,0.0,0.0,0.6085178897984981,0.0,0.0,0.0,0.3914821102015019,0.0,0.0,0.0,1.0,0.3914821102015019,-1.1839601623231923,0.25,-0.3914821102015019,0.19574105510075096,-0.6085178897984981,-0.6085178897984981,-0.3333333333333333,-0.29716070340050066,-0.4127768346977472,-1.0,-1.0,2.608517889798498,-0.6085178897984981,-0.5714285714285714,-0.6,0.0,-0.5217035779596996,-0.9127768346977472,0.8333333333333334,-0.30460448642266824,-1.3290002540273713
0.0,1.0,0.0,1.0,0.0,0.0,0.468142520311826,0.0,0.531857479688174,0.0,0.0,0.0,0.0,0.0,0.0,1.0,0.0,0.0,0.531857479688174,0.0,-0.5891759537262208,0.27839271679659416,0.234071260155913,0.031857479688173984,-0.531857479688174,-1.0,0.7091433062508986,0.5,0.0,-1.0,-0.2883969376738358,-1.0,-1.468142520311826,-0.20973464575883227,-0.18725700812473042,0.0,-0.2,-0.15955724390645215,0.18794996070304643,-0.42599797897097047,-0.043126724467261124
0.06661911239081697,0.933380887609183,0.0,1.0,0.06661911239081697,0.0,0.933380887609183,0.0,0.0,0.0,0.0,0.0,0.0,0.0,0.0,0.0,1.0,0.0,1.0,0.0,-0.45641391443147566,0.12225392507278868,0.033309556195408485,-0.5,-0.13323822478163394,0.4666904438045915,-0.3333333333333333,-0.17776985206513615,-0.033309556195408485,-1.0,-1.0,0.0,-0.933380887609183,-0.5714285714285714,-0.6,-0.3333333333333333,-0.6,-1.5,-0.3333333333333333,-0.30460448642266824,-1.4452127269563144
1.0,0.0,1.0,0.0,0.0,0.0,1.0,0.0,0.0,0.0,0.22902539092479635,0.0,0.0,0.0,0.7709746090752037,0.0,0.0,0.7709746090752037,0.22902539092479635,0.7709746090752037,-0.6811440804135399,0.29138411518292606,-0.5,0.0,-1.0,-0.11451269546239817,-0.4096751303082654,-0.11451269546239817,-0.8854873045376018,-0.22902539092479635,-0.2731167535388436,-1.0,0.22902539092479635,0.3304176896036587,0.6625847654451222,0.0,0.6625847654451222,0.7569915363584012,-0.044385597472711584,0.4566325940908291,-0.6295933251495627
0.0,1.0,1.0,0.0,0.0,0.0,0.5428493106134089,0.4571506893865911,0.0,0.0,1.0,0.0,0.0,0.0,0.0,0.0,0.0,0.5428493106134089,0.0,1.0,-0.160438355478986,0.5833333333333334,0.22857534469329555,0.0,-0.4571506893865911,0.04284931061340891,0.39046574748454516,0.6714429305420837,0.22857534469329555,0.0,-0.3746057853510859,-1.0,-2.0,-0.06530724134094158,0.017139724245363558,-0.3333333333333333,0.017139724245363558,0.1342794484907271,-0.3333333333333333,-0.07256795566228255,-0.4988702473843924
0.0,1.0,0.4315281431364426,0.5684718568635574,0.5684718568635574,0.0,0.4315281431364426,0.0,0.0,0.0,0.0,0.0,0.4315281431364426,0.0,0.0,0.5684718568635574,0.0,1.0,0.0,0.0,0.5036749888391123,-0.037685428757628425,0.0,0.0,0.0,-0.5,0.8561572856211858,0.44745309477259565,-0.4315281431364426,1.5684718568635574,0.10881144422721134,-1.0,0.0,0.24363079579866745,0.36847185686355743,-0.18949061895451913,0.5410831141181345,0.6894906189545191,-0.16551683322471678,-0.14557158506810702,0.19306534638303585
0.3328157859124843,0.6671842140875157,1.0,0.0,1.0,0.0,0.0,0.0,0.0,0.0,1.0,0.0,0.0,0.0,0.0,0.0,0.0,0.0,1.0,0.3328157859124843,-1.179447368147114,0.13906140469583858,0.0,0.16640789295624214,-1.0,-0.5007763211312736,-0.3333333333333333,0.11067982159373688,-0.8335921070437579,-1.0,-1.0,2.6671842140875155,-0.6671842140875157,-0.5714285714285714,-0.6,0.0,-0.6,-1.5,0.8333333333333334,-0.30460448642266824,-0.9725896457527269
0.26945086319069855,0.7305491368093014,1.0,0.0,1.0,0.0,0.0,0.0,0.0,0.0,0.0,0.0,0.0,0.0,1.0,0.0,0.0,0.0,1.0,0.7305491368093014,-0.609399734402862,0.518973992944185,0.3652745684046507,0.5,0.0,0.0,-0.3333333333333333,-0.21157514386511642,0.09582370521395212,-1.0,-0.2521612070211887,-1.0,-0.5389017263813971,0.3900784481156145,-0.2,2.0,0.8,0.9119231684306204,1.5426069087793715,0.5357151843897346,-0.5653978585114523
0.30628239259666157,0.6937176074033384,0.6937176074033384,0.0,1.0,0.0,0.0,0.0,0.0,0.30628239259666157,0.0,0.0,0.0,0.0,0.6937176074033384,0.0,0.0,0.6937176074033384,0.0,1.0,-0.5557791977220498,1.1223823364180576,0.15314119629833078,-0.8468588037016692,0.0,0.0,0.2582901432044512,-0.5,-0.5,-0.6937176074033384,-0.2993019563781487,-1.0,-0.30628239259666157,0.08750925502761758,0.10628239259666161,-0.23123920246777946,-0.4612564785193323,-1.153141196298331,-0.24400096882597372,0.07021691717015832,-0.7396044786448039
1.0,0.0,0.16673075999338316,0.0,1.0,0.0,0.0,0.0,0.0,0.8332692400066168,0.16673075999338316,0.0,0.0,0.0,0.0,0.0,0.0,0.16673075999338316,0.0,1.0,-0.7948816553835975,0.6943910333388474,0.4166346200033084,-0.5833653799966916,0.0,0.0,-0.6110897466688723,-0.36105770000551407,-0.33326924000661684,0.0,-0.2592735022207518,-0.6665384800132337,-0.8332692400066168,0.26189560571523096,0.6666153920052935,0.0,-0.5333076960026467,-1.3570879200056716,-0.03471955166694236,0.33032724690951926,-0.5653732229721835
0.0,1.0,0.0,1.0,0.0,0.12137088462656176,0.8786291153734382,0.0,0.0,0.0,0.0,0.0,0.0,0.0,0.0,0.0,1.0,0.0,1.0,0.12137088462656176,-0.5642369023763215,0.29815179167877526,-0.12137088462656176,-0.37862911537343824,0.0,0.4393145576867191,-0.3333333333333333,-0.04529578204010487,0.06068544231328088,-1.0,-1.0134856538473958,-0.12137088462656176,-1.0,-0.588767269232366,-0.6,-0.3333333333333333,-0.6,-1.5,-0.3333333333333333,-0.43700908783346293,-1.4091153559768714
0.5045763735960344,0.49542362640396564,0.0,1.0,0.49542362640396564,0.5045763735960344,0.0,0.0,0.0,0.0,0.0,0.0,0.0,0.0,0.0,1.0,0.0,0.49542362640396564,0.5045763735960344,0.0,-0.034589222341817105,-0.37385590660099144,0.0,-0.7522881867980171,-0.49542362640396564,-0.7477118132019829,-0.3333333333333333,0.0886724358620401,0.24771181320198282,-0.5045763735960344,-0.11212808302134096,1.5045763735960342,0.0,0.5701210361154188,0.8990847252807932,1.8348587911986782,0.8,0.6231536130407418,1.212918505552059,0.5657172161185532,0.6138587629657624
0.0,1.0,1.0,0.0,0.7414609111390454,0.0,0.0,0.0,0.25853908886095456,0.0,0.25853908886095456,0.0,0.0,0.0,0.7414609111390454,0.0,0.0,0.0,1.0,0.7414609111390454,-1.1166983213632238,-0.06463477221523864,-0.7414609111390454,0.11219136670856811,0.0,-0.6292695444304772,-0.3333333333333333,1.3276406074260303,-0.8707304555695228,-1.0,-1.0,-1.0,0.0,-0.5714285714285714,-0.6,-0.3333333333333333,-0.6,-1.5,-0.3333333333333333,-0.30460448642266824,-0.6265109126358973
0.0,1.0,1.0,0.0,0.0,0.0,1.0,0.0,0.0,0.0,1.0,0.0,0.0,0.0,0.0,0.0,0.0,1.0,0.0,1.0,0.03376193042648706,0.20123276716174088,0.0,0.28657542462869434,0.0,-0.359726273886083,1.3821005661715926,0.5975344656765184,0.28657542462869434,-0.5731508492573887,-0.2222222222222222,-1.0,-2.0,-0.24563607825316658,-0.029260339702955468,0.04876723283825912,-0.029260339702955468,0.4999999999999999,0.5582346544003822,-0.6002293464886479,-0.6931580767960633
0.0,1.0,0.9976926159238433,0.0023073840761567155,0.0023073840761567155,0.0,0.9976926159238433,0.0,0.0,0.0,0.0,0.0,0.0,0.0,0.9976926159238433,0.0023073840761567155,0.0,1.0,0.0,0.0023073840761567155,1.2270419180308239,0.08294876932064053,0.5,-0.0011536920380783577,-1.0023073840761567,-0.49884630796192164,0.0015382560507711807,0.167820358704745,-0.9988463079619216,-1.0,0.11136748711957296,0.0,-1.0,0.42824180227483477,-0.19769261592384324,2.0,0.8,0.8340063203555457,1.482004915832091,0.05838645509449064,-0.011677988933328387
0.0,1.0,1.0,0.0,0.7524031200388227,0.0,0.2475968799611773,0.0,0.0,0.0,1.0,0.0,0.0,0.0,0.0,0.0,0.0,0.7524031200388227,0.2475968799611773,0.0,-0.24981514461239826,-0.2722351533559799,-0.37620156001941135,-1.0,0.0,-1.0,1.6666666666666667,1.0825322933203925,-1.0,-1.0,0.2508010400129409,-0.2475968799611773,1.0,0.42994464002218435,0.6514418720232937,-0.08253229332039241,0.6514418720232937,0.5752403120038821,-0.15777260532427467,-0.09464429070423813,-0.4818392949255499
0.0,1.0,1.0,0.0,0.0,0.0,0.706980461243459,0.0,0.29301953875654096,0.0,0.0,0.0,0.0,0.0,1.0,0.0,0.0,0.29301953875654096,0.706980461243459,0.0,0.005369585571891489,1.38216992312609,0.29301953875654096,0.0,-0.29301953875654096,-0.8534902306217296,-0.17830076873909828,-0.020156897288396203,-0.8534902306217296,-1.0,-0.4444444444444444,-1.0,0.29301953875654096,-0.12557980232423183,-0.2,-0.23566015374781968,-0.11720781550261639,-0.14650976937827054,-0.10542924763380146,-0.11106431487034285,-0.3559434305645924
1.0,0.0,0.0,1.0,0.0,0.7785719390507511,0.0,0.0,0.22142806094924894,0.0,0.0,0.0,0.0,0.0,0.0,1.0,0.0,0.0,1.0,0.0,-0.4785713893037884,1.3434529339716468,0.38928596952537553,-0.22142806094924894,-0.7785719390507511,-0.8892859695253755,1.0,0.0190479593671673,-0.22142806094924894,-1.0,-0.16031734687761087,1.778571939050751,-1.221428060949249,0.11122456272153586,0.0,-0.3333333333333333,-0.4442856121898498,-1.1663263118353926,-0.3333333333333333,-0.07434477400725473,0.24585309471977496
0.0,1.0,1.0,0.0,1.0,0.0,0.0,0.0,0.0,0.0,1.0,0.0,0.0,0.0,0.0,0.0,0.0,0.0,0.8568720144515304,0.14312798554846962,-1.197448018898155,-0.34526066546237244,0.0,-0.14312798554846962,0.0,-0.14312798554846962,-0.3333333333333333,-0.19052133092474494,0.07156399277423481,-0.8568720144515304,-1.0952080016057257,-1.0,0.0,-0.6938388592073614,-0.6,-0.3333333333333333,-0.6,-1.5,-0.3333333333333333,-1.2393739567334285,-1.1483503345995019
0.0,1.0,1.0,0.0,0.7954554068305367,0.0,0.20454459316946327,0.0,0.0,0.0,1.0,0.0,0.0,0.0,0.0,0.0,0.0,0.20454459316946327,0.7954554068305367,1.0,0.19755291137028902,0.11931767934885358,0.0,-0.7954554068305367,0.0,-0.693183110245805,0.4696963954463088,-0.034090765528243874,-0.39772770341526836,-0.7954554068305367,-0.045454354037658504,-0.20454459316946327,-2.0,-0.11363648669007667,-0.1181821627322147,-0.3333333333333333,0.040908918633892656,0.34090891863389255,-0.3333333333333333,-0.5164756209632787,-0.7749536031906678
0.0,1.0,0.28593591777638583,0.7140640822236142,0.0,0.0,0.7140640822236142,0.0,0.28593591777638583,0.0,0.28593591777638583,0.0,0.0,0.0,0.0,0.7140640822236142,0.0,0.28593591777638583,0.7140640822236142,0.0,1.483533532136645,-0.2975267009265059,-0.8570320411118071,0.14296795888819291,0.0,0.3570320411118071,1.047914557035181,0.09505340185301181,0.14296795888819291,-0.7140640822236142,0.2857635372836413,0.28593591777638583,-1.2859359177763858,0.6122765596823408,0.9143743671105544,2.190623945184257,0.28593591777638583,-0.23348214175936,1.3788489955080339,0.09897951817725414,-0.18638370343087962
0.0,1.0,1.0,0.0,0.5060185128691373,0.0,0.0,0.0,0.49398148713086265,0.0,1.0,0.0,0.0,0.0,0.0,0.0,0.0,0.0,0.0,0.5060185128691373,-0.10936610251547801,0.2008101922469116,0.2530092564345687,-0.2530092564345687,-1.5060185128691375,0.5,0.8313271623769543,-0.24899691452181044,-0.49398148713086265,0.0,-0.21954732761371673,-1.5060185128691375,-1.0,0.07400793408677314,0.20722221544296482,-0.16466049571028754,-0.3036111077214824,-0.6108333231644473,-0.18574460041316826,-0.07706939605159809,-0.6361309810723398
0.0,1.0,1.0,0.0,0.7546352918601166,0.0,0.0,0.0,0.24536470813988343,0.0,1.0,0.0,0.0,0.0,0.0,0.0,0.0,0.0,1.0,1.0,0.08120180787087683,-0.04089411802331391,0.12268235406994171,-0.7546352918601166,0.0,-0.7546352918601166,0.16975686124007766,-0.04089411802331391,-0.3773176459300583,-1.0,-0.21810196279100746,0.0,-1.7546352918601165,-0.21296134518282384,-0.2,-0.16975686124007766,-0.04907294162797668,0.34907294162797664,0.04834510155092975,-0.43990054715662963,-0.6896470114201929
0.10291603074414502,0.897083969255855,0.0,1.0,0.897083969255855,0.10291603074414502,0.0,0.0,0.0,0.0,0.0,0.0,0.0,0.0,0.0,0.0,1.0,0.0,0.10291603074414502,1.0,-1.0237498532486489,0.017152671790690834,0.0,0.05145801537207251,0.0,0.5,-0.3333333333333333,1.0465979641318308,-0.5,-0.10291603074414502,-0.789212892304905,-0.897083969255855,0.0,-0.3004165758205921,-0.2,-0.3333333333333333,-0.2,0.051458015372072494,-0.3333333333333333,0.22213805344203258,-0.7490270948397207
0.0,0.0,1.0,0.0,0.46351864851540525,0.0,0.5364813514845947,0.0,0.0,0.0,0.46351864851540525,0.0,0.0,0.0,0.5364813514845947,0.0,0.0,0.0,1.0,1.0,-0.5945866945916842,-0.05901243234360348,0.0,-1.0,-1.0,-0.7317593242577026,-0.17882711716153157,1.6788271171615317,-0.5,-1.0,-0.4849792794273275,-1.0,1.0,-0.5714285714285714,-0.4927037297030811,-0.3333333333333333,-0.6,-1.5,-0.3333333333333333,-0.7259850759821275,-0.6459991725771417
0.0,1.0,0.0,0.6211784344430843,0.0,0.6211784344430843,0.0,0.0,0.0,0.3788215655569157,0.0,0.0,0.0,0.0,0.0,0.0,0.6211784344430843,0.6211784344430843,0.0,1.0,-0.7295933644440259,0.8105892172215421,-0.31058921722154215,-0.3788215655569157,-1.0,-0.6894107827784579,0.04548823222358239,0.4772558838882088,0.18941078277845785,2.0,-0.8737261448143614,-0.6211784344430843,0.0,-0.5173112049204406,-0.4484713737772337,-0.08078562296205621,-0.6,-1.5,0.25594465753297996,-0.38725646436235894,-0.7068328571441168
1.0,0.0,0.5429997807183217,0.45700021928167833,0.0,0.45700021928167833,0.5429997807183217,0.0,0.0,0.0,0.5429997807183217,0.0,0.0,0.0,0.0,0.0,0.45700021928167833,0.0,1.0,1.0,-1.1340001012069285,0.014333260239440565,0.0,-0.5,0.0,-0.7714998903591608,-0.1523334064272261,-0.27149989035916083,0.22850010964083917,-1.0,-0.8697778752363015,-0.5429997807183217,-0.5429997807183217,-0.7142857142857143,-0.6,-0.3333333333333333,-0.6,-1.5,-0.3333333333333333,-1.395513577331759,-0.6626184361545615
0.0,1.0,0.0,1.0,0.3960421279274875,0.0,0.6039578720725125,0.0,0.0,0.0,0.0,0.0,0.0,0.0,0.0,1.0,0.0,1.0,0.0,0.0,-0.15536841233558174,-0.3490105319818719,0.5,-0.09406319189123125,-1.6039578720725125,0.30197893603625625,0.19472283723665007,-0.5,0.0,-1.0,0.5764584870869403,-1.0,-1.3960421279274875,1.2857142857142858,0.4455410209015175,2.930694751951658,0.9207915744145025,0.020791574414502495,1.189879773132996,0.5064357610686088,0.7044974354250179
0.0,1.0,1.0,0.0,0.5022883474625301,0.0,0.0,0.49771165253746985,0.0,0.0,1.0,0.0,0.0,0.0,0.0,0.0,0.0,0.49771165253746985,0.5022883474625301,1.0,-0.5770991036509638,0.7530511299500403,0.24885582626873493,-0.24885582626873493,-1.4977116525374699,-0.49771165253746985,0.3363844632833735,-0.24885582626873493,-0.002288347462530149,-1.0,-0.38914314971805886,1.0,-0.49771165253746985,0.07044785108748708,0.2977116525374699,-0.3333333333333333,0.3981693220299759,0.7106121133434126,-0.3333333333333333,0.18089284188137017,-0.8397412133238504
1.0,0.0,1.0,0.0,0.0,0.0,1.0,0.0,0.0,0.0,0.5398606371128367,0.0,0.0,0.0,0.4601393628871633,0.0,0.0,0.4601393628871633,0.5398606371128367,0.4601393628871633,-0.561592062648909,0.9130546075590068,-0.5,0.0,-1.0,-0.26993031855641836,-0.5132868790376122,-0.26993031855641836,-0.7300696814435816,-0.5398606371128367,-0.34219125269174144,-1.0,0.5398606371128367,0.19720258409449853,0.47608361773229796,0.0,0.47608361773229796,0.6533797876290544,-0.004092139633521161,0.3382191669715757,-0.5154255055560353
0.4863574819956078,0.5136425180043922,1.0,0.0,0.4863574819956078,0.0,0.5136425180043922,0.0,0.0,0.0,1.0,0.0,0.0,0.0,0.0,0.0,0.0,1.0,0.0,0.4863574819956078,-0.8835659601535083,-0.17121417266813072,0.0,-1.0,0.0,-0.5136425180043922,0.3515233573391896,0.07651207433113724,0.2431787409978039,0.0,-0.4444444444444444,1.5136425180043922,0.0,-0.15065286743108125,-0.10272850360087844,-0.17121417266813072,-0.2,-0.055837122280694707,-0.17121417266813072,-0.16576918419437803,-0.36093801555271043
0.4089551770854932,0.5910448229145068,1.0,0.0,1.0,0.0,0.0,0.0,0.0,0.0,1.0,0.0,0.0,0.0,0.0,0.0,0.0,0.0,1.0,0.4089551770854932,-1.1853042443911916,0.11368160763816892,0.0,0.2044775885427466,-1.0,-0.3865672343717601,-0.3333333333333333,0.17412931423791098,-0.7955224114572534,-1.0,-1.0,2.591044822914507,-0.5910448229145068,-0.5714285714285714,-0.6,0.0,-0.6,-1.5,0.8333333333333334,-0.30460448642266824,-0.9199515500202341
0.0,0.2281180194017549,1.0,0.0,1.0,0.0,0.0,0.0,0.0,0.0,0.2281180194017549,0.7718819805982451,0.0,0.0,0.0,0.0,0.0,0.7718819805982451,0.2281180194017549,0.7718819805982451,0.6531309066600536,1.5862054789814322,0.5,-0.7718819805982451,0.2281180194017549,-0.6140590097008775,-0.3333333333333333,-0.18125465373216337,0.38594099029912254,-0.2281180194017549,0.20277157280155989,-1.228118019401755,-0.7718819805982451,0.9424037336874692,1.073741623282106,3.1229027054701763,1.4281180194017549,0.9268947855270602,1.5838223542212744,0.5808133050532227,0.5032532576774896
0.0,1.0,0.0,1.0,0.0,1.0,0.0,0.0,0.0,0.0,0.0,0.0,0.0,0.0,0.0,0.9877969276819555,0.012203072318044517,0.0,1.0,1.0,-0.8386442631888956,-0.16666666666666666,0.0,0.006101536159022258,-0.9877969276819555,0.0,-0.3333333333333333,-0.4959323092273185,0.4877969276819555,-1.0,-0.4512239290655803,-1.9877969276819556,0.0,0.1341406626299682,0.1902375421455644,-0.3333333333333333,-0.007321843390826709,-0.22997537869462872,-0.3333333333333333,0.4651074052775566,0.12317176789845125
0.401557298794773,0.598442701205227,0.598442701205227,0.0,0.0,0.0,0.0,0.0,0.598442701205227,0.401557298794773,0.598442701205227,0.0,0.0,0.0,0.0,0.0,0.0,0.0,0.0,0.0,-0.5536065694161888,0.5321653592372536,0.0,0.0,-1.0,0.5,1.1338524329315909,-0.4002595497991288,-0.598442701205227,0.0,-0.4444444444444444,-1.803114597589546,-1.0,-0.14285714285714285,-0.3196885402410454,-0.19948090040174232,-0.0803114597589546,0.0590656207231362,-0.1459399272291059,-0.14876033057851248,-0.7447907255931336
0.0,1.0,1.0,0.0,0.5655083473229738,0.0,0.43449165267702616,0.0,0.0,0.0,0.0,0.0,0.0,0.0,1.0,0.0,0.0,0.43449165267702616,0.5655083473229738,1.0,-0.6153846153846154,-0.4637923622769145,-0.06550834732297384,-1.0,-2.0,-0.06550834732297384,1.3770055648819826,-0.16666666666666666,0.5,-1.0,-0.24138425148723675,1.0,-0.43449165267702616,0.037433341327413605,0.3655083473229738,0.5218361157743245,0.3655083473229738,0.6361968907383455,0.6683933986974661,-0.13635406903732067,-0.5911982527115414
0.7161790747329522,0.28382092526704783,1.0,0.0,0.0,0.0,0.0,0.7161790747329522,0.28382092526704783,0.0,0.28382092526704783,0.0,0.0,0.0,0.0,0.0,0.0,0.0,0.7161790747329522,1.0,-0.5384615384615384,0.41777112692755547,-0.7161790747329522,-0.14191046263352391,0.0,0.3580895373664761,-0.38284574139961886,-0.28602984578882534,-1.0,-0.43235814946590434,-0.07957545274810579,-1.7161790747329522,0.0,0.38802558210470744,0.8,2.0,0.8,0.9161144365362224,1.5458667839726172,0.24860986092000556,0.1714555258222707
0.0,0.0,1.0,0.0,0.0,0.0,0.5990293647773265,0.0,0.4009706352226735,0.0,0.0,0.0,0.0,0.0,1.0,0.0,0.0,0.4009706352226735,0.5990293647773265,1.0,-0.8450338824353767,0.45048531761133676,0.20048531761133676,-0.3985440471659898,-1.4009706352226736,-0.7004853176113368,-0.3333333333333333,1.6996764549257755,-0.5,-0.5990293647773265,-0.8217908287899229,-1.0,0.5990293647773265,-0.34230249415847225,-0.3198058729554653,0.06763730188934014,-0.6,-1.5,0.13446574109311904,-0.012989478987996572,-0.8609656796783615
0.0,0.17320117219092168,1.0,0.0,1.0,0.0,0.0,0.0,0.0,0.0,1.0,0.0,0.0,0.0,0.0,0.0,0.0,0.0,1.0,1.0,0.3506777345937151,-0.43110009768257684,-0.08660058609546084,-1.0,-1.0,-0.8267988278090783,0.404136068445484,1.2113313796817973,-0.3267988278090783,-1.0,0.3420460073656735,-1.0,0.8267988278090783,-0.5714285714285714,-0.6,-0.3333333333333333,-0.6,-1.5,-0.3333333333333333,-1.229440956621843,-0.23751571349625722
0.0,0.9590747945640278,0.0,1.0,0.9590747945640278,0.0,0.04092520543597222,0.0,0.0,0.0,0.0,0.0,0.0,0.0,0.0,0.04092520543597222,0.9590747945640278,0.0,1.0,0.0,-0.031480927258440206,0.234875342393287,0.4590747945640278,-0.02046260271798611,-1.0409252054359723,-1.0,1.680308401811991,1.4658956621366896,-0.4590747945640278,-1.0,-0.013641735145324074,1.0818504108719444,0.0,-0.017539373758273802,-0.00818504108719445,-0.30604986304268517,-0.00818504108719445,0.02046260271798611,-0.26967190265515417,-0.42204218141062283,-0.35162815962306454
0.0,1.0,1.0,0.0,1.0,0.0,0.0,0.0,0.0,0.0,1.0,0.0,0.0,0.0,0.0,0.0,0.0,1.0,0.0,0.0,-0.5184764659560267,0.2854368809821195,-0.5,0.5,0.0,-0.1712621285892717,-0.3333333333333333,0.38122978568454713,-1.0,0.0,-0.3425242571785434,0.0,-0.6850485143570868,0.2738973836275871,-0.07401940574283472,-0.1141747523928478,-0.4685048514357087,-1.3206884337759663,-0.19386878182575162,0.28223336667416893,-0.2821156864687735
0.0,1.0,0.0,1.0,1.0,0.0,0.0,0.0,0.0,0.0,0.0,0.0,0.0,0.0,0.0,1.0,0.0,1.0,0.0,0.22735098302998702,-0.4440499243823087,-0.40527042373750544,0.11367549151499351,-0.5,-1.2273509830299871,-0.772649016970013,-0.1059823503033463,-0.2347571864650152,0.272649016970013,-0.22735098302998702,0.05052244067333045,0.772649016970013,-0.22735098302998702,0.6168495787014341,0.9545298033940026,1.7424503276766623,0.8,0.5718535446691952,1.114213066496543,0.40411105686141074,0.5337101833400287
0.5764031375795171,0.4235968624204829,1.0,0.0,0.4235968624204829,0.0,0.5764031375795171,0.0,0.0,0.0,1.0,0.0,0.0,0.0,0.0,0.0,0.0,0.0,1.0,0.0,-0.9412283557080638,-0.3813669281316264,-0.28820156878975856,0.0,-0.5764031375795171,-0.5764031375795171,0.819472941825701,-0.358801045859839,0.0,-1.0,-0.5987527665959849,-1.0,-0.5764031375795171,-0.7142857142857143,-0.6,-0.3333333333333333,-0.6,-1.5,-0.3333333333333333,-1.395513577331759,-0.8762129438006686
0.0,1.0,0.0,1.0,0.7120703835242739,0.0,0.0,0.0,0.2879296164757261,0.0,0.0,0.0,0.0,0.0,0.0,0.2879296164757261,0.7120703835242739,0.0,1.0,0.0,-0.22148432036594318,0.14267253196035615,0.35603519176213694,0.14396480823786306,-1.0,-1.0,1.5706901278414247,1.2120703835242739,-0.35603519176213694,-1.0,-0.12796871843365604,0.42414076704854775,-0.2879296164757261,-0.04113280235367516,0.0,-0.23735679450809127,-0.057585923295145225,-0.08637888494271782,-0.19896617897799446,-0.33035088883263664,-0.24378074852033582
0.0,1.0,0.0,1.0,0.0,0.6149502631526544,0.38504973684734556,0.0,0.0,0.0,0.0,0.0,0.0,0.0,0.0,1.0,0.0,0.0,0.6149502631526544,1.0,-0.21883467611215104,0.0004705482512910031,0.11495026315265444,-0.38504973684734556,-1.3850497368473456,-0.11495026315265444,1.5383167543842182,-0.2049834210508848,0.19252486842367278,-0.22990052630530888,-0.3333333333333333,-0.38504973684734556,-1.0,-0.42857142857142855,-0.2,0.3333333333333333,-0.2,0.4999999999999999,1.222222222222222,-0.8500590318772137,0.4307683510119824
1.0,0.0,1.0,0.0,1.0,0.0,0.0,0.0,0.0,0.0,0.0,0.0,0.0881475911570353,0.0,0.9118524088429647,0.0,0.0,0.0,1.0,0.9118524088429647,-0.3144728916274643,-0.19604919705234508,-0.36777861326444716,-0.9118524088429647,1.0,-0.04407379557851765,0.2745682725619764,-0.04407379557851765,-1.0,-1.0,-0.2026338686317699,-1.0,0.0,-0.06730206472254119,-0.2765933723801506,-0.21580321179061945,0.07051807292562828,0.30961610085349467,-0.2585414378061519,-0.33645486232958566,-0.5935292522420457
0.13911619414306187,0.8608838058569381,0.0,1.0,0.0,0.13911619414306187,0.8608838058569381,0.0,0.0,0.0,0.0,0.0,0.0,0.0,0.0,0.0,1.0,0.0,1.0,0.13911619414306187,-0.589953409978211,0.1202946019523127,0.0,-0.5,0.0,0.36088380585693813,-0.3333333333333333,-0.14348063430948968,0.06955809707153093,-1.0,-1.0154573549047847,0.0,-0.8608838058569381,-0.5913023134490089,-0.6,-0.3333333333333333,-0.6,-1.5,-0.3333333333333333,-0.45636760730600845,-1.3865574905008369
0.0,1.0,1.0,0.0,0.1007946030158865,0.0,0.0,0.0,0.8992053969841135,0.0,1.0,0.0,0.0,0.0,0.0,0.0,0.0,0.0,1.0,0.0,-1.246276092771675,-0.2583995502513239,0.0,-0.8992053969841135,0.0,-0.8992053969841135,-0.3333333333333333,0.7325387303174469,-0.44960269849205675,-1.0,-1.0111994003350986,-1.0,0.0,-0.5858278004308409,-0.6,-0.3333333333333333,-0.6,-1.5,-0.3333333333333333,-0.4145622351672717,-0.5671009821771298
0.0,1.0,1.0,0.0,0.7439844681463378,0.0,0.0,0.0,0.2560155318536622,0.0,0.2560155318536622,0.0,0.0,0.0,0.7439844681463378,0.0,0.0,0.0,1.0,0.7439844681463378,-1.1163100818236402,-0.06400388296341555,-0.7439844681463378,0.11597670221950668,0.0,-0.628007765926831,-0.3333333333333333,1.3293229787642251,-0.871992234073169,-1.0,-1.0,-1.0,0.0,-0.5714285714285714,-0.6,-0.3333333333333333,-0.6,-1.5,-0.3333333333333333,-0.30460448642266824,-0.6269545665324933
0.27390441393759923,0.7260955860624008,0.0,1.0,0.0,1.0,0.0,0.0,0.0,0.0,0.0,0.0,0.0,0.0,0.0,0.0,1.0,0.27390441393759923,0.7260955860624008,0.0,-1.1117070132403692,0.04565073565626654,-0.7260955860624008,-0.22609558606240077,0.0,-0.6369522069687996,-0.3333333333333333,0.1072377472709326,-0.6369522069687996,-0.7260955860624008,-1.0,0.0,-0.27390441393759923,-0.5714285714285714,-0.6,0.0,-0.6,-1.5,0.8333333333333334,-0.30460448642266824,-0.700563163359775
0.5929629052588216,0.40703709474117844,0.0,1.0,1.0,0.0,0.0,0.0,0.0,0.0,0.0,0.0,0.0,0.0,0.0,1.0,0.0,0.40703709474117844,0.0,0.0,0.9516808939257912,-0.19472217894411614,0.2964814526294108,-0.2964814526294108,0.0,-0.20351854737058922,1.395308603505881,0.27722230877843446,0.2964814526294108,1.4070370947411783,0.3126749099424841,-0.40703709474117844,0.0,0.25915345564033665,0.3256296757929428,-0.3333333333333333,0.08844451368941408,-0.2961198195406126,-0.3333333333333333,-0.324760913540134,0.3143719414553944
0.0,0.10221266422519959,1.0,0.0,0.8977873357748004,0.0,0.0,0.0,0.10221266422519959,0.0,1.0,0.0,0.0,0.0,0.0,0.0,0.0,0.0,1.0,0.8977873357748004,0.08138149074778522,-0.3996312226291334,0.0,-1.0,-0.8977873357748004,-1.0,-0.03407088807506653,1.431858223849867,-0.5,-1.0,-0.002458515805777328,-1.0,0.8977873357748004,-0.5714285714285714,-0.6,-0.3333333333333333,-0.6,-1.5,-0.3333333333333333,-1.1207747916724866,-0.3216207779672971
0.0812494777392535,0.9187505222607465,1.0,0.0,0.0812494777392535,0.0,0.0,0.0,0.9187505222607465,0.0,0.9187505222607465,0.0,0.0,0.0,0.0,0.0,0.0,0.0,0.0,0.9187505222607465,-0.4759619402005742,-0.033853949058022303,0.0,-0.5406247388696268,0.0,0.04062473886962675,0.4416659703190047,-0.19374982591308448,-0.8781257833911198,1.0812494777392536,0.09930491723686541,-0.837501044521493,0.0,0.4133920364473982,0.8,2.108332636985671,0.7675002089042986,0.9758644454654491,1.6522070493687175,0.025147372515217425,-0.28543279989162873
0.0,1.0,1.0,0.0,0.0,0.0,1.0,0.0,0.0,0.0,0.7900846371240867,0.0,0.0,0.0,0.20991536287591328,0.0,0.0,0.0,0.20991536287591328,1.0,-0.656199419989893,0.9074365221569349,0.39504231856204336,-1.0,-0.20991536287591328,-0.5,0.13994357525060885,0.07823459002189881,0.2900846371240867,-0.20991536287591328,-0.5555555555555556,-1.4198307257518266,0.0,-0.315702194696559,-0.2,-0.19338975808272446,-0.2,0.10495768143795664,-0.006798324415246082,-0.3809373456502731,-0.7160197159961357
0.0,1.0,1.0,0.0,0.0,0.0,1.0,0.0,0.0,0.0,0.0,0.0,0.9769773952123625,0.0,0.023022604787637513,0.0,0.0,0.0,1.0,0.0,0.080465016121175,0.27494115518660733,0.48848869760618124,0.48848869760618124,0.0,-1.0,-0.3410075349292125,0.1589924650707875,-0.5115113023938187,-1.0,-0.010232268794505561,0.953954790424725,-1.953954790424725,0.6978409965802589,-0.004604520957527503,-0.3333333333333333,0.9769773952123625,0.6661209512811563,-0.3333333333333333,0.5781722104798706,-0.16570546499020863
0.0,1.0,0.0,1.0,0.0,1.0,0.0,0.0,0.0,0.0,0.0,0.0,0.0,0.0,0.0,1.0,0.0,0.0,0.6513672109882461,0.3486327890117539,0.22513518563075496,1.098632789011754,0.0,-0.47705081648236924,-0.3486327890117539,-1.0,0.8837890703294153,0.05045573699608205,-0.17431639450587694,-0.6513672109882461,0.09787322735161719,0.0,0.0,-0.2857142857142857,-0.2,-0.1009114739921641,-0.33945311560470154,-0.5229491835176308,0.07340492051371283,-0.677778173079346,0.2955971402817992
0.0,1.0,1.0,0.0,0.0,0.0,0.0,0.0,1.0,0.0,0.771246668519738,0.0,0.0,0.0,0.228753331480262,0.0,0.0,0.0,0.228753331480262,0.0,-0.597788205270749,0.5283288913596509,0.114376665740131,-0.228753331480262,-1.0,0.15687000277960705,1.0762511104934207,-0.295207778086623,-0.771246668519738,-0.228753331480262,-0.31735926028874334,-1.0,-1.2287533314802621,0.02053809391447292,-0.12549600222368573,-0.3333333333333333,0.1830026651842096,0.3686259994440785,-0.3333333333333333,-0.05963565597581302,-0.7137711627072925
0.0,1.0,0.0,1.0,0.0,0.0,0.625564630279578,0.0,0.374435369720422,0.0,0.0,0.0,0.0,0.0,0.0,1.0,0.0,0.625564630279578,0.374435369720422,0.0,-0.33614756365259985,0.18759410504659632,0.0,0.5,-1.0,-1.0,1.9588979636129114,0.5,0.0,-1.0,0.18112018583513356,-0.374435369720422,-0.374435369720422,0.661440238930886,1.1260163345032403,1.04260771713263,-0.4502258521118312,-1.0506775563354935,0.46696780281577493,0.18027041651659026,0.4528123885588492
0.0,1.0,1.0,0.0,1.0,0.0,0.0,0.0,0.0,0.0,0.9310784606327812,0.0,0.0,0.0,0.06892153936721879,0.0,0.0,0.0,1.0,0.06892153936721879,-0.047714911869613005,0.7557434616139349,0.5,0.034460769683609394,0.9310784606327812,-0.9310784606327812,-0.3333333333333333,0.2988725636497239,0.034460769683609394,-1.0,0.8123094007030902,-1.931078460632781,0.0,1.6256723065278615,1.8483726133921188,4.48287589502075,2.103509844885894,0.8333333333333334,1.6021768374894347,0.5557601510335713,-0.5818011773232061
0.0,1.0,1.0,0.0,1.0,0.0,0.0,0.0,0.0,0.0,0.0,0.0,0.0,0.0,1.0,0.0,0.0,0.07732106548878726,0.9226789345112127,1.0,0.5321157756274599,0.32732106548878726,0.4613394672556064,-0.07732106548878726,0.0,0.0,-0.25601226784454606,-0.5,-0.03866053274439363,-1.0,-0.4358532149456903,0.8453578690224255,0.0,0.13181127635874468,0.16907157380448512,-0.3333333333333333,-0.21546421309775746,-0.6704718091031384,-0.3333333333333333,0.4354536752128809,-0.5316585381490007
0.0,1.0,1.0,0.0,0.1042469660518095,0.0,0.8957530339481905,0.0,0.0,0.0,0.0,0.0,0.1042469660518095,0.0,0.0,0.0,0.0,1.0,0.0,1.0,0.12978916168035165,1.7812098503074285,-0.9478765169740953,-0.5,-0.1042469660518095,-0.8957530339481905,1.5276707119309207,0.7290863672815239,-0.5521234830259047,-1.0,0.6735308117259683,-1.1042469660518095,0.0,-0.5714285714285714,-0.6,-0.3333333333333333,-0.579150606789638,-1.3436295509222858,-0.3333333333333333,-1.26166546023457,0.26219988517534637
0.0,1.0,0.0,1.0,0.15956036801957707,0.0,0.0,0.0,0.8404396319804229,0.0,0.0,0.0,0.0,0.0,0.0,1.0,0.0,0.0,1.0,1.0,-0.07692307692307693,0.055824038704189505,0.0,0.42021981599021146,0.0,-0.7606594479706343,-0.6134798773268075,1.226959754653615,-0.7606594479706343,-1.0,-0.0933821813311581,-1.0,0.0,0.4741601051484506,0.8,1.159560368019577,0.8,0.7656410559916946,0.775156663119878,0.3879189730729005,0.5429393162566679
0.08931380174428694,0.0,0.0,1.0,1.0,0.0,0.0,0.0,0.0,0.0,0.0,0.0,0.0,0.0,0.0,1.0,0.0,0.0,1.0,1.0,0.3557843547853853,1.4389951171027384,-0.04465690087214347,-0.5,1.0,-0.45534309912785653,0.6666666666666666,0.273790798837142,0.5,-1.0,1.19440075284222,-1.0,-0.9106861982557131,-0.5203921132889788,-0.5285489586045704,-0.30356206608523767,-0.5464117189534278,-1.3660292973835695,-0.298600188210555,-1.2008652191247033,0.8621295968075704
0.0,0.8771892181542662,1.0,0.0,1.0,0.0,0.0,0.0,0.0,0.0,1.0,0.0,0.0,0.0,0.0,0.0,0.0,0.0,1.0,1.0,0.8380540741067998,-0.48976576817952217,-0.4385946090771331,-1.0,-1.0,-0.1228107818457338,2.0467748423599548,0.03801796974288968,0.3771892181542662,-1.0,1.2806967353167993,-1.0,0.1228107818457338,-0.5714285714285714,-0.6,-0.3333333333333333,-0.6,-1.5,-0.3333333333333333,-1.293439869891238,0.023567947654445996
0.7640939654049188,0.2359060345950812,0.0,1.0,0.0,1.0,0.0,0.0,0.0,0.0,0.0,0.0,0.0,0.0,0.0,1.0,0.0,0.0,1.0,0.0,-0.4070986074011351,1.3867449711707656,0.3820469827024594,-0.2359060345950812,-0.7640939654049188,-1.0,1.0,0.16666666666666666,0.0,-1.0,-0.18974645597613815,1.5281879308098376,-0.7640939654049188,0.041754556602108056,-0.04718120691901624,-0.3333333333333333,-0.3528187930809838,-0.8186721057909846,-0.3333333333333333,-0.1746576526088805,0.22590004729630614
0.16552051036728976,0.8344794896327102,0.8344794896327102,0.16552051036728976,1.0,0.0,0.0,0.0,0.0,0.0,0.0,0.0,0.0,0.8344794896327102,0.0,0.16552051036728976,0.0,0.16552051036728976,0.8344794896327102,0.8344794896327102,1.5522518758430626,-0.320113035619081,0.4172397448163551,0.4172397448163551,-0.3310410207345795,-0.4172397448163551,1.6666666666666667,-0.3609200850612149,0.4172397448163551,-1.0,3.057465816054517,-0.8344794896327102,-0.3310410207345795,3.5251194167230975,2.06895897926542,4.055173503455763,1.0662082041469159,-0.6672397448163552,0.6829754886587066,0.30056619736444146,1.220849143890024
0.18632087949412068,0.8136791205058793,1.0,0.0,1.0,0.0,0.0,0.0,0.0,0.0,1.0,0.0,0.0,0.0,0.0,0.0,0.0,0.0,1.0,0.0,-0.8408926459592772,1.2670989006323492,-0.09316043974706034,-1.0,-1.8136791205058793,0.0,-0.3333333333333333,-0.08490549400783909,0.0,-1.0,-0.9792976800562088,-1.0,-1.1863208794941207,-0.5448113029294113,-0.5254716482023517,-0.2091194136705862,-0.3627358241011759,0.09316043974706033,-0.04350085412025673,-0.2368514393338971,-0.7195664929190038
0.0,1.0,1.0,0.0,0.8374907890024921,0.0,0.0,0.0,0.16250921099750792,0.0,1.0,0.0,0.0,0.0,0.0,0.0,0.0,0.0,1.0,1.0,0.15768380523306957,-0.027084868499584663,0.08125460549875396,-0.8374907890024921,0.0,-0.8374907890024921,0.22499385933499466,-0.027084868499584663,-0.41874539450124604,-1.0,-0.1444526319977848,0.0,-1.837490789002492,-0.18928834599928795,-0.2,-0.22499385933499466,-0.032501842199501585,0.3325018421995015,-0.08054122733720992,-0.49468104113505973,-0.726183002201399
1.0,0.0,1.0,0.0,1.0,0.0,0.0,0.0,0.0,0.0,0.0,0.0,0.6678535873450611,0.0,0.33214641265493894,0.0,0.0,0.0,1.0,0.33214641265493894,-0.3590656605650047,-0.3892845291150203,0.5017803810175916,-0.33214641265493894,1.0,-0.33392679367253053,-0.11190239156337403,-0.33392679367253053,-1.0,-1.0,-0.07381031392331976,-1.0,0.0,0.4295887891529095,0.5349950222830855,0.5571381164600815,0.5342828698760489,0.3728567549830975,0.23333031653520336,0.25123606493541006,0.024498122788327747
0.0,0.3114442640456412,1.0,0.0,1.0,0.0,0.0,0.0,0.0,0.0,1.0,0.0,0.0,0.0,0.0,0.0,0.0,0.0,0.6885557359543588,1.0,0.13494022644749504,-0.4166666666666667,0.0,-1.0,-0.6885557359543588,-1.0,-0.1038147546818804,0.9290188492496578,-0.18855573595435882,-0.6885557359543588,-0.23493807116182358,-1.0,0.6885557359543588,-0.5714285714285714,-0.6,-0.3333333333333333,-0.6,-1.5,-0.3333333333333333,-0.9305642463811762,-0.4691313740296816
0.0,1.0,0.0,1.0,0.0,1.0,0.0,0.0,0.0,0.0,0.0,0.0,0.0,0.0,0.0,0.0,1.0,0.0,1.0,1.0,-1.0628047159784941,0.9278562037574238,-0.7726043791228874,0.5,0.0,0.0,-0.3333333333333333,0.6059377124562207,0.2726043791228874,-1.0,-1.0858449310136542,-1.0,-0.7726043791228874,-0.6818006255889839,-0.6,-0.3333333333333333,-0.6,-1.5,-0.3333333333333333,-1.147445627284,-0.9274963203362829
0.3921056062057413,0.6078943937942587,0.6078943937942587,0.0,0.6078943937942587,0.0,0.0,0.0,0.0,0.3921056062057413,0.0,0.0,0.0,0.0,0.6078943937942587,0.0,0.0,1.0,0.0,0.6078943937942587,-0.5520243706628634,1.25,0.0,-1.0,-0.3921056062057413,-0.19605280310287065,0.2745610604609254,-0.43464906563237643,-0.6960528031028707,-1.0,-0.5947370708038275,-1.0,0.0,-0.2240603464032807,-0.3568422424822965,-0.3333333333333333,-0.4784211212411483,-1.1960528031028708,-0.3333333333333333,-0.13881510629696134,-0.7027957136403676
0.0,1.0,1.0,0.0,0.0,0.0,0.0,0.0,1.0,0.0,1.0,0.0,0.0,0.0,0.0,0.0,0.0,0.37930569838554884,0.0,1.0,-0.6551709841186304,-0.09482642459638721,-0.37930569838554884,-0.12069430161445116,0.0,0.18965284919277442,0.08046286774296746,-0.04023143387148373,-0.8103471508072255,0.6206943016144512,-0.12643523279518293,-0.6206943016144512,0.37930569838554884,0.2857142857142857,0.8,1.747129534409634,0.7241388603228902,0.9827603631054191,1.4870716759417633,0.19040591852187366,-0.3493315883256882
0.0,1.0,0.7442496518432888,0.25575034815671116,1.0,0.0,0.0,0.0,0.0,0.0,0.7442496518432888,0.0,0.0,0.0,0.0,0.0,0.25575034815671116,0.0,1.0,0.0,-1.3255960735022974,-0.1415205722158,0.0,0.0,0.25575034815671116,-0.12787517407835558,-0.3333333333333333,-0.08141655061442962,0.12787517407835558,-1.0,-1.0826944057603654,-1.5115006963134223,0.0,-0.677749950263327,-0.6,-0.3333333333333333,-0.6,-1.5,-0.3333333333333333,-1.1165131975244378,-1.042014179413443
0.0,1.0,1.0,0.0,1.0,0.0,0.0,0.0,0.0,0.0,1.0,0.0,0.0,0.0,0.0,0.0,0.0,0.0,0.7944201916243625,0.2055798083756375,-1.1157802505857048,-0.3504649840313031,0.0,-0.2055798083756375,0.0,-0.2055798083756375,-0.3333333333333333,-0.20092996806260624,0.10278990418781875,-0.7944201916243625,-1.0882689101804848,-1.0,0.0,-0.6849171702320518,-0.6,-0.3333333333333333,-0.6,-1.5,-0.3333333333333333,-1.1712446954674274,-1.1258174020927203
0.2122101112855076,0.7877898887144924,0.7877898887144924,0.2122101112855076,1.0,0.0,0.0,0.0,0.0,0.0,0.7877898887144924,0.0,0.0,0.0,0.0,0.2122101112855076,0.0,0.0,1.0,0.2122101112855076,0.09794312828561891,0.6792632962381642,0.3938949443572462,0.0,0.7877898887144924,-1.0,-0.4040700370951692,0.19185992580966155,-0.1061050556427538,-1.0,0.98320449390467,-1.7877898887144923,-0.2122101112855076,1.8355486350202899,1.8302319109715939,4.525193259142995,2.2,0.743304801272815,1.4910730683637534,0.5651155762706576,-0.24680644966808862
0.0,1.0,0.396278468269861,0.603721531730139,0.603721531730139,0.0,0.396278468269861,0.0,0.0,0.0,0.0,0.0,0.396278468269861,0.0,0.0,0.603721531730139,0.0,0.396278468269861,0.603721531730139,1.0,1.4136669853553205,-0.1006202552883565,0.1981392341349305,-0.3018607658650695,-0.396278468269861,-0.6981392341349305,2.069147687820093,0.5031012764417825,0.1981392341349305,-1.0,0.9246497592963425,-1.792556936539722,-1.0,0.5417938480771032,0.9585113873079444,1.7358143544867592,0.9585113873079444,0.8813670870630135,1.182604791607916,-0.1673523564685342,0.5627562776692872
0.11426730005568775,0.8857326999443123,0.0,1.0,0.0,1.0,0.0,0.0,0.0,0.0,0.0,0.0,0.0,0.0,0.0,0.0,1.0,0.0,1.0,0.11426730005568775,-1.1802155307820816,-0.01904455000928129,-0.8857326999443123,-0.5,0.0,-0.5,-0.3333333333333333,-0.14762211665738537,-0.38573269994431225,-1.0,-1.0126963666728541,0.0,0.0,-0.5877524714365268,-0.6,-0.03808910001856258,-0.6,-1.5,0.7000214832683643,-0.4292597228470549,-0.6340234976874186
0.5854954157963723,0.0,0.0,1.0,0.5854954157963723,0.0,0.0,0.4145045842036277,0.0,0.0,0.0,0.0,0.0,0.0,0.0,1.0,0.0,0.4145045842036277,0.0,0.0,0.5029936526411308,-0.15457951316364366,0.5,-0.08549541579637232,0.4145045842036277,0.0,1.8048348614012093,-0.3333333333333333,0.5,0.17099083159274464,-0.05411416724686291,-0.4145045842036277,0.0,0.02442726165610637,-0.08290091684072554,-0.19516513859879075,-0.3170990831592745,-0.751667892185773,-0.13989786070497373,-0.2891388518483719,0.14089438232092247
0.0,1.0,0.0,0.0,0.0,0.0,0.0,0.0,0.0,1.0,0.0,0.0,0.0,0.0,0.0,0.0,0.0,0.13648185938704305,0.0,0.863518140612957,0.013931449513672423,0.05314852605370968,0.5682409296935216,0.06824092969352152,0.13648185938704305,-1.0,0.4846908541506093,1.2195984505107975,0.4317590703064785,-1.0,-0.4091565885483572,0.13648185938704305,0.0,-0.32470910268201225,-0.2545927437548172,-0.3333333333333333,-0.2545927437548172,-0.20472278908056452,-0.3333333333333333,-0.5897392009123994,-0.793511775885273
0.0,1.0,0.0,1.0,0.0,1.0,0.0,0.0,0.0,0.0,0.0,0.0,0.0,0.0,0.0,0.0,1.0,0.0,1.0,0.9229602317984849,-0.3018828629552448,-0.15382670529974746,-0.07703976820151515,0.42296023179848485,0.0,-0.03851988410075757,-0.3333333333333333,-0.16666666666666666,-0.5,-1.0,-1.0,-0.9229602317984849,0.0,-0.5714285714285714,-0.6,-0.3076534105994949,-0.6,-1.5,-0.243453603764899,-0.30460448642266824,-0.5406438284736574
0.0,1.0,0.0,1.0,0.0,0.0,1.0,0.0,0.0,0.0,0.0,0.0,0.0,0.0,0.0,1.0,0.0,0.4657001223188132,0.5342998776811868,0.0,0.7450767348941335,-0.10619991845412452,-0.5342998776811868,0.2328500611594066,-0.4657001223188132,-0.19855018347821973,1.442833537198022,0.4109500203864689,0.0,-1.0,0.3774555963284933,0.0,-0.5342998776811868,0.8375429270393218,1.2657001223188131,1.844766625893729,-0.2794200733912879,-1.0191301100869319,1.005056589198085,0.237100091108489,0.33613600995145526
0.0,1.0,1.0,0.0,0.0,0.0,1.0,0.0,0.0,0.0,0.0,0.0,0.0,0.0,0.0,0.0,0.0,1.0,0.0,0.0,0.6952558495247579,0.9262481776221299,-0.2595815109554632,-0.22125546713361033,0.0,-0.019163021910926448,0.18582968857759308,0.4517988735033651,0.5,0.0,0.17305434063697547,-1.0,0.5191630219109264,0.6401195682984391,0.8,0.18582968857759308,0.6076652087643706,0.24592913431622754,0.030080782004315243,0.2863893662571713,0.49990504515380835
0.08154527506069886,0.9184547249393011,1.0,0.0,0.08154527506069886,0.0,0.0,0.0,0.9184547249393011,0.0,0.9184547249393011,0.0,0.0,0.0,0.08154527506069886,0.0,0.0,0.0,1.0,1.0,-0.7504126288321464,1.4166666666666667,-0.04077263753034943,0.04077263753034943,-1.9184547249393011,0.5,-0.3333333333333333,0.7482119417273656,-0.5,-1.0,-1.0,0.0,-1.9184547249393011,-0.5714285714285714,-0.6,-0.306151574979767,-0.6,-1.5,-0.23819717909585136,-0.30460448642266824,-0.7210200552832844
0.5870682241365672,0.41293177586343277,1.0,0.0,0.5870682241365672,0.0,0.41293177586343277,0.0,0.0,0.0,1.0,0.0,0.0,0.0,0.0,0.0,0.0,1.0,0.0,1.0,-0.13050352254557984,-0.27902274137885574,0.0,-0.08706822413656723,0.0,-0.11939766379514916,1.4709772586211443,0.383909034484577,0.20646588793171639,-0.41293177586343277,-0.287452024904063,-1.0,-2.0,-0.42857142857142855,-0.2,0.3333333333333333,-0.2,0.4999999999999999,1.222222222222222,-0.8750852001113612,-0.454055863939735
0.0,1.0,1.0,0.0,0.03284667024343835,0.0,0.0,0.0,0.9671533297565617,0.0,1.0,0.0,0.0,0.0,0.0,0.0,0.0,0.0,1.0,0.0,-1.2358225646528367,-0.2527372225202865,0.0,-0.9671533297565617,0.0,-0.9671533297565617,-0.3333333333333333,0.800486663089895,-0.4835766648782808,-1.0,-1.0036496300270488,-1.0,0.0,-0.5761209528919198,-0.6,-0.3333333333333333,-0.6,-1.5,-0.3333333333333333,-0.34043721759732826,-0.5192769682640339
0.0,1.0,0.0,1.0,0.9127494628791288,0.08725053712087116,0.0,0.0,0.0,0.0,0.0,0.0,0.0,0.0,0.0,1.0,0.0,0.0,0.9127494628791288,1.0,1.287557568356722,1.4457501790402905,0.4563747314395644,-0.8691241943186934,-0.08725053712087116,-1.0,1.2751663085860858,-0.16666666666666666,-0.5,-0.9127494628791288,0.6040280761782618,-0.9127494628791288,-0.9127494628791288,-0.4161070661255898,-0.2,0.3333333333333333,-0.2349002148483485,0.3254989257582577,1.1882914577863277,-1.1193869330283486,0.704546054021362
0.7517735572428481,0.2482264427571519,1.0,0.0,1.0,0.0,0.0,0.0,0.0,0.0,0.7517735572428481,0.0,0.2482264427571519,0.0,0.0,0.0,0.0,0.2482264427571519,0.7517735572428481,0.2482264427571519,0.732679215492298,1.6465723155178533,-0.5,-0.8758867786214241,-1.0,-0.7517735572428481,0.3333333333333333,0.7104024834499895,-1.0,-1.0,0.780142520768242,-1.2482264427571519,0.0,-0.24923990403877938,-0.14893586565429112,-0.0827421475857173,-0.09929057710286077,0.2255320671728544,0.017494326713329164,-1.022912095558106,-0.07177193759318108
0.0,1.0,1.0,0.0,0.0,0.0,0.0,0.0,1.0,0.0,1.0,0.0,0.0,0.0,0.0,0.0,0.0,0.5776319540915472,0.0,1.0,-0.7161944474127837,-0.1444079885228868,-0.5776319540915472,0.07763195409154722,0.0,0.2888159770457736,-0.05175463606103148,0.02587731803051574,-0.7111840229542263,0.4223680459084528,-0.1925439846971824,-0.4223680459084528,0.5776319540915472,0.2857142857142857,0.8,1.6149120306056353,0.6844736091816905,0.9083880172156698,1.371381360113264,0.2936666962861538,-0.33039382092397374
0.0,1.0,0.0,1.0,0.0,0.16551331742797382,0.8344866825720262,0.0,0.0,0.0,0.0,0.0,0.0,0.0,0.0,0.0,1.0,0.0,1.0,0.0,-1.1161830879344796,-0.32011723150034865,0.0,-0.08275665871398691,-1.165513317427974,-0.08275665871398691,-0.3333333333333333,-0.16666666666666666,0.4172433412860131,-1.0,-0.8888888888888888,0.0,-0.8344866825720262,-0.42857142857142855,-0.2,-0.2229911217146841,-0.2,0.4999999999999999,-0.07586817288981851,0.059031877213695266,-0.8057145372880495
1.0,0.0,0.0,1.0,0.0,1.0,0.0,0.0,0.0,0.0,0.0,0.0,0.0,0.0,0.0,0.0,1.0,0.966120839753405,0.033879160246594986,0.033879160246594986,-1.0130304462486903,0.155373613251135,0.0,0.466120839753405,0.0,-0.9830604198767026,-0.3333333333333333,0.8051006997945043,-0.9491812596301075,-0.033879160246594986,-1.0037643511385106,0.0,-0.966120839753405,-0.5762684514637992,-0.6,-0.011293053415531662,-0.6,-1.5,0.7938076463789725,-0.3415635703280446,-0.9779067714111619
0.0,1.0,1.0,0.0,0.6885268288672426,0.0,0.3114731711327574,0.0,0.0,0.0,1.0,0.0,0.0,0.0,0.0,0.0,0.0,1.0,0.0,0.0,-0.4224450283893892,-0.3907105690722702,-0.3442634144336213,-1.0,0.0,-1.0,1.459017885911495,0.6366146336784497,-0.6885268288672426,-0.6885268288672426,0.0910764224522998,0.6229463422655148,0.6885268288672426,0.259955400295814,0.48852682886724264,-0.1038243903775858,0.48852682886724264,0.5688526828867241,-0.17267707326431003,-0.23562254185079087,-0.46729679204795627
0.0,1.0,0.0,1.0,0.21950429245391234,0.7804957075460877,0.0,0.0,0.0,0.0,0.0,0.0,0.0,0.0,0.0,1.0,0.0,1.0,0.0,0.0,-0.25141746371411455,1.3557022523569575,0.0,-0.39024785377304383,0.0,0.28049570754608766,-0.040660943394783544,1.2967492845910145,0.39024785377304383,2.0,0.09755746331284992,-0.21950429245391234,-0.7804957075460877,0.651570202156025,0.3317025754723474,-0.07316809748463743,1.1121982830184352,0.9279388736419502,-0.1677736377932541,0.4080002589374299,0.3938912554016667
0.0,1.0,1.0,0.0,0.0,0.0,0.2775871726294181,0.0,0.7224128273705819,0.0,0.0,0.0,0.0,0.0,1.0,0.0,0.0,0.7224128273705819,0.2775871726294181,0.0,-0.3249329441312168,1.4537354712284303,0.7224128273705819,0.0,-0.7224128273705819,-0.6387935863147091,0.5373547122843032,0.19453974701862425,-0.6387935863147091,-1.0,-0.4444444444444444,-1.0,0.7224128273705819,-0.3096054974445351,-0.2,-0.09252905754313936,-0.2889651309482328,-0.36120641368529105,0.22854331017711924,-0.51257492240555,-0.530816143987356
0.22009721408109706,0.7799027859189029,1.0,0.0,0.0,0.0,1.0,0.0,0.0,0.0,0.0,0.0,0.7799027859189029,0.0,0.22009721408109706,0.0,0.0,1.0,0.0,0.22009721408109706,-0.049320505305628065,-0.3616423631463924,-0.11004860704054853,0.0,-0.22009721408109706,-0.38995139295945147,0.44656945258556957,-0.38995139295945147,-1.0,0.7799027859189029,-0.30887808732432254,-1.0,0.0,0.09432737746332731,0.020097214081097048,0.0,0.33205832844865824,0.5733657380270323,0.02702443521170964,0.09484542471493301,-0.17962305774995732
0.7873192156587737,0.21268078434122628,0.0,1.0,0.0,0.0,1.0,0.0,0.0,0.0,0.0,0.0,0.0,0.0,0.0,0.0,1.0,0.0,1.0,0.7873192156587737,-1.1882946606080989,-0.22699294116272017,-0.39365960782938686,-0.5,0.0,0.5,-0.3333333333333333,-0.2978865359431289,0.0,-1.0,-1.087479912850975,-0.7873192156587737,0.5746384313175474,-0.6839027450941105,-0.6,-0.3333333333333333,-0.6,-1.5,-0.3333333333333333,-1.1634981762322396,-1.1804158528847821
0.0,1.0,1.0,0.0,1.0,0.0,0.0,0.0,0.0,0.0,1.0,0.0,0.0,0.0,0.0,0.0,0.0,0.5151736824068126,0.0,1.0,-0.5524680145293654,-0.2449421058643958,0.0,-0.4848263175931874,0.5151736824068126,-1.0,-0.3333333333333333,0.43942719027688554,0.2424131587965937,0.5151736824068126,-1.0,-1.0,0.0,-0.6450248117724018,-0.6,-0.3333333333333333,-0.6,-1.5,-0.3333333333333333,-0.8666121399573729,-0.9662017866290524
0.02445868431724374,0.9755413156827563,0.0,0.0,0.0,0.0,0.0,0.0,0.9755413156827563,1.0,0.0,0.0,0.0,0.0,0.0,0.0,0.0,0.9755413156827563,0.0,0.0,-0.16137190286684422,0.164628442973563,0.48777065784137813,-0.9755413156827563,-0.02445868431724374,0.01222934215862187,-0.2925688594712603,0.15036087712183743,0.48777065784137813,-0.9755413156827563,-0.8780183625256694,-3.0,-0.02445868431724374,-0.42158323305221607,-0.2,0.3251804385609187,-0.2,0.48043305254620494,1.1955894326323344,0.053949553199722555,-0.5785576250391133
0.541011011982987,0.45898898801701304,0.0,1.0,0.0,0.45898898801701304,0.0,0.0,0.541011011982987,0.0,0.0,0.0,0.0,0.0,0.0,0.0,1.0,0.0,1.0,0.0,-0.8209163003181619,0.7664322669758983,-0.45898898801701304,-0.22949449400850652,0.541011011982987,-0.7705055059914935,-0.3333333333333333,0.19400734132199132,0.041011011982986956,-1.0,-1.0,0.0,0.0,-0.5714285714285714,-0.6,-0.18033700399432898,-0.6,-1.5,0.20215381935318194,-0.30460448642266824,-1.0582494415751542
1.0,0.0,0.5573053688900479,0.4426946311099521,1.0,0.0,0.0,0.0,0.0,0.0,0.0,0.0,0.0,0.0,0.0,0.4426946311099521,0.0,0.4426946311099521,0.0,0.0,0.5031966960676628,-0.158428131852528,0.0,-0.5573053688900479,-0.8853892622199042,0.27865268444502395,1.6666666666666667,-0.5,0.27865268444502395,0.6719161066701438,1.4189753916044232,0.5573053688900479,-0.8853892622199042,2.17335330793568,0.6229221475560192,3.7760279644432853,0.8426946311099521,-0.5066537883046274,1.0220743602598972,0.45377718928811944,0.8724623305379038
0.860632017890734,0.13936798210926604,1.0,0.0,0.860632017890734,0.0,0.13936798210926604,0.0,0.0,0.0,0.0,0.0,0.0,0.0,1.0,0.0,0.0,0.13936798210926604,0.860632017890734,0.0,-0.15948249043887786,-0.2752633407878058,0.06968399105463302,0.430316008945367,-0.13936798210926604,-0.06968399105463302,-0.2868773392969113,-0.2636493422787003,-1.0,-1.0,-0.2713920079514373,-0.860632017890734,-1.860632017890734,0.30562399744418084,-0.2,2.0,0.8,1.0843510052181307,1.6767174485029908,0.4502282489822107,-0.16836900177004796
0.0,1.0,0.0,1.0,0.5350697189336586,0.4649302810663414,0.0,0.0,0.0,0.0,0.0,0.0,0.0,0.0,0.0,1.0,0.0,0.0,1.0,1.0,0.5566510844312947,0.5642944847117075,0.5,-0.5350697189336586,-0.4649302810663414,-0.7675348594668293,1.4883100936887805,-0.2441550468443902,-0.2675348594668293,-1.0,0.14228419460769653,-0.5350697189336586,-1.0,-0.42857142857142855,-0.2,0.3333333333333333,-0.2,0.4999999999999999,1.222222222222222,-0.9959871370409388,0.6778207766003571
0.0,1.0,1.0,0.0,1.0,0.0,0.0,0.0,0.0,0.0,1.0,0.0,0.0,0.0,0.0,0.0,0.0,1.0,0.0,1.0,-0.6235982483471644,-0.4231404702421433,-0.40776856429057196,-0.40776856429057196,-0.6310742571622878,-1.0,-0.3333333333333333,-0.19256188096857318,0.40776856429057196,0.1844628714188561,-1.0,-1.815537128581144,0.0,-0.5977804102026937,-0.6,-0.3333333333333333,-0.6,-1.5,-0.3333333333333333,-0.5058367097886931,-0.7979248749993796
0.29959591176647704,0.700404088233523,0.0,1.0,0.700404088233523,0.29959591176647704,0.0,0.0,0.0,0.0,0.0,0.0,0.0,0.0,0.0,1.0,0.0,0.700404088233523,0.29959591176647704,0.0,-0.20803422850528863,-0.42510102205838074,0.0,-0.6497979558832385,-0.700404088233523,-0.8502020441167615,-0.3333333333333333,-0.15047143627244347,0.3502020441167615,-0.29959591176647704,-0.06657686928143934,1.299595911766477,0.0,0.6286868823524352,0.9400808176467046,1.7665319705888258,0.8,0.5361922049918387,1.101801150822905,0.5747521676041535,0.6212141645620665
0.6900630737313891,0.3099369262686109,0.3099369262686109,0.6900630737313891,0.3099369262686109,0.6900630737313891,0.0,0.0,0.0,0.0,0.3099369262686109,0.0,0.0,0.0,0.0,0.6900630737313891,0.0,0.0,1.0,0.3099369262686109,-0.5092210655797863,1.5316771789552315,0.34503153686569454,0.0,-1.0,-0.6900630737313891,1.0,0.11501051228856485,-0.15496846313430546,-1.0,-0.21442341986731472,1.690063073731389,-0.6900630737313891,0.05430373535182545,-0.06198738525372219,-0.3333333333333333,-0.27602522949255565,-0.646372215403048,-0.3333333333333333,-0.10574341169655575,-0.07526622296828789
0.0,1.0,0.3973181154575979,0.6026818845424021,0.0,0.6026818845424021,0.3973181154575979,0.0,0.0,0.0,0.0,0.0,0.0,0.0,0.0,0.6026818845424021,0.0,1.0,0.0,0.0,-0.08001755908738706,1.269348551209069,0.0,-0.698659057728799,0.0,0.5,-0.3333333333333333,0.6049167883277372,0.5,1.2053637690848042,0.0,-0.3973181154575979,-0.6026818845424021,0.7142857142857143,0.4383908692745588,-0.1324393718191993,0.8821455076339217,0.5211075104098933,-0.20549172146070255,0.5879574970484059,0.41942370553507924
0.0,0.4267889053367494,0.0,1.0,0.0,0.0,0.0,0.5732110946632506,0.4267889053367494,0.0,0.0,0.0,0.0,0.0,0.0,1.0,0.0,0.5732110946632506,0.4267889053367494,0.0,-0.5046718024631152,0.22663610699914596,0.2866055473316253,0.5,0.1464221893265012,-0.4267889053367494,1.7154740631088337,0.022324087780624502,0.2866055473316253,-1.0,-0.4444444444444444,-1.0,-0.4267889053367494,-0.14285714285714285,-0.11464221893265013,0.0,-0.2,-0.29999999999999993,0.1333333333333334,-0.14876033057851248,-0.008152850887024284
0.2002179779257306,0.7997820220742694,1.0,0.0,0.2002179779257306,0.0,0.7997820220742694,0.0,0.0,0.0,0.0,0.0,0.0,0.0,1.0,0.0,0.0,0.7997820220742694,0.0,0.2002179779257306,0.9689457211740446,0.36697546872811837,0.5,0.1001089889628653,-0.7997820220742694,-0.5,-0.06673932597524351,0.30014531861715366,-1.0,-0.7997820220742694,0.08886466911936326,0.0,-1.0,0.4857765651216373,-0.2,2.0,0.8400435955851462,0.802997276071859,1.4154162901120484,0.16493229529011477,-0.18259385041248133
0.0,1.0,1.0,0.0,1.0,0.0,0.0,0.0,0.0,0.0,1.0,0.0,0.0,0.0,0.0,0.0,0.0,0.349386999049333,0.0,1.0,0.062104308569846445,-0.44578224992077775,0.150613000950667,-0.5,-1.650613000950667,-0.02408049857399952,0.3172796676173336,-0.283128999683111,0.1746934995246665,0.0,-0.349386999049333,-2.0,-0.650613000950667,-0.013760284899428321,0.31085820133093384,-0.11646233301644433,-0.6,-1.5,-0.14357120805605544,-0.11103367622246985,-0.6208956479030272
1.0,0.0,0.5317681715586207,0.46823182844137934,0.0,0.46823182844137934,0.5317681715586207,0.0,0.0,0.0,0.0,0.0,0.0,0.0,0.5317681715586207,0.46823182844137934,0.0,0.46823182844137934,0.5317681715586207,0.46823182844137934,-0.30280489668328914,1.7162753762229883,0.5,-1.0,-0.5317681715586207,0.23411591422068967,-0.3333333333333333,0.47490831452413784,-0.26588408577931033,-1.0,0.23634140958160918,1.0,0.0,0.9421863592394089,0.8,0.1984348382252873,1.0,0.43319929641415134,-0.06744924755402301,0.5387359803421535,-0.0014271422272333634
0.0,1.0,1.0,0.0,0.0,0.0,0.3750240129489477,0.0,0.6249759870510523,0.0,0.6249759870510523,0.3750240129489477,0.0,0.0,0.0,0.0,0.0,0.3750240129489477,0.0,1.0,-0.4230695344772468,0.2500160086326318,-0.3750240129489477,-0.5,0.0,0.0,0.833365350598597,-0.22917066882482462,-0.4374639805765784,0.24995197410210457,0.20834667386052652,-1.0,0.3750240129489477,0.2857142857142857,0.7249951974102105,2.0,0.8,1.125,1.7083333333333335,-0.16980085567737696,0.11655879042778872
1.0,0.0,0.0,1.0,0.0,0.6222740525598307,0.0,0.0,0.3777259474401693,0.0,0.0,0.0,0.0,0.0,0.0,1.0,0.0,0.0,1.0,0.0,-0.4905943036492438,1.1741302236064832,0.31113702627991535,-0.3777259474401693,-0.6222740525598307,-0.8111370262799154,1.0,-0.08515063162677952,-0.3777259474401693,-1.0,-0.19505021054225985,1.6222740525598307,-1.3777259474401693,0.08889629322283296,0.0,-0.3333333333333333,-0.47554518948803387,-1.2333111203315013,-0.3333333333333333,-0.06581943474411361,0.2235578825350623
0.8365648132923329,0.1634351867076671,1.0,0.0,0.8365648132923329,0.0,0.1634351867076671,0.0,0.0,0.0,1.0,0.0,0.0,0.0,0.0,0.0,0.0,1.0,0.0,1.0,-0.2840398851029741,-0.36218827109744434,0.0,-0.3365648132923329,0.0,0.25484721993849924,1.3878117289025558,0.051246915610222654,0.08171759335383355,-0.1634351867076671,-0.3151738681435925,-1.0,-2.0,-0.42857142857142855,-0.2,0.3333333333333333,-0.2,0.4999999999999999,1.222222222222222,-0.8599641947079814,-0.35015534826685546
0.0,1.0,1.0,0.0,1.0,0.0,0.0,0.0,0.0,0.0,0.5874536042340743,0.0,0.41254639576592567,0.0,0.0,0.0,0.0,0.41254639576592567,0.5874536042340743,0.41254639576592567,-0.4836217260082053,1.4312422673723457,-0.20627319788296283,-0.7937268021170372,-1.5874536042340743,0.0,-0.058302402822716204,-0.26457560070567904,-0.41254639576592567,-1.0,-0.6791305810709467,-1.4125463957659257,-0.5874536042340743,-0.5714285714285714,-0.6,-0.3333333333333333,-0.4,0.0,-0.3333333333333333,-0.6546438525270901,-0.37103909105756094
0.7059553207790285,0.29404467922097155,1.0,0.0,0.29404467922097155,0.0,0.0,0.0,0.7059553207790285,0.0,1.0,0.0,0.0,0.0,0.0,0.0,0.0,0.0,1.0,0.29404467922097155,-0.9412101480518593,0.24007446536828592,-0.7059553207790285,0.0,-1.0,0.0,1.0,0.23531844025967613,-0.14702233961048577,-1.0,-0.6013234046175618,0.29404467922097155,0.0,-0.3445586630797224,-0.2,-0.09801489307365718,-0.1411910641558057,0.4411910641558056,0.2157430272725777,-0.4128059570517074,-0.4218013414958938
1.0,0.0,1.0,0.0,0.7140591997898282,0.0,0.28594080021017176,0.0,0.0,0.0,0.0,0.0,0.0,0.0,1.0,0.0,0.0,0.0,0.28594080021017176,0.7140591997898282,-0.12091396926310335,1.5953136000700572,0.5,0.07108879968474247,-0.28594080021017176,-0.3570295998949141,-0.3333333333333333,0.9763037334384193,-0.8570295998949141,-0.28594080021017176,0.12708480009340967,0.28594080021017176,-0.7140591997898282,0.8368317715186451,0.08594080021017181,1.618745599719771,1.0,0.548131573927712,0.8699067876718006,0.5614902494256463,-0.6449655711802763
0.0,1.0,0.5276477301447858,0.47235226985521417,0.47235226985521417,0.0,0.5276477301447858,0.0,0.0,0.0,0.5276477301447858,0.0,0.0,0.0,0.0,0.0,0.47235226985521417,0.0,0.47235226985521417,0.0,-0.9509047191750823,0.8124024642752561,0.0,-0.5276477301447858,0.47235226985521417,-0.23617613492760708,-0.3333333333333333,0.6063731084539882,0.23617613492760708,-0.47235226985521417,-1.0,-3.0,-0.5276477301447858,-0.5714285714285714,-0.49447045397104283,-0.3333333333333333,-0.6,-1.5,-0.3333333333333333,-0.30460448642266824,-0.6493034778834622
0.4655441087427531,0.5344558912572469,1.0,0.0,0.4655441087427531,0.0,0.5344558912572469,0.0,0.0,0.0,1.0,0.0,0.0,0.0,0.0,0.0,0.0,1.0,0.0,0.5344558912572469,-0.1949581454813267,0.38935662135718624,0.23277205437137655,0.23277205437137655,0.0,-0.1983161631141297,0.8448186304190823,0.14369607249516875,0.0,0.0,-0.06704085264130452,-0.5344558912572469,-1.534455891257247,0.13301260249792946,-0.07932646524565184,-0.3333333333333333,0.47932646524565187,0.7909650679642206,-0.3333333333333333,-0.15517757074128924,-0.337322785169214
0.0,1.0,1.0,0.0,1.0,0.0,0.0,0.0,0.0,0.0,1.0,0.0,0.0,0.0,0.0,0.0,0.0,1.0,0.0,0.0,-0.603746429776976,0.4009066236563216,-0.5,0.5,0.0,-0.24054397419379298,-0.3333333333333333,0.26576004301034506,-1.0,0.0,-0.48108794838758595,0.0,-0.9621758967751719,0.09574406635881816,-0.1848703587100688,-0.16036264946252865,-0.49621758967751717,-1.3584785313784327,-0.22326107996100306,0.15855668361155245,-0.38676855175890057
1.0,0.0,1.0,0.0,1.0,0.0,0.0,0.0,0.0,0.0,0.497011948821249,0.0,0.0,0.0,0.502988051178751,0.0,0.0,0.0,1.0,1.0,-0.2312289309505771,0.37724103838406325,-0.502988051178751,-0.7485059744106245,-2.0,-0.502988051178751,-0.3333333333333333,1.4990039829404163,-0.0029880511787510056,-1.0,-0.055223549869027666,1.005976102357502,0.0,0.6432840073112501,0.297011948821249,0.6726427690241688,0.7005976102357502,0.3548714237649546,0.3068332772578043,0.5780994088073234,-0.025454058337962354
0.0,1.0,1.0,0.0,0.7653562810662407,0.0,0.0,0.0,0.23464371893375935,0.0,1.0,0.0,0.0,0.0,0.0,0.0,0.0,0.0,1.0,0.0,-1.3485163509332678,-0.31377969008885337,0.0,-0.23464371893375935,0.0,-0.23464371893375935,-0.3333333333333333,0.06797705226709272,-0.11732185946687967,-1.0,-1.085039586785138,-1.0,0.0,-0.680765183009463,-0.6,-0.3333333333333333,-0.6,-1.5,-0.3333333333333333,-1.1395386112222035,-1.034841583552387
0.10298147933131552,0.8970185206686845,0.0,1.0,0.0,0.10298147933131552,0.8970185206686845,0.0,0.0,0.0,0.0,0.0,0.0,0.0,0.0,0.0,1.0,0.0,1.0,0.10298147933131552,-0.556598288613522,0.13233950688956148,0.0,-0.5,0.0,0.3970185206686845,-0.3333333333333333,-0.14950308677811408,0.05149073966565776,-1.0,-1.0114423865923683,0.0,-0.8970185206686845,-0.5861402113330451,-0.6,-0.3333333333333333,-0.6,-1.5,-0.3333333333333333,-0.41694791842046697,-1.405563857949306
0.3343628113104822,0.6656371886895178,0.0,0.0,0.0,0.0,0.0,0.0,0.6656371886895178,1.0,0.0,0.0,0.0,0.0,0.0,0.0,0.0,0.6656371886895178,0.0,0.0,-0.2567270188647638,0.1388030990574598,0.3328185943447589,-0.6656371886895178,-0.3343628113104822,0.1671814056552411,0.2239380188508036,-0.05624187420698812,0.3328185943447589,-0.6656371886895178,-0.740283194973119,-3.0,-0.3343628113104822,-0.33303919676843363,-0.2,0.22187906289650594,-0.2,0.2325097509516142,0.858138272128586,-0.010446109552119193,-0.6462693399196126
0.0,1.0,0.0,1.0,0.0,1.0,0.0,0.0,0.0,0.0,0.0,0.0,0.0,0.0,0.0,1.0,0.0,0.0,0.07550336380388922,0.07550336380388922,0.821502328787308,0.1918344546012964,0.03775168190194461,-1.0,0.07550336380388922,0.4622483180980554,0.7170022425359261,-0.4244966361961108,-0.9244966361961108,-0.07550336380388922,1.9664429494204936,-1.9244966361961109,0.8489932723922216,0.4151486236638101,0.8,0.9748322120653703,0.07550336380388922,-0.3693372477147083,0.7716722528934905,-0.7834330312544805,0.6906556329359665
0.0,1.0,0.24675377925254915,0.7532462207474508,1.0,0.0,0.0,0.0,0.0,0.0,0.24675377925254915,0.0,0.0,0.0,0.0,0.0,0.7532462207474508,0.24675377925254915,0.7532462207474508,0.0,-0.05694317982751135,0.02272696210267966,0.25324622074745085,-0.24675377925254915,-0.7532462207474508,-1.0,1.6666666666666667,1.3766231103737254,-0.6233768896262746,-1.0,0.08225125975084974,0.7532462207474508,0.24675377925254915,0.1410021595728852,0.1974030234020393,-0.2510820735824836,0.1974030234020393,0.14805226755152945,-0.2757574515077385,-0.30239632210166817,-0.4204091161855842
0.27230185472029944,0.7276981452797006,1.0,0.0,0.0,0.0,1.0,0.0,0.0,0.0,1.0,0.0,0.0,0.0,0.0,0.0,0.0,0.0,0.27230185472029944,1.0,-0.8111233622646615,0.5911572514131587,0.3638490726398503,-0.8638490726398502,0.0,-0.6361509273601498,0.0,-0.25743395157343313,0.3638490726398503,-0.27230185472029944,-0.5858113171911444,-1.0,-0.27230185472029944,-0.40241508059441405,-0.3089207418881198,-0.3333333333333333,-0.3089207418881198,-0.40845278208044916,-0.3333333333333333,-0.6016610552084494,-0.6356166236137917
1.0,0.0,1.0,0.0,1.0,0.0,0.0,0.0,0.0,0.0,0.0,0.0,0.0,0.0,1.0,0.0,0.0,0.0,0.10256959018111578,0.8974304098188842,-0.10848295082495868,1.3119557513346212,0.4487152049094421,0.5,0.0,-0.4487152049094421,-0.3333333333333333,0.7136688114553651,-1.0,-0.10256959018111578,-0.03418986339370528,-0.10256959018111578,-1.1025695901811159,0.6703273184938076,-0.2,2.0,0.9794860819637768,0.7272751592848128,1.2086277642296366,0.5803283539770833,-0.7946814540481622
0.0,1.0,1.0,0.0,0.0,0.0,1.0,0.0,0.0,0.0,0.0,0.0,0.5265784666592938,0.0,0.0,0.0,0.0,1.0,0.0,0.0,0.3723484000034029,0.09620666111909848,0.0,-0.47342153334070625,0.0,-0.026578466659293754,0.19324513332596044,-0.5,-0.2898676999889407,0.5265784666592938,-0.17552615555309792,-1.0,0.0,0.3381582381005045,0.2734215333407063,-0.1578071777802354,0.29468430666814127,0.19873175151045958,-0.12855281852138578,0.2615658854827281,0.1951528615305007
0.0,1.0,0.0,0.800749771486121,0.0,0.800749771486121,0.0,0.0,0.0,0.19925022851387897,0.0,0.0,0.0,0.0,0.0,0.0,0.800749771486121,0.800749771486121,0.0,1.0,-0.784846083534191,0.9003748857430605,-0.4003748857430605,-0.19925022851387897,-1.0,-0.5996251142569395,-0.1340831048194544,0.5670415524097272,0.09962511425693948,2.0,-0.9335832571620404,-0.800749771486121,0.0,-0.5429642530694458,-0.5202999085944484,-0.20049984765741397,-0.6,-1.5,-0.023388533422854962,-0.3480772635529691,-0.7012120500126493
0.021068564384038813,0.9789314356159612,0.9789314356159612,0.0,0.0,0.0,0.9789314356159612,0.0,0.0,0.021068564384038813,0.0,0.0,0.9789314356159612,0.0,0.0,0.0,0.0,0.9789314356159612,0.0,0.021068564384038813,0.147363518651065,-0.3797966789945988,0.0,-0.010534282192019406,0.0,-0.5105342821920194,0.7017809406400646,-0.48595429041064075,-0.9789314356159612,1.0210685643840387,-0.3239695269404272,-1.0,0.0,-0.0060195898240110735,-0.2,-0.007022854794679623,0.19157257424638446,0.4894657178079805,0.04736222496176268,-0.0491151300096091,-0.01449165636000005
1.0,0.0,1.0,0.0,0.0,0.0,0.16021114054342944,0.0,0.8397888594565706,0.0,1.0,0.0,0.0,0.0,0.0,0.0,0.0,0.0,1.0,0.0,-1.0029794735953401,-0.27670185675723824,-0.9198944297282853,0.0,-1.0,-0.16021114054342944,1.106807427028953,0.19982404954714206,0.0,-1.0,-0.5954617153140314,-0.16021114054342944,-0.16021114054342944,-0.47434604015526555,-0.2640844562173718,-0.05340371351447648,-0.2640844562173718,0.17957771891314112,0.3198357795773326,-0.6626069363514794,-0.3030120520196442
0.8669937600115235,0.1330062399884765,1.0,0.0,1.0,0.0,0.0,0.0,0.0,0.0,0.0,0.0,0.0,0.0,1.0,0.0,0.0,0.0,0.1330062399884765,1.0,-0.1587730707621393,1.4113291733410156,0.5,0.5,0.0,-0.43349688000576175,-0.3333333333333333,0.7003270933448569,-0.8004906400172853,-0.1330062399884765,-0.02955694221966143,-0.1330062399884765,-0.8669937600115235,0.6762839314318638,-0.2,2.0,0.9733987520023047,0.7019706424224965,1.19540273238677,0.5820949630544235,-0.841976891512286
0.0,1.0,1.0,0.0,0.4079844953648447,0.0,0.5920155046351553,0.0,0.0,0.0,1.0,0.0,0.0,0.0,0.0,0.0,0.0,0.0,0.0,1.0,-0.48677996474741525,0.27401808874101447,0.29600775231757764,-1.0,0.0,-0.7039922476824223,-0.13599483178828156,-0.23466408256080745,0.5,0.0,-0.736881997939931,-1.0,0.0,-0.4022812843899556,-0.3631937981459379,-0.3333333333333333,-0.3631937981459379,-0.6119767430472671,-0.3333333333333333,-0.30460448642266824,-0.7632381912685096
0.44827740474066025,0.5517225952593398,0.0,1.0,0.44827740474066025,0.0,0.5517225952593398,0.0,0.0,0.0,0.0,0.0,0.0,0.0,0.0,1.0,0.0,1.0,0.0,0.0,0.2095508516238388,-0.06321774802472488,0.2758612976296699,0.2758612976296699,-2.0,0.2758612976296699,0.5632214761479872,-0.5,0.0,-1.0,0.9923390502385848,-0.5517225952593398,-1.4482774047406601,1.8620709489522778,0.7310335571556039,3.413795674567767,1.179310961896264,-0.05689709165923107,1.0492336564823077,0.5932009922342685,0.7902006203414805
0.0,1.0,0.2538885640433043,0.0,0.0,0.0,0.2538885640433043,0.0,0.7461114359566957,0.7461114359566957,0.0,0.0,0.0,0.0,0.2538885640433043,0.0,0.0,0.7461114359566957,0.2538885640433043,0.2538885640433043,-0.1733760433879465,0.505184752057739,0.37305571797834786,-1.0,-0.2538885640433043,-0.12694428202165214,-0.07944476929002903,0.3782404700360869,0.2461114359566957,-1.0,-0.8042593675411207,-3.0,0.0,-0.42857142857142855,-0.2,0.3333333333333333,-0.2,0.4999999999999999,1.222222222222222,-0.1256143511814351,-0.6143639993952478
1.0,0.0,1.0,0.0,1.0,0.0,0.0,0.0,0.0,0.0,0.0,0.0,0.8038869003065472,0.0,0.1961130996934528,0.0,0.0,0.0,1.0,0.1961130996934528,-0.3695297615620421,-0.43462896676884905,0.7058303504598208,-0.1961130996934528,1.0,-0.4019434501532736,-0.20259126687103146,-0.4019434501532736,-1.0,-1.0,-0.04358068882076729,-1.0,0.0,0.5461887716913262,0.725441660429166,0.7385158670753963,0.6431095202452378,0.3876967527607142,0.3487525214722219,0.38914311499002957,0.16952389771407814
0.0,1.0,0.0,1.0,0.5055078791060338,0.0,0.4944921208939662,0.0,0.0,0.0,0.0,0.0,0.0,0.0,0.0,1.0,0.0,0.0,1.0,0.5055078791060338,0.34149333306412527,0.9249284853257173,-0.2472460604469831,0.0,-0.4944921208939662,0.5,-0.3333333333333333,0.5018359597020112,0.5,-1.0,-0.054943568988218464,-0.5055078791060338,0.0,0.6436439827294334,0.8988984241787933,1.505507879106034,0.8,0.5034939503524843,0.8787952545372673,0.5781493888653852,0.3800034877957419
0.4049510202995794,0.5950489797004206,0.5950489797004206,0.4049510202995794,0.0,0.4049510202995794,0.5950489797004206,0.0,0.0,0.0,0.0,0.0,0.0,0.0,0.0,0.4049510202995794,0.0,1.0,0.0,0.4049510202995794,0.21043359508503595,1.0378717686079477,0.2024755101497897,-1.0,0.0,0.5,-0.3333333333333333,-0.5,0.2975244898502103,-0.4049510202995794,0.0,-0.19009795940084118,0.0,0.7142857142857143,0.8,-0.3333333333333333,0.6429706121797476,0.19495992569965587,-0.3333333333333333,0.5879574970484059,0.30896539909611553
0.0,1.0,0.0,1.0,1.0,0.0,0.0,0.0,0.0,0.0,0.0,0.0,0.0,0.0,0.0,1.0,0.0,1.0,0.0,0.33927124589619095,-0.43544067339260073,-0.35863698087658713,0.16963562294809548,-0.5,-1.339271245896191,-0.660728754103809,0.005937912562857639,-0.10418354645444394,0.16072875410380905,-0.33927124589619095,0.07539361019915354,0.660728754103809,-0.33927124589619095,0.5688837517587753,0.9321457508207618,1.779757081965397,0.8,0.6519782783120458,1.2002729655944195,0.31360719521753827,0.4853414875795495
0.0,1.0,1.0,0.0,0.5694435177635003,0.0,0.43055648223649967,0.0,0.0,0.0,1.0,0.0,0.0,0.0,0.0,0.0,0.0,0.43055648223649967,0.5694435177635003,1.0,0.27457257828950005,-0.035879706853041635,0.0,-0.35416527664525055,0.0,-1.0,0.9074086429819995,0.502315895942583,-0.06944351776350033,-1.0,-0.09567921827477771,-0.43055648223649967,-2.0,-0.2658732806389999,-0.2,-0.04629567850900024,-0.08611129644729994,0.38611129644729986,0.33642119459011055,-0.7349690208868225,-0.755085334214816
0.0,1.0,1.0,0.0,0.11253951748649704,0.0,0.887460482513503,0.0,0.0,0.0,0.11253951748649704,0.0,0.0,0.0,0.887460482513503,0.0,0.0,0.0,1.0,0.887460482513503,-1.222112344808731,0.25,-0.887460482513503,0.4437302412567515,-0.11253951748649704,-0.11253951748649704,-0.3333333333333333,-0.462486827504501,0.3311907237702545,-1.0,-1.0,2.112539517486497,-0.11253951748649704,-0.5714285714285714,-0.6,0.0,-0.4225079034972994,-0.1688092762297455,0.8333333333333334,-0.30460448642266824,-1.4890410102513125
0.4432784152166339,0.5567215847833661,0.0,0.4432784152166339,0.0,0.4432784152166339,0.0,0.0,0.5567215847833661,0.5567215847833661,0.0,0.0,0.0,0.0,0.0,0.4432784152166339,0.0,1.0,0.0,0.4432784152166339,-0.11974781421410509,0.4991254780791421,0.5,-0.3350823771750491,0.0,0.0,-0.4810928050722113,0.3883058742749836,0.27836079239168304,-0.5567215847833661,-0.7411294171500109,-3.0,-0.4432784152166339,-0.30192045279524743,-0.2,0.4810928050722113,-0.2,0.14537726782669286,1.1532678020774125,0.059031877213695266,-0.3534334843316813
0.0,0.7208130963105066,1.0,0.0,0.0,0.0,0.7208130963105066,0.0,0.2791869036894934,0.0,0.0,0.0,0.0,0.0,1.0,0.0,0.0,0.2791869036894934,0.7208130963105066,1.0,-0.9301064114113149,0.44966120987062225,0.1395934518447467,0.5,-1.2791869036894934,-1.0,-0.3333333333333333,0.5389158715859912,-0.8604065481552533,-0.7208130963105066,-0.8759169316935584,-1.0,0.0,-0.411893197891718,-0.4883252385242026,-0.05414642964383998,-0.6,-1.5,-0.007615279028924338,-0.10155946555758211,-0.6556699064504363
0.0,1.0,1.0,0.0,1.0,0.0,0.0,0.0,0.0,0.0,0.1946850326420949,0.0,0.0,0.0,0.8053149673579051,0.0,0.0,0.0,1.0,0.8053149673579051,0.7950938762850107,0.47713253808244405,0.3053149673579051,-0.1946850326420949,0.0,0.09734251632104746,-0.3333333333333333,-0.33776247279825417,0.09734251632104746,-1.0,-0.4660761147380105,0.8053149673579051,0.0,0.0872328478165443,0.12212598694316207,-0.268438322452635,-0.27787401305683795,-0.8097300279789386,-0.24248031810035567,0.39370822728451293,-0.5315598449942509
0.011271218044557219,0.9887287819554428,1.0,0.0,0.0,0.0,0.0,0.0,1.0,0.0,1.0,0.0,0.0,0.0,0.0,0.0,0.0,0.0,0.011271218044557219,0.0,-0.6205867160205649,0.8211228471183964,-0.011271218044557219,0.0,-1.0,0.4943643909777214,1.0,-0.32581918797029513,-0.9887287819554428,-0.011271218044557219,-0.4469491595654571,-0.9887287819554428,-0.9887287819554428,-0.14607749086987348,-0.39774575639108856,-0.3295762606518142,-0.002254243608911438,0.3022542436089114,-0.32456683040978873,-0.15297605888608712,-0.7079649137647409
1.0,0.0,1.0,0.0,1.0,0.0,0.0,0.0,0.0,0.0,0.0,0.0,0.3968025978230204,0.0,0.6031974021769796,0.0,0.0,0.0,1.0,0.6031974021769796,-0.33821558444792466,-0.2989341992743401,0.09520389673453056,-0.6031974021769796,1.0,-0.1984012989115102,0.0687982681179864,-0.1984012989115102,-1.0,-1.0,-0.1340438671504399,-1.0,0.0,0.19725936956258894,0.1555236369522286,0.19573679709736058,0.31744207825841636,0.34328755612614764,0.0033476587589263973,-0.023548409290790828,-0.26447065216869103
0.0,1.0,0.806850148962586,0.193149851037414,0.0,0.0,1.0,0.0,0.0,0.0,0.0,0.0,0.0,0.0,0.0,0.193149851037414,0.0,1.0,0.0,1.0,0.1687038346951857,1.4148419894189364,-0.9034250744812931,-0.306850148962586,0.0,-0.806850148962586,1.4735168156292526,0.8011416914937644,-0.5965749255187069,-1.0,0.6704723049792145,-0.806850148962586,-0.193149851037414,-0.5714285714285714,-0.6,-0.3333333333333333,-0.6,-1.5,-0.3333333333333333,-1.2652968010596184,0.22959867819741153
0.0,1.0,1.0,0.0,0.9626493185548747,0.0,0.03735068144512532,0.0,0.0,0.0,0.0,0.0,0.9626493185548747,0.0,0.03735068144512532,0.0,0.0,0.9626493185548747,0.03735068144512532,1.0,-0.08266933560694237,1.3395584469075208,-0.48132465927743734,-0.5186753407225626,-1.0,-0.01867534072256266,0.34578356048170844,-0.12309087164735377,-0.9813246592774374,-1.0,-0.23467244937059734,-2.037350681445125,0.0,-0.5660927597935534,-0.5850597274219498,-0.30843287903658306,-0.392529863710975,0.01867534072256266,-0.2752322733075827,-1.1349799136007894,0.12601057434991036
0.0,1.0,1.0,0.0,0.05559027442272657,0.0,0.9444097255772734,0.0,0.0,0.0,1.0,0.0,0.0,0.0,0.0,0.0,0.0,0.05559027442272657,0.9444097255772734,0.0,-0.30341613273671336,0.13423900658674287,-0.027795137211363286,-1.0,0.0,-1.0,1.6666666666666667,1.3148032418590911,-1.0,-1.0,0.018530091474242172,-0.9444097255772734,1.0,0.03176587109870088,0.2333541646536359,-0.31480324185909114,0.2333541646536359,0.5055590274422725,-0.3203622693013638,-0.38093811629385027,-0.1902421105006104
0.14108184877771357,0.8589181512222864,1.0,0.0,0.8589181512222864,0.0,0.14108184877771357,0.0,0.0,0.0,1.0,0.0,0.0,0.0,0.0,0.0,0.0,0.0,1.0,0.8589181512222864,0.7060279249573638,-0.4882431792685239,-0.5,-0.8589181512222864,-1.0,-0.14108184877771357,2.239278767481524,-0.21369394959257118,0.4294590756111432,-1.0,1.209308029814922,-1.0,-0.14108184877771357,-0.5915831212539591,-0.6,-0.3333333333333333,-0.6,-1.5,-0.3333333333333333,-1.317430109038824,-0.030684886297077926
0.0,1.0,0.0,1.0,1.0,0.0,0.0,0.0,0.0,0.0,0.0,0.0,0.0,0.0,0.0,1.0,0.0,1.0,0.0,0.593607691726478,-0.19704970387375909,-0.2526634617806342,0.5,-0.7031961541367611,-1.5936076917264779,0.0,0.8021307694245073,0.1925423070142243,-0.296803845863239,-1.0,0.4479957268186233,-0.406392308273522,-1.4063923082735221,0.6921065939878077,0.31232923007177354,2.541856411031363,0.8,0.6271694223649356,1.5739980980984747,-0.008492884899896858,0.409554976381042
0.0,1.0,0.0,1.0,0.0,1.0,0.0,0.0,0.0,0.0,0.0,0.0,0.0,0.0,0.0,0.0,1.0,0.0,1.0,0.3239900611067996,-0.854778405132185,-0.05399834351779993,-0.6760099388932004,-0.17600993889320038,0.0,-0.3380049694466002,-0.3333333333333333,-0.16666666666666666,-0.5,-1.0,-1.0,-0.3239900611067996,0.0,-0.5714285714285714,-0.6,-0.10799668703559986,-0.6,-1.5,0.4553449287087338,-0.30460448642266824,-0.5761507570658626
0.0,0.08692501495034932,1.0,0.0,0.0,0.0,1.0,0.0,0.0,0.0,0.0,0.0,0.0,0.0,1.0,0.0,0.0,0.0,1.0,1.0,-1.3010057680807423,0.25724375124586246,0.0,-0.869612477574476,-1.0,-0.5434625074751747,-0.3333333333333333,1.6884583084160845,-0.5434625074751747,-1.0,-1.0,-1.0,0.9130749850496507,-0.5714285714285714,-0.41738500299006986,-0.3333333333333333,-0.6,-1.5,-0.3333333333333333,-0.30460448642266824,-0.915652243691086
0.0,1.0,1.0,0.0,0.6332407749109605,0.0,0.0,0.0,0.36675922508903946,0.0,1.0,0.0,0.0,0.0,0.0,0.0,0.0,0.0,1.0,0.36675922508903946,-1.110206571105902,0.2557252459965724,0.0,-0.31662038745548027,-1.3667592250890395,0.5,-0.3333333333333333,1.0888271832739735,-0.18337961254451973,-1.0,-1.0,0.0,-1.3667592250890395,-0.5714285714285714,-0.6,-0.1222530750296798,-0.6,-1.5,0.405447570729454,-0.30460448642266824,-1.1783819352766025
0.2640953868039977,0.7359046131960023,1.0,0.0,0.7359046131960023,0.0,0.2640953868039977,0.0,0.0,0.0,1.0,0.0,0.0,0.0,0.0,0.0,0.0,0.7359046131960023,0.0,0.7359046131960023,-0.5587765682156921,-0.5,-0.36795230659800116,-0.6320476934019988,-1.0,-0.8679523065980012,-0.3333333333333333,-0.3239364087973349,0.10385691979400358,0.2640953868039977,-1.0,-1.7359046131960023,0.0,-0.5714285714285714,-0.6,-0.3333333333333333,-0.6,-1.5,-0.3333333333333333,-0.30460448642266824,-0.7044391844159041
0.0,1.0,1.0,0.0,0.0,0.0,1.0,0.0,0.0,0.0,0.0,0.0,0.0,0.0,0.0,0.0,0.0,1.0,0.0,0.0,0.7458658608410591,1.0907307144001086,-0.42406404773344175,0.27219214320032536,0.0,-0.3481280954668835,0.5147947621335502,1.054901508355953,0.5,0.0,0.28270936515562783,-1.0,0.8481280954668835,0.5931245577904452,0.8,0.5147947621335502,0.7392512381867534,0.4881670521165233,0.26035633349348514,0.09530221609243611,0.535101159038436
0.0,1.0,1.0,0.0,0.0,0.0,1.0,0.0,0.0,0.0,1.0,0.0,0.0,0.0,0.0,0.0,0.0,0.8772231103372915,0.0,1.0,-0.6342733676404168,1.3348154068915277,0.06138844483135425,-0.1227768896627085,0.0,-0.5,-0.29240770344576383,0.41814874022486104,0.06138844483135425,1.754446220674583,-0.9454324934832407,-0.1227768896627085,0.0,-0.536349460096369,-0.3754446220674583,-0.3333333333333333,-0.5508892441349166,-1.3158346655059372,-0.3333333333333333,-0.30460448642266824,-0.6986636458871494
0.0,1.0,1.0,0.0,1.0,0.0,0.0,0.0,0.0,0.0,0.12355592412470617,0.0,0.0,0.0,0.8764440758752938,0.0,0.0,0.12355592412470617,0.8764440758752938,1.0,0.4633157856926693,0.27059265402078436,0.31466611381294074,0.0,0.0,0.06177796206235309,-0.3333333333333333,-0.5,0.06177796206235309,-1.0,-0.5130866245137256,1.0,-0.12355592412470617,0.054602911339495575,0.12586644552517634,-0.3333333333333333,-0.24942236964988246,-0.7487622206783197,-0.3333333333333333,0.3783389493243138,-0.5263069908375935
0.0,1.0,1.0,0.0,1.0,0.0,0.0,0.0,0.0,0.0,1.0,0.0,0.0,0.0,0.0,0.0,0.0,1.0,0.0,0.6429255636142532,-0.7252536727340759,0.5654476818273946,-0.8214627818071266,0.17853721819287338,0.0,0.14292556361425324,-0.3333333333333333,-0.38097518787141776,-0.035611654578620144,-0.6429255636142532,-1.0,0.6429255636142532,-1.3570744363857468,-0.5714285714285714,-0.47141488727714936,-0.3333333333333333,-0.6,-1.5,-0.3333333333333333,-0.30460448642266824,-0.699509519179448
0.7039461351385095,0.29605386486149055,0.29605386486149055,0.7039461351385095,0.29605386486149055,0.7039461351385095,0.0,0.0,0.0,0.0,0.29605386486149055,0.0,0.0,0.0,0.0,0.0,0.7039461351385095,1.0,0.0,0.0,-0.9772266257798854,0.3640359099076603,-0.14802693243074527,0.5,0.0,-0.8519730675692547,-0.3333333333333333,0.5372794684718428,-1.0,0.0,-1.0,0.0,-1.2960538648614905,-0.5714285714285714,-0.6,-0.09868462162049685,-0.6,-1.5,0.48793715766159446,-0.30460448642266824,-0.9200170842273692
0.0,1.0,1.0,0.0,0.9106240035403039,0.0,0.0,0.0,0.08937599645969607,0.0,1.0,0.0,0.0,0.0,0.0,0.0,0.0,0.0,1.0,0.08937599645969607,-1.2595667711370868,-0.25281067315722394,0.0,-0.45531200177015196,-1.089375996459696,0.5,-0.3333333333333333,1.2737493356935359,-0.044687998229848036,-1.0,-1.0,0.0,-1.089375996459696,-0.5714285714285714,-0.6,-0.02979199881989869,-0.6,-1.5,0.7290613374636881,-0.30460448642266824,-1.3773136347920412
0.0,1.0,1.0,0.0,0.3752387289567489,0.0,0.6247612710432511,0.0,0.0,0.0,1.0,0.0,0.0,0.0,0.0,0.0,0.0,0.6247612710432511,0.3752387289567489,1.0,-0.028717607484827545,0.36444407477522983,0.0,-0.3752387289567489,0.0,-0.06285809343512339,0.7498408473621674,-0.1041268785072085,-0.18761936447837446,-0.3752387289567489,-0.13883583800961136,-0.6247612710432511,-2.0,-0.05360553270810699,0.04990450841730043,-0.3333333333333333,0.12495225420865022,0.4249522542086501,-0.3333333333333333,-0.34051712223926833,-0.7279293414653148
1.0,0.0,0.0,1.0,0.0,0.3358658571498351,0.6641341428501649,0.0,0.0,0.0,0.0,0.0,0.0,0.0,0.0,0.0,1.0,0.0,1.0,1.0,-1.3846153846153846,-0.27735569047502745,-0.33206707142508246,-0.5,0.0,0.16413414285016492,-0.3333333333333333,-0.22137804761672164,0.16793292857491754,-1.0,-1.1111111111111112,-0.6641341428501649,0.6641341428501649,-0.7142857142857143,-0.6,-0.3333333333333333,-0.6,-1.5,-0.3333333333333333,-1.395513577331759,-1.047456986232444
0.0,1.0,1.0,0.0,0.8251073314226598,0.0,0.1748926685773402,0.0,0.0,0.0,1.0,0.0,0.0,0.0,0.0,0.0,0.0,1.0,0.0,1.0,-0.9327335890087154,0.17900566953267716,0.0,0.0,0.8251073314226598,-0.9125536657113299,-0.3333333333333333,1.0500715542817733,0.0,1.1748926685773402,-1.0,-0.8251073314226598,0.0,-0.6893010473460943,-0.565021466284532,-0.3333333333333333,-0.6,-1.5,-0.3333333333333333,-1.204721575247388,-1.0177394751320532
0.0,1.0,1.0,0.0,0.3630592121950905,0.0,0.0,0.0,0.6369407878049095,0.0,0.3630592121950905,0.0,0.0,0.0,0.6369407878049095,0.0,0.0,0.0,1.0,0.3630592121950905,-0.23125758968107724,-0.31847039390245474,0.31847039390245474,-1.0,-0.6369407878049095,-1.0,0.9702741211382427,-0.10615679796748491,-0.18152960609754526,-1.0,0.07077119864498993,-0.6369407878049095,-2.0,0.31210056271779246,0.4369407878049095,-0.3333333333333333,0.5095526302439276,0.49108223634147274,-0.3333333333333333,-0.06519985538051318,-0.745283797942368
1.0,0.0,0.0,1.0,0.0,0.03422811082052912,0.0,0.0,0.9657718891794709,0.0,0.0,0.0,0.0,0.0,0.0,0.0,1.0,0.0,1.0,0.03422811082052912,-1.310325239293887,-0.4885906297264903,-0.9657718891794709,-0.01711405541026456,-1.9315437783589418,-0.9828859445897354,-0.6552572963931569,1.1267338707093828,-0.9486578337692063,-1.0,-1.0038031234245033,1.9315437783589418,0.9657718891794709,-0.7142857142857143,-0.6,-0.3333333333333333,-0.6,-1.5,-0.3333333333333333,-1.395513577331759,-0.7373261810368553
0.0,1.0,0.0,1.0,0.0,0.0,0.16934549343475025,0.0,0.8306545065652498,0.0,0.0,0.0,0.0,0.0,0.0,1.0,0.0,0.0,1.0,1.0,-0.08994965334113464,0.032242489057917156,0.08467274671737512,0.24598175984787463,-0.16934549343475025,-0.9153272532826249,-0.6666666666666666,1.361557582239125,-0.8306545065652498,-1.0,0.02060205044925023,-1.0,0.16934549343475025,0.5979169220061789,0.8677381973739001,1.3386909868695005,0.9016072960608501,0.7557166488424062,0.7750483328822327,0.3803688214886024,0.5004807427698776
0.6548078551187244,0.3451921448812756,0.0,1.0,0.6548078551187244,0.3451921448812756,0.0,0.0,0.0,0.0,0.0,0.0,0.0,0.0,0.0,1.0,0.0,0.0,1.0,0.6548078551187244,0.4744084593586263,1.3502405338588308,-0.3274039275593622,-0.6725960724406378,0.6548078551187244,-0.3451921448812756,0.7817307149604251,-0.16073726089269552,0.3274039275593622,-1.0,-0.29893158775139456,-0.6548078551187244,0.0,-0.09862632710893587,0.061923142047489776,-0.11506404829375852,-0.06903842897625512,0.0,-0.07868583412049604,-0.27903001574042424,0.17352203486652795
0.22616547679865973,0.7738345232013403,0.7738345232013403,0.22616547679865973,1.0,0.0,0.0,0.0,0.0,0.0,0.0,0.0,0.0,0.0,0.7738345232013403,0.0,0.22616547679865973,0.0,1.0,0.0,-0.38461538461538464,-0.0485965281325515,0.11308273839932986,-0.8869172616006702,-1.2261654767986596,-0.38691726160067014,-0.3333333333333333,-0.3333333333333333,-0.11308273839932986,-1.0,-1.0,0.0,0.7738345232013403,-0.5714285714285714,-0.6,-0.3333333333333333,-0.6,-1.5,-0.3333333333333333,-0.30460448642266824,-1.2969580169051238
0.0,1.0,1.0,0.0,0.0,0.0,0.0,0.0,1.0,0.0,0.36275789466594544,0.0,0.0,0.0,0.6372421053340546,0.0,0.0,0.6372421053340546,0.0,0.0,-0.5663659918973805,1.2581614035560365,0.6372421053340546,0.0,-1.0,-0.13724210533405456,1.0,0.09149473688936971,-0.6813789473329728,-0.6372421053340546,-0.4444444444444444,-1.0,0.27448421066810913,-0.32492631580972986,-0.2725515789331891,-0.1209192982219818,-0.25489684213362185,-0.20979368426724376,0.16229941525982022,-0.5460021624750659,-0.6690568589681676
0.0,0.8610680199747216,0.1389319800252784,0.8610680199747216,1.0,0.0,0.0,0.0,0.0,0.0,0.1389319800252784,0.0,0.0,0.0,0.0,0.8610680199747216,0.0,0.0,1.0,0.1389319800252784,-0.23288277998638862,-0.48842233499789345,-0.4305340099873608,-1.0,-1.8610680199747216,-0.5694659900126392,1.1480906932996287,0.35190930670037135,-0.5,-1.0,0.015436886669475375,-1.0,0.1389319800252784,-0.6944382885678174,-0.6,-0.3333333333333333,-0.6,-1.5,-0.3333333333333333,-1.3702532173271629,0.20173590329891522
0.0,1.0,1.0,0.0,0.2195105250809587,0.0,0.7804894749190413,0.0,0.0,0.0,1.0,0.0,0.0,0.0,0.0,0.0,0.0,0.7804894749190413,0.2195105250809587,1.0,-0.11257125572563761,0.4552855270361075,0.0,-0.2195105250809587,0.0,0.17073421237856196,0.8536596499460275,-0.13008157915317353,-0.10975526254047935,-0.2195105250809587,-0.17344210553756473,-0.7804894749190413,-2.0,-0.03135864644013695,0.11219578996761653,-0.3333333333333333,0.15609789498380827,0.45609789498380815,-0.3333333333333333,-0.275308618137009,-0.710502608537609
0.0,1.0,0.0,1.0,0.0,1.0,0.0,0.0,0.0,0.0,0.0,0.0,0.0,0.0,0.0,0.0,1.0,0.0,0.9745472651988699,0.0,-1.1420987377840937,-0.010605306167137563,-1.0,-0.48727363259943496,0.0,-0.5127263674005651,-0.34181757826704334,-0.17515091160037666,-0.5,-0.9745472651988699,-0.98868767342172,0.0,0.0,-0.5605202565138014,-0.584728359119322,-0.008484244933710028,-0.589818906079548,-1.4694567182386442,0.8036384760653483,-0.29534894649498455,-0.5922836301328124
0.0,1.0,1.0,0.0,0.7797587747880308,0.0,0.2202412252119692,0.0,0.0,0.0,0.0,0.0,0.0,0.0,1.0,0.0,0.0,0.7797587747880308,0.2202412252119692,0.7797587747880308,-0.30906376716094436,1.2683534354343307,0.0,-0.7797587747880308,0.0,-0.2202412252119692,0.37301169971737436,-0.42658625826267693,-0.6101206126059846,-1.0,-0.3578045805791077,-1.0,0.0,0.0,-0.2,-0.3333333333333333,-0.3119035099152123,-0.779758774788031,-0.3333333333333333,0.011026921086156882,-0.6859880970813754
0.0,1.0,0.0,1.0,0.8857620740796032,0.0,0.0,0.0,0.11423792592039683,0.0,0.0,0.0,0.0,0.0,0.0,1.0,0.0,0.0,1.0,1.0,-0.07692307692307693,1.447710641985906,0.0,0.057118962960198416,0.0,0.32864311111940475,-0.3714126419734656,0.7428252839469311,0.32864311111940475,-1.0,-0.012693102880044091,-1.0,0.0,0.6816463068798866,0.8,1.885762074079603,0.8,0.4575554837238047,1.1003581005137617,0.560766982449171,0.19709767830543584
0.0,1.0,0.5657766199665605,0.4342233800334395,0.4342233800334395,0.0,0.5657766199665605,0.0,0.0,0.0,0.0,0.0,0.0,0.0,0.5657766199665605,0.4342233800334395,0.0,1.0,0.0,0.4342233800334395,0.5293314630229053,0.010962769994426746,0.5,-0.21711169001671976,-1.4342233800334396,-0.28288830998328024,0.28948225335562633,0.3837783566833864,-0.7828883099832802,-1.0,0.15935815333704884,0.0,-1.0,0.36653951713808003,0.23422338003343957,2.0,0.8,0.9599818191764199,1.5799858593594376,-0.06242920811034372,0.07987123752735777
0.9853673122417347,0.014632687758265317,0.0,1.0,0.0,0.9853673122417347,0.014632687758265317,0.0,0.0,0.0,0.0,0.0,0.0,0.0,0.0,0.0,1.0,0.0,1.0,0.9853673122417347,-1.2307692307692308,0.15813093214101187,0.0,0.49268365612086734,-0.014632687758265317,0.49268365612086734,-0.3333333333333333,-0.0024387812930442287,-0.4853673122417347,-1.0,-0.8888888888888888,0.0,-0.014632687758265317,-0.42857142857142855,-0.2,-0.3333333333333333,-0.2,0.4999999999999999,-0.3333333333333333,0.059031877213695266,-0.7329681123030573
0.0,1.0,0.0,1.0,0.4710654526938144,0.5289345473061856,0.0,0.0,0.0,0.0,0.0,0.0,0.0,0.0,0.0,1.0,0.0,1.0,0.0,1.0,0.16274909147882635,0.5041463665681273,-0.7355327263469071,0.0,-1.0,0.2355327263469072,-0.1570218175646048,-0.41184424211563575,-1.0,0.5289345473061856,0.1965026246167239,3.0,0.0,0.8158077895625919,0.48263927161628867,0.3140436351292096,0.05949163377134015,-0.9180956172605822,0.036946310015201156,0.3411673355115947,0.4474610586823422
0.0,1.0,0.0,1.0,0.0,1.0,0.0,0.0,0.0,0.0,0.0,0.0,0.0,0.0,0.0,0.8178928611784168,0.18210713882158325,1.0,0.0,0.18210713882158325,-0.4686648333022692,0.7955267847053958,0.31789286117841675,-0.8178928611784168,-0.18210713882158325,-0.09105356941079162,-0.060702379607194414,-0.014910717648680627,-0.8178928611784168,2.0,-0.18210713882158325,-1.0,0.0,-0.5714285714285714,-0.6,-0.3333333333333333,-0.6,-1.5,-0.3333333333333333,-1.0346245608629079,0.2545534776236097
0.5152216328496538,0.48477836715034617,1.0,0.0,0.0,0.0,0.5152216328496538,0.48477836715034617,0.0,0.0,0.48477836715034617,0.0,0.5152216328496538,0.0,0.0,0.0,0.0,0.0,0.0,0.0,0.03963243329612722,0.4519909863126442,0.0,-1.0,0.0,0.0,1.4949261223834487,-0.2576108164248269,-0.5,0.5152216328496538,0.3468636736441368,1.0304432656993077,-0.48477836715034617,-0.5714285714285714,-0.6,-0.3333333333333333,-0.6,-1.5,-0.3333333333333333,-1.2272926447596042,0.3261879745580631
0.0,1.0,0.0,1.0,1.0,0.0,0.0,0.0,0.0,0.0,0.0,0.0,0.0,0.0,0.0,1.0,0.0,1.0,0.0,0.5124576558819216,-0.22501954343911312,-0.4145903906863464,-0.5124576558819216,-0.2437711720590392,-1.0,-0.2313135161771176,-0.3333333333333333,-0.5,-0.2686864838228824,0.0,0.3416384372546144,2.024915311763843,0.0,1.1535351336130757,0.8975084688236157,1.1542090107847451,0.8,0.06379858480683354,0.49818708058650957,0.6238320242467514,0.6617523298228211
0.7416869442286655,0.25831305577133445,1.0,0.0,1.0,0.0,0.0,0.0,0.0,0.0,0.0,0.0,0.0,0.0,1.0,0.0,0.0,0.0,0.25831305577133445,1.0,-0.23588495739774423,1.3277912961524438,0.5,0.5,0.0,-0.3708434721143328,-0.3333333333333333,0.5750202775619989,-0.6125304163429983,-0.25831305577133445,-0.057402901282518765,-0.25831305577133445,-0.7416869442286655,0.6404819840653331,-0.2,2.0,0.9483373888457332,0.7209565236017174,1.2367497625104067,0.5765717976204683,-0.8218190940258014
0.6988458531609044,0.3011541468390956,0.0,0.6988458531609044,0.0,0.0,0.0,0.0,0.6988458531609044,0.3011541468390956,0.0,0.0,0.0,0.0,0.0,0.0,0.6988458531609044,0.3011541468390956,0.6988458531609044,0.0,-0.49213013125552374,1.266089593247119,0.3011541468390956,0.1505770734195478,1.0,-1.0,-0.4337180489463652,0.5,0.3494229265804522,-1.0,-0.9665384281289894,0.3011541468390956,0.0,-0.5714285714285714,-0.6,-0.3333333333333333,-0.6,-1.5,-0.3333333333333333,-0.4141150852732485,-1.1650651833370649
1.0,0.0,1.0,0.0,0.0,0.0,0.0,0.0,1.0,0.0,0.40255004359698054,0.0,0.0,0.0,0.5974499564030195,0.0,0.0,0.0,1.0,0.5974499564030195,-0.7092615652904496,-0.25,-0.40255004359698054,0.0,-0.40255004359698054,0.2987249782015097,1.7965999418706926,1.0303582824701893,0.0,-1.0,-0.7330499951558911,0.5974499564030195,0.0,-0.5139214223432884,-0.43897998256120774,-0.19914998546767315,-0.43897998256120774,-0.6948999128060389,-0.020238854980126286,-0.7183153812454746,-0.5424639000617523
0.0,1.0,1.0,0.0,0.7819768925059135,0.0,0.0,0.0,0.2180231074940865,0.0,0.7819768925059135,0.0,0.0,0.0,0.2180231074940865,0.0,0.0,0.0,1.0,1.0,-0.5818425988470637,1.0351262285520155,0.0,0.10901155374704324,-0.7819768925059135,-0.2180231074940865,1.0,-0.10901155374704324,-0.39098844625295676,-1.0,-0.3959948650013141,1.2180231074940866,0.0,-0.11171098464370192,-0.2,-0.3333333333333333,0.0436046214988173,0.3436046214988172,-0.3333333333333333,-0.15631091438783146,-0.8044451896772263
1.0,0.0,1.0,0.0,0.35494583223067055,0.0,0.6450541677693294,0.0,0.0,0.0,0.35494583223067055,0.0,0.0,0.0,0.6450541677693294,0.0,0.0,0.0,1.0,0.35494583223067055,-0.20346570521302534,1.182599307577104,0.3225270838846647,-1.0,-1.3549458322306704,0.0,-0.3333333333333333,1.4516486107435569,-0.14505416776932945,-1.0,0.24725231542740528,0.6450541677693294,0.0,0.9400309530110453,0.8,0.31172083443599613,0.8580216671077318,0.24470964276262883,-0.010806249448668592,0.5212097559213805,0.001286382408847292
0.0,1.0,1.0,0.0,0.4217039345532818,0.0,0.0,0.0,0.5782960654467182,0.0,1.0,0.0,0.0,0.0,0.0,0.0,0.0,0.0,0.5782960654467182,0.4217039345532818,-0.7441877678231363,-0.3202839890922137,0.0,-1.0,0.0,-1.0,-0.3333333333333333,0.3413454096878379,-0.07829606544671819,-0.5782960654467182,-1.0,-1.0,0.0,-0.5714285714285714,-0.6,-0.3333333333333333,-0.6,-1.5,-0.3333333333333333,-0.30460448642266824,-0.6408147323947091
1.0,0.0,0.0,1.0,0.8677237888746696,0.1322762111253304,0.0,0.0,0.0,0.0,0.0,0.0,0.0,0.0,0.0,0.0,1.0,0.0,1.0,1.0,-0.49654140941374114,-0.41181585924977976,0.0,0.5,0.0,-0.3677237888746696,-0.3333333333333333,-0.4338618944373348,-0.9338618944373348,-1.0,-0.7924751345694812,-0.8677237888746696,0.8677237888746696,-0.3046108873036186,-0.2,0.24514919258311307,-0.2,0.06613810556266518,0.6790110870204479,0.2167998388272716,-0.7386909690189307
0.0,1.0,1.0,0.0,0.0,0.0,1.0,0.0,0.0,0.0,0.09942769876361435,0.0,0.0,0.0,0.9005723012363857,0.0,0.0,0.0,1.0,0.09942769876361435,0.10839667844478251,1.2090487098788154,-0.09942769876361435,0.049713849381807174,-0.09942769876361435,-0.9005723012363857,-0.6335241004121286,-0.19980923292120473,-1.0,-1.0,-0.45549196652929047,-1.0,0.0,0.0,-0.16022892049455428,-0.3001907670787952,-0.019885539752722864,-0.049713849381807174,-0.2946670060363722,0.18875335741203678,-0.23456926895812788
0.3087781423903456,0.6912218576096544,1.0,0.0,0.3087781423903456,0.0,0.0,0.6912218576096544,0.0,0.0,1.0,0.0,0.0,0.0,0.0,0.0,0.0,0.0,0.0,0.3087781423903456,0.5225476255836619,0.33215701241045886,-0.3087781423903456,-0.5368327864144815,-0.3087781423903456,0.1543890711951728,1.872518761593564,0.0,-0.19122185760965438,0.0,-0.31696320603800815,0.0,-1.0,-0.5714285714285714,-0.6,-0.3333333333333333,-0.6,-1.5,-0.3333333333333333,-1.076277094367646,-0.24147271781667357
1.0,0.0,1.0,0.0,1.0,0.0,0.0,0.0,0.0,0.0,0.0,0.0,0.0,0.0,1.0,0.0,0.0,0.0,0.3168161435545186,1.0,-0.15003449466642738,1.262387892334111,0.024775784668222167,0.1831838564454814,-0.6336322871090372,-0.6584080717772594,-0.3333333333333333,0.9917414051105926,-0.8415919282227406,-0.3168161435545186,0.0,0.6336322871090372,-0.6831838564454814,0.7142857142857143,-0.2,1.8943946188151606,0.9366367712890963,0.5954137790305859,1.084311727124799,0.5879574970484059,-0.6636469022712909
0.0,1.0,1.0,0.0,0.17741612408832608,0.0,0.0,0.0,0.8225838759116739,0.0,1.0,0.0,0.0,0.0,0.0,0.0,0.0,0.0,1.0,0.8225838759116739,-0.7692307692307693,1.4314513436740273,0.0,-0.17741612408832608,-2.0,0.41129193795583696,-0.3333333333333333,0.4892505425783406,-0.41129193795583696,-1.0,-1.0,-0.17741612408832608,-1.822583875911674,-0.5714285714285714,-0.6,-0.3333333333333333,-0.5645167751823348,-1.233875813867511,-0.3333333333333333,-0.30460448642266824,-0.7276679730339385
0.0,1.0,0.0,1.0,0.5296616786550811,0.47033832134491893,0.0,0.0,0.0,0.0,0.0,0.0,0.0,0.0,0.0,1.0,0.0,1.0,0.0,0.0,0.2258790850425737,-0.1080513988792342,0.0,-0.26483083932754053,-0.5296616786550811,-0.29449251798262166,-0.3333333333333333,0.04872804156907218,-0.20550748201737834,0.47033832134491893,-0.052259813482768765,0.5296616786550811,0.47033832134491893,0.6470945255221544,1.0,1.823446107114973,0.8,0.4988827704385754,1.109000788606198,0.5786284724928044,0.5251458147966565
0.0,1.0,0.18494557159754288,0.8150544284024571,0.0,0.8150544284024571,0.18494557159754288,0.0,0.0,0.0,0.0,0.0,0.18494557159754288,0.0,0.0,0.8150544284024571,0.0,0.18494557159754288,0.8150544284024571,1.0,1.504218208830202,0.40752721420122856,0.5,-0.8150544284024571,0.6301088568049142,-0.18494557159754288,1.394981857199181,0.40752721420122856,0.09247278579877144,-1.0,1.6994021112425335,-1.3698911431950858,-1.0,1.762212836517445,0.8739782286390172,0.7899637143983619,1.0369891143195087,-0.0679773738139916,0.14809011072613276,0.08209411003573075,0.9039789464543903
0.0,1.0,0.0,1.0,0.5019092464889943,0.0,0.49809075351100573,0.0,0.0,0.0,0.0,0.0,0.0,0.0,0.0,1.0,0.0,0.5019092464889943,0.49809075351100573,0.0,0.15149631201354552,-0.16793949765932953,-0.24904537675550287,-0.25095462324449713,-1.0,-0.2528638697334914,-0.3333333333333333,-0.08492437207416192,0.5,-0.49809075351100573,-0.055343417056778414,0.5019092464889943,0.0,0.6431298923555706,1.0,1.3346061643259963,0.8,0.5041809620339192,0.7703449563841436,0.578078011028353,0.6273001075481075
0.0,1.0,0.0,0.06717539991571009,0.0,0.0,0.06717539991571009,0.0,0.0,0.9328246000842899,0.0,0.0,0.0,0.0,0.0,0.0,0.06717539991571009,0.9328246000842899,0.06717539991571009,0.0,-0.38978272307043926,0.8662851167298841,0.9328246000842899,0.4328246000842899,0.9328246000842899,-0.8992369001264349,-0.6442748666947633,0.4552164000561933,0.0,-1.0,-0.8963528222128566,0.9328246000842899,-0.06717539991571009,-0.5714285714285714,-0.6,-0.3333333333333333,-0.6,-1.5,-0.3333333333333333,-0.6438134319078646,-0.5659829147960427
0.0,1.0,1.0,0.0,0.0,0.0,1.0,0.0,0.0,0.0,0.40524808802768875,0.0,0.0,0.0,0.0,0.0,0.0,1.0,0.0,0.40524808802768875,0.27248238705349415,0.6328959926643593,0.0,-0.5947519119723113,0.0,0.5,0.20699745070358494,-0.3649173039907704,0.2973759559861556,0.0,-0.09005513067281971,-1.0,-0.8104961760553775,0.4248227942659366,0.5568511471833868,-0.3333333333333333,0.3189503823944623,0.12152151056307459,-0.3333333333333333,0.27536944016754417,-0.01369149118572327
0.0,1.0,1.0,0.0,0.4974648939798906,0.0,0.0,0.0,0.5025351060201094,0.0,1.0,0.0,0.0,0.0,0.0,0.0,0.0,0.0,1.0,0.5025351060201094,-0.7692307692307693,1.4581220744983243,0.0,-0.4974648939798906,-2.0,0.2512675530100547,-0.3333333333333333,0.16920177268677605,-0.2512675530100547,-1.0,-1.0,-0.4974648939798906,-1.5025351060201095,-0.5714285714285714,-0.6,-0.3333333333333333,-0.5005070212040219,-0.7538026590301641,-0.3333333333333333,-0.30460448642266824,-0.7338538432128827
0.0,1.0,1.0,0.0,1.0,0.0,0.0,0.0,0.0,0.0,1.0,0.0,0.0,0.0,0.0,0.0,0.0,0.7202025816322958,0.0,1.0,-0.2801869984298115,-0.476683548469358,-0.22020258163229578,-0.5,-1.2797974183677043,-0.5803038724484437,-0.05353591496562915,-0.4067341938774319,0.3601012908161479,0.0,-0.7202025816322958,-2.0,-0.2797974183677042,-0.3316022128276821,-0.20828361428521402,-0.24006752721076524,-0.6,-1.5,-0.25172575297608624,-0.22135897351988024,-0.6846903300297323
1.0,0.0,1.0,0.0,1.0,0.0,0.0,0.0,0.0,0.0,0.0,0.0,0.0,0.0,1.0,0.0,0.0,0.0,0.8934212698713256,0.10657873012867436,-0.35182192919117716,-0.137938994764097,0.05328936506433718,0.5,0.0,-0.05328936506433718,-0.3333333333333333,-0.20899148151654656,-1.0,-0.8934212698713256,-0.29780708995710853,-0.8934212698713256,-1.8934212698713258,0.33139088434086045,-0.2,2.0,0.8213157460257349,1.0777662446020648,1.6489883586025944,0.5215046753224397,-0.2650406225641938
0.859981461339551,0.140018538660449,1.0,0.0,0.859981461339551,0.0,0.140018538660449,0.0,0.0,0.0,0.0,0.0,0.0,0.0,1.0,0.0,0.0,0.0,1.0,1.0,-0.6353974498418493,1.2649799164511804,-0.4299907306697755,0.5,-1.0,0.2899721920093265,-0.3333333333333333,1.4566388586759933,-0.5700092693302246,-1.0,-1.0,-0.140018538660449,-0.859981461339551,-0.5714285714285714,-0.6,-0.046672846220149666,-0.6,-1.5,0.6699783715628096,-0.30460448642266824,-0.6762395209100556
0.0,0.26368380263461644,0.0,1.0,0.0,0.26368380263461644,0.7363161973653836,0.0,0.0,0.0,0.0,0.0,0.0,0.0,0.0,1.0,0.0,0.0,1.0,0.0,-0.627247183196745,1.5476758804791655,-0.3681580986826918,-0.6318419013173082,-1.4726323947307671,-1.0,1.7363161973653836,0.5348247653493584,0.3681580986826918,-1.0,-0.3626315336260685,2.2089485920961507,0.0,-0.3909023139093405,-0.2,0.15754413157692237,-0.2,0.36815809868269167,0.8120474181239299,-0.7473250827987917,0.010554329800424235
0.7335016066291178,0.2664983933708822,0.0,0.0,0.0,0.0,0.0,0.0,0.2664983933708822,1.0,0.0,0.0,0.0,0.0,0.0,0.0,0.0,0.2664983933708822,0.0,0.0,-0.37953895588588243,0.10554153278090685,0.1332491966854411,-0.2664983933708822,-0.7335016066291178,0.3667508033145589,0.8891693443818629,-0.32233440441941186,0.1332491966854411,-0.2664983933708822,-0.5628881748315032,-3.0,-0.7335016066291178,-0.2189995409631092,-0.2,0.08883279779029407,-0.2,-0.0868012853032942,0.4235204727816273,-0.09338404104690061,-0.7334781569449859
0.0,1.0,1.0,0.0,0.0,0.0,0.7321845784590624,0.0,0.2678154215409376,0.0,0.2678154215409376,0.0,0.0,0.0,0.7321845784590624,0.0,0.0,0.0,1.0,0.2678154215409376,-0.6153846153846154,-0.3497128112814323,0.5,0.0,0.0,0.0,0.8869742974317707,0.32145638563937495,0.3660922892295312,-1.0,-0.644827362735868,0.0,-1.0,-0.42857142857142855,-0.2,0.3333333333333333,-0.34643691569181245,-0.23218457845906249,1.222222222222222,-0.47346599802925904,-0.18824522475863237
0.0,1.0,1.0,0.0,0.0,0.0,1.0,0.0,0.0,0.0,1.0,0.0,0.0,0.0,0.0,0.0,0.0,1.0,0.0,0.25073066056159776,-0.9040147678219072,-0.22886222476600093,-0.25073066056159776,-0.7492693394384022,0.0,-1.0,0.6656924525845364,0.00048710704106516567,0.0,-0.25073066056159776,-0.5837392558675543,2.2507306605615978,0.0,-0.46439009436594253,-0.3002922642246391,-0.3333333333333333,-0.3002922642246391,-0.0014613211231956358,-0.3333333333333333,-0.6549122295367265,-0.33017230902375183
0.36690193664255244,0.6330980633574476,1.0,0.0,0.6330980633574476,0.0,0.0,0.36690193664255244,0.0,0.0,0.0,0.0,0.0,0.0,0.6330980633574476,0.0,0.0,0.0,1.0,1.0,-0.6358612405165304,0.7416078491726953,-0.050352904963828715,0.3165490316787238,0.0,0.18345096832127622,-0.4556339788808508,-0.2278169894404254,-0.050352904963828715,-1.0,-0.18145534037304972,-1.3669019366425523,0.0,0.42857142857142855,0.16690193664255248,2.0,0.8,0.8333333333333334,1.4814814814814814,0.4727236228345336,-0.3008573954216309
0.0,1.0,1.0,0.0,0.4942738501382714,0.0,0.0,0.5057261498617286,0.0,0.0,1.0,0.0,0.0,0.0,0.0,0.0,0.0,0.0,0.4942738501382714,0.0,0.1520842615810066,0.4195297415975309,0.2471369250691357,-0.25858922479259294,0.0,-0.4942738501382714,1.007634866482305,0.0,-0.5,-0.4942738501382714,0.21840478898106985,0.0,-1.4942738501382715,-0.2889863713495592,-0.20458091988938282,-0.16857538328724286,-0.6,-1.5,-0.1411157249462278,-0.9481684286312879,-0.44437784639587713
0.42670562182059935,0.5732943781794007,0.0,1.0,0.5732943781794007,0.42670562182059935,0.0,0.0,0.0,0.0,0.0,0.0,0.0,0.0,0.0,0.0,1.0,0.0,0.42670562182059935,1.0,-1.098470528112446,0.07111760363676656,0.0,0.21335281091029967,0.0,0.5,-0.3333333333333333,0.6688434412093008,-0.5,-0.42670562182059935,-0.8251895135356221,-0.5732943781794007,0.0,-0.346672231688657,-0.2,-0.3333333333333333,-0.2,0.21335281091029962,-0.3333333333333333,0.16326721870085906,-0.7425871271868599
0.0,1.0,1.0,0.0,0.1618930368217042,0.0,0.0,0.0,0.8381069631782958,0.0,0.0,0.0,0.1618930368217042,0.0,0.8381069631782958,0.0,0.0,1.0,0.0,0.1618930368217042,-0.4637416753130596,1.4730178271963825,0.7571604447674436,-0.0809465184108521,-1.0,-0.4190534815891479,0.8920713087855305,0.2523868149224813,-0.5809465184108521,-1.0,-0.4084682140396213,-1.1618930368217042,0.8381069631782958,-0.4516990052602434,-0.2647572147286817,-0.05396434560723473,-0.4,-0.419053481589148,0.3185276380275633,-0.8338104917919755,-0.5138172828128362
0.0,1.0,1.0,0.0,0.0,0.0,1.0,0.0,0.0,0.0,0.0,0.5956184984509757,0.4043815015490243,0.0,0.0,0.0,0.0,1.0,0.0,0.5956184984509757,0.9327318825897375,-0.4166666666666667,0.0,0.29780924922548785,0.0,-0.7978092492254878,0.8652061661503252,-0.30146050051634143,-0.1065722523235364,0.4043815015490243,0.7917238304073986,-1.0,0.0,0.0,-0.2,0.0,0.2,0.4999999999999999,0.05555555555555555,-0.5841780031681183,0.7705955046516799
0.2290886229357295,0.7709113770642705,0.0,1.0,0.2290886229357295,0.7709113770642705,0.0,0.0,0.0,0.0,0.0,0.0,0.0,0.0,0.0,1.0,0.0,0.0,1.0,0.2290886229357295,0.015941593930785647,0.9599979043577521,-0.11454431146786476,-0.8854556885321352,0.2290886229357295,-0.7709113770642705,0.9236371256880902,0.05212235519880193,0.11454431146786476,-1.0,-0.3935358615698379,-0.2290886229357295,0.0,-0.2202603934469344,-0.10836455082570823,-0.25697045902142346,-0.15418227541285412,0.0,-0.2442433133027718,-0.39697820128030165,0.0990448805365875
0.5779639404493127,0.42203605955068735,0.5779639404493127,0.42203605955068735,1.0,0.0,0.0,0.0,0.0,0.0,0.0,0.0,0.0,0.0,0.0,0.42203605955068735,0.0,0.42203605955068735,0.0,0.0,-0.0614095796889374,-0.45183633829589065,0.0,-0.7889819702246563,-0.42203605955068735,-0.13305408932603102,0.822594547565292,-0.5,0.5,1.1559278808986253,0.706400371660271,1.0,0.0,1.3748159319420716,0.8844072119101375,2.6299399007488544,0.568814423820275,-0.23800747399588124,0.9845617752504248,0.47332002125680683,0.7560610453732926
0.6461286234387505,0.35387137656124945,0.0,1.0,0.6461286234387505,0.0,0.35387137656124945,0.0,0.0,0.0,0.0,0.0,0.0,0.0,0.0,0.0,1.0,0.0,1.0,0.0,-0.41183625973548077,-0.26408574895916703,0.3230643117193753,-0.5,-1.292257246877501,0.17693568828062473,-0.3333333333333333,-0.2743547705731251,-0.3230643117193753,-1.0,-1.0,0.0,-0.35387137656124945,-0.5714285714285714,-0.6,-0.3333333333333333,-0.6,-1.5,-0.3333333333333333,-0.30460448642266824,-1.3189229833135132
0.0,1.0,0.0,1.0,0.0,0.9586271773132206,0.04137282268677944,0.0,0.0,0.0,0.0,0.0,0.0,0.0,0.0,0.04137282268677944,0.9586271773132206,0.04137282268677944,0.9586271773132206,1.0,-0.21167408183687103,-0.17356213711446322,-0.02068641134338972,0.5,0.0,0.0,-0.29196051064655393,-0.13218931442768378,-0.5206864113433898,-1.0,-0.9494332167161587,-0.9586271773132206,-0.04137282268677944,-0.5714285714285714,-0.6,-0.3333333333333333,-0.6,-1.5,-0.3333333333333333,-0.34279478428738774,-0.512100234742087
0.0,1.0,0.0,1.0,0.0,0.8156290793210368,0.1843709206789632,0.0,0.0,0.0,0.0,0.0,0.0,0.0,0.0,0.8156290793210368,0.1843709206789632,0.0,1.0,0.8156290793210368,-0.9170657387226782,-0.21275939683640746,0.0,0.0,-1.0,0.0,-0.3333333333333333,-0.4385430264403456,0.5,-1.0,-0.5263870758573169,-1.6312581586420736,-0.1843709206789632,0.037502331040592446,0.12625163172841472,-0.3333333333333333,-0.036874184135792645,-0.08259219951502636,-0.3333333333333333,0.39799461147698323,-0.050175302177580317
0.09033696057760787,0.0,0.9096630394223921,0.09033696057760787,0.0,0.0,1.0,0.0,0.0,0.0,0.9096630394223921,0.0,0.0,0.0,0.0,0.0,0.09033696057760787,0.0,1.0,0.09033696057760787,-1.3846153846153846,0.04569293309266338,-0.9548315197111961,-0.045168480288803936,0.0,0.045168480288803936,-0.3333333333333333,-0.3333333333333333,0.45483151971119606,-1.0,-1.1111111111111112,-2.8193260788447843,0.09033696057760787,-0.7142857142857143,-0.6,-0.3333333333333333,-0.6,-1.5,-0.3333333333333333,-1.395513577331759,-0.9372985054820125
0.0,1.0,1.0,0.0,0.0,0.0,1.0,0.0,0.0,0.0,1.0,0.0,0.0,0.0,0.0,0.0,0.0,0.7709859255354785,0.0,0.7709859255354785,-0.23076923076923078,0.5069953085118262,-0.2290140744645215,-0.2290140744645215,-0.458028148929043,0.5,1.1526760496430142,-0.16666666666666666,-0.2290140744645215,0.458028148929043,-0.2222222222222222,-1.0,-1.541971851070957,-0.0327162963520745,0.1541971851070957,-0.25699530851182617,0.1541971851070957,0.4541971851070956,-0.22646009858322327,-0.23891092871709768,-0.6126825238957996
0.9317502946459084,0.06824970535409158,0.06824970535409158,0.0,1.0,0.0,0.0,0.0,0.0,0.9317502946459084,0.06824970535409158,0.0,0.0,0.0,0.0,0.0,0.0,0.0,0.0,1.0,-0.7219809732163982,0.7480212016407188,0.4658751473229542,-0.5341248526770458,0.0,-0.06824970535409158,-0.6439167648819695,-0.4886250491076514,-0.4317502946459084,0.0,-0.27530532638651567,-1.0,-0.9317502946459084,0.22721453826792148,0.7044504125042719,-0.022749901784697192,-0.6,-1.5,-0.0615728307282767,0.26009266184757923,-0.5916899421051469
0.0,1.0,0.16292100929697062,0.8370789907030294,0.8370789907030294,0.0,0.16292100929697062,0.0,0.0,0.0,0.16292100929697062,0.0,0.0,0.0,0.0,0.0,0.8370789907030294,0.0,0.8370789907030294,0.0,-1.0911842271934726,0.5388574236393947,0.0,-0.16292100929697062,0.8370789907030294,-0.4185394953515147,-0.3333333333333333,0.3024341744141421,0.4185394953515147,-0.8370789907030294,-1.0,-3.0,-0.16292100929697062,-0.5714285714285714,-0.5674157981406058,-0.3333333333333333,-0.6,-1.5,-0.3333333333333333,-0.30460448642266824,-0.6029815277887929
0.4371933963572435,0.5628066036427565,0.5628066036427565,0.4371933963572435,0.5628066036427565,0.4371933963572435,0.0,0.0,0.0,0.0,0.5628066036427565,0.0,0.0,0.0,0.0,0.0,0.4371933963572435,1.0,0.0,0.0,-0.9567071843351727,0.5418710690951709,-0.28140330182137824,0.5,0.0,-0.7185966981786218,-0.3333333333333333,0.2705267296905769,-1.0,0.0,-1.0,0.0,-1.5628066036427564,-0.5714285714285714,-0.6,-0.18760220121425214,-0.6,-1.5,0.17672562908345085,-0.30460448642266824,-0.8664614920597646
1.0,0.0,0.915513677291914,0.08448632270808598,0.915513677291914,0.0,0.0,0.0,0.08448632270808598,0.0,0.915513677291914,0.0,0.0,0.0,0.0,0.0,0.08448632270808598,1.0,0.0,0.915513677291914,-0.8970811314744351,-0.04224316135404299,0.0,-1.0,0.0,0.0,-0.2770091181946093,0.3192522795486523,0.5,0.0,-0.45383181363423175,0.915513677291914,0.08448632270808598,0.1066487188393917,-0.01689726454161719,0.0,-0.2,-0.5885445068305162,0.021121580677021495,0.4087827945840178,-0.5238139244760015
0.7215328611219056,0.0,0.2784671388780944,0.7215328611219056,0.7215328611219056,0.0,0.0,0.0,0.2784671388780944,0.0,0.0,0.0,0.0,0.0,0.2784671388780944,0.0,0.7215328611219056,1.0,0.0,0.2784671388780944,-0.37585626496058633,0.5094890462926982,0.5,-0.22153286112190562,-1.2784671388780944,-1.0,-0.3333333333333333,0.8987226157317453,-0.1392335694390472,0.0,-0.8762368271652914,-1.0,0.7215328611219056,-0.41230449206966036,-0.48861314444876225,-0.05486619445523899,-0.6,-1.5,-0.008455004642223263,-0.10208293087496323,-0.8246676795842003
0.0,1.0,1.0,0.0,1.0,0.0,0.0,0.0,0.0,0.0,1.0,0.0,0.0,0.0,0.0,0.0,0.0,0.6104046670079576,0.3895953329920424,0.6104046670079576,-0.6153846153846154,0.09200388917329799,-0.41560700051193633,-0.3895953329920424,0.0,0.3052023335039788,-0.20346822233598585,-0.5,0.3052023335039788,-1.0,-0.8268465186702034,1.3895953329920423,-1.3895953329920423,-0.6270850475702918,-0.4779190665984085,-0.3333333333333333,-0.6,-1.5,-0.3333333333333333,-0.7296175769594417,-0.5344655121076246
0.9493067970577657,0.05069320294223434,0.0,0.9493067970577657,0.0,0.0,0.0,0.0,0.9493067970577657,0.05069320294223434,0.0,0.0,0.0,0.0,0.0,0.0,0.9493067970577657,0.05069320294223434,0.9493067970577657,0.0,-0.5306625841627332,1.3913200651955495,0.05069320294223434,0.02534660147111717,1.0,-1.0,-0.3502310676474114,0.5,0.47465339852888283,-1.0,-0.9943674218953072,0.05069320294223434,0.0,-0.5714285714285714,-0.6,-0.3333333333333333,-0.6,-1.5,-0.3333333333333333,-0.32303837840166255,-1.402838246221414
0.0,1.0,0.0,1.0,0.6033506269479457,0.3966493730520543,0.0,0.0,0.0,0.0,0.0,0.0,0.0,0.0,0.0,1.0,0.0,0.0,1.0,0.6033506269479457,-0.23076923076923078,0.75,0.0,-1.0,0.0,-1.0,0.3966493730520543,0.6694588557899548,0.0,-1.0,-0.10924965169558573,-0.6033506269479457,-0.6033506269479457,-0.5442931258348339,-0.44134025077917827,-0.3333333333333333,-0.44134025077917827,-0.9050259404219185,-0.3333333333333333,-1.0246206570752927,0.33224414630001126
0.0,1.0,1.0,0.0,0.0,0.0,1.0,0.0,0.0,0.0,0.9540869365396331,0.0,0.0,0.0,0.04591306346036694,0.0,0.0,0.0,1.0,0.9540869365396331,-0.9434916142026253,0.1407246626587919,-0.9540869365396331,0.47704346826981653,-0.9540869365396331,-0.04591306346036694,-0.3486376878201223,-0.4846956455132111,-1.0,-1.0,-0.5504541040599592,-1.0,0.0,0.0,0.18163477461585326,-0.015304354486788962,-0.19081738730792663,-0.47704346826981664,0.037700475320968374,0.41074276982139235,-0.21703053674881112
0.8649987225787931,0.13500127742120693,1.0,0.0,0.8649987225787931,0.0,0.0,0.0,0.13500127742120693,0.0,0.13500127742120693,0.0,0.0,0.0,0.0,0.0,0.0,0.0,0.0,0.13500127742120693,0.1269220942913793,-0.3604161344078305,0.0,-0.9324993612893966,0.0,0.43249936128939653,1.4866649634383908,-0.454999574192931,0.2974980838681896,1.8649987225787932,1.057220660929636,0.7299974451575861,0.0,1.6449979926238176,0.8,3.1533316301050576,0.4540005109684828,-0.46272791841765315,1.1108013210256145,0.3360561638565224,0.6803252557320421
0.0,1.0,1.0,0.0,0.0,0.0,1.0,0.0,0.0,0.0,1.0,0.0,0.0,0.0,0.0,0.0,0.0,1.0,0.0,0.5162450580675872,-0.9652873210925201,-0.11823122580517197,-0.5162450580675872,-0.48375494193241275,0.0,-1.0,0.31167325590988365,0.17749670537839152,0.0,-0.5162450580675872,-0.7312472544819929,2.5162450580675872,0.0,-0.5023207225810838,-0.4064980232270349,-0.3333333333333333,-0.4064980232270349,-0.5324901161351745,-0.3333333333333333,-0.5307756281053547,-0.461550482420602
0.0,1.0,0.0,1.0,1.0,0.0,0.0,0.0,0.0,0.0,0.0,0.0,0.0,0.0,0.0,1.0,0.0,1.0,0.0,0.2699112223921949,-0.047651333411782265,-0.38753699066991876,0.5,-0.8650443888039026,-1.269911222392195,0.0,0.9100295925359351,-0.18510357387577264,-0.13495561119609745,-1.0,0.6278270986710028,-0.7300887776078051,-1.730088777607805,1.015803063322091,-0.0761065331293661,2.9734517034770738,0.8,0.2306412474304388,1.4669984318463087,0.16052345340052132,0.5766324446477498
0.5398427789081934,0.46015722109180657,1.0,0.0,0.5398427789081934,0.0,0.0,0.46015722109180657,0.0,0.0,1.0,0.0,0.0,0.0,0.0,0.0,0.0,0.46015722109180657,0.5398427789081934,1.0,-0.3308297004199256,0.03834643509098388,0.23007861054590328,-0.7699213894540967,-2.0,-0.46015722109180657,-0.3333333333333333,0.669659354301086,0.5,-1.0,-0.21336827135373476,0.46015722109180657,-0.46015722109180657,0.43995507968805525,0.8,-0.3333333333333333,0.6920314442183613,0.6796297074007404,-0.3333333333333333,0.5430233015177787,-0.277125023300806
1.0,0.0,0.8379861221084154,0.1620138778915846,1.0,0.0,0.0,0.0,0.0,0.0,0.0,0.0,0.0,0.0,0.0,0.1620138778915846,0.0,0.1620138778915846,0.0,0.0,0.33047007870251366,-0.322158571229909,0.0,-0.8379861221084154,-0.3240277557831692,0.4189930610542077,1.6666666666666667,-0.5,0.4189930610542077,1.5139583663252463,1.2942283901740377,0.8379861221084154,-0.3240277557831692,1.9728670556368462,0.7351944488433662,3.495347211224918,0.5620138778915846,-0.6359146614972966,1.0192018964111713,0.4130936471814521,0.8561141296531908
0.0,1.0,0.0,1.0,0.0,1.0,0.0,0.0,0.0,0.0,0.0,0.0,0.0,0.0,0.0,0.1584703396899566,0.8415296603100434,0.0,1.0,1.0,-0.328289439809204,-0.16666666666666666,0.0,0.4207648301550217,-0.1584703396899566,0.0,-0.3333333333333333,-0.21949011322998552,-0.3415296603100434,-1.0,-0.9119609223944685,-1.1584703396899565,0.0,-0.4582354716500309,-0.47322372824803477,-0.3333333333333333,-0.5049177961860261,-1.2962524203986272,-0.3333333333333333,-0.18112110484607868,-0.4303149302947829
1.0,0.0,1.0,0.0,0.8464078493145573,0.0,0.15359215068544274,0.0,0.0,0.0,1.0,0.0,0.0,0.0,0.0,0.0,0.0,0.15359215068544274,0.8464078493145573,0.8464078493145573,-1.1008066417277025,0.03186077968074874,0.0,0.42320392465727863,-0.8464078493145573,0.42320392465727863,-0.3333333333333333,0.513074515981224,-0.42320392465727863,-0.8464078493145573,-0.9829342054793953,2.0,-0.15359215068544274,-0.5494868356163654,-0.5385631397258228,0.05119738356181425,-0.5385631397258228,-1.1928156986291145,0.89306361415545,-0.24875279526432545,-0.5280618134983186
0.0,1.0,1.0,0.0,0.0,0.0,0.044763687276521025,0.0,0.955236312723479,0.0,0.955236312723479,0.0,0.0,0.0,0.044763687276521025,0.0,0.0,0.044763687276521025,0.955236312723479,1.0,-0.6153846153846154,-0.17785758848579694,0.5,-0.044763687276521025,-0.08952737455304205,0.022381843638260512,-0.2736484169646385,-0.16666666666666666,0.022381843638260512,-1.0,-0.8739676597967152,0.044763687276521025,-1.0,-0.4221766161033541,-0.2,0.3333333333333333,-0.2,0.4776181563617394,1.2048141216146862,0.042754172749505825,-0.35659864232965316
0.0,1.0,0.0,1.0,0.8453278591167638,0.0,0.15467214088323622,0.0,0.0,0.0,0.0,0.0,0.0,0.0,0.0,1.0,0.0,0.0,1.0,0.8453278591167638,0.053953349978122955,1.4346584553418125,-0.07733607044161811,0.0,-0.15467214088323622,0.5,-0.3333333333333333,0.6151092863722546,0.5,-1.0,-0.01718579343147069,-0.8453278591167638,0.0,0.6921896941595377,0.8309344281766473,1.8453278591167637,0.8,0.4386192268958905,1.0662111223007606,0.5848896198738625,0.21692183352662653
1.0,0.0,0.0,1.0,0.0,0.0,0.0,0.0,1.0,0.0,0.0,0.0,0.0,0.0,0.0,0.37666744909500927,0.6233325509049907,1.0,0.0,0.37666744909500927,0.02205260616078486,-0.2802773213612446,-0.18833372454750463,-0.8116662754524954,0.0,0.0,0.3333333333333333,0.10388875848416512,-0.0650011736425139,0.0,-0.011480351307208925,0.37666744909500927,0.6233325509049907,-0.23190465012928438,-0.12466651018099816,0.0,-0.12466651018099816,0.11300023472850276,0.20605546427224897,-0.5424997174300425,-0.21237213623809192
0.0,1.0,0.4742373087003696,0.5257626912996304,0.4742373087003696,0.0,0.5257626912996304,0.0,0.0,0.0,0.4742373087003696,0.0,0.0,0.0,0.0,0.5257626912996304,0.0,0.0,0.4742373087003696,0.4742373087003696,-0.056297247822821084,0.2628813456498152,0.2628813456498152,-0.7371186543501849,0.0,-1.0,0.1580791029001232,0.2628813456498152,-0.2371186543501848,-1.0,-0.05841807681107004,-0.5257626912996304,-2.0,-0.21796609875709005,-0.3051525382599261,-0.1580791029001232,-0.10515253825992608,0.14227119261011084,-0.026638430075215547,-0.675123603892369,-0.46223784566027926
0.0,0.6556162679557668,0.3443837320442332,0.6556162679557668,0.6556162679557668,0.0,0.3443837320442332,0.0,0.0,0.0,0.3443837320442332,0.0,0.0,0.0,0.0,0.0,0.6556162679557668,0.0,1.0,0.0,-1.2333193227794383,0.30187208931858894,-0.3443837320442332,0.0,0.6556162679557668,-0.3278081339778834,-0.3333333333333333,-0.005525199355449956,0.5,-1.0,-1.038264859116026,-3.0,0.0,-0.6206262474348905,-0.6,-0.3333333333333333,-0.6,-1.5,-0.3333333333333333,-0.6802958304709226,-0.6988148658678824
1.0,0.0,0.3515401611342188,0.0,0.3515401611342188,0.0,0.0,0.0,0.0,0.6484598388657812,0.3515401611342188,0.0,0.0,0.0,0.0,0.0,0.0,0.3515401611342188,0.0,0.3515401611342188,-0.4344969106819832,-0.09243674723377608,0.0,-0.1757700805671094,-0.6484598388657812,0.5,1.3333333333333333,-0.3828199462885937,0.0,0.0,-0.40538442654064233,-2.2969196777315624,-1.3515401611342188,-0.24329718889549107,-0.2,0.11718005371140627,-0.2,-0.018767871092624955,0.5161215087905938,-0.3952949890362763,-0.6125570498119077
0.0,1.0,1.0,0.0,1.0,0.0,0.0,0.0,0.0,0.0,1.0,0.0,0.0,0.0,0.0,0.0,0.0,0.0,1.0,0.0,-1.2173528539395002,-0.02519570040450153,0.0,-0.20639677530337613,-1.0,-0.38080967408987165,-0.3333333333333333,0.4525236592434617,-0.5872064493932477,-1.0,-1.0,1.7616193481797433,-1.0,-0.5714285714285714,-0.6,0.0,-0.6,-1.5,0.8333333333333334,-0.30460448642266824,-1.3012257330376982
0.0,1.0,1.0,0.0,0.0,0.0,1.0,0.0,0.0,0.0,1.0,0.0,0.0,0.0,0.0,0.0,0.0,0.704925549688953,0.0,1.0,-0.38965547324440986,0.6325124083851745,0.14753722515552348,-0.29507445031104695,0.0,0.20492554968895305,0.704925549688953,-0.16666666666666666,0.14753722515552348,0.0,-0.32058037232590453,-1.0,-1.409851099377906,-0.08430698580315626,0.08197021987558123,-0.3333333333333333,0.08197021987558123,0.35246277484447647,-0.3333333333333333,-0.21915896524824968,-0.6933035061460929
1.0,0.0,1.0,0.0,0.4017139417318454,0.0,0.5982860582681546,0.0,0.0,0.0,0.4017139417318454,0.0,0.0,0.0,0.5982860582681546,0.0,0.0,0.0,1.0,0.4017139417318454,-0.1998681583283196,1.0968577734916167,0.2991430291340773,-1.0,-1.4017139417318454,0.0,-0.3333333333333333,1.4672379805772817,-0.09828605826815462,-1.0,0.22127003237119702,0.5982860582681546,0.0,0.9133063190103741,0.8,0.2649527249348213,0.8393144233072618,0.2487183378627295,-0.034190304199256005,0.5246110729760114,0.014572956974260531
0.0,1.0,1.0,0.0,0.0,0.0,1.0,0.0,0.0,0.0,0.0,0.0,0.5403184872388689,0.0,0.0,0.0,0.0,1.0,0.0,0.5403184872388689,1.267986295912802,0.5362950982213197,0.04031848723886888,0.22984075638056556,-0.5403184872388689,-0.7701592436194344,1.2069851539055356,0.6129086836815081,0.5,-0.5403184872388689,1.4139703078110712,-2.0806369744777378,-0.08063697447773777,0.6486169267484099,1.0161273948955476,1.026878991492579,1.0161273948955476,0.7915674636574171,0.5615087878225012,-0.38236651293899576,0.6102592903899684
0.0,1.0,1.0,0.0,0.07593341036962209,0.0,0.9240665896303779,0.0,0.0,0.0,1.0,0.0,0.0,0.0,0.0,0.0,0.0,0.07593341036962209,0.9240665896303779,0.0,-0.3018512761254137,0.1223721772843871,-0.037966705184811045,-1.0,0.0,-1.0,1.6666666666666667,1.3080221965434593,-1.0,-1.0,0.02531113678987403,-0.9240665896303779,1.0,0.04339052021121262,0.24556004622177327,-0.3080221965434593,0.24556004622177327,0.5075933410369621,-0.3156155375804215,-0.3725798975104741,-0.19875515844714137
0.0,1.0,1.0,0.0,0.07776534407895708,0.0,0.0,0.0,0.9222346559210429,0.0,0.9222346559210429,0.0,0.0,0.0,0.07776534407895708,0.0,0.0,0.0,1.0,0.07776534407895708,-1.2188053316801606,-0.23055866398026073,-0.07776534407895708,-0.8833519838815644,0.0,-0.9611173279605214,-0.3333333333333333,0.885176896052638,-0.5388826720394786,-1.0,-1.0,-1.0,0.0,-0.5714285714285714,-0.6,-0.3333333333333333,-0.6,-1.5,-0.3333333333333333,-0.30460448642266824,-0.5098299247965931
0.0,1.0,0.0,1.0,0.0,0.0023393906257782593,0.9976606093742217,0.0,0.0,0.0,0.0,0.0,0.0,0.0,0.0,0.0,1.0,0.0,1.0,0.0023393906257782593,-0.460998602163282,0.16588686979140724,0.0,-0.49766060937422174,0.0,0.49883030468711087,-0.3333333333333333,-0.16666666666666666,-0.0011696953128891296,-1.0,-1.0,-0.0023393906257782593,-0.9976606093742217,-0.5714285714285714,-0.6,-0.3333333333333333,-0.6,-1.5,-0.3333333333333333,-0.30460448642266824,-1.4575699253275443
0.03230061179291355,0.9676993882070865,1.0,0.0,0.03230061179291355,0.0,0.9676993882070865,0.0,0.0,0.0,0.0,0.0,0.0,0.0,0.0,0.0,0.0,1.0,0.0,0.9676993882070865,0.13645351672689282,1.8091078744886482,-0.9676993882070865,-0.5161503058964567,0.0,-0.9676993882070865,1.6235991842761153,0.7956492862416009,-0.5161503058964567,-1.0,0.7598329934483814,-1.0,0.0,-0.5714285714285714,-0.6,-0.3333333333333333,-0.6,-1.5,-0.3333333333333333,-1.272795600091996,0.28606414402539837
0.0,1.0,0.0,1.0,0.0,0.9947461814416151,0.005253818558384915,0.0,0.0,0.0,0.0,0.0,0.0,0.0,0.0,1.0,0.0,0.0,0.9947461814416151,0.005253818558384915,0.5352284193486861,0.16929357594585911,-0.0026269092791924575,-1.0,-2.0,0.0026269092791924575,1.99649745429441,-0.16579103024026917,-0.4947461814416151,-0.9894923628832302,-0.3333333333333333,-1.0,-1.0,-0.14435823387382427,-0.001050763711676983,0.0017512728527949717,-0.001050763711676983,0.30105076371167694,0.13905415798579696,-0.30747020563633276,0.06298354150436893
0.0,1.0,1.0,0.0,0.10309374601374488,0.0,0.0,0.0,0.8969062539862551,0.0,0.0,0.0,0.0,0.0,1.0,0.0,0.0,1.0,0.0,0.10309374601374488,-0.530531250306635,1.474226563496564,0.8969062539862551,-0.10309374601374488,-0.8969062539862551,-0.44845312699312756,0.9656354179954184,0.24742187832187926,-0.5,-1.0,-0.4329895837762505,-1.0,0.8969062539862551,-0.38438839456553786,-0.2,-0.034364582004581624,-0.4,-0.5515468730068726,0.3642604197670873,-0.6958208043085974,-0.6612929084145708
0.0,1.0,0.0,1.0,0.0,0.3145965568094109,0.0,0.0,0.6854034431905891,0.0,0.0,0.0,0.0,0.0,0.0,0.0,1.0,0.0,0.6854034431905891,0.6854034431905891,-0.8504777176593667,-0.47378362026588244,-1.0,-0.6854034431905891,0.0,-0.6572982784047054,-0.4381988522698036,0.07116953599215758,-0.5,-0.6854034431905891,-0.47939961742326787,0.6854034431905891,0.0,-0.04494236525848727,0.0,-0.1048655189364703,0.07416137727623565,0.24832275455247121,-0.06678754987032645,0.13024262455817215,-0.4409270198472011
0.0,1.0,1.0,0.0,1.0,0.0,0.0,0.0,0.0,0.0,1.0,0.0,0.0,0.0,0.0,0.0,0.0,1.0,0.0,1.0,-0.911121654684659,-0.16357072840968284,-0.0962848740916194,-0.0962848740916194,0.6148605036335224,-1.0,-0.3333333333333333,0.8457170863612686,0.0962848740916194,0.8074302518167612,-1.0,-1.1925697481832387,0.0,-0.6867757502595373,-0.6,-0.3333333333333333,-0.6,-1.5,-0.3333333333333333,-1.1854374884045895,-1.0177753818617468
0.9620987857641177,0.03790121423588233,0.0,1.0,0.0,0.9620987857641177,0.03790121423588233,0.0,0.0,0.0,0.0,0.0,0.0,0.0,0.0,0.0,1.0,0.0,1.0,0.9620987857641177,-1.349629648397647,-0.15403292858803921,0.0,-0.5,0.0,-0.46209878576411767,-0.3333333333333333,-0.006316869039313722,0.48104939288205883,-1.0,-1.106899865084902,0.0,-0.03790121423588233,-0.7088712551091597,-0.6,-0.3333333333333333,-0.6,-1.5,-0.3333333333333333,-1.354166798165342,-0.9536798651609371
0.0,1.0,0.0,1.0,0.0,0.0,1.0,0.0,0.0,0.0,0.0,0.0,0.0,0.0,0.0,0.0,1.0,0.0,1.0,0.0,-1.0692411990706585,-0.2941745759619161,0.0,-0.10499322060407196,-0.7900135587918561,0.10499322060407196,-0.3333333333333333,-0.16666666666666666,0.39500677939592804,-1.0,-0.9122207156897937,0.0,-1.0,-0.4585694916011634,-0.28399457648325754,-0.3333333333333333,-0.28399457648325754,0.08002711758371217,-0.3333333333333333,-0.01732682868017521,-0.9804569198564681
0.0,1.0,1.0,0.0,0.0,0.0,1.0,0.0,0.0,0.0,0.6905602324456406,0.0,0.0,0.0,0.3094397675543594,0.0,0.0,0.0,0.3094397675543594,1.0,-0.602609355932268,0.9820798256657696,0.3452801162228203,-1.0,-0.3094397675543594,-0.5,0.20629317836957295,0.19434639548008592,0.19056023244564058,-0.3094397675543594,-0.5555555555555556,-1.6188795351087188,0.0,-0.3299199667934799,-0.2,-0.12704015496376037,-0.2,0.15471988377717966,0.14801741619567022,-0.4171280382606171,-0.7184476595414435
1.0,0.0,0.0,1.0,0.5213006674135694,0.4786993325864306,0.0,0.0,0.0,0.0,0.0,0.0,0.0,0.0,0.0,0.0,1.0,0.0,1.0,1.0,-0.7896686660346721,-0.18086711160904625,0.0,0.5,0.0,-0.021300667413569396,-0.3333333333333333,-0.2606503337067847,-0.7606503337067847,-1.0,-0.8309665925096034,-0.5213006674135694,0.5213006674135694,-0.35409990465520436,-0.2,0.014200444942379598,-0.2,0.23934966629321525,0.27485077864916435,0.1538138167434352,-0.7356942137237575
0.9132947881378164,0.0867052118621836,1.0,0.0,1.0,0.0,0.0,0.0,0.0,0.0,0.0867052118621836,0.0,0.0,0.0,0.9132947881378164,0.0,0.0,0.0,1.0,1.0,-0.25433525423865627,-0.1522157980229694,-0.4566473940689082,-1.0,0.9132947881378164,-0.0867052118621836,0.3333333333333333,0.0,-0.9566473940689082,-1.0,-0.20295439736395918,-0.9132947881378164,-0.1734104237243672,-0.14285714285714285,-0.3826589576275633,-0.3333333333333333,0.0,0.29999999999999993,-0.3333333333333333,-0.4411034769438246,-0.6970708189869225
0.9581707930039304,0.04182920699606962,0.0,1.0,0.0,1.0,0.0,0.0,0.0,0.0,0.0,0.0,0.0,0.0,0.0,0.0,1.0,0.0,0.04182920699606962,0.0,-0.1699343103831037,-0.07287603158431594,-0.4790853965019652,0.4581707930039304,-2.0,-0.02091460349803481,-0.6527235976679768,0.3124187298352985,0.4790853965019652,-0.04182920699606962,-0.7824254674440078,0.0,-0.9581707930039304,-0.42857142857142855,-0.2,0.013943068998689856,-0.5832683172015721,-1.416341586007861,0.4769782721080541,-0.2893938656968248,-0.7133802618800278
1.0,0.0,1.0,0.0,1.0,0.0,0.0,0.0,0.0,0.0,0.24160758605431853,0.0,0.0,0.0,0.7583924139456815,0.0,0.0,0.0,1.0,1.0,-0.7057283288068359,1.054255287585189,-0.37919620697284073,0.5,-1.0,0.5,-0.3333333333333333,1.425059080612348,-0.5,-1.0,-1.0,0.48321517210863707,-0.7583924139456815,-0.5714285714285714,-0.6,0.0,-0.6,-1.5,0.8333333333333334,-0.30460448642266824,-0.6428647539123513
0.6389493853342618,0.3610506146657382,1.0,0.0,1.0,0.0,0.0,0.0,0.0,0.0,1.0,0.0,0.0,0.0,0.0,0.0,0.0,0.0,1.0,0.6389493853342618,-1.202996106564174,0.03701687155524608,0.0,0.3194746926671309,-1.0,-0.04157592199860727,-0.3333333333333333,0.36579115444521815,-0.6805253073328691,-1.0,-1.0,2.3610506146657384,-0.3610506146657382,-0.5714285714285714,-0.6,0.0,-0.6,-1.5,0.8333333333333334,-0.30460448642266824,-0.7609476892695162
0.24096415446115016,0.0,0.0,1.0,0.0,1.0,0.0,0.0,0.0,0.0,0.0,0.0,0.0,0.0,0.0,1.0,0.0,0.24096415446115016,0.7590358455388498,1.0,-0.20945326641411158,1.140562423435671,0.12048207723057508,-1.0,0.7590358455388498,0.5,1.4377503062573165,-0.24698805148705,-0.3795179227694249,-1.0,-0.0843373161709833,0.24096415446115016,-0.7590358455388498,0.1721172531865358,0.040964154461150204,-0.3333333333333333,0.3927713235689201,0.5438116644474817,-0.3333333333333333,-0.08952904277139373,0.06854528799392995
0.7241033292731386,0.2758966707268614,1.0,0.0,0.7241033292731386,0.0,0.0,0.0,0.2758966707268614,0.0,1.0,0.0,0.0,0.0,0.0,0.0,0.0,0.0,1.0,0.2758966707268614,-1.0052864080701513,0.13504305386380774,-0.22410332927313859,-0.7241033292731386,-0.7241033292731386,0.0,-0.3333333333333333,0.6781205508186617,0.0,-1.0,-0.8888888888888888,-0.7241033292731386,-1.7241033292731385,-0.42857142857142855,-0.2,0.3333333333333333,-0.2,0.4999999999999999,1.222222222222222,0.059031877213695266,-0.5436090154439694
0.0,1.0,1.0,0.0,0.0,0.0,0.36276842021051314,0.0,0.6372315797894869,0.0,0.0,0.0,0.0,0.0,1.0,0.0,0.0,0.6372315797894869,0.36276842021051314,0.36276842021051314,-0.4268404860890729,1.5,0.6372315797894869,-0.36276842021051314,-1.0,-0.5,0.8790771932631622,0.5751789468070088,-0.5,-1.0,-0.484752046690057,-1.7255368404210263,0.6372315797894869,-0.42857142857142855,-0.2,0.1209228067368377,-0.3274463159578974,-0.13723157978948697,0.7265976601637324,-0.7344467284787188,-0.6770326270872942
1.0,0.0,0.01942319982001184,0.9805768001799882,0.01942319982001184,0.9805768001799882,0.0,0.0,0.0,0.0,0.0,0.0,0.0,0.0,0.01942319982001184,0.9805768001799882,0.0,0.0,1.0,0.01942319982001184,0.371168553970761,-0.23057680017998816,-0.01942319982001184,-0.9902884000899941,-0.03884639964002368,-0.5097115999100059,-0.3333333333333333,0.6796154665466745,-0.00971159991000592,-1.0,-0.21790595559555292,2.0,0.0,0.43412091423428906,0.7805768001799882,1.9935256000599961,0.8,0.8250931879551465,1.470952406831576,0.5447364810625112,0.5799787088240209
0.0,1.0,0.09663618736397506,0.9033638126360249,0.0,0.9033638126360249,0.09663618736397506,0.0,0.0,0.0,0.09663618736397506,0.0,0.0,0.0,0.0,0.0,0.9033638126360249,1.0,0.0,1.0,-0.8238531875313904,1.040265078068323,-0.45168190631801247,0.0,-0.9033638126360249,-0.5,-0.3333333333333333,0.6505606354393374,0.0,2.0,-1.0,-0.9033638126360249,0.0,-0.5714285714285714,-0.580672762527205,-0.3333333333333333,-0.6,-1.5,-0.3333333333333333,-0.30460448642266824,-0.6951662166498715
0.3533350808828366,0.6466649191171634,1.0,0.0,0.0,0.0,0.3533350808828366,0.0,0.6466649191171634,0.0,1.0,0.0,0.0,0.0,0.0,0.0,0.0,0.0,0.6466649191171634,0.0,-1.0133322579182544,-0.33833377022070915,0.0,-1.0,-0.3533350808828366,-0.8233324595585817,-0.3333333333333333,0.5977766127447757,-0.6766675404414183,-0.2933298382343268,-1.0,-1.0,0.0,-0.5714285714285714,-0.6,-0.3333333333333333,-0.6,-1.5,-0.3333333333333333,-0.30460448642266824,-0.5418020907350017
0.6931752114569247,0.30682478854307527,0.0,1.0,0.0,0.6931752114569247,0.30682478854307527,0.0,0.0,0.0,0.0,0.0,0.0,0.0,0.0,0.0,1.0,0.0,1.0,0.6931752114569247,-1.2307692307692308,-0.01231445998346059,0.0,0.34658760572846237,-0.30682478854307527,0.34658760572846237,-0.3333333333333333,-0.0511374647571792,-0.19317521145692473,-1.0,-0.8888888888888888,0.0,-0.30682478854307527,-0.42857142857142855,-0.2,-0.3333333333333333,-0.2,0.4999999999999999,-0.3333333333333333,0.059031877213695266,-0.7685807101806696
1.0,0.0,1.0,0.0,0.0,0.0,1.0,0.0,0.0,0.0,0.05159580665871,0.0,0.0,0.0,0.94840419334129,0.0,0.0,0.0,0.0,0.94840419334129,0.551882084112357,-0.5,-0.474202096670645,-0.05159580665871,-0.05159580665871,-0.5,-0.3333333333333333,-0.3075354300039783,-0.05159580665871,1.9484041933412901,-0.4731087814770611,-1.0,-0.94840419334129,-0.029483318090691425,-0.030957483995225996,0.2989361288941933,-0.030957483995225996,-0.077393709988065,0.4043143725987811,0.1388052663083245,-0.7183641810542549
0.0,1.0,0.3300825354499608,0.6699174645500392,0.0,0.0,0.6699174645500392,0.0,0.3300825354499608,0.0,0.3300825354499608,0.0,0.0,0.0,0.0,0.6699174645500392,0.0,0.3300825354499608,0.6699174645500392,0.0,1.486929425803843,-0.2791322768958497,-0.8349587322750196,0.1650412677249804,0.0,0.3349587322750196,1.106776713933281,0.05826455379169926,0.1650412677249804,-0.6699174645500392,0.2955738967666579,0.3300825354499608,-1.3300825354499608,0.6185832193499944,0.9320330141799844,2.220055023633307,0.3300825354499608,-0.1768942045595957,1.3910227597755953,0.09650977732838281,-0.21966147702314953
1.0,0.0,1.0,0.0,1.0,0.0,0.0,0.0,0.0,0.0,0.9558345622898998,0.0,0.0,0.0,0.044165437710100175,0.0,0.0,0.0,1.0,1.0,-1.2001931585083923,-0.017085176768183066,-0.022082718855050087,0.5,-1.0,0.5,-0.3333333333333333,0.7108321043767668,-0.5,-1.0,-1.0,1.9116691245797997,-0.044165437710100175,-0.5714285714285714,-0.6,0.0,-0.6,-1.5,0.8333333333333334,-0.30460448642266824,-0.5189989366157534
0.0,0.588263756969931,0.0,1.0,0.0,1.0,0.0,0.0,0.0,0.0,0.0,0.0,0.0,0.0,0.0,1.0,0.0,0.0,1.0,1.0,-0.24434827030306633,0.1666263442925976,0.2941318784849655,-0.41173624303006895,-0.1765275139398621,-0.08826375696993105,1.803912081010023,-0.2647106261616552,-0.20586812151503447,-1.0,-0.24183639043776245,0.0,-1.0,-0.252113038701399,-0.2,0.05884250464662072,-0.035305502787972426,0.4999999999999999,0.5817436219532259,-0.6254756265880852,0.4055923871872838
1.0,0.0,1.0,0.0,0.0006465004341651426,0.0,0.0,0.9993534995658349,0.0,0.0,0.0,0.0,0.0,0.0,0.0006465004341651426,0.0,0.0,0.0,1.0,0.9993534995658349,-0.5383620768562822,0.5827407079353486,-0.9993534995658349,0.0003232502170825713,0.0,0.49967674978291743,-0.6664511665219449,-0.3333333333333333,-1.0,-1.0,-0.11125477787425891,-1.9993534995658349,-0.0012930008683302852,0.42847907136654784,0.7993534995658349,2.0,0.8,0.8335218959599648,1.4816281413021948,0.3500467591029225,0.39181768385537896
0.0,1.0,0.44419341856282035,0.5558065814371796,1.0,0.0,0.0,0.0,0.0,0.0,0.0,0.0,0.44419341856282035,0.0,0.0,0.0,0.5558065814371796,0.44419341856282035,0.0,1.0,-1.0341687245048323,-0.14806447285427343,-0.44419341856282035,-0.22209670928141018,0.0,0.2779032907185898,-0.48139780618760675,1.0186021938123933,-0.7220967092814101,0.0,-0.72842295349302,-0.5558065814371796,0.44419341856282035,-0.2857142857142857,-0.2,-0.3333333333333333,-0.2,0.0,-0.3333333333333333,0.09547766750222685,-0.49455523070372037
0.0,1.0,0.5267898819186666,0.4732101180813334,0.4732101180813334,0.0,0.5267898819186666,0.0,0.0,0.0,0.0,0.0,0.0,0.0,0.0,0.4732101180813334,0.0,1.0,0.0,0.0,0.7692307692307693,0.7328907250921111,-0.2633949409593333,0.2633949409593333,0.0,-0.5,0.8244033726937778,1.2544649803197778,0.2633949409593333,0.9464202361626668,0.38591223534237035,-1.0,0.5267898819186666,0.5038271259883809,0.8,0.19345654858533323,0.8,0.7104156942189778,0.03541958400973333,-0.1059949561979479,0.46153822130003547
1.0,0.0,1.0,0.0,1.0,0.0,0.0,0.0,0.0,0.0,0.0,0.0,0.6871451434944125,0.0,0.31285485650558753,0.0,0.0,0.0,1.0,0.0,-0.38461538461538464,-0.4478575239157354,0.6871451434944125,0.15642742825279377,0.6871451434944125,-0.34357257174720623,-0.3333333333333333,-0.4478575239157354,-1.0,-1.0,-0.10428495216852918,-1.0,-0.6257097130111751,0.5802050614976053,0.6245741721932949,1.3128548565055875,0.8,0.6330665449983184,0.888444241663864,0.5646873011099739,0.19956518216018682
0.0,1.0,1.0,0.0,0.12052257878646444,0.0,0.0,0.0,0.8794774212135356,0.0,0.0,0.0,0.12052257878646444,0.0,0.8794774212135356,0.0,0.0,1.0,0.0,0.12052257878646444,-0.48283573286778564,1.4799129035355894,0.8192161318203033,-0.06026128939323222,-1.0,-0.4397387106067678,0.9196516141423571,0.2730720439401011,-0.5602612893932322,-1.0,-0.4176616491585634,-1.1205225787864643,0.8794774212135356,-0.44578893982663775,-0.2482090315145858,-0.040174192928821476,-0.4,-0.4397387106067679,0.350704660943861,-0.8180503173023603,-0.5470499278224279
0.0,1.0,0.2689763285417184,0.0,0.0,0.0,0.2689763285417184,0.0,0.7310236714582816,0.7310236714582816,0.0,0.0,0.0,0.0,0.2689763285417184,0.0,0.0,0.7310236714582816,0.2689763285417184,0.2689763285417184,-0.17453664065705526,0.5253017713889578,0.3655118357291408,-1.0,-0.2689763285417184,-0.1344881642708592,-0.06435700479161499,0.39081360711809865,0.23102367145828162,-1.0,-0.7992301127083161,-3.0,0.0,-0.42857142857142855,-0.2,0.3333333333333333,-0.2,0.4999999999999999,1.222222222222222,-0.13658727081664535,-0.616809433416022
0.19259902778563043,0.8074009722143696,0.8074009722143696,0.19259902778563043,1.0,0.0,0.0,0.0,0.0,0.0,0.0,0.0,0.0,0.0,0.8074009722143696,0.0,0.19259902778563043,0.0,1.0,0.0,-0.38461538461538464,-0.029016099541617768,0.09629951389281521,-0.9037004861071848,-1.1925990277856304,-0.4037004861071848,-0.3333333333333333,-0.3333333333333333,-0.09629951389281521,-1.0,-1.0,0.0,0.8074009722143696,-0.5714285714285714,-0.6,-0.3333333333333333,-0.6,-1.5,-0.3333333333333333,-0.30460448642266824,-1.2993503562133006
0.0,1.0,0.0,1.0,0.0,0.8847179787527156,0.11528202124728437,0.0,0.0,0.0,0.0,0.0,0.0,0.0,0.0,0.0,1.0,0.0,1.0,0.0,-0.6182721685558122,0.09941882093908411,0.0,-0.4423589893763578,-1.8847179787527155,-0.4423589893763578,-0.3333333333333333,-0.16666666666666666,0.057641010623642186,-1.0,-0.8888888888888888,0.0,-0.11528202124728437,-0.42857142857142855,-0.2,0.2564786525018104,-0.2,0.4999999999999999,1.0428946336153353,0.059031877213695266,-0.5999607711427294
0.0,1.0,1.0,0.0,0.0,0.0,1.0,0.0,0.0,0.0,1.0,0.0,0.0,0.0,0.0,0.0,0.0,0.5782373402694875,0.0,1.0,-0.45787220139335294,0.6536271099550854,0.21088132986525626,-0.4217626597305125,0.0,0.07823734026948748,0.5782373402694875,-0.16666666666666666,0.21088132986525626,0.0,-0.3628097754657264,-1.0,-1.156474680538975,-0.12050361706586071,0.03129493610779499,-0.3333333333333333,0.03129493610779499,0.2891186701347437,-0.3333333333333333,-0.23451511184454854,-0.6964656953384554
1.0,0.0,0.0,1.0,1.0,0.0,0.0,0.0,0.0,0.0,0.0,0.0,0.0,0.0,0.0,0.2046581620409026,0.7953418379590974,1.0,0.0,0.0,-0.2253944284143431,0.655434522381053,0.5,-0.6023290810204514,-0.7953418379590974,-1.0,-0.2651139459863658,0.5302278919727316,0.1023290810204513,0.2046581620409026,-0.90904081687071,-0.5906836759181948,0.7953418379590974,-0.5714285714285714,-0.5590683675918194,-0.3333333333333333,-0.6,-1.5,-0.3333333333333333,-0.4534467860887792,-0.7127879318887221
1.0,0.0,0.0,0.0,0.7450645481202204,0.0,0.0,0.0,0.0,1.0,0.0,0.0,0.0,0.0,0.0,0.0,0.0,0.0,0.0,0.7450645481202204,-0.6907890917292986,0.6421317444234986,0.3725322740601102,-0.3725322740601102,-0.2549354518797796,0.1274677259398898,-0.1567957629071075,-0.5,-0.3725322740601102,0.0,-0.2788745448621732,-1.5098709037595592,-1.0,0.17645623490866585,0.5450645481202203,0.0,-0.49802581924808814,-1.1940774577442645,0.002947037412294795,0.18667998545829675,-0.6291739649017682
0.054882614646474925,0.9451173853535251,1.0,0.0,0.0,0.0,0.0,0.054882614646474925,0.9451173853535251,0.0,0.9451173853535251,0.0,0.0,0.0,0.0,0.0,0.0,0.0,0.054882614646474925,1.0,-0.5384615384615384,0.032014858543777044,-0.054882614646474925,-0.47255869267676254,0.0,0.027441307323237463,0.2784507186868584,-0.17581376910774582,-1.0,0.8902347707070501,-0.006098068294052769,-1.054882614646475,0.0,0.2935546592352107,0.8,2.0,0.8,1.1089925707281114,1.695883110566309,0.012510628889131015,-0.34286591416792067
0.0,1.0,1.0,0.0,0.0,0.0,1.0,0.0,0.0,0.0,0.0,0.0,0.0,0.0,1.0,0.0,0.0,0.4551436850361561,0.5448563149638439,0.4551436850361561,-0.6153846153846154,-0.4166666666666667,0.5,-0.4551436850361561,-0.9102873700723122,0.22757184251807805,1.1816187716546147,0.19657087664256262,0.5,-1.0,-0.5555555555555556,0.4551436850361561,-1.0,-0.363550902137692,-0.2,0.3333333333333333,-0.3089712629927688,-0.272428157481922,1.045221900263717,-0.5027340555004296,-0.22850211775755735
0.0,0.5224345760711689,0.47756542392883106,0.5224345760711689,0.5224345760711689,0.0,0.47756542392883106,0.0,0.0,0.0,0.47756542392883106,0.0,0.0,0.0,0.0,0.0,0.5224345760711689,0.0,1.0,0.0,-1.2640535593681916,0.257478192023723,-0.47756542392883106,0.0,0.5224345760711689,-0.26121728803558447,-0.3333333333333333,-0.07211604529774884,0.5,-1.0,-1.0530628248809812,-3.0,0.0,-0.6396522034184045,-0.6,-0.3333333333333333,-0.6,-1.5,-0.3333333333333333,-0.825584948890484,-0.743877978203375
0.0,1.0,0.0,1.0,0.0,1.0,0.0,0.0,0.0,0.0,0.0,0.0,0.0,0.0,0.0,1.0,0.0,0.0,1.0,1.0,-0.4170625690382086,-0.09083442974033706,0.14454665062582217,0.17772667468708891,-0.6445466506258222,-0.3222733253129111,1.1927288675010963,-0.3925755582290296,0.17772667468708891,-1.0,-0.3728281499304642,-1.0663600481225335,-0.6445466506258222,-0.42857142857142855,-0.34218133974967113,0.3333333333333333,-0.2,0.4999999999999999,1.222222222222222,-0.8223613682896154,0.6488946214227695
0.0,1.0,1.0,0.0,1.0,0.0,0.0,0.0,0.0,0.0,1.0,0.0,0.0,0.0,0.0,0.0,0.0,0.0,1.0,0.34983264955677185,-0.607769546358413,1.5,0.17491632477838592,-1.0,-1.3003347008864563,0.17491632477838592,-0.3333333333333333,0.36633196578021043,0.0,-1.0,-1.0,-1.0,-1.3498326495567718,-0.5714285714285714,-0.6,-0.3333333333333333,-0.4,0.0,-0.3333333333333333,-0.30460448642266824,-0.6775913982257147
0.0,1.0,0.0,1.0,0.0,1.0,0.0,0.0,0.0,0.0,0.0,0.0,0.0,0.0,0.0,0.0,1.0,0.0,1.0,0.6353027505426941,-0.5674128456528977,-0.10588379175711568,-0.36469724945730586,0.13530275054269414,0.0,-0.18234862472865293,-0.3333333333333333,-0.16666666666666666,-0.5,-1.0,-1.0,-0.6353027505426941,0.0,-0.5714285714285714,-0.6,-0.21176758351423136,-0.6,-1.5,0.09214679103352352,-0.30460448642266824,-0.5576961528559686
1.0,0.0,0.439322805996486,0.560677194003514,1.0,0.0,0.0,0.0,0.0,0.0,0.0,0.0,0.0,0.0,0.439322805996486,0.560677194003514,0.0,0.0,1.0,1.0,0.3392429161579007,0.8612415223397759,-0.5,-0.719661402998243,1.0,0.0,0.5202257313345047,-0.18689239800117133,-0.15898420899472898,-1.0,-0.2222222222222222,-1.0,0.0,-0.06276040085664085,-0.06359368359789158,-0.146440935332162,0.0,0.13179684179894577,-0.11529220233196677,-0.28989486363393757,-0.17088730385394424
0.0,1.0,0.0,1.0,0.0,1.0,0.0,0.0,0.0,0.0,0.0,0.0,0.0,0.0,0.0,0.0,1.0,0.0,1.0,1.0,-0.7896256635525224,0.5684956645542109,-0.5189381161559136,0.5,0.0,0.0,-0.3333333333333333,0.35227144948924694,0.018938116155913565,-1.0,-1.0576597906839904,-1.0,-0.5189381161559136,-0.6455625880222734,-0.6,-0.3333333333333333,-0.6,-1.5,-0.3333333333333333,-0.870718794956392,-0.7989830724906816
0.0,1.0,0.8849983565232811,0.11500164347671893,0.0,0.11500164347671893,0.8849983565232811,0.0,0.0,0.0,0.8849983565232811,0.0,0.0,0.0,0.0,0.11500164347671893,0.0,1.0,0.0,0.8849983565232811,-0.5888457745822957,1.339998904348854,0.057500821738359464,-0.11500164347671893,0.0,-0.44249917826164054,-0.294999452174427,0.4233322376821874,-0.11500164347671893,2.0,-0.8849983565232811,-0.11500164347671893,0.0,-0.5714285714285714,-0.42300032869534376,-0.3333333333333333,-0.6,-1.5,-0.3333333333333333,-0.4072505814266818,-0.5632133760824561
0.0,1.0,0.0,1.0,1.0,0.0,0.0,0.0,0.0,0.0,0.0,0.0,0.0,0.0,0.0,1.0,0.0,1.0,0.0,0.0,-0.49767191287423845,0.36118059016934967,-0.46973486736509984,-0.03026513263490016,-1.0,-1.0,-0.3333333333333333,-0.3434217108783001,-0.20460230104764976,0.0,0.05219276304056664,0.5302651326349002,-0.9394697347301997,0.7813906953378714,1.0,1.196931799301567,1.0818409204190598,0.6866615125339227,0.6155615687104236,0.5957217097321267,0.506289272854312
0.0,0.4410321617481616,1.0,0.0,1.0,0.0,0.0,0.0,0.0,0.0,0.5589678382518384,0.0,0.0,0.0,0.4410321617481616,0.0,0.0,0.0,1.0,0.5589678382518384,-0.04063517646040715,-0.19615058579258587,0.0,-1.0,-1.0,-0.7794839191259192,-0.14701072058272052,0.6914410367950371,-0.2794839191259192,-1.0,-0.3789246241646241,-0.5589678382518384,1.0,-0.5714285714285714,-0.6,-0.3333333333333333,-0.6,-1.5,-0.3333333333333333,-0.8127570666516122,-0.7477776941527738
0.0,1.0,0.0,1.0,0.0,0.40448544968185074,0.5955145503181493,0.0,0.0,0.0,0.0,0.0,0.0,0.0,0.0,0.0,1.0,0.0,1.0,0.40448544968185074,-0.36819566545803445,0.03183818343938308,0.0,-0.09551455031814926,0.0,0.29775727515907463,-0.3333333333333333,-0.16666666666666666,-0.20224272484092537,-1.0,-1.0,-0.40448544968185074,-0.5955145503181493,-0.5714285714285714,-0.6,-0.3333333333333333,-0.6,-1.5,-0.3333333333333333,-0.30460448642266824,-1.0861261903785717
0.0,1.0,0.0,0.5724277594334657,0.5724277594334657,0.0,0.0,0.0,0.0,0.4275722405665343,0.0,0.0,0.0,0.0,0.0,0.0,0.5724277594334657,0.0,0.0,1.0,-0.5395375870821937,-0.03563102004721119,0.21378612028326716,0.0,0.0,-0.14135836084980147,0.09423890723320094,1.2379287067610891,-0.07242775943346569,-0.4275722405665343,-0.5877456708593181,-0.5724277594334657,0.0,-0.2857142857142857,-0.2,-0.3333333333333333,-0.2,0.0,-0.3333333333333333,-0.10898177415892363,-0.7889449358335636
0.0,1.0,0.0,1.0,0.8039769794008976,0.0,0.19602302059910237,0.0,0.0,0.0,0.0,0.0,0.0,0.0,0.0,1.0,0.0,1.0,0.0,0.0,0.0015296074618836863,-0.45099424485022443,0.5,-0.7059654691013464,-1.1960230205991023,0.09801151029955119,0.7386359725345302,-0.5,0.0,-1.0,0.7124367709114103,-1.0,-1.8039769794008977,1.2857142857142858,-0.1255677711612566,3.2026513196005983,0.8392046041198205,-0.060795395880179515,1.3167928380358347,0.36798514481096645,0.712231830137502
0.0,1.0,0.0,1.0,0.0,0.0,1.0,0.0,0.0,0.0,0.0,0.0,0.0,0.0,0.0,1.0,0.0,0.46159850961921245,0.0,0.46159850961921245,-0.1005547633112539,0.11533457531732294,0.03840149038078755,-0.03840149038078755,0.0,-0.5384014903807876,0.3077323397461416,0.5769330849365354,-0.46159850961921245,-1.0,0.0427550587619597,-0.5384014903807876,-1.5384014903807874,-0.41759957417691784,-0.4923197019238425,-0.1538661698730708,-0.38463940384768497,-0.6923977644288186,-0.019265797277873864,-0.9656342505450262,-0.0658304173525728
1.0,0.0,1.0,0.0,0.0,0.0,1.0,0.0,0.0,0.0,0.6616551750805415,0.0,0.0,0.0,0.3383448249194585,0.0,0.0,0.0,1.0,0.0,-0.3325623346277756,1.8333333333333333,-0.1616551750805415,-0.3383448249194585,-1.0,-0.33082758754027075,-0.5538850583601804,0.12029884568567395,-0.5,-1.0,-0.14369348896048129,-0.323310350161083,0.6616551750805415,0.38667979990795254,0.4030068949516751,0.2255632166129723,0.4706758599355668,0.40333005002301175,0.09314942499105094,0.2754166501739309,-0.26289293405164144
0.262144233093475,0.737855766906525,0.737855766906525,0.0,0.0,0.0,0.737855766906525,0.0,0.0,0.262144233093475,0.0,0.0,0.737855766906525,0.0,0.0,0.0,0.0,0.737855766906525,0.0,0.262144233093475,0.07318638981739231,0.04208574124691444,0.0,-0.1310721165467375,0.0,-0.6310721165467374,1.1035737218224584,-0.32523717793768336,-0.737855766906525,1.262144233093475,-0.2168247852917889,-1.0,0.0,-0.07489835231242142,-0.2,-0.08738141103115832,0.09514230676260998,0.36892788345326244,-0.046389423980795874,-0.24635885895369325,0.15034033196417917
0.0,1.0,1.0,0.0,0.5201681098787319,0.0,0.0,0.0,0.47983189012126815,0.0,1.0,0.0,0.0,0.0,0.0,0.0,0.0,0.0,0.5201681098787319,0.5201681098787319,-0.6153846153846154,1.1367647307625937,0.0,0.0,-1.0,0.23991594506063407,1.0,-0.15994396337375605,-0.7399159450606341,-0.5201681098787319,-0.4444444444444444,0.04033621975746371,-0.47983189012126815,-0.14285714285714285,-0.29596637802425363,-0.3333333333333333,0.0,0.29999999999999993,-0.3333333333333333,-0.14876033057851248,-0.7899002355514404
0.0,1.0,1.0,0.0,0.0,0.0,1.0,0.0,0.0,0.0,1.0,0.0,0.0,0.0,0.0,0.0,0.0,0.42681705665486436,0.0,1.0,-0.5394062002627653,0.678863823890856,0.2865914716725678,-0.5731829433451356,0.0,-0.07318294334513564,0.42681705665486436,-0.16666666666666666,0.2865914716725678,0.0,-0.4132832033372674,-1.0,-0.8536341133097287,-0.16376655524146733,-0.029273177338054263,-0.3333333333333333,-0.029273177338054263,0.21340852832743212,-0.3333333333333333,-0.252869085616018,-0.7002452071536808
1.0,0.0,1.0,0.0,0.8766653778624495,0.0,0.0,0.12333462213755053,0.0,0.0,0.0,0.0,0.8766653778624495,0.0,0.0,0.0,0.0,0.0,1.0,0.12333462213755053,-0.40358994186731545,-0.36638749268432036,0.7533307557248989,0.0,0.8766653778624495,-0.37666537786244947,-0.37444487404585014,-0.47944422964374156,-1.0,-1.0,-0.013703846904172284,-1.1233346221375506,0.0,0.6790472508178427,0.9753330755724899,1.1233346221375506,0.8,0.4614146881795669,0.6343334564090135,0.5586018183908733,0.38027781050220055
0.0,1.0,0.0,1.0,0.41750608402789213,0.5824939159721079,0.0,0.0,0.0,0.0,0.0,0.0,0.0,0.0,0.0,1.0,0.0,0.0,1.0,1.0,0.36674059727582575,0.34876115405113567,0.5,-0.41750608402789213,-0.5824939159721079,-0.7087530420139461,1.5274979719907027,-0.2637489859953513,-0.20875304201394607,-1.0,0.037783185802570785,-0.41750608402789213,-1.0,-0.42857142857142855,-0.2,0.3333333333333333,-0.2,0.4999999999999999,1.222222222222222,-0.9639243275211842,0.6718644239731905
0.0,1.0,1.0,0.0,1.0,0.0,0.0,0.0,0.0,0.0,1.0,0.0,0.0,0.0,0.0,0.0,0.0,1.0,0.0,0.0,-0.5919648311234386,0.38495237547965633,-0.5,0.5,0.0,-0.2309714252877938,-0.3333333333333333,0.28171429118701036,-1.0,0.0,-0.4619428505755876,0.0,-0.9238857011511752,0.12035919211710178,-0.1695542804604701,-0.15398095019186253,-0.4923885701151175,-1.3532571410660694,-0.21919999860694278,0.17564487008837742,-0.3723088522171015
0.0,1.0,1.0,0.0,0.009658686658222893,0.0,0.0,0.9903413133417771,0.0,0.0,0.9903413133417771,0.0,0.0,0.0,0.009658686658222893,0.0,0.0,0.9903413133417771,0.009658686658222893,1.0,-0.5392045143583248,0.07769909944937003,0.4903413133417771,-0.5048293433291114,-2.0,-0.9951706566708886,-0.3140159600168875,-0.49678043778059244,0.5,-1.0,-0.3301137711139257,1.0,-0.9903413133417771,0.2857142857142857,0.8,-0.3236746466751105,0.8,1.125,-0.3248819825073882,0.5085484287883396,-0.8183282908441454
0.9997624764241154,0.0002375235758845795,0.0,0.0,0.0,0.0,0.0,0.0,0.0,1.0,0.0,0.0,0.0,0.0,0.0,0.0,0.0,1.0,0.0,0.0,-0.6923625054405887,1.25,-0.0002375235758845795,-0.9996437146361732,-1.0002375235758847,-0.4998812382120577,-0.3333333333333333,-0.3333729205959807,-0.9997624764241154,-0.9997624764241154,-1.0,-1.0,0.0,-0.5714285714285714,-0.6,-0.3333333333333333,-0.6,-1.5,-0.3333333333333333,-0.30460448642266824,-0.5322136221661553
0.8145270904232775,0.18547290957672247,0.0,0.18547290957672247,0.18547290957672247,0.0,0.0,0.0,0.0,0.8145270904232775,0.0,0.0,0.0,0.0,0.0,0.18547290957672247,0.0,0.18547290957672247,0.0,0.8145270904232775,0.0173596088400515,1.1324043479585506,0.0,-0.40726354521163877,0.0,-0.9072635452116388,2.08603612056437,0.3521395762433891,0.0,2.0,0.1729354143033519,-1.0,0.0,-0.15323363601662682,-0.014527090423277544,-0.3333333333333333,-0.014527090423277544,0.15456075798060206,-0.3333333333333333,-0.7354030514116034,0.6004428010156896
0.38396388991972574,0.6160361100802743,1.0,0.0,0.38396388991972574,0.0,0.0,0.0,0.6160361100802743,0.0,1.0,0.0,0.0,0.0,0.0,0.0,0.0,0.0,1.0,0.6160361100802743,-0.8221344022644677,-0.006681712533447626,0.11603611008027426,-0.38396388991972574,-0.38396388991972574,0.0,-0.3333333333333333,0.28129120490634674,0.0,-1.0,-0.8888888888888888,-0.38396388991972574,-1.3839638899197257,-0.42857142857142855,-0.2,0.3333333333333333,-0.2,0.4999999999999999,1.222222222222222,0.059031877213695266,-0.4558964422947189
0.0,1.0,0.0,0.9325899094252529,0.9325899094252529,0.0,0.0,0.0,0.0,0.06741009057474712,0.0,0.0,0.0,0.0,0.0,0.0,0.9325899094252529,0.0,0.9325899094252529,0.06741009057474712,0.005185391582672852,0.14981414402297988,0.5,0.0,-0.9325899094252529,-1.0,1.5992565760919195,1.4887649849042088,-0.4325899094252529,-1.0,-0.02247003019158239,0.9325899094252529,0.0,-0.019260025878499176,-0.013482018114949423,-0.3333333333333333,-0.013482018114949423,0.0,-0.3333333333333333,-0.4154773120596079,-0.39824862149853063
1.0,0.0,0.0,1.0,0.07002970574747103,0.0,0.0,0.0,0.929970294252529,0.0,0.0,0.0,0.0,0.0,0.0,0.0,1.0,1.0,0.0,0.0,-0.6046108145003891,-0.4358061030648182,0.035014852873735514,-0.9649851471262645,-0.07002970574747103,-0.07002970574747103,0.2866468628350193,0.20168151954040217,0.4649851471262645,0.0,-0.5866798692210983,-0.07002970574747103,1.0,-0.305722773070706,-0.22801188229898842,-0.023343235249157008,-0.22801188229898842,-0.10504455862120654,0.20914933831397528,-0.30460448642266824,-0.540792797233414
1.0,0.0,0.0,1.0,0.0,0.009485433628498074,0.0,0.0,0.9905145663715019,0.0,0.0,0.0,0.0,0.0,0.0,1.0,0.0,0.0,1.0,0.0,-0.5377318897208847,0.510275886430873,0.004742716814249037,-0.9905145663715019,-0.009485433628498074,-0.5047427168142491,1.0,-0.4936763775810013,-0.9905145663715019,-1.0,-0.3312254591936671,1.0094854336284982,-1.9905145663715018,0.0013550619469282963,0.0,-0.3333333333333333,-0.5981029132743003,-1.495934814159215,-0.3333333333333333,-0.03239460098422272,0.1361462572713724
0.05268383597722859,0.9473161640227714,0.0,1.0,1.0,0.0,0.0,0.0,0.0,0.0,0.0,0.0,0.0,0.0,0.0,1.0,0.0,1.0,0.0,0.0,0.11744910459786814,-0.4648774426818476,0.4736580820113857,-0.9473161640227714,-1.0526838359772286,0.0,1.0351225573181524,-0.5,0.0,-1.0,0.824607854201981,-0.9473161640227714,-2.0,1.3534506462564369,-0.35785293121821715,3.386017169310562,0.8316103015863372,-0.10790257539658427,1.3593384351857476,0.3137367340848442,0.7259042820213804
0.9114565893863819,0.08854341061361815,0.0,0.9114565893863819,0.0,0.0,0.0,0.0,1.0,0.08854341061361815,0.0,0.0,0.0,0.0,0.0,0.0,0.9114565893863819,0.0,1.0,0.0,-1.3076923076923077,-0.49262138244886516,-0.9557282946931909,-0.08854341061361815,-1.9114565893863817,-0.8671848840795728,-0.6371521964621273,1.0338515507462396,-0.9114565893863819,-1.0,-1.0,1.8229131787727637,1.0,-0.701636655626626,-0.6,-0.3333333333333333,-0.6,-1.5,-0.3333333333333333,-1.2989207657532666,-0.7221116526594459
0.0,0.9624032267937391,1.0,0.0,1.0,0.0,0.0,0.0,0.0,0.0,1.0,0.0,0.0,0.0,0.0,0.0,0.0,0.0,1.0,1.0,0.897048387780281,-0.4968669355661449,-0.48120161339686957,-1.0,-1.0,-0.03759677320626087,2.2456075291853916,-0.1040053779895652,0.46240322679373913,-1.0,1.3943154135027633,-1.0,0.03759677320626087,-0.5714285714285714,-0.6,-0.3333333333333333,-0.6,-1.5,-0.3333333333333333,-1.3011865979493717,0.0551707362024772
0.0,1.0,1.0,0.0,1.0,0.0,0.0,0.0,0.0,0.0,1.0,0.0,0.0,0.0,0.0,0.0,0.0,0.5202186731434952,0.47978132685650476,0.5202186731434952,-0.6153846153846154,0.01684889428624603,-0.28032800971524285,-0.47978132685650476,0.0,0.2601093365717476,-0.17340622438116507,-0.5,0.2601093365717476,-1.0,-0.7867638547304423,1.4797813268565048,-1.4797813268565048,-0.6399687609795006,-0.49595626537130094,-0.3333333333333333,-0.6,-1.5,-0.3333333333333333,-0.8280022975388552,-0.5064395175466437
0.0,0.4192427927726723,0.0,1.0,0.0,1.0,0.0,0.0,0.0,0.0,0.0,0.0,0.0,0.0,0.0,1.0,0.0,0.0,1.0,1.0,0.5233922037097013,0.7903786036136639,0.20962139638633615,-1.0,1.0,0.29037860361366385,1.7205048048182183,0.11282852851511488,-0.29037860361366385,-1.0,0.5876268768433427,-0.4192427927726723,-1.0,0.8384855855453446,0.21924279277267233,0.08590945943933892,0.5353942342181378,0.16460576578186215,-0.18659835586289802,-0.06677948397707961,0.43432375333496287
0.2716869710690041,0.7283130289309959,1.0,0.0,0.2716869710690041,0.0,0.7283130289309959,0.0,0.0,0.0,0.0,0.0,0.0,0.0,1.0,0.0,0.0,0.7283130289309959,0.0,0.2716869710690041,0.8754862686020717,0.46822320901442244,0.5,0.13584348553450204,-0.7283130289309959,-0.5,-0.09056232368966802,0.3477913140460027,-1.0,-0.7283130289309959,0.08092366988122177,0.0,-1.0,0.5061962774482869,-0.2,2.0,0.8543373942138008,0.7921686407471207,1.3918339287381738,0.20273407678738334,-0.24342870138403053
0.6017126160243644,0.39828738397563557,1.0,0.0,0.0,0.0,1.0,0.0,0.0,0.0,0.0,0.0,0.39828738397563557,0.0,0.6017126160243644,0.0,0.0,1.0,0.0,0.6017126160243644,-0.4015808763301826,-0.2662385126605755,-0.3008563080121822,0.0,-0.6017126160243644,-0.19914369198781778,0.06495405064230225,-0.19914369198781778,-1.0,0.39828738397563557,-0.26647637599729285,-1.0,0.0,0.2578768354390133,0.4017126160243645,0.0,0.5610275696146186,0.7005708720081214,-0.022444228003158352,0.3145633834095415,-0.44095936072462155
0.9083006648885699,0.09169933511143014,1.0,0.0,1.0,0.0,0.0,0.0,0.0,0.0,1.0,0.0,0.0,0.0,0.0,0.0,0.0,0.0,0.09169933511143014,1.0,1.6217697422219768,-0.42430827792595255,-0.9541503324442849,0.3624509973328548,-1.0,0.45415033244428493,2.3333333333333335,-0.015283222518571688,0.5,-0.09169933511143014,-0.5740014775301553,-0.09169933511143014,-0.9083006648885699,-0.5714285714285714,-0.6,-0.3333333333333333,-0.6,-1.5,-0.3333333333333333,-0.8917405478369547,-0.6368234987857844
0.6636295361715779,0.33637046382842206,1.0,0.0,0.0,0.0,0.33637046382842206,0.0,0.6636295361715779,0.0,0.0,0.0,0.0,0.0,1.0,0.0,0.0,0.0,1.0,0.6636295361715779,-0.5132877636659111,-0.3060617439714037,0.16818523191421103,0.0,0.0,0.33181476808578897,1.9969628695049113,1.163629536171578,0.16818523191421103,-1.0,-0.7030287858159062,0.6636295361715779,-0.33637046382842206,-0.5233756480245111,-0.46545181446863115,-0.10908635744771861,-0.5327259072343156,-1.163629536171578,0.18990961039976756,-0.7889007657265915,-0.5382338893929383
0.0,1.0,0.0,1.0,0.4774808083654769,0.0,0.5225191916345231,0.0,0.0,0.0,0.0,0.0,0.0,0.0,0.0,1.0,0.0,0.0,0.4774808083654769,0.4774808083654769,-0.31115679871300356,0.6193702020913692,0.26125959581726155,-0.7387404041827385,0.0,-1.0,0.0,0.7387404041827385,0.0,-1.0,-0.005004264807671799,-1.0,-1.522519191634523,-0.49034891787091867,-0.4954961616730954,-0.15916026945515896,-0.3909923233461907,-0.7162212125482154,-0.028530471546528158,-1.0535010155346167,0.16106871718639287
0.26772819281535487,0.7322718071846451,0.26772819281535487,0.7322718071846451,0.26772819281535487,0.0,0.0,0.0,0.7322718071846451,0.0,0.0,0.0,0.26772819281535487,0.0,0.0,0.7322718071846451,0.0,0.0,1.0,0.7322718071846451,-0.1593009824047246,-0.3169320482038387,0.26772819281535487,0.36613590359232256,0.26772819281535487,-0.8661359035923226,-0.577423935728215,0.8424983131718493,-1.0,-1.0,-0.08136353413162724,-1.0,0.0,0.5050651979472442,0.853545638563071,1.0,0.8,0.719751675775304,0.6532229670112463,0.41366470327222615,0.5545851963670412
0.0,1.0,0.9966536379570208,0.003346362042979223,0.003346362042979223,0.0,0.9966536379570208,0.0,0.0,0.0,0.0,0.0,0.0,0.0,0.0,0.003346362042979223,0.0,1.0,0.0,0.0,0.7692307692307693,1.163599168127269,-0.4983268189785104,0.4983268189785104,0.0,-0.5,0.6677821206809931,1.33277560632617,0.4983268189785104,0.006692724085958446,0.3337051513381088,-1.0,0.9966536379570208,0.5709505197081458,0.8,0.6633203046236874,0.8,0.6007808178100283,0.36432421323658126,0.00628417511511341,0.5507148842983622
1.0,0.0,0.5326892334623474,0.4673107665376526,0.4673107665376526,0.0,0.5326892334623474,0.0,0.0,0.0,0.0,0.0,0.5326892334623474,0.0,0.0,0.4673107665376526,0.0,0.4673107665376526,0.0,0.0,0.36449893325394006,0.8730810220502034,0.2336553832688263,-1.0,0.0,-0.4673107665376526,0.7102523112831298,-0.2663446167311737,-0.03268923346234742,1.0,0.15469675572757424,1.5326892334623474,0.0,-0.5714285714285714,-0.5065378466924695,-0.3333333333333333,-0.6,-1.5,-0.3333333333333333,-1.1610139975650553,0.2847940661990457
0.0,0.2970028764548822,0.0,1.0,1.0,0.0,0.0,0.0,0.0,0.0,0.0,0.0,0.0,0.0,0.0,1.0,0.0,0.0,1.0,1.0,0.6046951841471899,1.4166666666666667,0.1485014382274411,-0.6485014382274411,0.7029971235451178,-0.6485014382274411,0.8646685843032548,0.1848318951058922,0.20299712354511779,-1.0,1.1023310960906472,-1.0,-1.0,-0.5289995890778739,-0.48119884941804714,-0.13533141569674517,-0.48119884941804714,-0.9059942470902356,0.12867114115203898,-1.2478253186737762,0.8576980054467032
0.14717817830809865,0.8528218216919013,1.0,0.0,0.0,0.0,1.0,0.0,0.0,0.0,0.0,0.0,0.8528218216919013,0.0,0.14717817830809865,0.0,0.0,0.8528218216919013,0.0,0.14717817830809865,0.22177454383450707,-0.42893151485900827,-0.07358908915404933,0.0,0.0,-0.5,0.519488488358568,-0.4754703036153169,-0.8528218216919013,1.1471781783080988,-0.3496864642564554,-1.0,-0.14717817830809865,0.0,-0.1705643643383803,0.04905939276936622,0.1705643643383803,0.42641091084595056,0.11279151378648283,-0.0032061399990127026,-0.13111635878596606
0.2844466847657581,0.7155533152342419,1.0,0.0,0.0,0.0,1.0,0.0,0.0,0.0,0.0,0.0,0.7155533152342419,0.0,0.2844466847657581,0.0,0.0,1.0,0.0,0.2844466847657581,-0.1087200167068536,-0.34555499547522717,-0.14222334238287904,0.0,-0.2844466847657581,-0.35777665761712096,0.3822199819009086,-0.35777665761712096,-1.0,0.7155533152342419,-0.30172814613713794,-1.0,0.0,0.12190572204246775,0.08444668476575812,0.0,0.37066801085945483,0.594815561588586,0.018682837159994317,0.13189511995761666,-0.22369059978696848
0.5891085344708948,0.41089146552910516,0.0,1.0,0.0,0.5891085344708948,0.41089146552910516,0.0,0.0,0.0,0.0,0.0,0.0,0.0,0.0,0.0,1.0,0.0,1.0,0.5891085344708948,-1.0053309548962106,-0.029702844823631613,0.0,-0.5,0.0,-0.08910853447089484,-0.3333333333333333,-0.06848191092151752,0.2945542672354474,-1.0,-1.0654565038300994,0.0,-0.41089146552910516,-0.6555869334958421,-0.6,-0.3333333333333333,-0.6,-1.5,-0.3333333333333333,-0.947268342209099,-1.149867653212093
0.0,1.0,1.0,0.0,0.2772656456967736,0.0,0.7227343543032264,0.0,0.0,0.0,1.0,0.0,0.0,0.0,0.0,0.0,0.0,0.7227343543032264,0.2772656456967736,0.7227343543032264,-1.0982512035151364,0.1295442742827956,-0.7227343543032264,0.0,-0.2772656456967736,-1.0,-0.3333333333333333,0.31515623620215094,-0.2772656456967736,-1.0,-1.0,3.0,-0.2772656456967736,-0.5714285714285714,-0.6,-0.24091145143440879,-0.6,-1.5,-0.009856746687097462,-0.30460448642266824,-0.8400369623941746
0.08966089794246568,0.9103391020575343,0.08966089794246568,0.9103391020575343,0.0,0.0,0.0,0.0,1.0,0.0,0.08966089794246568,0.0,0.0,0.0,0.0,0.9103391020575343,0.0,0.0,1.0,0.0,-0.796818737828451,0.053446367352511404,-0.08966089794246568,0.45516955102876716,-1.0,-0.9103391020575343,1.3034463673525114,0.48505651700958907,0.0,-1.0,-0.464369088431659,-0.9103391020575343,-0.9103391020575343,-0.16847454226927588,-0.017932179588493136,0.0,-0.2,-0.2282712816460274,0.16122783491543385,-0.18229583526348664,0.03257213643286691
0.0,1.0,0.0,1.0,0.0,1.0,0.0,0.0,0.0,0.0,0.0,0.0,0.0,0.0,0.0,1.0,0.0,0.0,1.0,0.04510067722032318,-0.23423851363233256,0.6973825432429563,0.02255033861016159,-0.9548993227796768,-0.04510067722032318,-0.9774496613898385,1.0300671181468821,0.14411632805650507,0.0,-1.0,-0.43943325808663075,0.0,-0.04510067722032318,-0.2921572396029033,-0.2,-0.3032662151864512,-0.2,0.022550338610161588,-0.2631767243239417,-0.4780203346903267,0.08565520331021109
0.0,1.0,1.0,0.0,0.10946759867911515,0.0,0.0,0.0,0.8905324013208848,0.0,1.0,0.0,0.0,0.0,0.0,0.0,0.0,0.10946759867911515,0.8905324013208848,0.8905324013208848,-0.7860719382583254,1.3528105674371829,-0.054733799339557576,0.054733799339557576,-1.7810648026417697,0.39053240132088485,-0.3333333333333333,0.575443667767404,-0.5547337993395576,-0.8905324013208848,-1.0,0.0,-2.0,-0.5714285714285714,-0.6,-0.3333333333333333,-0.6,-1.5,-0.3333333333333333,-0.30460448642266824,-0.7301991690822289
0.39163014054035605,0.608369859459644,0.0,0.0,0.0,0.0,0.0,0.0,0.608369859459644,1.0,0.0,0.0,0.0,0.0,0.0,0.0,0.0,0.608369859459644,0.0,0.0,-0.27434773555087877,0.134030821621637,0.304184929729822,-0.608369859459644,-0.39163014054035605,0.19581507027017803,0.31938356756726,-0.09442009369357071,0.304184929729822,-0.608369859459644,-0.7148310486487306,-3.0,-0.39163014054035605,-0.3166771027027554,-0.2,0.20278995315321463,-0.2,0.1866958875677151,0.7957805136338345,-0.022345814327157917,-0.6587818195254924
0.0,1.0,1.0,0.0,0.0,0.0,1.0,0.0,0.0,0.0,0.12443755729685635,0.0,0.0,0.0,0.0,0.0,0.0,0.8755624427031437,0.0,0.12443755729685635,0.4430864591274297,0.6770364631080713,0.062218778648428175,-1.0,0.0,0.37556244270314365,-0.29185414756771455,-0.45852081423438124,0.5,0.0,-0.0691319762760313,-1.0,0.0,0.589848156988858,0.6755624427031437,-0.3333333333333333,0.3253374656218862,-0.11939487855042871,-0.3333333333333333,0.4768892640892284,0.3006020498269928
0.0,1.0,1.0,0.0,0.956415697559425,0.0,0.043584302440574985,0.0,0.0,0.0,1.0,0.0,0.0,0.0,0.0,0.0,0.0,1.0,0.0,1.0,-0.983236806753625,-0.017956879672470727,0.0,0.0,0.956415697559425,-0.9782078487797126,-0.3333333333333333,1.1376104650396166,0.0,1.0435843024405749,-1.0,-0.956415697559425,0.0,-0.7080593853656322,-0.5912831395118849,-0.3333333333333333,-0.6,-1.5,-0.3333333333333333,-1.3479670655784046,-1.068790024596865
0.0,1.0,1.0,0.0,1.0,0.0,0.0,0.0,0.0,0.0,1.0,0.0,0.0,0.0,0.0,0.0,0.0,0.0,1.0,0.0,-0.5252422684609718,-0.39983244351194863,0.3989946610716917,0.3989946610716917,0.0,-0.3989946610716917,-0.3333333333333333,-0.2996648870238972,-0.7979893221433834,-1.0,-1.0224456308729575,-1.0,0.0,-0.6002872396938024,-0.6,-0.3333333333333333,-0.6,-1.5,-0.3333333333333333,-0.5249797713571591,-1.21458036030667
1.0,0.0,1.0,0.0,0.0,0.0,0.0,0.0,1.0,0.0,0.25898265160181366,0.0,0.0,0.0,0.7410173483981863,0.0,0.0,0.0,1.0,0.7410173483981863,-0.6209124009857315,-0.25,-0.25898265160181366,0.0,-0.25898265160181366,0.37050867419909317,1.9880231311975818,1.1978535731312174,0.0,-1.0,-0.7490019275997984,0.7410173483981863,0.0,-0.5344310497711694,-0.4964069393592745,-0.24700578279939545,-0.4964069393592745,-0.9820346967963727,-0.13190238208747826,-0.7653010731711656,-0.6153735666873729
0.0,0.5885542289732454,1.0,0.0,0.0,0.0,0.4114457710267546,0.0,0.5885542289732454,0.0,0.5885542289732454,0.0,0.0,0.0,0.4114457710267546,0.0,0.0,0.0,1.0,0.4114457710267546,-1.2624189054635966,-0.04427711448662269,0.0,-1.0,-0.4114457710267546,-0.7942771144866227,-0.3333333333333333,1.244779104360088,-0.5,-1.0,-1.0,-1.0,0.4114457710267546,-0.5714285714285714,-0.5177108457946491,-0.3333333333333333,-0.6,-1.5,-0.3333333333333333,-0.30460448642266824,-0.6801863511797516
0.017669484919918377,0.9823305150800816,0.0,0.017669484919918377,0.0,0.017669484919918377,0.0,0.0,0.9823305150800816,0.9823305150800816,0.0,0.0,0.0,0.0,0.0,0.017669484919918377,0.0,1.0,0.0,0.017669484919918377,-0.15248696269846784,0.17991878035660547,0.5,-0.9734957726201223,0.0,0.0,-0.3392231616399728,0.17550140912662582,0.4911652575400408,-0.9823305150800816,-0.8829990605822493,-3.0,-0.017669484919918377,-0.42352300430859474,-0.2,0.3392231616399728,-0.2,0.48586441206406517,1.2194736356791236,0.059031877213695266,-0.5644529501224401
0.0,1.0,1.0,0.0,0.0,0.0,0.0,0.0,1.0,0.0,1.0,0.0,0.0,0.0,0.0,0.0,0.0,0.8841989781315029,0.0,1.0,-0.8105227625020008,-0.22104974453287574,-0.8841989781315029,0.38419897813150294,0.0,0.44209948906575147,-0.2561326520876686,0.1280663260438343,-0.5579005109342485,0.11580102186849706,-0.29473299271050096,-0.11580102186849706,0.8841989781315029,0.2857142857142857,0.8,1.410534014578998,0.6231602043736995,0.7934253832006863,1.1925505960899567,0.45328423772844484,-0.3011203645495897
0.39920155355780196,0.600798446442198,1.0,0.0,0.600798446442198,0.0,0.39920155355780196,0.0,0.0,0.0,1.0,0.0,0.0,0.0,0.0,0.0,0.0,0.0,1.0,0.0,-1.0775372664939984,-0.3666001294631502,-0.19960077677890098,0.0,-0.39920155355780196,-0.39920155355780196,0.46506977378227066,-0.299733851185934,0.0,-1.0,-0.7562652857263983,-1.0,-0.39920155355780196,-0.7142857142857143,-0.6,-0.3333333333333333,-0.6,-1.5,-0.3333333333333333,-1.395513577331759,-0.9757510845818842
0.0,1.0,1.0,0.0,0.0,0.0,0.9037239671752705,0.0,0.09627603282472952,0.0,1.0,0.0,0.0,0.0,0.0,0.0,0.0,0.0,1.0,1.0,-0.9629707566058733,0.05926432512715096,-0.8555859507629058,0.45186198358763524,-0.9037239671752705,0.0,-0.3333333333333333,-0.46790798905842357,-0.9037239671752705,-1.0,-0.5876475664971321,-0.9037239671752705,-0.09627603282472952,-0.04126115692488408,0.16148958687010823,0.03209201094157649,-0.2,-0.4037239671752706,0.16787759385107326,0.3876587743683392,-0.2296434677663815
0.010815090186641063,0.0,0.0,1.0,1.0,0.0,0.0,0.0,0.0,0.0,0.0,0.0,0.0,0.0,0.0,1.0,0.0,0.0,1.0,1.0,0.3135158177928068,1.419370439213327,-0.005407545093320532,-0.5,1.0,-0.49459245490667947,0.6666666666666666,0.32612327320890594,0.5,-1.0,1.3165098597096692,-1.0,-0.9891849098133589,-0.5652485198933479,-0.5913479278506872,-0.3297283032711196,-0.5935109458880153,-1.4837773647200385,-0.3291274649274173,-1.2885686544354855,0.9162803201290378
1.0,0.0,0.0,1.0,0.25664717710637586,0.7433528228936241,0.0,0.0,0.0,0.0,0.0,0.0,0.0,0.0,0.0,0.0,1.0,0.0,0.25664717710637586,0.0,-0.21307242548608674,-0.1902696571276566,-0.24335282289362414,0.24335282289362414,-2.0,0.0,-0.581117607631208,0.16223521526241608,0.24335282289362414,-0.25664717710637586,-0.8348104838014169,0.0,-0.7433528228936241,-0.46523531101519655,-0.30265887084255033,-0.08554905903545862,-0.6,-1.5,0.2448299733617076,-0.30460448642266824,-0.8537499677136162
1.0,0.0,1.0,0.0,0.0,0.0,1.0,0.0,0.0,0.0,0.06498640948289403,0.0,0.0,0.0,0.935013590517106,0.0,0.0,0.0,0.0,0.935013590517106,0.5354013421748997,-0.5,-0.467506795258553,-0.06498640948289403,-0.06498640948289403,-0.5,-0.3333333333333333,-0.3008401285918863,-0.06498640948289403,1.935013590517106,-0.48054800526827446,-1.0,-0.935013590517106,-0.0371350911330823,-0.03899184568973641,0.2900090603447373,-0.03899184568973641,-0.09747961422434104,0.3938994592910824,0.13254472472818649,-0.7170507366787634
1.0,0.0,0.0,1.0,0.40158023642548746,0.0,0.5984197635745125,0.0,0.0,0.0,0.0,0.0,0.0,0.0,0.0,0.0,1.0,0.0,1.0,0.5984197635745125,-0.9830351481898971,-0.36679835303545727,-0.29920988178725627,-0.29920988178725627,-0.40158023642548746,0.5,0.4698271395176416,-0.1994732545248375,0.0,-1.0,-0.9772510323026153,-0.5984197635745125,1.0,-0.6569171090820732,-0.6,-0.3333333333333333,-0.6,-1.5,-0.3333333333333333,-1.176469812008766,-0.8854705388115912
0.0,1.0,1.0,0.0,0.0,0.0,0.16217426471675456,0.0,0.8378257352832454,0.0,0.0,0.0,0.16217426471675456,0.0,0.8378257352832454,0.0,0.0,0.0,1.0,0.8378257352832454,-0.37421385746020913,-0.23873167891522645,0.08108713235837728,0.5,0.0,-1.0,0.7837676470443273,-0.39188382352216367,-0.08108713235837728,-1.0,-0.1861834967296101,1.8378257352832454,-0.3243485294335091,0.11583876051196751,-0.1675651470566491,-0.3333333333333333,0.3297394117734036,0.5294862299485008,-0.3333333333333333,-0.05829926845933142,-0.5319889569652392
0.0,1.0,1.0,0.0,0.0,0.0,0.769430804194981,0.0,0.230569195805019,0.0,0.230569195805019,0.0,0.0,0.0,0.769430804194981,0.0,0.0,0.0,1.0,0.769430804194981,-1.2307692307692308,0.19883463578040558,0.0,0.1541462062924715,-0.769430804194981,-1.0,-0.3333333333333333,0.3203794638700127,-0.8847154020974906,-1.0,-1.0,-1.0,0.0,-0.5714285714285714,-0.6,-0.3333333333333333,-0.6,-1.5,-0.3333333333333333,-0.30460448642266824,-0.5944246543522884
0.0,1.0,1.0,0.0,0.1693574822493754,0.0,0.0,0.8306425177506246,0.0,0.0,1.0,0.0,0.0,0.0,0.0,0.0,0.0,0.0,0.1693574822493754,0.0,0.052109994538269366,0.581987925541979,0.0846787411246877,-0.7459637766259368,0.0,-0.1693574822493754,1.4408566903341662,0.0,-0.5,-0.1693574822493754,0.0017938770551391148,0.0,-1.1693574822493753,-0.47465286728607115,-0.4645140142004997,-0.2768808392502082,-0.6,-1.5,-0.267472090236354,-1.0988114719252307,-0.1739719610697117
0.0,1.0,0.12033876203499594,0.8796612379650041,0.8796612379650041,0.0,0.12033876203499594,0.0,0.0,0.0,0.0,0.0,0.0,0.0,0.12033876203499594,0.8796612379650041,0.0,1.0,0.0,0.8796612379650041,-0.19022199978962195,-0.06327687299416734,0.5,-0.43983061898250203,-1.8796612379650042,-0.06016938101749797,0.5864408253100026,0.6064972856491686,-0.5601693810174979,-1.0,0.2088512486627782,0.0,-1.0,0.30290553743357085,0.6796612379650041,2.0,0.8,1.0899011944064596,1.6810342623161354,-0.18702721032896316,0.17428656761847322
0.0,1.0,1.0,0.0,1.0,0.0,0.0,0.0,0.0,0.0,1.0,0.0,0.0,0.0,0.0,0.0,0.0,0.0,1.0,0.0,-0.6406628846180532,-0.385369761901458,0.4765273214260935,-0.953054642852187,-0.046945357147813005,-0.046945357147813005,-0.015648452382604334,-0.4843515476173957,-0.046945357147813005,-1.0,-0.5764201587323614,2.046945357147813,-1.9530546428521869,-0.7075792346931696,-0.6,-0.317684880950729,-0.6,-1.5,-0.2785637499942181,-1.3443004604432358,-0.3850519890643792
0.6159093885087504,0.38409061149124957,1.0,0.0,1.0,0.0,0.0,0.0,0.0,0.0,1.0,0.0,0.0,0.0,0.0,0.0,0.0,1.0,0.0,0.6159093885087504,-0.6867134698515388,0.0,-0.19204530574562478,-0.4238640827631257,0.0,0.0,-0.3333333333333333,0.46136353716374984,-0.0761359172368743,0.0,-0.2737375060038891,0.6159093885087504,0.0,0.362337492280714,0.07681812229824991,0.0,-0.2768181222982499,-0.8673256820403407,-0.04655643775651509,0.5181495852457613,-0.33200994714836457
0.0,1.0,0.0,1.0,1.0,0.0,0.0,0.0,0.0,0.0,0.0,0.0,0.0,0.0,0.0,1.0,0.0,1.0,0.0,0.036731937426613626,0.059969875033870634,-0.48469502607224435,0.5,-0.9816340312866931,-1.0367319374266137,0.0,0.9877560208577955,-0.4571460730022841,-0.018365968713306813,-1.0,0.7573711458741036,-0.9632680625733864,-1.9632680625733863,1.2489823482876723,-0.35592167508806366,3.2843574167645153,0.8,-0.05500337665239828,1.3899197237604637,0.28227673972287615,0.6969890387879759
0.042729737016674374,0.9572702629833256,1.0,0.0,1.0,0.0,0.0,0.0,0.0,0.0,0.0,0.0,0.9572702629833256,0.0,0.0,0.0,0.0,1.0,0.0,0.9572702629833256,-0.09007068831282289,1.3226508990791648,-0.4786351314916628,-0.5213648685083372,-0.9572702629833256,0.0,0.3333333333333333,-0.17378828950277905,-1.0,-1.0,-0.20323122799258914,-1.9572702629833256,0.0,-0.5714285714285714,-0.6,-0.3333333333333333,-0.4085459474033349,-0.06409460552501156,-0.3333333333333333,-1.1562766346383644,0.18007890508689783
1.0,0.0,0.0,1.0,0.0,1.0,0.0,0.0,0.0,0.0,0.0,0.0,0.0,0.0,0.0,0.0,1.0,0.0,1.0,1.0,-1.3578777993529179,-0.10873523193132192,0.0,-0.32620569579396586,0.0,-0.32620569579396586,-0.3333333333333333,0.0,0.32620569579396586,-1.0,-1.0724901546208814,0.0,0.0,-0.664630198798276,-0.5304822783175863,-0.3333333333333333,-0.5304822783175863,-1.1524113915879317,-0.3333333333333333,-1.1427218621229822,-0.8985406254867738
0.0,1.0,0.0,1.0,0.8007696871298751,0.0,0.19923031287012494,0.0,0.0,0.0,0.0,0.0,0.0,0.0,0.0,1.0,0.0,0.0,1.0,0.8007696871298751,1.2767454568161827,-0.21647424488419792,-0.19923031287012494,-0.40038484356493753,0.0,-0.30076968712987506,2.0012828118831254,0.7337181768982708,0.0,-1.0,0.04427340286002776,-0.8007696871298751,-1.0,0.45703290183858925,0.8,2.0,0.6406157497039001,0.5477698848861543,1.445324869145792,0.17606452976015755,0.40513541649079504
0.0,1.0,1.0,0.0,1.0,0.0,0.0,0.0,0.0,0.0,0.6297779229961531,0.0,0.0,0.0,0.3702220770038469,0.0,0.0,0.0,1.0,1.0,-0.15972667445680377,0.9847409101621787,0.18511103850192345,0.0,-0.6297779229961531,0.0,0.5063705639948708,-0.18511103850192345,-0.31488896149807655,-1.0,-0.4444444444444444,1.0,0.0,-0.03707940657032946,-0.05191116919846123,-0.3333333333333333,-0.07404441540076939,-0.04906652974648429,-0.3333333333333333,0.08202745768362585,-0.7300618240401967
0.21632402303655351,0.7836759769634465,1.0,0.0,0.0,0.0,1.0,0.0,0.0,0.0,0.21632402303655351,0.0,0.0,0.0,0.7836759769634465,0.0,0.0,0.21632402303655351,0.7836759769634465,0.7836759769634465,-1.0477258266613778,0.34013500959856396,-0.7836759769634465,0.39183798848172324,0.0,0.0,-0.3333333333333333,-0.4639459961605744,0.39183798848172324,-0.7836759769634465,-0.975963997440383,2.0,-0.21632402303655351,-0.5405251395662066,-0.5134703907853786,0.07210800767885117,-0.35673519539268933,0.10816201151827673,0.917459342291993,-0.22594120531846698,-1.3295512707640689
0.4817396333236078,0.5182603666763922,0.0,1.0,1.0,0.0,0.0,0.0,0.0,0.0,0.0,0.0,0.0,0.0,0.0,0.5182603666763922,0.4817396333236078,0.0,1.0,0.0,-0.34474920256335445,-0.459855030556366,-0.2591301833381961,-0.5182603666763922,-1.518260366676392,-0.018260366676392192,1.4939132111078692,0.0863767277793987,-0.2591301833381961,-1.0,-0.3746863814739172,-0.5182603666763922,0.4817396333236078,-0.645465766668056,-0.6,-0.3333333333333333,-0.6,-1.5,-0.3333333333333333,-1.1327465046097913,-0.12234516523026895
0.0,1.0,1.0,0.0,0.0,0.0,0.0,0.0,1.0,0.0,1.0,0.0,0.0,0.0,0.0,0.0,0.0,0.40272592756965897,0.597274072430341,1.0,-0.7083213679006906,-0.20022716063080492,-0.1040888913544884,0.20136296378482949,0.0,0.20136296378482949,-0.3333333333333333,-0.03242469081011368,-0.20136296378482949,-0.597274072430341,-0.6651522624613005,0.0,-0.19454814486068206,-0.14091005173595783,0.20272592756965901,0.7360592609029922,0.12218074205572715,0.6006814818924147,1.1830683125973942,0.24208911701808578,-0.3299726103061263
0.0,1.0,0.4749684991397318,0.0,0.4749684991397318,0.0,0.0,0.0,0.5250315008602682,0.5250315008602682,0.0,0.0,0.0,0.0,0.4749684991397318,0.0,0.0,0.0,1.0,0.0,-0.8692598469479399,-0.17918241709680077,-0.2625157504301341,-1.0,-1.0,0.025031500860268174,-0.3333333333333333,-0.3333333333333333,0.0,-1.0,-1.0,0.0,1.0,-0.5714285714285714,-0.6,-0.3333333333333333,-0.6,-1.5,-0.3333333333333333,-0.30460448642266824,-0.9581960971462895
1.0,0.0,1.0,0.0,0.0,0.0,1.0,0.0,0.0,0.0,0.2602333679515273,0.0,0.0,0.0,0.7397666320484727,0.0,0.0,0.0,1.0,0.0,-0.2708051335310042,1.8333333333333333,0.2397666320484727,-0.7397666320484727,-1.0,-0.13011668397576365,-0.42007778931717576,0.8562388254222,-0.5,-1.0,0.21312589515419794,0.4795332640969454,0.2602333679515273,0.8454475794839688,0.6438599792290837,0.4931777546989818,0.7918133056387782,0.28863810512900767,0.13775184800538584,0.408876367868772,-0.16379499151803342
1.0,0.0,1.0,0.0,1.0,0.0,0.0,0.0,0.0,0.0,0.5152479243147259,0.0,0.0,0.0,0.4847520756852741,0.0,0.0,0.0,1.0,1.0,-0.8951716399101949,0.6437947801945779,-0.24237603784263706,0.5,-1.0,0.5,-0.3333333333333333,1.1514187423519409,-0.5,-1.0,-1.0,1.0304958486294518,-0.4847520756852741,-0.5714285714285714,-0.6,0.0,-0.6,-1.5,0.8333333333333334,-0.30460448642266824,-0.5954082936109093
0.0,1.0,1.0,0.0,0.5088136591313734,0.0,0.0,0.0,0.49118634086862656,0.0,1.0,0.0,0.0,0.0,0.0,0.0,0.0,0.0,1.0,0.0,-1.2699087430101057,-0.3348022765218956,0.0,-0.7455931704343133,-0.5088136591313734,-0.23677951130293984,-0.3333333333333333,1.08774016289902,-0.24559317043431328,-1.0,-1.0,-0.49118634086862656,-0.5088136591313734,-0.5714285714285714,-0.6,-0.1637287802895422,-0.6,-1.5,0.2602826023199357,-0.30460448642266824,-0.9771161681215623
0.0036642241932757225,0.9963357758067243,1.0,0.0,0.0,0.0,0.0,0.0,1.0,0.0,1.0,0.0,0.0,0.0,0.0,0.0,0.0,0.0,0.0036642241932757225,0.0,-0.6170757957815118,0.8293637571239514,-0.0036642241932757225,0.0,-1.0,0.49816788790336214,1.0,-0.33089051720448287,-0.9963357758067243,-0.0036642241932757225,-0.44525871648739457,-0.9963357758067243,-0.9963357758067243,-0.1439040640552216,-0.39926715516134487,-0.3321119252689081,-0.0007328448386551556,0.3007328448386551,-0.3304833811830077,-0.15013084560145196,-0.711572584829919
0.0,0.8974361480462039,1.0,0.0,0.0,0.0,0.8974361480462039,0.0,0.10256385195379614,0.0,0.0,0.0,0.0,0.0,1.0,0.0,0.0,0.10256385195379614,0.8974361480462039,1.0,-1.120315851742066,0.376068271647415,0.05128192597689807,0.5,-1.1025638519537961,-1.0,-0.3333333333333333,0.30341846927172833,-0.9487180740231019,-0.8974361480462039,-0.9544160657983128,-1.0,0.0,-0.5128206560264021,-0.5589744592184815,-0.23076948137953723,-0.6,-1.5,-0.2136755060539045,-0.23001259409263464,-0.6355530497659269
0.0,1.0,1.0,0.0,0.4633807482156199,0.0,0.0,0.0,0.5366192517843801,0.0,0.5366192517843801,0.0,0.0,0.0,0.4633807482156199,0.0,0.0,0.0,0.4633807482156199,1.0,-0.6097508843408646,0.3861506235130166,0.23169037410780996,-0.03661925178438008,0.0,0.0,0.024412834522920035,-0.16666666666666666,-0.3049288776765702,0.07323850356876016,-0.10297349960347109,-1.0,0.0,0.35191153545937426,0.3366192517843801,2.0,0.8,0.9898472817704442,1.6032145524881234,0.24822237209833434,-0.5324215744077663
0.6229373829351187,0.3770626170648813,1.0,0.0,0.3770626170648813,0.0,0.6229373829351187,0.0,0.0,0.0,1.0,0.0,0.0,0.0,0.0,0.0,0.0,0.0,1.0,0.3770626170648813,-0.03528828143864415,-0.44808855142207343,-0.5,-0.3770626170648813,-1.0,-0.6229373829351187,1.918041744709921,-0.3743124609783729,0.18853130853244066,-1.0,0.4062154728859133,-1.0,-0.6229373829351187,-0.6604196261335884,-0.6,-0.3333333333333333,-0.6,-1.5,-0.3333333333333333,-1.3612351575985882,-0.37154130691662496
1.0,0.0,0.0,0.2521283959077715,0.0,0.2521283959077715,0.0,0.0,0.0,0.7478716040922285,0.0,0.0,0.0,0.0,0.0,0.2521283959077715,0.0,0.2521283959077715,0.0,0.2521283959077715,-0.3645660015739341,0.29344032992314295,0.12606419795388574,0.12606419795388574,-0.7478716040922285,0.37393580204611426,0.8290765415177904,-0.20585020477426652,0.0,0.0,-0.47245871065641903,-3.0,-1.0,-0.14285714285714285,-0.2,0.16808559727184763,-0.2,-0.29999999999999993,0.36865316951392013,-0.0963700145457288,-0.6116111189071726
0.0,1.0,1.0,0.0,1.0,0.0,0.0,0.0,0.0,0.0,0.0,0.0,0.9651348397661751,0.0,0.03486516023382491,0.0,0.0,0.9651348397661751,0.03486516023382491,1.0,-1.0769230769230769,-0.32171161325539166,-1.0,-0.4651348397661751,0.0,-0.017432580116912455,-0.655044946588725,0.8565767734892167,-1.0,-0.03486516023382491,-0.6782883867446082,-0.03486516023382491,0.9651348397661751,-0.2956757600668071,-0.21394606409352998,-0.3333333333333333,-0.21394606409352998,-0.052297740350737365,-0.3333333333333333,-0.09402961229186647,-0.19095675664445008
0.0,1.0,1.0,0.0,0.0,0.0,1.0,0.0,0.0,0.0,0.8949214412278399,0.0,0.1050785587721601,0.0,0.0,0.0,0.0,1.0,0.0,0.8949214412278399,-0.1903544004722461,0.4782547745611732,0.0,0.0,0.0,0.3949214412278399,0.9649738137426134,-0.2016928529240533,-0.1050785587721601,0.1050785587721601,-0.2338976176413511,-1.0,-1.7898428824556798,0.0,0.157968576491136,-0.29830714707594663,0.2,0.4999999999999999,-0.2924694493663822,-0.1674713714571894,-0.616897370197146
0.0,1.0,1.0,0.0,0.0,0.0,1.0,0.0,0.0,0.0,0.0,0.13987318358207623,0.8601268164179238,0.0,0.0,0.0,0.0,1.0,0.0,0.13987318358207623,0.336757240068869,-0.4166666666666667,0.0,0.06993659179103812,0.0,-0.5699365917910382,0.7132910611940253,-0.45337560547264133,-0.7901902246268857,0.8601268164179238,-0.0691284310116338,-1.0,0.0,0.0,-0.2,0.0,0.2,0.4999999999999999,0.05555555555555555,-0.1615778021078662,0.15885333122591416
0.0,1.0,1.0,0.0,0.5425679022262927,0.0,0.0,0.0,0.4574320977737073,0.0,0.0,0.0,0.0,0.0,1.0,0.0,0.0,1.0,0.0,0.5425679022262927,-0.4967255459825929,1.3643580244434268,0.4574320977737073,-0.5425679022262927,-0.4574320977737073,-0.22871604888685365,0.8191440325912358,-0.11880658518857729,-0.5,-1.0,-0.38415912197485635,-1.0,0.4574320977737073,-0.1960423276173031,-0.2,-0.18085596740876422,-0.4,-0.7712839511131465,0.022447187157327853,-0.3704957795798282,-0.7355856134695196
0.0,1.0,0.3911697660803798,0.6088302339196202,0.0,0.0,1.0,0.0,0.0,0.0,0.0,0.0,0.0,0.0,0.3911697660803798,0.6088302339196202,0.0,1.0,0.0,0.0,0.29410733243135356,-0.11961007797320675,0.5,0.3044151169598101,-1.6088302339196203,0.10883023391962021,-0.20294341130654006,-0.2392201559464135,-0.3911697660803798,-1.0,0.3140545224176512,-0.6088302339196202,-1.0,0.9504259147882459,0.5305962807035443,2.40588682261308,0.921766046783924,0.3868578284589452,1.2289296807444539,0.41326037694874707,0.41958829941971476
0.0,1.0,1.0,0.0,1.0,0.0,0.0,0.0,0.0,0.0,1.0,0.0,0.0,0.0,0.0,0.0,0.0,0.27295937485631494,0.0,1.0,0.132652884748017,-0.43941328123802625,0.22704062514368506,-0.5,-1.727040625143685,0.09056093771552759,0.3937072918103517,-0.25765312495210496,0.13647968742815747,0.0,-0.27295937485631494,-2.0,-0.7270406251436851,0.051749107266015754,0.41785687520115916,-0.0909864582854383,-0.6,-1.5,-0.12127981766642518,-0.08829487894190248,-0.6077471282072509
0.0,1.0,0.0,1.0,0.0,0.5233231716696316,0.0,0.0,0.4766768283303684,0.0,0.0,0.0,0.0,0.0,0.0,0.0,1.0,0.0,1.0,0.4766768283303684,-0.7217987801270648,-0.15111788555357894,-0.4766768283303684,-0.7383384141651842,-1.0466463433392632,-0.5,-0.3333333333333333,0.07167174749851754,-0.2383384141651842,-1.0,-0.6770325207420584,0.4766768283303684,0.0,-0.22428135928698495,-0.10466463433392632,0.17444105722321052,-0.009329268667852636,0.4999999999999999,0.6660992558367924,0.10855674249477257,-0.49952325069722914
0.9556233364667632,0.04437666353323677,0.0,1.0,0.9556233364667632,0.04437666353323677,0.0,0.0,0.0,0.0,0.0,0.0,0.0,0.0,0.0,0.0,1.0,0.0,1.0,1.0,-0.37778820561027127,-0.4852077788222544,0.0,0.5,0.0,-0.4778116682333816,-0.3333333333333333,-0.4852077788222544,-0.9778116682333816,-1.0,-0.7876392585629415,-1.0,0.9556233364667632,-0.29839333243806765,-0.21775066541329471,0.30374889097784213,-0.21775066541329471,-0.06656499529985516,0.7815605592112238,0.2166446061955662,-0.7307931184586619
0.0,1.0,0.0,1.0,0.0,1.0,0.0,0.0,0.0,0.0,0.0,0.0,0.0,0.0,0.0,0.0,1.0,0.0,1.0,0.0,-1.062888328213543,0.02463441110883205,-0.8521935333470078,-0.5,-0.2956129333059845,-0.5,-0.3333333333333333,-0.16666666666666666,-0.4260967666735039,-1.0,-0.9835770592607787,0.0,0.0,-0.5503133619067153,-0.540877413338803,0.0492688222176641,-0.540877413338803,-1.2043870666940157,0.8908136259206081,-0.2508566803670348,-0.591162633736011
0.0,1.0,1.0,0.0,1.0,0.0,0.0,0.0,0.0,0.0,0.0,0.0,0.0,0.0,1.0,0.0,0.0,0.0,1.0,0.9645776315814549,0.5799622469660703,0.2440962719302425,0.48228881579072747,-0.03542236841854507,-0.03542236841854507,-0.017711184209272535,-0.3333333333333333,-0.49409627193024247,0.0,-1.0,-0.4641235380103028,0.9645776315814549,0.03542236841854507,0.11755545112961066,0.17166210526516396,-0.3333333333333333,-0.21416894736741804,-0.6732191729301815,-0.3333333333333333,0.4470144472771666,-0.5366037329288071
0.0,1.0,1.0,0.0,1.0,0.0,0.0,0.0,0.0,0.0,0.329051365369871,0.0,0.0,0.670948634630129,0.0,0.0,0.0,0.0,1.0,0.670948634630129,1.1354515355279107,-0.032773407068483806,0.5,0.3354743173150645,0.329051365369871,-0.6645256826849355,1.0085639359269247,-0.113965756420086,0.3354743173150645,-1.0,2.528985551318093,-1.329051365369871,0.0,3.0561829835459724,2.2683794538520514,4.219367576913247,1.3948616384438453,-0.2290020048310375,0.9424921592401145,0.3536871624323563,0.6726693966637535
0.06841051168101009,0.9315894883189899,1.0,0.0,0.0,0.0,1.0,0.0,0.0,0.0,1.0,0.0,0.0,0.0,0.0,0.0,0.0,1.0,0.0,0.0,-0.8145797638395338,-0.2649228216523233,0.0,-0.9315894883189899,0.0,-0.9315894883189899,0.9087859844253199,-0.17806841861350167,0.0,0.0,-0.4748491163026711,2.0,-0.06841051168101009,-0.42857142857142855,-0.2,-0.28772632554599326,-0.2,0.4999999999999999,-0.2269169818295398,-0.715276268921569,-0.2344383665792516
0.0,1.0,0.0,1.0,0.7352126545234527,0.26478734547654725,0.0,0.0,0.0,0.0,0.0,0.0,0.0,0.0,0.0,1.0,0.0,1.0,0.0,0.0,-0.07454157199581557,-0.279343878769544,0.0,-0.3676063272617264,-0.7352126545234527,-0.602818981785179,-0.3333333333333333,-0.19108143027736146,0.10281898178517901,0.26478734547654725,-0.02942081616406081,0.7352126545234527,0.26478734547654725,0.6764589506462075,1.0,1.754929115158849,0.8,0.45964122050006806,1.034877860944573,0.5827055166422596,0.5718286463305826
1.0,0.0,0.0,1.0,0.0,0.0,0.0,0.0,1.0,0.0,0.0,0.0,0.0,0.0,0.0,0.7186090394224732,0.28139096057752677,1.0,0.0,0.7186090394224732,0.6007229897918778,-0.08081139367022395,-0.3593045197112366,-0.6406954802887634,0.0,0.0,0.3333333333333333,0.046898493429587795,-0.5779135591337099,0.0,0.4824352791657946,0.7186090394224732,0.28139096057752677,-0.18305585151107523,-0.05627819211550536,0.0,-0.05627819211550536,0.21558271182674194,0.16616227873404485,-0.758462827110546,0.06407207382520885
1.0,0.0,1.0,0.0,0.7473509060391149,0.0,0.2526490939608851,0.0,0.0,0.0,0.0,0.0,0.0,0.0,1.0,0.0,0.0,0.0,1.0,0.7473509060391149,-0.28825776200300884,1.0237031851242921,-0.6210263590586724,-0.6263245469804426,-1.7473509060391148,-0.7473509060391149,-0.3333333333333333,1.3333333333333333,-0.5,-1.0,0.1122884862048378,1.7473509060391148,0.0,0.8225638974118079,0.052649093960885074,1.4140175727057818,0.850529818792177,0.35987355312450287,0.7441650940605281,0.5645717957892167,-0.1992515577210478
1.0,0.0,1.0,0.0,0.994917860181974,0.0,0.005082139818025966,0.0,0.0,0.0,1.0,0.0,0.0,0.0,0.0,0.0,0.0,0.0,1.0,0.0,0.9929631910211948,1.7504235116515021,-0.5,-0.994917860181974,-1.0,-0.9974589300909871,0.32825119351530735,0.992376790272961,-0.9974589300909871,-1.0,1.1032055602830708,-1.0,0.005082139818025966,-0.14213112288313914,0.0010164279636051931,0.0,0.0010164279636051931,0.3010164279636051,0.13293805579193135,-0.9741210019553139,-0.1491195214763383
0.0,1.0,1.0,0.0,0.6957142928497502,0.0,0.0,0.0,0.30428570715024983,0.0,0.6957142928497502,0.0,0.0,0.0,0.30428570715024983,0.0,0.0,0.0,1.0,0.6957142928497502,0.050219786257480914,-0.15214285357512491,0.15214285357512491,-1.0,-0.30428570715024983,-1.0,0.6376190404835831,-0.050714284525041634,-0.3478571464248751,-1.0,0.03380952301669442,-0.30428570715024983,-2.0,0.07448979082160706,0.10428570715024987,-0.3333333333333333,0.24342856572019989,0.39128571214507485,-0.3333333333333333,-0.34561984072576346,-0.7727339585471206
0.9512164183268269,0.04878358167317309,1.0,0.0,0.0,0.0,1.0,0.0,0.0,0.0,1.0,0.0,0.0,0.0,0.0,0.0,0.0,0.0,0.9512164183268269,0.04878358167317309,-0.40337830064352814,1.7804844531873958,-0.4512164183268269,-0.04878358167317309,-0.9512164183268269,-0.5,-0.6341442788845513,-0.4837388061089423,-0.4512164183268269,-0.9512164183268269,-0.4498648424081303,-1.0,0.9512164183268269,-0.013938166192335169,0.18048656733073076,-0.016261193891057697,0.18048656733073076,0.47560820916341334,0.03658416268265491,0.140120072795069,-0.3641998441376309
0.4673974805992379,0.5326025194007621,1.0,0.0,1.0,0.0,0.0,0.0,0.0,0.0,1.0,0.0,0.0,0.0,0.0,0.0,0.0,0.0,0.5326025194007621,1.0,0.1237515205531427,1.4610502099500635,0.26630125970038104,-0.2989037791011431,0.0,0.26630125970038104,-0.02173501293384139,1.5108675064669206,0.23369874029961896,-0.5326025194007621,-0.06520503880152417,-1.9347949611984758,-2.0,-0.5714285714285714,-0.6,-0.3333333333333333,-0.4934794961198476,-0.7010962208988569,-0.3333333333333333,-0.7635038310110108,-0.5001811460620325
0.9621219725920498,0.03787802740795021,0.0,1.0,0.9621219725920498,0.03787802740795021,0.0,0.0,0.0,0.0,0.0,0.0,0.0,0.0,0.0,0.0,1.0,1.0,0.0,0.03787802740795021,-0.4761069336184424,0.43876218265463773,0.4621219725920498,-0.4810609862960249,-1.0,-0.9810609862960249,-0.3333333333333333,0.6666666666666666,0.0,0.07575605481590042,-1.0,-1.0,0.9621219725920498,-0.5714285714285714,-0.6,-0.3333333333333333,-0.6,-1.5,-0.3333333333333333,-0.30460448642266824,-0.8520225845052913
0.0,1.0,1.0,0.0,0.10946886005445389,0.0,0.8905311399455461,0.0,0.0,0.0,0.0,0.0,0.0,0.0,1.0,0.0,0.0,0.0,1.0,1.0,-1.2139278676839302,0.296843713315182,-0.10946886005445389,0.5,-0.8905311399455461,-0.945265569972773,-0.3333333333333333,0.31262514673927183,-1.0,-1.0,-1.0,-1.0,0.0,-0.5714285714285714,-0.6,-0.3333333333333333,-0.6,-1.5,-0.3333333333333333,-0.30460448642266824,-0.6291359044602921
0.0,1.0,1.0,0.0,1.0,0.0,0.0,0.0,0.0,0.0,0.0,0.0,0.0,0.0,1.0,0.0,0.0,0.8944799309680674,0.10552006903193256,1.0,-0.3479014641194573,1.1444799309680675,0.05276003451596628,-0.8944799309680674,0.0,0.0,0.5611465976347341,-0.5,-0.4472399654840337,-1.0,-0.3450577854479925,-0.7889598619361349,0.0,0.015074295575990354,-0.15779197238722698,-0.3333333333333333,-0.37889598619361353,-0.9623142610600243,-0.3333333333333333,0.02156801607402481,-0.780748943084955
0.0,1.0,1.0,0.0,0.0,0.0,1.0,0.0,0.0,0.0,0.0,0.008524664854951847,0.0,0.0,0.0,0.0,0.0,1.0,0.0,0.008524664854951847,0.6225977933388055,0.657431613073802,0.0,-0.9872130027175723,0.0,0.4872130027175723,-0.3219671135267308,-0.4971584450483494,0.5,0.0,0.013260589774369613,-1.0,0.0,0.7081966679607486,0.7914753351450481,-0.3304917783816827,0.39829506702900963,-0.13093884963775793,-0.33001818588974086,0.5747689246447117,0.4517677864918621
0.06151702623923505,0.938482973760765,1.0,0.0,0.06151702623923505,0.0,0.938482973760765,0.0,0.0,0.0,1.0,0.0,0.0,0.0,0.0,0.0,0.0,1.0,0.0,1.0,0.19291259923739382,-0.10383900874641168,0.0,0.43848297376076495,0.0,-0.9077244606411474,1.6461609912535884,1.0846439650143533,0.4692414868803825,-0.938482973760765,-0.22905744735991498,-1.0,-2.0,-0.42857142857142855,-0.2,0.3333333333333333,-0.2,0.4999999999999999,1.222222222222222,-0.9069367878627146,-0.6729167335764793
0.11709373086253871,0.8829062691374613,1.0,0.0,0.0,0.0,1.0,0.0,0.0,0.0,0.8829062691374613,0.0,0.0,0.0,0.11709373086253871,0.0,0.0,0.11709373086253871,0.8829062691374613,1.0,-0.9729783698009526,0.054059900617698664,-0.9414531345687307,0.44145313456873064,-1.0,0.0,-0.3333333333333333,-0.44145313456873064,-1.0,-0.8829062691374613,-0.5165243119347094,-1.0,0.0,0.050183027512516576,0.27025623851752323,0.0,-0.08290626913746124,-0.3438750255166151,0.04037673859189313,0.4368614203485486,-0.2743570568217002
0.0,1.0,0.0,1.0,0.0,1.0,0.0,0.0,0.0,0.0,0.0,1.0,0.0,0.0,0.0,0.0,0.0,0.5160790204436166,0.48392097955638336,0.48392097955638336,0.9701963956234859,-0.4166666666666667,-0.5160790204436166,-1.0,-2.0,0.016079020443616643,-0.17202634014787221,0.2473201632593972,-0.22588146933457498,-0.48392097955638336,2.1791725714561463,-0.48392097955638336,0.0,3.3040903090784193,1.8128632163548932,0.8601317007393611,1.3935683918225534,-0.43897783571352406,-0.06922476050774862,0.6027556870325749,1.2883627695878055
0.0,1.0,0.0,1.0,0.0,0.90651371944458,0.09348628055541996,0.0,0.0,0.0,0.0,0.0,0.0,0.0,0.0,0.0,1.0,0.0,0.09348628055541996,0.0,-0.7426464587606108,-0.4166666666666667,-0.90651371944458,0.0,-0.09348628055541996,-0.90651371944458,-0.6355045731481933,-0.4688379064815267,-0.40651371944458004,-0.09348628055541996,-0.5867176490740289,0.0,-0.09348628055541996,-0.16956750873012,-0.018697256111084,-0.3333333333333333,-0.2,-0.22521097555566394,-0.3333333333333333,0.059031877213695266,-0.5099937017432112
1.0,0.0,1.0,0.0,1.0,0.0,0.0,0.0,0.0,0.0,1.0,0.0,0.0,0.0,0.0,0.0,0.0,0.0,1.0,0.4286810580804259,-0.7251650957657279,0.14282973547989353,-0.28565947095978705,-1.0,-1.428681058080426,0.0,-0.3333333333333333,1.2857873720536173,0.21434052904021295,-1.0,-0.5554702881596687,-0.5713189419195741,-1.1426378838391482,0.00010962950899728874,0.22868105808042594,0.047545961279716054,0.1429448464643407,0.41426378838391476,0.5553850207637818,0.27726950678191215,-0.27211122254110665
0.0,1.0,1.0,0.0,0.3378879898934354,0.0,0.6621120101065646,0.0,0.0,0.0,1.0,0.0,0.0,0.0,0.0,0.0,0.0,0.0,0.0,1.0,-0.5353083146891602,0.3557973451243254,0.3310560050532823,-1.0,0.0,-0.6689439949467177,-0.11262932996447844,-0.22298133164890588,0.5,0.0,-0.7057279955081935,-1.0,0.0,-0.38225371139812436,-0.33515519595737414,-0.3333333333333333,-0.33515519595737414,-0.506831984840153,-0.3333333333333333,-0.30460448642266824,-0.7542456607424681
0.0,1.0,0.0,1.0,0.0,1.0,0.0,0.0,0.0,0.0,0.0,0.0,0.0,0.0,0.0,1.0,0.0,0.0,0.5437789079973993,0.45622109200260075,0.3658275818495548,1.2062210920026009,0.0,-0.31566836199609893,-0.45622109200260075,-1.0,0.8479263026657997,0.014592969332466427,-0.22811054600130037,-0.5437789079973993,0.2652328097818234,0.0,0.0,-0.2857142857142857,-0.2,-0.029185938664932853,-0.3824884368010403,-0.6843316380039011,0.19892460733636752,-0.7448462061126012,0.368621313362961
0.0,1.0,0.1355071196926515,0.8644928803073485,1.0,0.0,0.0,0.0,0.0,0.0,0.1355071196926515,0.0,0.0,0.0,0.0,0.0,0.8644928803073485,0.1355071196926515,0.8644928803073485,0.0,-0.031270873775227276,0.08762084684595334,0.3644928803073485,-0.1355071196926515,-0.8644928803073485,-1.0,1.6666666666666667,1.4322464401536743,-0.5677535598463257,-1.0,0.0451690398975505,0.8644928803073485,0.1355071196926515,0.07743263982437226,0.10840569575412118,-0.2881642934357828,0.10840569575412118,0.08130427181559086,-0.301715005405048,-0.34810333216878075,-0.3960340163654551
1.0,0.0,0.7339099189537017,0.2660900810462983,0.2660900810462983,0.0,0.7339099189537017,0.0,0.0,0.0,0.7339099189537017,0.0,0.0,0.0,0.0,0.0,0.2660900810462983,0.2660900810462983,0.0,0.0,-0.5744476798390311,-0.25608409237422664,0.13304504052314914,-0.8669549594768509,-1.0,-0.6330450405231491,-0.3333333333333333,0.29971170718981577,-0.7339099189537017,0.7339099189537017,-1.0,-1.0,0.2660900810462983,-0.5714285714285714,-0.6,-0.3333333333333333,-0.6,-1.5,-0.3333333333333333,-0.30460448642266824,-0.6873017376555801
0.4787396878195851,0.5212603121804149,0.5212603121804149,0.4787396878195851,0.5212603121804149,0.0,0.4787396878195851,0.0,0.0,0.0,0.5212603121804149,0.0,0.0,0.0,0.0,0.0,0.4787396878195851,0.0,1.0,0.4787396878195851,-1.3846153846153846,-0.3333333333333333,-0.23936984390979255,-0.23936984390979255,0.0,0.23936984390979255,-0.3333333333333333,-0.24645661463659752,0.0,-1.0,-1.1111111111111112,-1.0,0.4787396878195851,-0.7142857142857143,-0.6,-0.3333333333333333,-0.6,-1.5,-0.3333333333333333,-1.395513577331759,-1.1544980062628523
1.0,0.0,1.0,0.0,1.0,0.0,0.0,0.0,0.0,0.0,0.0,0.0,0.13183919594845306,0.0,0.8681608040515469,0.0,0.0,0.0,1.0,0.8681608040515469,-0.31783378430372716,-0.21061306531615098,-0.3022412060773205,-0.8681608040515469,1.0,-0.06591959797422653,0.2454405360343646,-0.06591959797422653,-1.0,-1.0,-0.19292462312256597,-1.0,0.0,-0.029852117758468855,-0.21542512567216554,-0.15754773873539585,0.1054713567587624,0.3143824577398312,-0.2214697731346459,-0.29216144479999406,-0.5469494204002749
0.0,1.0,0.0,1.0,0.0,1.0,0.0,0.0,0.0,0.0,0.0,0.0,0.0,0.0,0.0,1.0,0.0,0.24528553225533456,0.0,0.0,0.8258351228281542,0.2075475887092224,0.0,-0.7547144677446654,0.0,0.5,0.42138113441133207,-0.21383354570210972,-1.0,0.24528553225533456,1.4821749874609602,-1.5094289354893309,1.0,0.355795866358667,0.8490571064510669,1.2452855322553344,0.19622842580426766,-0.13584660605104884,0.9477999150524895,-0.5163948062162564,0.603996869280647
1.0,0.0,1.0,0.0,1.0,0.0,0.0,0.0,0.0,0.0,0.0,0.0,0.842659340297474,0.0,0.15734065970252598,0.0,0.0,0.0,1.0,0.0,-0.38461538461538464,-0.4737765567162457,0.842659340297474,0.07867032985126299,0.842659340297474,-0.421329670148737,-0.3333333333333333,-0.4737765567162457,-1.0,-1.0,-0.052446886567508656,-1.0,-0.31468131940505195,0.6468540029846317,0.8111912083569688,1.157340659702526,0.8,0.521732517741581,0.702887529569302,0.5762544727730115,0.28856049318526433
1.0,0.0,0.0,1.0,0.8395998946699279,0.1604001053300721,0.0,0.0,0.0,0.0,0.0,0.0,0.0,0.0,0.0,0.0,1.0,0.0,0.8395998946699279,0.0,-0.3475999756930603,-0.43316662277913665,0.3395998946699279,-0.3395998946699279,-2.0,0.0,-0.38680003511002403,-0.22639992977995194,-0.3395998946699279,-0.8395998946699279,-0.9643555321488728,0.0,-0.1604001053300721,-0.5485142706671325,-0.5358399578679711,-0.2798666315566426,-0.6,-1.5,-0.20857769585438837,-0.30460448642266824,-1.1580711590820274
0.6659911212547621,0.3340088787452379,0.3340088787452379,0.6659911212547621,1.0,0.0,0.0,0.0,0.0,0.0,0.0,0.0,0.0,0.0,0.3340088787452379,0.0,0.6659911212547621,0.0,1.0,0.0,-0.38461538461538464,-0.30516148739861126,0.33299556062738106,-0.6670044393726189,-1.6659911212547622,-0.16700443937261894,-0.3333333333333333,-0.3333333333333333,-0.33299556062738106,-1.0,-1.0,0.0,0.3340088787452379,-0.5714285714285714,-0.6,-0.3333333333333333,-0.6,-1.5,-0.3333333333333333,-0.30460448642266824,-1.2656108768615604
0.2386900313010175,0.0,0.7613099686989825,0.2386900313010175,0.0,0.0,1.0,0.0,0.0,0.0,0.7613099686989825,0.0,0.0,0.0,0.0,0.0,0.2386900313010175,0.0,1.0,0.2386900313010175,-1.3846153846153846,-0.016120846375423964,-0.8806549843494913,-0.11934501565050876,0.0,0.11934501565050876,-0.3333333333333333,-0.3333333333333333,0.38065498434949124,-1.0,-1.1111111111111112,-2.522619937397965,0.2386900313010175,-0.7142857142857143,-0.6,-0.3333333333333333,-0.6,-1.5,-0.3333333333333333,-1.395513577331759,-0.9646423134236616
1.0,0.0,0.0,1.0,1.0,0.0,0.0,0.0,0.0,0.0,0.0,0.0,0.0,0.0,0.0,0.0,1.0,0.06990964949026135,0.9300903505097387,0.0,-0.3899930499607894,-0.43591615463392713,0.5,-0.5,-1.9300903505097387,-0.06990964949026135,-0.3333333333333333,-0.263423683843072,-0.4650451752548693,-0.9300903505097387,-1.0,-0.06990964949026135,0.06990964949026135,-0.5714285714285714,-0.6,-0.3333333333333333,-0.6,-1.5,-0.3333333333333333,-0.30460448642266824,-1.2149881362493784
0.0,1.0,0.0,1.0,1.0,0.0,0.0,0.0,0.0,0.0,0.0,0.0,0.0,0.0,0.0,1.0,0.0,1.0,0.0,0.105834093828584,-0.4533973773978013,-0.45590246090475667,0.052917046914292,-0.5,-1.105834093828584,-0.894165906171416,-0.22749923950474932,-0.37652689053331867,0.394165906171416,-0.105834093828584,0.02351868751746311,0.894165906171416,-0.105834093828584,0.6689282455020354,0.9788331812342832,1.7019446979428614,0.8,0.48485849899091804,1.0207739433606158,0.5023751910408034,0.5862262630294499
0.6989907380395877,0.30100926196041233,0.30100926196041233,0.0,1.0,0.0,0.0,0.0,0.0,0.6989907380395877,0.30100926196041233,0.0,0.0,0.0,0.0,0.0,0.0,0.0,0.0,1.0,-0.4219123900456781,0.45707175588281795,0.5,-0.5,-0.6020185239208247,0.15050463098020617,-0.2653209840527836,-0.39966357934652924,-0.34949536901979383,0.0,-0.15533127511990835,-1.3010092619604123,-1.0,0.2857142857142857,0.8,0.0,-0.6,-1.5,-0.04166666666666665,0.20858273853720447,-0.5697161178206815
0.0,1.0,0.0,1.0,0.1892215397850059,0.8107784602149941,0.0,0.0,0.0,0.0,0.0,0.0,0.0,0.0,0.0,1.0,0.0,0.0,1.0,0.0,0.37835100479730266,0.04051897347666275,-0.09461076989250294,-1.0,-2.0,-0.09461076989250294,1.8738523068099961,-0.1035928200716647,-0.5,-1.0,-0.27025948673833133,-1.0,-0.8107784602149941,-0.2509837370200033,-0.11353292387100353,-0.06307384659500195,-0.11353292387100353,-0.04059877161301062,0.04502994810033063,-0.5110279843699473,0.10453945100427578
0.0,1.0,1.0,0.0,0.11836286722964984,0.0,0.0,0.8816371327703502,0.0,0.0,1.0,0.0,0.0,0.0,0.0,0.0,0.0,0.0,0.11836286722964984,0.0,-0.07283868752593836,0.5384402271678792,0.05918143361482492,-1.0,0.0,0.0,1.469395221283917,-0.05918143361482492,-0.4408185663851751,-0.11836286722964984,-0.16371682987984437,0.23672573445929967,-1.1183628672296497,-0.5883375524613785,-0.6,-0.3333333333333333,-0.6,-1.5,-0.3333333333333333,-1.2031563847273192,-0.06992686441243418
0.03868471181509259,0.9613152881849074,1.0,0.0,0.03868471181509259,0.0,0.0,0.9613152881849074,0.0,0.0,1.0,0.0,0.0,0.0,0.0,0.0,0.0,0.0,0.0,0.03868471181509259,0.06546643537938746,0.6247582288669828,-0.03868471181509259,-0.9419729322773611,-0.03868471181509259,0.019342355907546294,1.6924564745433952,0.0,-0.4613152881849074,0.0,-0.1369009189878394,0.0,-1.0,-0.5714285714285714,-0.6,-0.3333333333333333,-0.6,-1.5,-0.3333333333333333,-1.1646713080104563,-0.059141919951382516
0.0,1.0,0.5345299912300164,0.46547000876998357,0.0,0.0,1.0,0.0,0.0,0.0,0.5345299912300164,0.0,0.0,0.0,0.0,0.46547000876998357,0.0,0.5345299912300164,0.0,0.5345299912300164,-0.0556738515507591,0.18819083844915713,0.23273500438499178,0.03452999123001643,0.0,-1.0,0.8908833187166941,0.8563533274866777,0.2672649956150082,-1.0,-0.1705033323588907,-1.0,-2.0,-0.36207571303285946,-0.29309400175399675,0.1781766637433388,-0.2,0.26726499561500816,0.7696819359180715,-0.8316762425101862,-0.44764070872789696
0.12092851977186836,0.8790714802281316,0.0,0.0,0.0,0.0,0.0,0.0,0.0,1.0,0.0,0.0,0.0,0.0,0.0,0.0,0.0,0.0,0.0,1.0,-0.49195056931851217,0.600773766476557,0.0,-0.9395357401140658,-0.8790714802281316,-1.0,0.8682141996197805,0.16666666666666666,0.4395357401140658,2.0,-0.5726111512885468,-0.12092851977186836,0.0,-0.4112959257468759,-0.2,0.2527143201520878,-0.5516285920912527,-1.3186072203421975,1.0341111914659824,-0.5623629110752797,-0.5592603232587235
1.0,0.0,1.0,0.0,0.9948548292452852,0.0,0.005145170754714767,0.0,0.0,0.0,0.9948548292452852,0.0,0.0,0.0,0.005145170754714767,0.0,0.0,0.0,1.0,0.9948548292452852,-0.15424193621190113,0.009432813050310407,0.0025725853773573837,-1.0,-1.9948548292452852,0.0,-0.3333333333333333,1.6649516097484285,0.49485482924528523,-1.0,-0.10825268291404734,0.005145170754714767,0.0,0.5743686690026941,0.8,-0.32818816257861855,0.6020580683018859,0.29955898536388154,-0.33076074795597593,0.567748592067898,0.18308117152043005
0.0,1.0,1.0,0.0,0.1800530825918999,0.0,0.0,0.0,0.8199469174081001,0.0,1.0,0.0,0.0,0.0,0.0,0.0,0.0,0.0,1.0,1.0,-0.44918176991516934,-0.13665781956801668,0.40997345870405005,-0.1800530825918999,0.0,-0.1800530825918999,-0.21329794493873339,-0.13665781956801668,-0.09002654129594995,-1.0,-0.7288417043627556,0.0,-1.1800530825919,-0.3771276906880286,-0.2,0.21329794493873339,-0.16398938348162004,0.4639893834816199,0.9421396493014889,-0.06001148317764349,-0.4362790270993072
0.0,1.0,1.0,0.0,1.0,0.0,0.0,0.0,0.0,0.0,0.22862516152492351,0.0,0.7713748384750765,0.0,0.0,0.0,0.0,0.7713748384750765,0.22862516152492351,0.7713748384750765,-0.23520203490187014,1.3714375269208205,-0.38568741923753824,-0.6143125807624618,-1.2286251615249235,0.0,0.18091655898338432,-0.20477086025415392,-0.7713748384750765,-1.0,-0.40004179229716275,-1.7713748384750765,-0.22862516152492351,-0.5714285714285714,-0.6,-0.3333333333333333,-0.4,0.0,-0.3333333333333333,-0.9591043493712181,-0.047018482138606016
0.0,1.0,0.09129869073063213,0.9087013092693679,0.0,0.9087013092693679,0.09129869073063213,0.0,0.0,0.0,0.0,0.0,0.0,0.0,0.09129869073063213,0.9087013092693679,0.0,0.0,1.0,0.9087013092693679,-0.33578421253250224,-0.4166666666666667,0.5,0.0,-0.9087013092693679,-0.45435065463468394,1.636233769756456,-0.2572510910578065,0.04564934536531606,-1.0,-0.3536219312734738,0.0,-1.0,-0.42857142857142855,-0.2,0.3333333333333333,-0.21825973814612643,0.40870130926936776,1.222222222222222,-0.8334592699261896,0.5797474841883429
0.9988798885198905,0.001120111480109487,0.001120111480109487,0.0,0.0,0.0,0.0,0.0,0.001120111480109487,0.9988798885198905,0.001120111480109487,0.0,0.0,0.0,0.0,0.0,0.0,0.0,0.0,0.0,-0.4617107863815553,0.08417341694341544,0.0,0.0,-1.0,0.5,1.3329599628399635,-0.4998133147533151,-0.001120111480109487,0.0,-0.4444444444444444,-2.9977597770397812,-1.0,-0.14285714285714285,-0.2002240222960219,-0.00037337049336982897,-0.19977597770397812,-0.29932793311193423,0.13281061464261562,-0.14876033057851248,-0.7916182344370359
0.556181735039757,0.443818264960243,0.556181735039757,0.443818264960243,0.0,0.0,0.556181735039757,0.0,0.443818264960243,0.0,0.0,0.0,0.556181735039757,0.0,0.0,0.0,0.443818264960243,0.443818264960243,0.0,0.0,0.14520280999388355,0.06507572293323208,0.0,-0.3342726025596354,0.0,0.2219091324801215,0.8895150683730904,-0.2780908675198785,-0.2780908675198785,0.556181735039757,0.876404058880054,2.443818264960243,0.443818264960243,-0.5714285714285714,-0.6,-0.3333333333333333,-0.6,-1.5,-0.3333333333333333,-1.279681071452489,-0.0006037201443174212
0.0,1.0,0.7566358037849347,0.0,0.7566358037849347,0.0,0.0,0.0,0.24336419621506533,0.24336419621506533,0.0,0.0,0.0,0.0,0.7566358037849347,0.0,0.0,0.0,1.0,0.0,-0.6092592580446756,-0.03834876477419935,-0.12168209810753267,-1.0,-1.0,-0.25663580378493467,-0.3333333333333333,-0.3333333333333333,0.0,-1.0,-1.0,0.0,1.0,-0.5714285714285714,-0.6,-0.3333333333333333,-0.6,-1.5,-0.3333333333333333,-0.30460448642266824,-1.1485816463010186
0.0,1.0,0.0,1.0,0.741311669302092,0.258688330697908,0.0,0.0,0.0,0.0,0.0,0.0,0.0,0.0,0.0,0.0,1.0,0.0,1.0,0.258688330697908,-1.193644358568909,0.63224027558159,-0.258688330697908,0.129344165348954,0.741311669302092,-0.370655834651046,-0.3333333333333333,0.3391255537986053,0.5,-1.0,-1.028743147855323,-2.482623338604184,-0.258688330697908,-0.6083840472425582,-0.6,-0.3333333333333333,-0.6,-1.5,-0.3333333333333333,-0.5868099380931133,-0.7013926247627162
0.0,1.0,1.0,0.0,0.0,0.0,1.0,0.0,0.0,0.0,0.0,0.8068671354127069,0.0,0.0,0.0,0.0,0.0,1.0,0.0,0.8068671354127069,1.2981183453492136,-0.2074393966970992,0.0,0.2103007031190604,0.0,-0.7103007031190605,0.7424895138836093,-0.23104428819576434,0.5,0.0,1.255126655086433,-1.0,0.0,0.13795204613378076,-0.006867135412706948,-0.06437762152909768,0.23862657291745862,0.37709726798990434,-0.019551669561725077,-0.6603526496396825,1.1455537361409358
1.0,0.0,0.08409822446798465,0.9159017755320153,0.08409822446798465,0.0,0.0,0.0,0.9159017755320153,0.0,0.08409822446798465,0.0,0.0,0.0,0.0,0.0,0.9159017755320153,1.0,0.0,0.08409822446798465,-0.6412609921439953,-0.4579508877660077,0.0,-1.0,0.0,0.0,0.2772678503546769,0.18068303741133077,0.5,0.0,-0.5462113083924461,0.08409822446798465,0.9159017755320153,-0.24967218951372086,-0.18318035510640307,0.0,-0.2,-0.05406314430084728,0.2289754438830039,-0.23907340242164127,-0.5175265903556855
1.0,0.0,1.0,0.0,1.0,0.0,0.0,0.0,0.0,0.0,0.32643357650329297,0.0,0.0,0.0,0.673566423496707,0.0,0.0,0.0,1.0,1.0,-0.7644540145022798,0.9270163019117272,-0.3367832117483535,0.5,-1.0,0.5,-0.3333333333333333,1.3402330901633737,-0.5,-1.0,-1.0,0.6528671530065859,-0.673566423496707,-0.5714285714285714,-0.6,0.0,-0.6,-1.5,0.8333333333333334,-0.30460448642266824,-0.6281536872842968
0.0,1.0,0.5598443123088295,0.4401556876911705,0.0,0.0,1.0,0.0,0.0,0.0,0.0,0.0,0.0,0.0,0.5598443123088295,0.4401556876911705,0.0,1.0,0.0,1.0,-0.4152049757409571,-0.42664071871813825,-0.22007784384558526,-0.05984431230882947,0.0,0.27992215615441474,0.293437125127447,0.4800518958970568,-1.0,-0.4401556876911705,-0.1510073193169974,-0.5598443123088295,-1.0,-0.49145081252731004,-0.6,0.0398962082058863,-0.6,-1.5,0.5375355969248456,-0.9726474370592054,-0.3971567145182422
0.0,1.0,1.0,0.0,0.0,0.0,1.0,0.0,0.0,0.0,0.0,0.0,0.0,0.0,0.11584385678025766,0.0,0.0,0.8841561432197423,0.11584385678025766,0.0,0.570829285853747,0.7438959045201717,0.0,-0.8841561432197423,0.0,0.3262342148296135,-0.37194795226008587,-0.46138538107324745,0.3262342148296135,-0.11584385678025766,-0.051486158569003404,-1.0,0.0,0.6315401022998159,0.6841561432197424,-0.3333333333333333,0.35366245728789697,-0.12056674680269218,-0.3333333333333333,0.5387204386766318,0.3654734697701465
0.6233046380132012,0.37669536198679876,1.0,0.0,0.0,0.0,1.0,0.0,0.0,0.0,0.37669536198679876,0.0,0.6233046380132012,0.0,0.0,0.0,0.0,0.37669536198679876,0.0,0.0,-0.270795718757045,0.030261038841034094,0.0,-1.0,0.0,-0.37669536198679876,1.2077682126710672,-0.37443487933773373,-0.3116523190066006,0.6233046380132012,0.3173723353494682,2.0,0.0,-0.5176149482876001,-0.44932185520528045,-0.3333333333333333,-0.44932185520528045,-0.7466092760264025,-0.3333333333333333,-1.0851384171998602,0.33634480759967184
0.009072404652724964,0.990927595347275,0.0,1.0,1.0,0.0,0.0,0.0,0.0,0.0,0.0,0.0,0.0,0.0,0.0,1.0,0.0,1.0,0.0,0.0,0.08390184973286537,-0.4939517302315167,0.4954637976736375,-0.990927595347275,-1.0090724046527249,0.0,1.0060482697684834,-0.5,0.0,-1.0,0.7858421374690888,-0.990927595347275,-2.0,1.297378805982075,-0.39274207627782004,3.3424057379860583,0.805443442791635,-0.10136086069790873,1.3746024361493239,0.3035708992772676,0.7176628518768569
0.18132057950015823,0.8186794204998418,1.0,0.0,1.0,0.0,0.0,0.0,0.0,0.0,0.0,0.0,0.0,0.0,1.0,0.0,0.0,0.0,1.0,1.0,-0.9792889187306839,0.2568708209585575,-0.9093397102499209,0.5,-0.18132057950015823,-0.31867942049984177,-0.3333333333333333,1.5302200965833597,-0.9093397102499209,-1.0,-1.0,-0.8186794204998418,-0.18132057950015823,-0.5714285714285714,-0.6,-0.2728931401666139,-0.6,-1.5,-0.12179265724981547,-0.30460448642266824,-0.6742847324323678
0.12844871809319136,0.8715512819068086,1.0,0.0,0.12844871809319136,0.0,0.8715512819068086,0.0,0.0,0.0,1.0,0.0,0.0,0.0,0.0,0.0,0.0,0.8715512819068086,0.12844871809319136,1.0,-1.0966844181681832,0.06192521365113477,-0.8715512819068086,0.06422435904659568,-0.12844871809319136,-0.8073269228602129,-0.3333333333333333,0.5214081196821986,-0.06422435904659568,-1.0,-1.0,2.8715512819068088,0.0,-0.5714285714285714,-0.6,-0.2905170939689362,-0.6,-1.5,-0.18347649555794338,-0.30460448642266824,-0.676564645323985
0.0,1.0,0.0,1.0,0.0,0.2833429482655816,0.7166570517344184,0.0,0.0,0.0,0.0,0.0,0.0,0.0,0.0,1.0,0.0,0.0,0.2833429482655816,1.0,-0.14230991113821115,0.3597118060456199,-0.2166570517344184,-0.7166570517344184,-1.7166570517344184,0.2166570517344184,1.427780982755194,-0.09444764942186053,0.3583285258672092,0.4333141034688368,-0.3333333333333333,-0.7166570517344184,-1.0,-0.42857142857142855,-0.2,0.3333333333333333,-0.2,0.4999999999999999,1.222222222222222,-0.8500590318772137,0.24135188506895094
1.0,0.0,0.0,0.0,0.01842771873821747,0.0,0.0,0.0,0.0,1.0,0.0,0.0,0.0,0.0,0.0,0.0,0.0,0.9815722812617825,0.0,0.01842771873821747,-0.693725209133709,1.242321783859076,0.009213859369108734,-0.9907861406308913,-0.9815722812617825,-0.49078614063089127,-0.3394759062460725,-0.3364046197897029,-0.9907861406308913,-0.9815722812617825,-0.9856673298702753,-1.0,-0.01842771873821747,-0.5556333839386707,-0.5742011937664955,-0.32719076042059414,-0.6,-1.5,-0.32795858203468653,-0.2934361720358698,-0.532840004376825
0.0,1.0,0.0,1.0,1.0,0.0,0.0,0.0,0.0,0.0,0.0,0.0,0.0,0.0,0.0,1.0,0.0,1.0,0.0,0.0,-0.5052122473928836,0.5408918961970607,-0.5677592161074877,0.0677592161074877,-1.0,-1.0,-0.3333333333333333,-0.3107469279641708,-0.3516388241612316,0.0,0.0630843573452764,0.4322407838925123,-1.1355184322149754,0.795394173729641,1.0,1.098907450559179,1.1406555296644925,0.7445849913362428,0.5479841767743835,0.5973419469014223,0.4800633057159318
0.0,1.0,1.0,0.0,0.0,0.0,0.8401215027412188,0.15987849725878123,0.0,0.0,0.15987849725878123,0.0,0.8401215027412188,0.0,0.0,0.0,0.0,0.15987849725878123,0.8401215027412188,0.15987849725878123,-0.021463690620788345,0.22335358379020315,0.5,0.3401215027412188,-0.31975699451756245,-1.0,-0.3333333333333333,0.06008100182747911,-0.3401215027412188,-1.0,-0.05329283241959376,1.0,-1.8401215027412188,0.6457663583176652,0.12790279780702496,-0.3333333333333333,0.9680243005482437,0.7526734249215054,-0.3333333333333333,0.5760657079960999,-0.2687079296658632
0.0,1.0,1.0,0.0,1.0,0.0,0.0,0.0,0.0,0.0,1.0,0.0,0.0,0.0,0.0,0.0,0.0,0.6078487885548034,0.3921512114451966,0.0,-0.3076923076923077,-0.16339633810216525,-0.1078487885548034,0.5,0.0,-0.1960756057225983,-0.3333333333333333,0.27451545522147003,-1.0,-0.3921512114451966,-0.3921512114451966,-0.3921512114451966,0.0,0.21009129957046158,-0.11372096915615731,-0.1307170704817322,-0.4784302422890393,-1.3342230576668719,-0.20439571151867802,0.23793823394029667,-0.4919818588511007
0.0,1.0,1.0,0.0,1.0,0.0,0.0,0.0,0.0,0.0,0.0,0.0,0.8205026765761666,0.0,0.1794973234238334,0.0,0.0,1.0,0.0,1.0,-0.14596050900916668,1.318375223048014,-0.4102513382880833,-0.5897486617119168,-0.8205026765761666,0.0,0.3931657744746111,-0.22649910780794447,-0.9102513382880832,-1.0,-0.2421663692693148,-1.8205026765761665,0.0,-0.46885867232923806,-0.5282010706304666,-0.3333333333333333,-0.4,-0.17949732342383343,-0.3333333333333333,-0.9518347601595825,-0.015103901238222056
0.24630116594948082,0.7536988340505192,0.0,1.0,1.0,0.0,0.0,0.0,0.0,0.0,0.0,0.0,0.0,0.0,0.0,1.0,0.0,0.7536988340505192,0.0,0.0,0.845015743369071,0.06527412553788936,0.12315058297474041,-0.12315058297474041,0.0,-0.3768494170252596,1.1642007772996539,0.7972149177424455,0.12315058297474041,1.7536988340505193,0.38971085201122646,-0.7536988340505192,0.0,0.3581996668715769,0.6029590672404154,-0.3333333333333333,0.5044386008606231,0.3641882553343223,-0.3333333333333333,-0.27045865507489464,0.34195780445174156
0.0,1.0,1.0,0.0,1.0,0.0,0.0,0.0,0.0,0.0,0.21119301812925573,0.0,0.0,0.0,0.7888069818707443,0.0,0.0,0.21119301812925573,0.7888069818707443,1.0,0.35545474691783907,0.285198836354876,0.18321047280611635,0.0,0.0,0.10559650906462786,-0.3333333333333333,-0.5,0.10559650906462786,-1.0,-0.5617738989606976,1.0,-0.21119301812925573,-0.007995012949468472,0.07328418912244661,-0.3333333333333333,-0.2844772072517023,-0.8238797298250764,-0.3333333333333333,0.31005030464544403,-0.5392287406615581
1.0,0.0,0.8262465246924332,0.1737534753075668,0.1737534753075668,0.0,0.0,0.0,0.8262465246924332,0.0,0.0,0.0,0.0,0.0,0.8262465246924332,0.0,0.1737534753075668,0.8262465246924332,0.1737534753075668,0.8262465246924332,0.37807371510070753,0.6161414891988749,0.0,0.0,-1.0,0.0868767376537834,2.217497683128289,0.27541550823081107,0.4131232623462166,-0.1737534753075668,-0.5023622695469667,0.8262465246924332,0.1737534753075668,-0.5714285714285714,-0.6,-0.3333333333333333,-0.6,-1.5,-0.3333333333333333,-1.0432075701170034,-0.6634533286536585
0.7708541085409898,0.0,0.0,1.0,0.7708541085409898,0.0,0.0,0.2291458914590102,0.0,0.0,0.0,0.0,0.0,0.0,0.0,1.0,0.0,0.2291458914590102,0.7708541085409898,0.7708541085409898,0.581754740624219,1.3611388113879865,-0.2708541085409898,-0.2708541085409898,1.0,0.0,0.9721945219453467,-0.3333333333333333,0.5,-1.0,-0.2731435314353356,-1.0,0.0,-0.03273512735128717,0.1083416434163959,0.0,-0.04582917829180205,-0.06874376743770305,0.07337801378014525,-0.17545657676175014,0.16693083966031688
0.05270211174366202,0.0,0.0,1.0,0.05270211174366202,0.947297888256338,0.0,0.0,0.0,0.0,0.0,0.0,0.0,0.0,0.0,1.0,0.0,0.0,1.0,1.0,-0.10114404210249184,1.0351347411624414,-0.02635105587183101,-0.973648944128169,1.0,0.473648944128169,1.9297305176751176,-0.17545035195727698,-0.447297888256338,-1.0,-0.11696690130485132,-0.05270211174366202,-0.947297888256338,0.0,-0.17891915530253522,-0.31576596275211266,0.1894595776512676,0.4736489441281689,-0.31283806765524247,-0.2982163516658607,0.0647899878517966
0.0,1.0,1.0,0.0,0.8336224130677277,0.0,0.0,0.0,0.16637758693227234,0.0,1.0,0.0,0.0,0.0,0.0,0.0,0.0,0.0,1.0,0.16637758693227234,-0.7692307692307693,1.4861352010889772,0.0,-0.8336224130677277,-2.0,0.08318879346613617,-0.3333333333333333,-0.16695574640106098,-0.08318879346613617,-1.0,-1.0,-0.8336224130677277,-1.1663775869322723,-0.5714285714285714,-0.6,-0.3333333333333333,-0.4332755173864545,-0.2495663803984085,-0.3333333333333333,-0.30460448642266824,-0.7403510616632389
0.0,1.0,0.0,1.0,0.0,0.22901570746786448,0.0,0.0,0.7709842925321355,0.0,0.0,0.0,0.0,0.0,0.0,1.0,0.0,0.0,1.0,0.0,-0.4697486902343312,0.10241797562232204,0.0,0.15647643879820317,-1.2290157074678645,-0.7709842925321355,1.486010471645243,0.34732286168809035,-0.11450785373393224,-1.0,-0.41899825472579283,-1.0,-1.0,-0.14285714285714285,0.0,0.0,-0.15419685850642711,-0.1625905755192813,0.1333333333333334,-0.18445109018389394,0.060142878281806054
0.7085720046026294,0.29142799539737063,1.0,0.0,0.7085720046026294,0.0,0.29142799539737063,0.0,0.0,0.0,1.0,0.0,0.0,0.0,0.0,0.0,0.0,1.0,0.0,0.7085720046026294,-0.9006593849694331,-0.09714266513245687,0.0,-1.0,0.0,-0.29142799539737063,0.05523732719649421,0.18761933563464803,0.3542860023013147,0.0,-0.4444444444444444,1.2914279953973706,0.0,-0.023673140227068956,-0.05828559907947414,-0.09714266513245687,-0.2,-0.3097965766887193,-0.09714266513245687,0.11127749334164883,-0.4316785881760016
1.0,0.0,0.0,0.0,0.4735738884350885,0.0,0.0,0.0,0.0,1.0,0.0,0.0,0.0,0.0,0.0,0.0,0.0,0.0,0.0,0.4735738884350885,-0.6072535041338734,0.4385137496596497,0.23678694421754426,-0.23678694421754426,-0.5264261115649115,0.26321305578245574,0.3861855564631562,-0.5,-0.23678694421754426,0.0,-0.33920580256998034,-2.0528522231298227,-1.0,0.06010309504360936,0.2735738884350885,0.0,-0.3894295553740354,-0.8682886661221062,0.05045790285719287,0.06445042438793433,-0.6883982859617452
0.0,1.0,1.0,0.0,0.05792046055879829,0.0,0.0,0.0,0.9420795394412017,0.0,1.0,0.0,0.0,0.0,0.0,0.0,0.0,0.0,0.05792046055879829,0.05792046055879829,-0.6153846153846154,0.867120268659299,0.0,0.0,-1.0,0.47103976972060085,1.0,-0.3140265131470672,-0.9710397697206008,-0.05792046055879829,-0.4444444444444444,-0.8841590788824034,-0.9420795394412017,-0.14285714285714285,-0.3884159078882404,-0.3333333333333333,0.0,0.29999999999999993,-0.3333333333333333,-0.14876033057851248,-0.7218386128278377
1.0,0.0,1.0,0.0,1.0,0.0,0.0,0.0,0.0,0.0,0.0,0.0,0.925305582242146,0.0,0.07469441775785401,0.0,0.0,0.0,1.0,0.07469441775785401,-0.3788696601724728,-0.475101860747382,0.887958373363219,-0.07469441775785401,1.0,-0.462652791121073,-0.2835370548280973,-0.462652791121073,-1.0,-1.0,-0.016598759501745337,-1.0,0.0,0.6502619276361251,0.8954278151390044,0.900407442989528,0.7402444657937168,0.4009424271536886,0.4517744334175785,0.512234230561105,0.29896894359896997
0.14758534080135233,0.8524146591986477,1.0,0.0,1.0,0.0,0.0,0.0,0.0,0.0,0.0,0.0,0.0,0.0,1.0,0.0,0.0,0.0,1.0,1.0,-0.9974540472608102,0.20907923280191576,-0.9262073295993238,0.5,-0.14758534080135233,-0.3524146591986477,-0.3333333333333333,1.5245975568002255,-0.9262073295993238,-1.0,-1.0,-0.8524146591986477,-0.14758534080135233,-0.5714285714285714,-0.6,-0.28413821973288256,-0.6,-1.5,-0.1611504357317557,-0.30460448642266824,-0.6738528364858163
0.0,1.0,0.009851627249352957,0.990148372750647,0.0,0.0,1.0,0.0,0.0,0.0,0.0,0.0,0.0,0.0,0.009851627249352957,0.990148372750647,0.0,0.009851627249352957,0.990148372750647,0.0,0.773777674115086,0.1658456977292206,-0.49014837275064704,0.0,-1.0,0.49014837275064704,-0.330049457583549,0.3316913954584412,0.4852225591259707,-1.0,-0.10892186061125489,0.0,-0.009851627249352957,0.5700211961072352,0.9881780473007764,1.009851627249353,0.8,0.6022987130248489,0.608684026982763,0.5631074124322065,0.616346276192069
0.0,1.0,0.0,1.0,0.32394774281324556,0.6760522571867544,0.0,0.0,0.0,0.0,0.0,0.0,0.0,0.0,0.0,0.0,1.0,0.0,0.6760522571867544,1.0,-0.4799598021640351,-0.1126753761977924,0.0,0.3380261285933772,0.0,0.16197387140662278,-0.3333333333333333,0.2652636570843274,-0.5,-0.6760522571867544,-0.9280116127081677,-1.0,0.0,-0.47887207348192984,-0.4704209028747018,-0.3333333333333333,-0.4704209028747018,-1.0140783857801317,-0.3333333333333333,-0.12790571761544342,-0.6057247440425105
0.0,1.0,0.0,1.0,0.0,0.0,1.0,0.0,0.0,0.0,0.0,0.0,0.0,0.0,0.0,1.0,0.0,0.0,1.0,0.0,1.0779711356225303,-0.0934756790893542,-0.7229791535051607,0.0,-0.5540416929896785,0.5,0.11262497367698815,0.3333333333333333,0.27702084649483927,-1.0,0.03754165789232938,0.0,-0.44595830701032146,0.5714285714285714,0.9108083385979358,1.4459583070103215,0.44323335439174283,0.06485003158761415,0.9121708149072251,0.366038182848179,0.35794820143471184
0.3524263565980924,0.6475736434019076,0.0,1.0,0.0,0.6475736434019076,0.0,0.0,0.3524263565980924,0.0,0.0,0.0,0.0,0.0,0.0,0.0,1.0,0.0,1.0,0.6475736434019076,-1.0365951103091597,1.3087377260996822,-0.6475736434019076,0.3237868217009538,0.3524263565980924,-0.3524263565980924,-0.3333333333333333,0.7158578811339692,0.5,-1.0,-1.0719526270446564,-0.6475736434019076,-0.6475736434019076,-0.6639390919145582,-0.6,-0.3333333333333333,-0.6,-1.5,-0.3333333333333333,-1.0110484610429311,-1.1865829525435063
0.4056041407714547,0.5943958592285453,1.0,0.0,0.4056041407714547,0.0,0.5943958592285453,0.0,0.0,0.0,0.4056041407714547,0.0,0.5943958592285453,0.0,0.0,0.0,0.0,1.0,0.0,0.0,0.029044879762629344,-0.18006425121665146,0.20280207038572734,0.20280207038572734,0.0,-0.7028020703857274,0.6666666666666666,-0.09439585922854532,-0.5943958592285453,0.5943958592285453,-0.15306482632379792,-0.5943958592285453,-0.4056041407714547,0.11588689736327276,-0.28112082815429096,-0.13520138025715156,0.4433624844628728,0.7535025879821591,-0.10217938807778795,-0.06875031740189139,0.008334747828314087
0.3836122604056218,0.0,0.0,1.0,0.3836122604056218,0.0,0.0,0.6163877395943782,0.0,0.0,0.0,0.0,0.0,0.0,0.0,1.0,0.0,0.6163877395943782,0.0,0.0,0.22346312979239935,0.013656449661981873,0.5,0.1163877395943782,0.6163877395943782,0.0,1.8721292465314594,-0.3333333333333333,0.5,-0.2327754791887564,-0.18870293750736322,-0.6163877395943782,0.0,-0.03325363988410805,-0.12327754791887564,-0.1278707534685406,-0.2767224520811244,-0.595929458027194,-0.04568572152262346,-0.24073529810833183,0.0721782645187665
0.0,0.0,1.0,0.0,0.934373855425987,0.0,0.06562614457401295,0.0,0.0,0.0,0.934373855425987,0.0,0.0,0.0,0.06562614457401295,0.0,0.0,0.0,1.0,1.0,0.12980593142459546,-0.37291590361732474,0.0,-1.0,-1.0,-0.9671869277129935,-0.02187538152467098,1.521875381524671,-0.5,-1.0,0.038193172695541164,-1.0,1.0,-0.5714285714285714,-0.5868747710851974,-0.3333333333333333,-0.6,-1.5,-0.3333333333333333,-1.1540352640826563,-0.3438607457636511
0.821512947407441,0.17848705259255904,1.0,0.0,0.821512947407441,0.0,0.17848705259255904,0.0,0.0,0.0,1.0,0.0,0.0,0.0,0.0,0.0,0.0,1.0,0.0,0.821512947407441,-0.9093471498005724,-0.05949568419751966,0.0,-1.0,0.0,-0.17848705259255904,-0.09535059654325462,0.24408980703705382,0.4107564737037205,0.0,-0.4444444444444444,1.178487052592559,0.0,0.040864541375680574,-0.0356974105185118,-0.05949568419751966,-0.2,-0.43887193989421835,-0.05949568419751966,0.2520869804749205,-0.4676326152706029
0.0,1.0,1.0,0.0,1.0,0.0,0.0,0.0,0.0,0.0,1.0,0.0,0.0,0.0,0.0,0.0,0.0,0.6281664707612754,0.3718335292387246,0.0,-0.6942562896992465,0.36854142178492766,-0.1281664707612754,0.5,0.0,-0.5,-0.3333333333333333,-0.22863892153978743,-1.0,-0.3718335292387246,-1.0,-0.3718335292387246,-1.2563329415225508,-0.5714285714285714,-0.6,-0.3333333333333333,-0.6,-1.5,-0.3333333333333333,-0.30460448642266824,-0.9421398429883596
0.0,1.0,0.0,1.0,1.0,0.0,0.0,0.0,0.0,0.0,0.0,0.0,0.0,0.0,0.0,1.0,0.0,1.0,0.0,0.8187856433570937,-0.08363739537364906,-0.363535726107151,-0.8187856433570937,-0.09060717832145315,-1.0,0.22817846503564043,-0.3333333333333333,-0.5,-0.7281784650356404,0.0,0.5458570955713957,2.6375712867141874,0.0,1.416101980020366,0.8362428713285813,0.847881023309573,0.8,-0.14260423028338942,0.23445015019344695,0.6452764725678136,0.679558263228906
0.0,1.0,0.0,1.0,0.0,0.2525087496883822,0.0,0.0,0.7474912503116178,0.0,0.0,0.0,0.0,0.0,0.0,0.0,1.0,0.0,1.0,0.7474912503116178,-0.9813481730050113,-0.3737456251558089,-1.0,-0.8737456251558089,0.0,-0.5,-0.3333333333333333,0.2070789584891422,-0.5,-1.0,-0.5847270831602123,0.7474912503116178,0.0,-0.14429071410764696,-0.15150524981302932,0.0,-0.0020069997507057846,-0.005017499376764545,0.2519512497576306,0.04487194229445175,-0.46836421032058295
0.0,1.0,1.0,0.0,1.0,0.0,0.0,0.0,0.0,0.0,1.0,0.0,0.0,0.0,0.0,0.0,0.0,0.0,1.0,0.0,-0.6144343262963384,-0.4160661367567139,0.5,-0.9984557802315499,0.0,-0.0010294798456333965,0.00034315994854446547,-0.4994852600771833,-0.0005147399228166982,-1.0,-0.5544116890604074,1.9979410403087332,-2.0,-0.7135503715388333,-0.5991764161234933,-0.33299017338478887,-0.6,-1.5,-0.3329329800600314,-1.394811659255191,-0.3453133702068996
0.15893828327675652,0.8410617167232435,1.0,0.0,0.0,0.0,0.15893828327675652,0.0,0.8410617167232435,0.0,0.8410617167232435,0.0,0.0,0.0,0.15893828327675652,0.0,0.0,1.0,0.0,1.0,-0.8339278243633265,-0.2367551430602703,-0.9205308583616217,0.42053085836162174,-0.15893828327675652,0.42053085836162174,-0.3333333333333333,0.14017695278720724,-0.5794691416383783,0.0,-0.31567352408036037,-0.15893828327675652,0.8410617167232435,0.30841975475382233,0.8,1.121415622297658,0.6317876566553513,0.7632448569397298,0.9344212251450004,0.5183936433735971,-0.3573969884274665
0.0,0.46853941676858435,1.0,0.0,0.46853941676858435,0.0,0.5314605832314157,0.0,0.0,0.0,1.0,0.0,0.0,0.0,0.0,0.0,0.0,0.0,1.0,0.0,-1.3846153846153846,-0.11189142365357681,-0.5314605832314157,0.0,0.0,0.0,-0.3333333333333333,-0.25524343053856924,0.2657302916157078,-1.0,-1.1111111111111112,-2.0629211664628313,0.0,-0.7142857142857143,-0.6,-0.3333333333333333,-0.6,-1.5,-0.3333333333333333,-1.395513577331759,-1.051531492706263
0.0,1.0,1.0,0.0,0.0,0.0,0.0,0.055696365042170126,0.9443036349578299,0.0,1.0,0.0,0.0,0.0,0.0,0.0,0.0,0.0,0.9443036349578299,1.0,-0.7306717472784976,1.370253029131525,0.027848182521085063,0.0,-1.94430363495783,0.4443036349578299,-0.3333333333333333,0.7223630317088369,-0.4443036349578299,-0.9443036349578299,-0.9752460599812578,-0.055696365042170126,-2.0,-0.5475587006962128,-0.5777214539831319,-0.3333333333333333,-0.5777214539831319,-1.433164361949396,-0.3333333333333333,-0.28435126277097,-0.699314491474349
0.897806380306281,0.10219361969371898,1.0,0.0,0.897806380306281,0.0,0.0,0.0,0.10219361969371898,0.0,0.10219361969371898,0.0,0.0,0.0,0.897806380306281,0.0,0.0,0.0,1.0,1.0,-0.5620446814677813,1.4166666666666667,-0.4489031901531405,0.4489031901531405,-1.102193619693719,0.5,-0.3333333333333333,1.5644730469729478,-0.5,-1.0,-1.0,0.0,-1.102193619693719,-0.5714285714285714,-0.6,-0.034064539897906324,-0.6,-1.5,0.7141074436906613,-0.30460448642266824,-0.6887997781966417
0.0,0.854209774461566,0.0,1.0,1.0,0.0,0.0,0.0,0.0,0.0,0.0,0.0,0.0,0.0,0.0,1.0,0.0,0.0,1.0,1.0,1.1619020821538737,1.4166666666666667,0.427104887230783,-0.927104887230783,0.14579022553843402,-0.927104887230783,1.2361398496410438,-0.09377155389744968,-0.354209774461566,-1.0,0.6689479531965598,-1.0,-1.0,-0.4493986036483477,-0.2583160902153736,0.236139849641044,-0.2583160902153736,0.20841954892313197,0.9954374269402138,-1.1487173723880022,0.7337949978443723
0.0,0.5270240962118621,0.0,1.0,0.0,1.0,0.0,0.0,0.0,0.0,0.0,0.0,0.0,0.0,0.0,1.0,0.0,0.0,1.0,1.0,-0.23492678403259418,0.2533825303665287,0.26351204810593104,-0.4729759037881379,-0.05404819242372416,-0.02702409621186208,1.8243253012627128,-0.25450401603531037,-0.23648795189406896,-1.0,-0.22822757693596935,0.0,-1.0,-0.22586746980508374,-0.2,0.018016064141241406,-0.010809638484744838,0.4999999999999999,0.48648192744067426,-0.592072175265502,0.3691345524012728
0.1740792342001034,0.8259207657998966,0.0,1.0,0.0,1.0,0.0,0.0,0.0,0.0,0.0,0.0,0.0,0.0,0.0,0.0,1.0,0.1740792342001034,0.0,0.0,-0.7458705336000317,-0.31512044671660644,-0.8259207657998966,0.0870396171000517,0.0,-1.0,-0.6086402552666321,-0.2678943543998623,-0.5870396171000517,0.0,-0.6329241040889348,0.0,-0.1740792342001034,-0.21746252894290147,-0.10444754052006205,-0.27530692193329886,-0.26963169368004136,-0.5088950810401239,-0.13024089343321277,-0.004269662495433202,-0.5624961210638184
0.2983744309899926,0.7016255690100074,0.0,1.0,0.0,1.0,0.0,0.0,0.0,0.0,0.0,0.0,0.0,0.0,0.0,0.0,1.0,0.0,1.0,0.2983744309899926,-1.2227017917669212,-0.04972907183166543,-0.7016255690100074,-0.5,0.0,-0.5,-0.3333333333333333,-0.11693759483500123,-0.2016255690100074,-1.0,-1.0331527145544437,0.0,0.0,-0.6140534901414275,-0.6,-0.09945814366333086,-0.6,-1.5,0.4852298305116753,-0.6301038656844784,-0.6963230435125735
0.0,1.0,0.8399471646724719,0.0,0.0,0.0,0.8399471646724719,0.0,0.0,0.16005283532752812,0.0,0.0,0.0,0.0,0.8399471646724719,0.0,0.0,0.16005283532752812,0.8399471646724719,0.8399471646724719,-1.1815222045146068,0.4800484323835674,-0.16005283532752812,0.5,-1.1600528353275281,-0.8399471646724719,-0.3333333333333333,0.05996477644831455,-0.8399471646724719,-0.8399471646724719,-1.0,-1.0,0.0,-0.5714285714285714,-0.6,-0.3333333333333333,-0.6,-1.5,-0.3333333333333333,-0.30460448642266824,-0.702237766909431
0.0,1.0,1.0,0.0,0.2271772199831955,0.0,0.7728227800168045,0.0,0.0,0.0,1.0,0.0,0.0,0.0,0.0,0.0,0.0,1.0,0.0,1.0,-0.9720720523154482,0.15905907332773184,-1.0,0.0,0.0,-0.6592341700252067,-0.3333333333333333,0.2728227800168045,0.11358860999159776,-1.0,-1.0,2.545645560033609,-0.2271772199831955,-0.5714285714285714,-0.5545645560033609,-0.3333333333333333,-0.6,-1.5,-0.3333333333333333,-0.30460448642266824,-0.6906060943506784
0.0,1.0,0.23005368303143392,0.7699463169685661,0.0,0.0,1.0,0.0,0.0,0.0,0.0,0.0,0.0,0.0,0.23005368303143392,0.7699463169685661,0.0,0.23005368303143392,0.0,1.0,-0.20079813701692598,0.41744184338261325,-0.2699463169685661,-1.0,-2.0,0.5,1.2566487723228552,-0.03834228050523898,0.5,0.5398926339371322,-0.3844563740069853,-0.5398926339371322,-1.0,-0.3957066167097951,-0.2,0.3333333333333333,-0.2,0.38497315848428293,1.1327569010433312,-0.7245752047691588,-0.019427967305906416
1.0,0.0,0.0,1.0,0.8686648735906219,0.0,0.13133512640937806,0.0,0.0,0.0,0.0,0.0,0.0,0.0,0.0,0.0,1.0,0.0,1.0,0.13133512640937806,-0.5159505110247626,-0.4057220727992185,-0.06566756320468903,-0.06566756320468903,-0.8686648735906219,0.5,1.4039964138479106,-0.043778375469792685,0.0,-1.0,-0.8215561532475705,-0.13133512640937806,1.0,-0.5901907323441968,-0.6,-0.3333333333333333,-0.6,-1.5,-0.3333333333333333,-0.9216963735550562,-0.630174361513998
0.0,1.0,0.0,1.0,0.0,0.8680543225322929,0.13194567746770713,0.0,0.0,0.0,0.0,0.0,0.0,0.0,0.0,0.0,1.0,0.0,1.0,0.0,-1.0624991463685105,0.021990946244617865,-0.8680543225322929,-0.5,0.0,-0.36805432253229287,-0.3333333333333333,-0.16666666666666666,-0.43402716126614643,-1.0,-1.0,0.0,-0.13194567746770713,-0.5714285714285714,-0.6,-0.04398189248923573,-0.6,-1.5,0.6793967096210085,-0.30460448642266824,-0.70940726688541
0.0,1.0,0.036763346559868126,0.9632366534401319,1.0,0.0,0.0,0.0,0.0,0.0,0.0,0.0,0.036763346559868126,0.0,0.0,0.0,0.9632366534401319,0.036763346559868126,0.0,1.0,-1.0028279497353745,-0.012254448853289357,-0.036763346559868126,-0.018381673279934063,0.0,0.48161832672006594,-0.34558778218662267,1.1544122178133773,-0.518381673279934,0.0,-0.773692961493348,-0.9632366534401319,0.036763346559868126,-0.2857142857142857,-0.2,-0.3333333333333333,-0.2,0.0,-0.3333333333333333,0.22881841833955663,-0.7298434362682317
0.0,1.0,0.0,1.0,0.03130231374751624,0.0,0.9686976862524838,0.0,0.0,0.0,0.0,0.0,0.0,0.0,0.0,1.0,0.0,1.0,0.0,0.0,-0.08896242836442933,0.22652326468936282,0.0,0.46869768625248376,-1.0,-1.0,2.24986049667329,0.46869768625248376,0.01565115687375812,-0.9686976862524838,0.5381653812513799,0.03130231374751624,0.0,1.1294418655367786,1.774958149001987,1.6666666666666667,-0.5561767607534772,-1.4402410373911054,0.6752036613250801,0.3838104639951967,0.6865719989026194
0.0,1.0,0.0,1.0,0.2687299330263144,0.0,0.0,0.0,0.7312700669736856,0.0,0.0,0.0,0.0,0.0,0.0,0.7312700669736856,0.2687299330263144,0.0,1.0,0.0,-0.5625154361336043,0.10572749441885954,0.1343649665131572,0.3656350334868428,-1.0,-1.0,1.4229099776754381,0.7687299330263144,-0.1343649665131572,-1.0,-0.32500891865497133,-0.46254013394737115,-0.7312700669736856,-0.10446715242481222,0.0,-0.0895766443421048,-0.14625401339473712,-0.2193810200921056,0.007926031254386623,-0.21729122258994568,-0.05506480003182751
0.09047548905218161,0.9095245109478184,0.09047548905218161,0.9095245109478184,1.0,0.0,0.0,0.0,0.0,0.0,0.09047548905218161,0.0,0.0,0.0,0.0,0.9095245109478184,0.0,0.0,0.9095245109478184,1.0,-0.15421304772507716,0.8103169927014544,0.0,-0.8642867664217275,0.0,-0.9095245109478184,0.030158496350727204,1.0301584963507273,0.045237744526090806,-0.9095245109478184,0.19153376804638367,-1.1809509781043632,-1.0904754890521815,-0.7013606444211169,-0.6,-0.3333333333333333,-0.6,-1.5,-0.3333333333333333,-1.385643523980612,0.42598014411635843
0.14263990790750136,0.8573600920924986,1.0,0.0,0.0,0.0,1.0,0.0,0.0,0.0,1.0,0.0,0.0,0.0,0.0,0.0,0.0,0.0,1.0,0.8573600920924986,-0.9122215951338453,0.3329531721714607,-0.9286800460462493,0.4286800460462493,-1.0,-0.07131995395375068,-0.38087996930250045,-0.5,-0.9286800460462493,-1.0,-0.5397066768991665,-1.0,0.14263990790750136,0.0,0.2,0.0,-0.14294403683699947,-0.35736009209249875,0.05555555555555555,0.38561891412083793,-0.23467872614852636
1.0,0.0,0.0,0.9645204722702085,0.9645204722702085,0.0,0.0,0.0,0.0,0.03547952772979146,0.0,0.0,0.0,0.0,0.0,0.0,0.9645204722702085,1.0,0.0,0.0,-0.4697260448607211,0.44623293977482625,0.48226023613510427,-0.5177397638648957,-1.0,-0.9822602361351043,-0.3333333333333333,0.6311871389368753,-0.03547952772979146,-0.03547952772979146,-1.0,-1.0,0.9645204722702085,-0.5714285714285714,-0.6,-0.3333333333333333,-0.6,-1.5,-0.3333333333333333,-0.30460448642266824,-0.8466344858155734
0.7600940784380972,0.23990592156190282,1.0,0.0,0.23990592156190282,0.0,0.7600940784380972,0.0,0.0,0.0,1.0,0.0,0.0,0.0,0.0,0.0,0.0,0.0,1.0,0.23990592156190282,-0.24629858221245726,-0.4366588267968252,-0.5,-0.23990592156190282,-1.0,-0.7600940784380972,1.8266039477079352,-0.42003135947936576,0.11995296078095141,-1.0,0.1776209803809492,-1.0,-0.7600940784380972,-0.680013439776871,-0.6,-0.3333333333333333,-0.6,-1.5,-0.3333333333333333,-1.3737039480988589,-0.468563623729694
0.5577012376190897,0.44229876238091026,0.44229876238091026,0.5577012376190897,0.44229876238091026,0.5577012376190897,0.0,0.0,0.0,0.0,0.44229876238091026,0.0,0.0,0.0,0.0,0.5577012376190897,0.0,0.0,1.0,0.44229876238091026,-0.5295844249816786,1.509616872936515,0.27885061880954487,0.0,-1.0,-0.5577012376190897,1.0,0.09295020626984829,-0.22114938119045513,-1.0,-0.25854403190474784,1.5577012376190897,-0.5577012376190897,0.016486067891168493,-0.08845975247618205,-0.3333333333333333,-0.2230804950476359,-0.4648474115918947,-0.3333333333333333,-0.11399453914251728,-0.2258926443425991
0.0,1.0,0.0,0.31195199049513045,0.0,0.31195199049513045,0.0,0.0,0.6880480095048696,0.6880480095048696,0.0,0.0,0.0,0.0,0.0,0.31195199049513045,0.0,0.6880480095048696,0.31195199049513045,0.31195199049513045,-0.29782399561313716,0.2706506634983768,0.18804800950486955,-0.5320720142573043,0.0,0.0,-0.12536533966991303,-0.04130132699675362,0.5,-1.0,-0.750243559779942,-3.0,0.0,-0.42857142857142855,-0.32478079619805217,0.3333333333333333,-0.2,0.4999999999999999,1.222222222222222,-0.20025289410693262,-0.1930022494695694
0.32074274043812745,0.6792572595618726,0.0,0.0,0.0,0.0,0.0,0.0,0.0,1.0,0.0,0.0,0.0,0.0,0.0,0.0,0.0,0.0,0.0,1.0,-0.4150989459853356,0.7672856170317728,0.0,-0.8396286297809363,-0.6792572595618726,-1.0,1.2012379007302125,0.16666666666666666,0.3396286297809363,2.0,-0.4172000907703453,-0.32074274043812745,0.0,-0.3827510370802675,-0.2,0.11950483970791503,-0.471702903824749,-1.0188858893428088,0.7232890704295795,-0.6277566560206008,-0.28329390234447527
0.0,0.724422672614117,0.724422672614117,0.27557732738588303,0.724422672614117,0.0,0.27557732738588303,0.0,0.0,0.0,0.724422672614117,0.0,0.0,0.0,0.0,0.27557732738588303,0.0,0.0,1.0,0.724422672614117,-0.6577811272901359,1.5314905530774512,-0.13778866369294152,-0.13778866369294152,-1.275577327385883,-0.27557732738588303,1.275577327385883,0.18371821825725532,-0.22442267261411697,-1.0,-0.41382474140156855,1.551154654771766,0.0,-0.2215935221102523,-0.2,-0.149615115076078,-0.055115465477176606,0.35511546547717654,0.09534250926692911,-0.3420223523815993,-0.6252718445369297
