BusinessTravel_Travel_Frequently,BusinessTravel_Travel_Rarely,Department_Research & Development,Department_Sales,EducationField_Life Sciences,EducationField_Marketing,EducationField_Medical,EducationField_Other,EducationField_Technical Degree,JobRole_Human Resources,JobRole_Laboratory Technician,JobRole_Manager,JobRole_Manufacturing Director,JobRole_Research Director,JobRole_Research Scientist,JobRole_Sales Executive,JobRole_Sales Representative,MaritalStatus_Married,MaritalStatus_Single,OverTime_Yes,Age,DistanceFromHome,Education,EnvironmentSatisfaction,JobInvolvement,JobSatisfaction,NumCompaniesWorked,PercentSalaryHike,RelationshipSatisfaction,StockOptionLevel,TotalWorkingYears,TrainingTimesLastYear,WorkLifeBalance,YearsAtCompany,YearsInCurrentRole,YearsSinceLastPromotion,YearsWithCurrManager,YearsWithCurrManager_Ratio,YearsSinceLastPromotion_Ratio,CompanyTenure_Ratio,MonthlyIncome_Log
0.0,1.0,0.0,1.0,1.0,0.0,0.0,0.0,0.0,0.0,0.0,1.0,0.0,0.0,0.0,0.0,0.0,0.0,0.0,0.0,0.8461538461538461,-0.4166666666666667,0.5,-0.5,1.0,-0.5,1.3333333333333333,0.0,0.0,2.0,2.111111111111111,-1.0,0.0,-0.2857142857142857,-0.2,0.0,-0.2,0.0,0.25000000000000006,-1.177331759149941,1.1058222794571402
0.0,1.0,1.0,0.0,0.0,0.0,0.0,0.0,1.0,0.0,1.0,0.0,0.0,0.0,0.0,0.0,0.0,1.0,0.0,0.0,-1.0769230769230769,-0.4166666666666667,-1.0,0.0,0.0,0.5,-0.6666666666666666,0.0,0.0,0.0,-0.7777777777777778,-1.0,0.0,-0.42857142857142855,-0.4,0.3333333333333333,-0.4,-0.5000000000000001,1.222222222222222,-0.30460448642266824,-0.6525098821022217
0.0,1.0,0.0,1.0,0.0,1.0,0.0,0.0,0.0,0.0,0.0,1.0,0.0,0.0,0.0,0.0,0.0,1.0,0.0,0.0,0.7692307692307693,-0.3333333333333333,-1.0,-1.0,0.0,0.0,0.3333333333333333,-0.3333333333333333,0.5,0.0,1.4444444444444444,0.0,0.0,1.0,1.2,1.0,1.2,0.5769230769230769,0.3846153846153847,-0.30460448642266824,1.190978621192994
0.0,1.0,0.0,1.0,0.0,0.0,1.0,0.0,0.0,0.0,0.0,0.0,0.0,0.0,0.0,0.0,1.0,1.0,0.0,0.0,-0.8461538461538461,0.5,-1.0,-0.5,0.0,0.0,-0.3333333333333333,-0.5,0.0,-1.0,-0.3333333333333333,-2.0,0.0,0.2857142857142857,0.2,-0.3333333333333333,0.6,0.75,-0.3333333333333333,0.5135773317591499,-0.8291357132451759
1.0,0.0,1.0,0.0,0.0,0.0,1.0,0.0,0.0,0.0,1.0,0.0,0.0,0.0,0.0,0.0,0.0,0.0,0.0,1.0,0.5384615384615384,0.16666666666666666,1.0,0.5,0.0,0.0,0.3333333333333333,-0.16666666666666666,-0.5,0.0,0.0,0.0,0.0,0.42857142857142855,0.8,1.0,0.8,0.8333333333333334,0.7037037037037037,0.19126328217237307,0.1204721628938825
0.0,1.0,1.0,0.0,0.0,0.0,1.0,0.0,0.0,0.0,0.0,0.0,0.0,0.0,1.0,0.0,0.0,1.0,0.0,1.0,-0.6153846153846154,-0.4166666666666667,0.5,-1.0,-2.0,0.5,1.0,-0.16666666666666666,0.5,-1.0,-0.5555555555555556,1.0,-1.0,-0.2857142857142857,-0.2,0.3333333333333333,-0.2,0.0,0.8333333333333334,-0.30460448642266824,-0.35053585349203414
0.0,1.0,1.0,0.0,1.0,0.0,0.0,0.0,0.0,0.0,0.0,0.0,0.0,0.0,1.0,0.0,0.0,1.0,0.0,0.0,1.1538461538461537,-0.5,0.0,0.0,0.0,0.5,-0.3333333333333333,-0.5,-0.5,-1.0,-1.0,-3.0,-1.0,-0.5714285714285714,-0.6,-0.3333333333333333,-0.6,-1.5,-0.3333333333333333,-0.30460448642266824,-0.5798377026448457
1.0,0.0,1.0,0.0,1.0,0.0,0.0,0.0,0.0,0.0,0.0,0.0,1.0,0.0,0.0,0.0,0.0,1.0,0.0,0.0,0.5384615384615384,1.6666666666666667,0.0,0.0,0.0,-1.0,2.0,-0.5,0.0,0.0,0.8888888888888888,-2.0,0.0,0.42857142857142855,0.8,-0.3333333333333333,-0.4,-1.1666666666666667,-0.3333333333333333,-0.4768532902504195,0.7347145742623455
0.0,1.0,0.0,1.0,1.0,0.0,0.0,0.0,0.0,0.0,0.0,0.0,0.0,0.0,0.0,1.0,0.0,1.0,0.0,0.0,0.3076923076923077,0.5833333333333334,-0.5,0.5,0.0,-1.0,-0.3333333333333333,0.16666666666666666,0.0,0.0,-0.5555555555555556,-1.0,0.0,0.0,0.2,0.0,-0.2,-0.5000000000000001,0.05555555555555555,0.42266824085005905,-0.07225901049137858
0.0,1.0,0.0,1.0,0.0,1.0,0.0,0.0,0.0,0.0,0.0,0.0,0.0,0.0,0.0,1.0,0.0,1.0,0.0,1.0,-0.6923076923076923,0.25,0.0,0.5,-1.0,0.5,-0.3333333333333333,-0.5,0.5,-1.0,-0.4444444444444444,0.0,0.0,0.14285714285714285,-0.2,1.0,0.2,0.2142857142857142,1.0,0.4746162927981108,0.13545408727346175
0.0,1.0,0.0,1.0,1.0,0.0,0.0,0.0,0.0,0.0,0.0,0.0,0.0,0.0,0.0,0.0,1.0,0.0,1.0,0.0,0.0,0.16666666666666666,0.5,0.0,-1.0,-1.0,1.6666666666666667,1.5,-0.5,-1.0,0.0,1.0,0.0,0.0,0.0,-0.3333333333333333,0.0,0.0,-0.3333333333333333,-0.40377804014167656,-0.36634324109261956
0.0,1.0,1.0,0.0,1.0,0.0,0.0,0.0,0.0,0.0,0.0,0.0,0.0,1.0,0.0,0.0,0.0,0.0,0.0,0.0,-0.5384615384615384,-0.5,0.0,0.5,-1.0,0.5,0.3333333333333333,0.0,-0.5,1.0,-0.1111111111111111,-1.0,-1.0,0.2857142857142857,0.8,0.0,0.8,1.125,-0.04166666666666665,0.13175914994096796,1.1148481789914095
0.0,1.0,1.0,0.0,0.0,0.0,0.0,1.0,0.0,0.0,0.0,0.0,0.0,0.0,1.0,0.0,0.0,1.0,0.0,0.0,0.6923076923076923,0.08333333333333333,0.5,0.5,0.0,0.5,2.3333333333333335,0.0,-1.0,1.0,0.2222222222222222,0.0,0.0,0.7142857142857143,1.2,2.6666666666666665,1.0,0.6818181818181819,1.575757575757576,0.2828081009899192,-0.28851527001494875
0.0,1.0,1.0,0.0,1.0,0.0,0.0,0.0,0.0,0.0,1.0,0.0,0.0,0.0,0.0,0.0,0.0,0.0,1.0,0.0,-1.0,1.0833333333333333,-1.0,-1.0,0.0,0.0,-0.6666666666666666,0.0,-0.5,-1.0,-0.5555555555555556,-1.0,0.0,-0.14285714285714285,0.0,0.0,-0.2,-0.29999999999999993,0.1333333333333334,0.059031877213695266,-0.7523310048802898
1.0,0.0,1.0,0.0,0.0,0.0,1.0,0.0,0.0,0.0,0.0,0.0,0.0,0.0,0.0,0.0,0.0,0.0,1.0,0.0,-0.15384615384615385,-0.5,0.0,0.5,-1.0,-1.0,-0.6666666666666666,1.0,0.0,-1.0,0.4444444444444444,0.0,0.0,1.1428571428571428,1.2,1.0,1.2,0.4285714285714287,0.3333333333333333,0.49539551357733175,0.06236144479309353
0.0,1.0,1.0,0.0,1.0,0.0,0.0,0.0,0.0,0.0,1.0,0.0,0.0,0.0,0.0,0.0,0.0,0.0,1.0,0.0,-1.3076923076923077,-0.4166666666666667,0.0,-0.5,-1.0,0.5,-0.3333333333333333,1.3333333333333333,0.0,-1.0,-1.0,0.0,-1.0,-0.5714285714285714,-0.6,0.0,-0.6,-1.5,0.8333333333333334,-0.30460448642266824,-1.4414116660950496
0.0,1.0,1.0,0.0,0.0,0.0,1.0,0.0,0.0,0.0,0.0,0.0,0.0,0.0,0.0,0.0,0.0,1.0,0.0,0.0,0.6153846153846154,0.6666666666666666,0.0,-1.0,0.0,0.5,-0.3333333333333333,-0.5,0.5,0.0,0.0,-1.0,0.0,0.7142857142857143,0.8,-0.3333333333333333,0.4,-0.1363636363636364,-0.3333333333333333,0.5879574970484059,0.4443595714463806
0.0,0.0,1.0,0.0,0.0,0.0,0.0,0.0,1.0,0.0,0.0,0.0,0.0,0.0,1.0,0.0,0.0,1.0,0.0,0.0,0.8461538461538461,0.5833333333333334,0.5,0.0,0.0,-0.5,2.0,0.6666666666666666,0.0,0.0,0.6666666666666666,1.0,1.0,0.42857142857142855,0.8,0.0,0.8,0.8333333333333334,-0.07407407407407407,-0.3687756094173207,0.08422175517601663
0.0,1.0,0.0,1.0,0.0,0.0,0.0,0.0,1.0,0.0,0.0,0.0,0.0,0.0,0.0,1.0,0.0,1.0,0.0,0.0,-0.38461538461538464,0.0,0.0,-0.5,1.0,0.5,0.6666666666666666,-0.5,-0.5,0.0,0.0,0.0,-1.0,0.42857142857142855,0.8,2.0,0.8,0.8333333333333334,1.4814814814814814,0.19126328217237307,0.3100314889186781
1.0,0.0,1.0,0.0,0.0,0.0,1.0,0.0,0.0,0.0,0.0,0.0,0.0,0.0,0.0,0.0,0.0,1.0,0.0,1.0,0.7692307692307693,-0.5,0.0,0.0,-1.0,-1.0,0.0,-0.16666666666666666,0.0,0.0,1.2222222222222223,2.0,-1.0,0.7142857142857143,1.2,2.6666666666666665,0.4,-0.1363636363636364,1.575757575757576,-0.40377804014167656,0.7216796566807143
0.0,1.0,1.0,0.0,0.0,0.0,1.0,0.0,0.0,0.0,0.0,0.0,0.0,0.0,1.0,0.0,0.0,1.0,0.0,0.0,-0.23076923076923078,0.16666666666666666,0.0,-1.0,0.0,0.5,-0.6666666666666666,-0.16666666666666666,-0.5,0.0,0.5555555555555556,2.0,0.0,1.2857142857142858,1.4,1.0,1.4,0.4999999999999999,0.2888888888888889,0.5135773317591499,-0.559759284955843
0.0,1.0,0.0,1.0,1.0,0.0,0.0,0.0,0.0,0.0,0.0,0.0,0.0,0.0,0.0,1.0,0.0,0.0,1.0,0.0,0.15384615384615385,-0.5,0.5,-1.0,-1.0,0.5,0.6666666666666666,1.3333333333333333,0.0,-1.0,0.2222222222222222,-1.0,1.0,0.42857142857142855,0.0,-0.3333333333333333,0.8,0.8333333333333334,-0.3333333333333333,-0.052856234674416455,0.5253782162758102
0.0,1.0,1.0,0.0,1.0,0.0,0.0,0.0,0.0,0.0,1.0,0.0,0.0,0.0,0.0,0.0,0.0,0.0,1.0,0.0,0.0,-0.16666666666666666,-0.5,0.5,0.0,-0.5,2.0,0.3333333333333333,0.5,-1.0,0.6666666666666666,0.0,1.0,1.1428571428571428,1.6,0.6666666666666666,0.8,0.0,0.16666666666666666,0.2729356205292032,0.1591069228161291
0.0,1.0,0.0,0.0,1.0,0.0,0.0,0.0,0.0,1.0,0.0,0.0,0.0,0.0,0.0,0.0,0.0,0.0,1.0,0.0,0.7692307692307693,-0.5,-0.5,0.5,0.0,-1.0,1.3333333333333333,-0.3333333333333333,0.0,-1.0,0.0,0.0,1.0,0.2857142857142857,0.6,1.3333333333333333,0.8,1.125,1.125,-0.00708382526564351,-0.3618795456765013
0.0,1.0,1.0,0.0,1.0,0.0,0.0,0.0,0.0,0.0,0.0,0.0,0.0,0.0,0.0,0.0,0.0,0.0,1.0,0.0,0.38461538461538464,-0.16666666666666666,0.0,-0.5,1.0,-0.5,0.3333333333333333,-0.3333333333333333,-1.0,-1.0,0.1111111111111111,0.0,-2.0,-0.2857142857142857,-0.2,0.0,-0.2,0.0,0.25000000000000006,-0.8500590318772137,0.30188321284388403
0.0,1.0,0.0,1.0,0.0,1.0,0.0,0.0,0.0,0.0,0.0,0.0,0.0,0.0,0.0,0.0,1.0,0.0,1.0,0.0,-1.2307692307692308,1.1666666666666667,0.0,0.0,1.0,0.5,-0.3333333333333333,0.5,0.5,-1.0,-0.8888888888888888,-1.0,0.0,-0.42857142857142855,-0.4,0.3333333333333333,-0.2,0.4999999999999999,1.222222222222222,0.059031877213695266,-0.5957125377189686
0.0,1.0,0.0,1.0,0.0,0.0,0.0,0.0,1.0,0.0,0.0,0.0,0.0,0.0,0.0,1.0,0.0,1.0,0.0,0.0,-0.38461538461538464,-0.16666666666666666,0.0,-1.0,0.0,0.0,-0.3333333333333333,0.8333333333333334,0.0,0.0,-0.4444444444444444,0.0,0.0,0.0,-0.2,-0.3333333333333333,-0.2,-0.5000000000000001,-0.3333333333333333,0.16292798110979928,0.4873293612305547
0.0,0.0,1.0,0.0,0.0,0.0,1.0,0.0,0.0,0.0,0.0,0.0,0.0,0.0,1.0,0.0,0.0,0.0,0.0,1.0,-0.38461538461538464,-0.3333333333333333,-0.5,0.0,0.0,-1.0,-0.3333333333333333,-0.16666666666666666,0.5,0.0,-0.6666666666666666,0.0,1.0,-0.14285714285714285,-0.2,0.3333333333333333,0.0,0.29999999999999993,0.6000000000000001,0.34994096812278636,-0.4671244406387421
0.0,1.0,0.0,1.0,0.0,1.0,0.0,0.0,0.0,0.0,0.0,1.0,0.0,0.0,0.0,0.0,0.0,1.0,0.0,0.0,0.7692307692307693,-0.4166666666666667,0.0,0.0,0.0,-1.0,2.0,1.5,-1.0,-1.0,2.0,-1.0,0.0,3.0,2.4,4.666666666666667,1.2,-0.5000000000000001,0.9629629629629631,0.5605992753328176,1.1679498405443323
0.0,1.0,1.0,0.0,0.0,0.0,1.0,0.0,0.0,0.0,0.0,0.0,0.0,1.0,0.0,0.0,0.0,1.0,0.0,1.0,1.3076923076923077,-0.3333333333333333,0.5,0.0,0.0,0.0,0.3333333333333333,0.3333333333333333,0.5,2.0,1.2222222222222223,2.0,-1.0,0.0,0.0,0.0,0.0,0.0,0.05555555555555555,-0.8996458087367177,1.197449598111496
0.0,1.0,1.0,0.0,0.0,0.0,0.0,0.0,1.0,0.0,1.0,0.0,0.0,0.0,0.0,0.0,0.0,0.0,0.0,0.0,-0.9230769230769231,1.1666666666666667,-0.5,0.0,-1.0,-1.0,-0.6666666666666666,0.0,-0.5,2.0,-0.8888888888888888,0.0,0.0,-0.5714285714285714,-0.4,-0.3333333333333333,-0.6,-1.5,-0.3333333333333333,-0.6682408500590319,-0.7423213139531896
0.0,1.0,1.0,0.0,1.0,0.0,0.0,0.0,0.0,0.0,1.0,0.0,0.0,0.0,0.0,0.0,0.0,1.0,0.0,0.0,1.2307692307692308,0.3333333333333333,0.5,0.5,0.0,0.0,2.0,1.0,-0.5,0.0,-0.1111111111111111,0.0,0.0,0.0,-0.2,0.0,0.2,0.4999999999999999,0.05555555555555555,-0.30460448642266824,-0.44136619074763767
1.0,0.0,1.0,0.0,0.0,0.0,1.0,0.0,0.0,0.0,1.0,0.0,0.0,0.0,0.0,0.0,0.0,0.0,1.0,0.0,0.0,-0.3333333333333333,-0.5,0.5,0.0,-0.5,0.6666666666666666,-0.3333333333333333,0.0,-1.0,0.3333333333333333,0.0,-1.0,0.42857142857142855,0.8,2.0,-0.2,-0.8333333333333334,1.4814814814814814,-0.14876033057851248,-0.8327783253400546
0.0,1.0,1.0,0.0,0.0,0.0,0.0,1.0,0.0,0.0,1.0,0.0,0.0,0.0,0.0,0.0,0.0,1.0,0.0,1.0,-0.5384615384615384,0.5,-0.5,0.5,-1.0,-0.5,0.6666666666666666,-0.16666666666666666,-1.0,0.0,0.0,-1.0,0.0,-0.14285714285714285,0.0,-0.3333333333333333,0.0,0.29999999999999993,-0.3333333333333333,-0.602125147579693,-0.20752842736917
0.0,1.0,1.0,0.0,0.0,0.0,1.0,0.0,0.0,0.0,1.0,0.0,0.0,0.0,0.0,0.0,0.0,0.0,0.0,0.0,-0.6153846153846154,0.8333333333333334,-0.5,0.0,0.0,-1.0,-0.3333333333333333,-0.3333333333333333,0.5,0.0,0.0,-1.0,0.0,0.7142857142857143,-0.6,0.0,1.0,0.6818181818181819,-0.12121212121212119,0.5879574970484059,-0.08904230664387168
0.0,1.0,1.0,0.0,1.0,0.0,0.0,0.0,0.0,0.0,0.0,1.0,0.0,0.0,0.0,0.0,0.0,1.0,0.0,0.0,0.46153846153846156,-0.4166666666666667,0.0,-1.0,0.0,0.0,1.0,-0.5,-1.0,-1.0,1.5555555555555556,-1.0,-1.0,2.4285714285714284,0.6,1.0,2.2,0.32608695652173925,0.07246376811594205,0.5244864226682407,1.265217097165389
0.0,1.0,0.0,1.0,0.0,0.0,1.0,0.0,0.0,0.0,0.0,0.0,0.0,0.0,0.0,0.0,1.0,0.0,1.0,1.0,-1.1538461538461537,-0.16666666666666666,-1.0,0.0,0.0,-1.0,-0.3333333333333333,-0.5,0.5,-1.0,-0.8888888888888888,3.0,0.0,-0.42857142857142855,-0.2,0.0,-0.2,0.4999999999999999,0.4444444444444444,0.059031877213695266,-0.7080928519364565
0.0,1.0,1.0,0.0,0.0,0.0,1.0,0.0,0.0,0.0,0.0,0.0,0.0,0.0,1.0,0.0,0.0,1.0,0.0,0.0,1.2307692307692308,0.08333333333333333,0.5,0.0,-1.0,-0.5,0.0,0.16666666666666666,-1.0,-1.0,0.1111111111111111,0.0,-1.0,0.42857142857142855,-0.2,2.0,0.8,0.8333333333333334,1.4814814814814814,0.059031877213695266,-0.012167063728652104
0.0,1.0,1.0,0.0,0.0,0.0,1.0,0.0,0.0,0.0,0.0,0.0,0.0,0.0,1.0,0.0,0.0,1.0,0.0,0.0,-1.0769230769230769,-0.08333333333333333,-1.0,-1.0,0.0,0.0,-0.6666666666666666,1.0,0.5,-1.0,-0.7777777777777778,0.0,0.0,-0.42857142857142855,-0.2,0.3333333333333333,-0.2,0.4999999999999999,1.222222222222222,-0.30460448642266824,-0.562503699319202
0.0,0.0,1.0,0.0,1.0,0.0,0.0,0.0,0.0,0.0,0.0,0.0,0.0,0.0,1.0,0.0,0.0,1.0,0.0,0.0,-0.15384615384615385,-0.3333333333333333,0.5,0.0,-1.0,0.5,0.3333333333333333,0.5,0.5,2.0,-0.4444444444444444,-1.0,0.0,-0.7142857142857143,-0.6,-0.3333333333333333,-0.6,-1.5,-0.3333333333333333,-1.395513577331759,-0.49423766917991907
0.0,1.0,0.0,1.0,0.0,1.0,0.0,0.0,0.0,0.0,0.0,0.0,0.0,0.0,0.0,1.0,0.0,1.0,0.0,0.0,0.0,0.75,0.5,0.0,-1.0,-1.0,0.6666666666666666,-0.16666666666666666,-1.0,1.0,0.1111111111111111,0.0,-1.0,-0.2857142857142857,-0.2,-0.3333333333333333,-0.2,0.0,-0.3333333333333333,-0.8500590318772137,0.11508798343626096
0.0,1.0,1.0,0.0,0.0,0.0,1.0,0.0,0.0,0.0,0.0,1.0,0.0,0.0,0.0,0.0,0.0,1.0,0.0,1.0,-0.23076923076923078,0.6666666666666666,-1.0,-0.5,0.0,0.0,1.6666666666666667,-0.3333333333333333,0.5,-1.0,0.5555555555555556,-1.0,1.0,0.2857142857142857,0.6,2.0,0.8,1.125,1.7083333333333335,-0.4409681227863046,0.9533222262583121
0.0,1.0,1.0,0.0,1.0,0.0,0.0,0.0,0.0,0.0,0.0,0.0,1.0,0.0,0.0,0.0,0.0,1.0,0.0,0.0,-1.0769230769230769,-0.5,-0.5,0.5,-1.0,0.5,1.3333333333333333,1.3333333333333333,-1.0,1.0,-0.6666666666666666,-1.0,-2.0,-0.42857142857142855,-0.2,0.3333333333333333,-0.2,0.4999999999999999,1.222222222222222,-0.5227863046044864,-0.044727864151741625
0.0,1.0,1.0,0.0,0.0,0.0,0.0,0.0,1.0,0.0,0.0,1.0,0.0,0.0,0.0,0.0,0.0,0.0,0.0,0.0,1.5384615384615385,-0.25,0.5,0.5,0.0,-1.0,0.6666666666666666,-0.16666666666666666,0.5,0.0,2.0,-1.0,0.0,0.0,-0.2,1.0,-0.2,-0.5000000000000001,1.222222222222222,-1.0193380287424174,1.3174148718223857
0.0,1.0,1.0,0.0,1.0,0.0,0.0,0.0,0.0,0.0,0.0,0.0,0.0,0.0,0.0,0.0,0.0,0.0,0.0,1.0,-0.5384615384615384,0.0,0.0,0.0,0.0,0.5,-0.3333333333333333,-0.5,-0.5,1.0,-0.4444444444444444,-1.0,0.0,0.14285714285714285,-0.6,0.0,-0.6,-1.5,0.0,0.4746162927981108,0.2669937565537454
0.0,1.0,0.0,1.0,1.0,0.0,0.0,0.0,0.0,0.0,0.0,0.0,0.0,0.0,0.0,1.0,0.0,0.0,1.0,0.0,0.0,-0.5,0.5,-0.5,0.0,0.0,1.3333333333333333,-0.16666666666666666,-1.0,-1.0,0.5555555555555556,2.0,0.0,-0.5714285714285714,-0.6,-0.3333333333333333,-0.6,-1.5,-0.3333333333333333,-1.2591499409681228,0.2942241013180927
0.0,1.0,0.0,1.0,0.0,0.0,1.0,0.0,0.0,0.0,0.0,0.0,0.0,0.0,0.0,1.0,0.0,0.0,0.0,0.0,-0.15384615384615385,0.5,0.5,0.5,0.0,0.0,-0.3333333333333333,0.6666666666666666,0.0,0.0,-0.1111111111111111,-1.0,-1.0,0.42857142857142855,0.8,0.0,-0.4,-1.1666666666666667,-0.07407407407407407,0.34994096812278636,0.5189940575790776
0.0,1.0,1.0,0.0,0.0,0.0,0.0,1.0,0.0,0.0,0.0,0.0,0.0,0.0,1.0,0.0,0.0,0.0,1.0,0.0,-0.15384615384615385,-0.08333333333333333,0.5,-1.0,0.0,0.0,-0.3333333333333333,0.0,0.0,-1.0,0.6666666666666666,0.0,0.0,1.5714285714285714,2.0,0.3333333333333333,1.4,0.26470588235294124,-0.05882352941176469,0.6579623584971177,-0.03796758005783308
0.0,1.0,1.0,0.0,0.0,0.0,1.0,0.0,0.0,0.0,0.0,0.0,0.0,1.0,0.0,0.0,0.0,0.0,0.0,1.0,1.0769230769230769,0.0,-0.5,-0.5,-1.0,0.0,1.0,-0.3333333333333333,0.5,0.0,2.111111111111111,-1.0,-1.0,3.142857142857143,0.0,4.0,1.0,-0.6428571428571429,0.7500000000000001,0.5681227863046044,1.2581244264982887
0.0,1.0,1.0,0.0,0.0,0.0,1.0,0.0,0.0,0.0,0.0,0.0,1.0,0.0,0.0,0.0,0.0,1.0,0.0,0.0,0.15384615384615385,-0.4166666666666667,0.0,0.0,0.0,-0.5,0.6666666666666666,-0.5,-1.0,1.0,-0.3333333333333333,-1.0,0.0,0.0,-0.2,0.0,0.2,0.4999999999999999,0.05555555555555555,-0.031877213695395555,-0.028896981365
0.0,1.0,0.0,1.0,1.0,0.0,0.0,0.0,0.0,0.0,0.0,0.0,0.0,0.0,0.0,1.0,0.0,1.0,0.0,0.0,-0.46153846153846156,-0.5,0.0,-0.5,-1.0,-1.0,-0.3333333333333333,-0.5,0.5,0.0,0.0,1.0,0.0,0.7142857142857143,1.0,1.6666666666666667,0.8,0.40909090909090906,0.9393939393939393,0.5879574970484059,0.6319646928220998
0.0,1.0,0.0,1.0,0.0,1.0,0.0,0.0,0.0,0.0,0.0,1.0,0.0,0.0,0.0,0.0,0.0,1.0,0.0,0.0,0.6153846153846154,-0.16666666666666666,0.0,-0.5,0.0,-0.5,1.6666666666666667,-0.5,0.0,0.0,1.7777777777777777,2.0,0.0,2.4285714285714284,1.2,0.6666666666666666,1.4,-0.19565217391304351,-0.0289855072463768,0.38226420044601844,1.2309419835775288
1.0,0.0,1.0,0.0,0.0,0.0,1.0,0.0,0.0,0.0,0.0,1.0,0.0,0.0,0.0,0.0,0.0,1.0,0.0,0.0,0.9230769230769231,-0.25,1.0,0.0,-1.0,0.5,0.0,1.8333333333333333,-0.5,0.0,1.4444444444444444,0.0,0.0,-0.42857142857142855,-0.2,0.3333333333333333,-0.2,0.4999999999999999,1.222222222222222,-1.2136953955135772,1.0587375262918852
0.0,1.0,1.0,0.0,0.0,0.0,1.0,0.0,0.0,0.0,0.0,0.0,0.0,0.0,1.0,0.0,0.0,1.0,0.0,1.0,1.6923076923076923,0.16666666666666666,0.0,-0.5,-1.0,-0.5,0.6666666666666666,1.0,-0.5,0.0,-0.1111111111111111,0.0,-1.0,-0.5714285714285714,-0.6,-0.3333333333333333,-0.6,-1.5,-0.3333333333333333,-1.177331759149941,-0.38355550200751914
0.0,0.0,0.0,1.0,1.0,0.0,0.0,0.0,0.0,0.0,0.0,0.0,0.0,0.0,0.0,1.0,0.0,1.0,0.0,0.0,-0.5384615384615384,-0.4166666666666667,0.0,0.5,0.0,0.0,-0.3333333333333333,0.0,-1.0,0.0,-0.6666666666666666,0.0,-1.0,-0.14285714285714285,0.0,-0.3333333333333333,-0.2,-0.29999999999999993,-0.3333333333333333,0.34994096812278636,-0.07020734720365668
0.0,1.0,0.0,1.0,1.0,0.0,0.0,0.0,0.0,0.0,0.0,0.0,0.0,0.0,0.0,1.0,0.0,0.0,1.0,0.0,-0.15384615384615385,1.1666666666666667,0.5,0.5,1.0,0.5,-0.3333333333333333,-0.3333333333333333,0.5,-1.0,0.0,0.0,0.0,0.7142857142857143,0.8,1.3333333333333333,0.8,0.40909090909090906,0.7272727272727273,0.5879574970484059,0.06129086176074954
0.0,0.0,1.0,0.0,1.0,0.0,0.0,0.0,0.0,0.0,1.0,0.0,0.0,0.0,0.0,0.0,0.0,1.0,0.0,0.0,-0.6923076923076923,0.08333333333333333,1.0,-1.0,-2.0,0.0,-0.3333333333333333,0.8333333333333334,0.5,2.0,-0.7777777777777778,1.0,0.0,-0.2857142857142857,-0.2,0.0,-0.2,0.0,0.25000000000000006,0.24085005903187715,-0.07596317195100788
0.0,1.0,0.0,1.0,0.0,0.0,1.0,0.0,0.0,0.0,0.0,0.0,0.0,0.0,0.0,1.0,0.0,0.0,1.0,0.0,0.46153846153846156,0.5833333333333334,-0.5,0.0,-1.0,0.0,1.6666666666666667,0.5,-1.0,-1.0,0.0,3.0,0.0,0.0,0.2,-0.3333333333333333,0.0,0.0,-0.3333333333333333,-0.40377804014167656,0.21084480516154486
1.0,0.0,1.0,0.0,1.0,0.0,0.0,0.0,0.0,0.0,0.0,0.0,0.0,0.0,1.0,0.0,0.0,0.0,0.0,1.0,0.38461538461538464,1.25,0.0,0.5,0.0,0.5,0.3333333333333333,0.0,-1.0,1.0,0.2222222222222222,1.0,-1.0,0.14285714285714285,-0.2,0.6666666666666666,0.0,-0.21428571428571436,0.6666666666666666,-0.3885205703387521,0.08422175517601663
0.0,1.0,0.0,1.0,1.0,0.0,0.0,0.0,0.0,0.0,0.0,0.0,0.0,0.0,0.0,1.0,0.0,0.0,1.0,0.0,0.07692307692307693,-0.3333333333333333,0.0,0.0,0.0,0.5,0.0,-0.3333333333333333,-1.0,-1.0,0.2222222222222222,0.0,0.0,0.0,0.0,0.0,0.0,0.0,0.05555555555555555,-0.5563527381709199,0.3762947652122142
0.0,1.0,1.0,0.0,0.0,0.0,0.0,0.0,1.0,0.0,1.0,0.0,0.0,0.0,0.0,0.0,0.0,1.0,0.0,1.0,-0.8461538461538461,-0.25,-1.0,0.5,0.0,0.5,-0.3333333333333333,0.16666666666666666,-0.5,0.0,-0.3333333333333333,0.0,1.0,0.2857142857142857,0.8,1.3333333333333333,0.6,0.75,1.125,0.5135773317591499,-0.2900627624725485
1.0,0.0,0.0,1.0,0.0,0.0,1.0,0.0,0.0,0.0,0.0,0.0,0.0,0.0,0.0,1.0,0.0,1.0,0.0,0.0,-0.23076923076923078,1.5,0.0,-0.5,0.0,0.0,-0.3333333333333333,-0.3333333333333333,-1.0,0.0,0.0,0.0,-1.0,0.7142857142857143,0.8,-0.3333333333333333,-0.4,-1.2272727272727273,-0.3333333333333333,0.5879574970484059,-0.09302229865834276
0.0,1.0,0.0,1.0,0.0,0.0,1.0,0.0,0.0,0.0,0.0,0.0,0.0,0.0,0.0,1.0,0.0,0.0,1.0,0.0,-0.3076923076923077,-0.08333333333333333,0.5,-0.5,0.0,0.0,-0.3333333333333333,0.3333333333333333,-1.0,-1.0,0.2222222222222222,-3.0,0.0,0.8571428571428571,1.0,1.3333333333333333,0.8,0.2500000000000001,0.638888888888889,0.4506402688220869,0.0010466130071592878
0.0,1.0,1.0,0.0,1.0,0.0,0.0,0.0,0.0,0.0,0.0,0.0,0.0,0.0,1.0,0.0,0.0,1.0,0.0,1.0,0.0,-0.16666666666666666,0.5,-0.5,-1.0,-1.0,2.3333333333333335,0.0,0.5,0.0,-0.4444444444444444,0.0,1.0,-0.5714285714285714,-0.4,-0.3333333333333333,-0.6,-1.5,-0.3333333333333333,-1.0838252656434475,-0.3629935110038873
0.0,1.0,1.0,0.0,0.0,0.0,1.0,0.0,0.0,0.0,1.0,0.0,0.0,0.0,0.0,0.0,0.0,0.0,0.0,1.0,-0.7692307692307693,0.75,0.5,-1.0,0.0,-0.5,0.0,-0.16666666666666666,0.5,0.0,-0.5555555555555556,-1.0,0.0,-0.2857142857142857,-0.2,-0.3333333333333333,-0.2,0.0,-0.3333333333333333,-0.30460448642266824,-0.7108987343434225
0.0,1.0,1.0,0.0,1.0,0.0,0.0,0.0,0.0,0.0,0.0,0.0,1.0,0.0,0.0,0.0,0.0,1.0,0.0,0.0,0.3076923076923077,0.6666666666666666,0.0,-1.0,-1.0,0.0,-0.3333333333333333,-0.16666666666666666,0.5,1.0,0.8888888888888888,-1.0,0.0,1.8571428571428572,2.4,4.333333333333333,1.8,0.39473684210526305,1.3859649122807016,0.671472068601255,0.7001900355265303
1.0,0.0,1.0,0.0,0.0,0.0,1.0,0.0,0.0,0.0,0.0,0.0,1.0,0.0,0.0,0.0,0.0,0.0,1.0,1.0,0.23076923076923078,1.25,0.0,0.5,0.0,-1.0,-0.3333333333333333,-0.16666666666666666,0.0,-1.0,1.2222222222222223,-1.0,0.0,2.2857142857142856,0.6,0.3333333333333333,1.0,-0.40909090909090906,-0.12121212121212119,0.6871310507674144,0.7399841327761325
0.0,0.0,1.0,0.0,0.0,0.0,1.0,0.0,0.0,0.0,0.0,1.0,0.0,0.0,0.0,0.0,0.0,0.0,1.0,0.0,0.9230769230769231,-0.5,0.5,-1.0,1.0,0.5,0.0,1.3333333333333333,0.0,-1.0,1.8888888888888888,0.0,-1.0,0.0,0.2,0.3333333333333333,-0.4,-1.0000000000000002,0.4444444444444444,-1.0059031877213693,1.1587947061405606
0.0,0.0,1.0,0.0,1.0,0.0,0.0,0.0,0.0,0.0,1.0,0.0,0.0,0.0,0.0,0.0,0.0,0.0,0.0,0.0,-0.3076923076923077,-0.5,0.0,0.5,0.0,0.5,-0.6666666666666666,-0.3333333333333333,-0.5,0.0,-0.6666666666666666,-1.0,0.0,-0.2857142857142857,-0.6,-0.3333333333333333,-0.2,0.0,-0.3333333333333333,-0.08642266824085014,-0.7348824426512528
0.0,1.0,1.0,0.0,0.0,0.0,1.0,0.0,0.0,0.0,0.0,0.0,0.0,0.0,1.0,0.0,0.0,0.0,1.0,1.0,0.5384615384615384,-0.08333333333333333,0.0,-1.0,-1.0,0.0,-0.3333333333333333,0.0,-1.0,-1.0,1.1111111111111112,0.0,-2.0,2.142857142857143,0.8,0.0,1.0,-0.3571428571428572,-0.2222222222222222,0.6824085005903185,-0.19436397412302114
1.0,0.0,1.0,0.0,1.0,0.0,0.0,0.0,0.0,0.0,0.0,0.0,0.0,0.0,0.0,0.0,0.0,0.0,0.0,0.0,0.23076923076923078,-0.4166666666666667,0.0,-1.0,0.0,0.5,1.6666666666666667,-0.5,0.5,2.0,1.2222222222222223,1.0,0.0,1.8571428571428572,0.8,3.3333333333333335,0.4,-0.7105263157894738,1.0175438596491229,0.38961038961038963,0.8466776599575919
1.0,0.0,1.0,0.0,1.0,0.0,0.0,0.0,0.0,0.0,1.0,0.0,0.0,0.0,0.0,0.0,0.0,0.0,1.0,1.0,-1.2307692307692308,-0.08333333333333333,0.0,0.5,-1.0,0.5,-0.3333333333333333,0.6666666666666666,-0.5,-1.0,-1.0,2.0,0.0,-0.5714285714285714,-0.6,0.0,-0.6,-1.5,0.8333333333333334,-0.30460448642266824,-0.5113394835003628
0.0,1.0,0.0,1.0,0.0,0.0,0.0,0.0,1.0,0.0,0.0,0.0,0.0,0.0,0.0,0.0,1.0,1.0,0.0,0.0,0.23076923076923078,-0.16666666666666666,0.0,0.5,0.0,0.5,0.3333333333333333,0.0,0.0,0.0,1.0,3.0,1.0,-0.5714285714285714,-0.6,-0.3333333333333333,-0.6,-1.5,-0.3333333333333333,-1.28642266824085,-0.833691158004741
0.0,1.0,1.0,0.0,0.0,0.0,0.0,0.0,1.0,0.0,0.0,0.0,0.0,0.0,1.0,0.0,0.0,1.0,0.0,0.0,-0.15384615384615385,1.0833333333333333,0.0,0.0,1.0,0.0,-0.6666666666666666,0.5,0.5,-1.0,-0.8888888888888888,2.0,-1.0,-0.5714285714285714,-0.6,-0.3333333333333333,-0.6,-1.5,-0.3333333333333333,-0.6682408500590319,-0.6293831784511548
1.0,0.0,1.0,0.0,1.0,0.0,0.0,0.0,0.0,0.0,0.0,0.0,1.0,0.0,0.0,0.0,0.0,0.0,1.0,1.0,0.15384615384615385,-0.4166666666666667,0.5,-1.0,1.0,-1.0,1.3333333333333333,-0.3333333333333333,0.5,-1.0,0.7777777777777778,-1.0,0.0,1.4285714285714286,0.8,1.0,1.8,0.75,0.25000000000000006,0.42266824085005905,0.16968164751146428
0.0,1.0,0.0,1.0,0.0,1.0,0.0,0.0,0.0,0.0,0.0,0.0,0.0,0.0,0.0,1.0,0.0,1.0,0.0,1.0,-0.6153846153846154,-0.4166666666666667,0.5,-0.5,0.0,-0.5,-0.3333333333333333,1.0,-1.0,-1.0,-0.2222222222222222,-1.0,0.0,0.42857142857142855,0.8,2.0,0.4,0.16666666666666674,1.4814814814814814,0.54388036206218,-0.0439300430678331
0.0,1.0,1.0,0.0,0.0,0.0,0.0,0.0,1.0,0.0,1.0,0.0,0.0,0.0,0.0,0.0,0.0,0.0,0.0,0.0,-0.6153846153846154,0.8333333333333334,0.0,0.0,-1.0,0.5,1.0,-0.3333333333333333,-1.0,0.0,-0.4444444444444444,-1.0,-1.0,-0.14285714285714285,-0.4,-0.3333333333333333,0.0,0.29999999999999993,-0.3333333333333333,-0.14876033057851248,-0.7133103692762912
0.0,0.0,0.0,1.0,1.0,0.0,0.0,0.0,0.0,0.0,0.0,0.0,0.0,0.0,0.0,1.0,0.0,1.0,0.0,0.0,0.6923076923076923,0.16666666666666666,0.5,-0.5,-1.0,0.0,-0.3333333333333333,-0.16666666666666666,0.5,0.0,0.5555555555555556,-1.0,0.0,1.4285714285714286,1.4,1.0,1.8,0.75,0.25000000000000006,0.6499409681227862,0.10593262919948344
1.0,0.0,0.0,1.0,0.0,0.0,1.0,0.0,0.0,0.0,0.0,0.0,0.0,0.0,0.0,1.0,0.0,0.0,1.0,0.0,-0.7692307692307693,-0.5,0.0,0.0,-1.0,-1.0,-0.3333333333333333,-0.3333333333333333,-0.5,-1.0,-0.3333333333333333,-1.0,0.0,0.2857142857142857,0.8,-0.3333333333333333,0.8,1.125,-0.3333333333333333,0.5135773317591499,-0.1458902550957258
0.0,1.0,1.0,0.0,1.0,0.0,0.0,0.0,0.0,0.0,0.0,0.0,1.0,0.0,0.0,0.0,0.0,0.0,1.0,1.0,0.0,-0.4166666666666667,0.5,0.0,0.0,-0.5,2.3333333333333335,-0.5,0.5,-1.0,0.8888888888888888,-1.0,0.0,1.5714285714285714,2.2,1.3333333333333333,1.8,0.6176470588235295,0.3529411764705883,0.4418069968309201,0.07423529702094861
0.0,1.0,0.0,1.0,0.0,1.0,0.0,0.0,0.0,0.0,0.0,0.0,0.0,0.0,0.0,1.0,0.0,1.0,0.0,0.0,0.9230769230769231,-0.4166666666666667,-1.0,-0.5,1.0,-0.5,0.3333333333333333,-0.3333333333333333,0.5,-1.0,0.2222222222222222,0.0,0.0,-0.42857142857142855,-0.2,0.3333333333333333,-0.2,0.4999999999999999,1.222222222222222,-1.0598492416674234,0.4611706417189275
0.0,1.0,1.0,0.0,0.0,0.0,0.0,1.0,0.0,0.0,0.0,0.0,0.0,0.0,0.0,0.0,0.0,0.0,0.0,1.0,0.5384615384615384,0.08333333333333333,0.5,0.0,0.0,0.0,0.6666666666666666,0.0,0.5,-1.0,-0.2222222222222222,0.0,0.0,0.0,-0.2,-0.3333333333333333,-0.2,-0.5000000000000001,-0.3333333333333333,-0.183392365210547,-0.09659748830748134
0.0,1.0,0.0,1.0,0.0,0.0,1.0,0.0,0.0,0.0,0.0,0.0,0.0,0.0,0.0,1.0,0.0,0.0,0.0,1.0,-0.38461538461538464,0.25,-0.5,0.0,0.0,0.5,0.0,-0.5,0.5,0.0,-0.2222222222222222,-1.0,0.0,0.0,-0.2,0.0,0.2,0.4999999999999999,0.05555555555555555,-0.183392365210547,0.26122149645324133
1.0,0.0,1.0,0.0,0.0,0.0,0.0,1.0,0.0,0.0,0.0,0.0,0.0,0.0,1.0,0.0,0.0,1.0,0.0,1.0,-0.15384615384615385,1.25,0.5,0.0,-1.0,0.5,-0.3333333333333333,0.16666666666666666,-0.5,-1.0,0.6666666666666666,0.0,0.0,1.4285714285714286,1.4,1.6666666666666667,1.6,0.5625,0.5416666666666667,0.5296201125078129,0.13181353083374983
0.0,1.0,1.0,0.0,0.0,0.0,0.0,0.0,1.0,0.0,0.0,0.0,0.0,0.0,1.0,0.0,0.0,1.0,0.0,0.0,0.8461538461538461,-0.5,0.0,-1.0,0.0,0.5,1.6666666666666667,-0.3333333333333333,0.0,0.0,0.7777777777777778,-1.0,-1.0,0.14285714285714285,0.4,0.0,-0.2,-0.6428571428571429,0.0,-0.6682408500590319,-0.3627148975743127
0.0,1.0,1.0,0.0,0.0,0.0,1.0,0.0,0.0,0.0,1.0,0.0,0.0,0.0,0.0,0.0,0.0,1.0,0.0,0.0,-0.15384615384615385,1.8333333333333333,0.0,-0.5,0.0,0.0,0.6666666666666666,-0.16666666666666666,-1.0,1.0,0.0,-2.0,0.0,0.42857142857142855,0.8,2.0,0.8,0.8333333333333334,1.4814814814814814,0.19126328217237307,0.07757575747507899
0.0,1.0,0.0,1.0,0.0,1.0,0.0,0.0,0.0,0.0,0.0,0.0,0.0,0.0,0.0,0.0,1.0,1.0,0.0,0.0,-0.07692307692307693,-0.4166666666666667,0.0,0.5,0.0,0.5,-0.3333333333333333,-0.16666666666666666,-1.0,-1.0,-0.8888888888888888,0.0,0.0,-0.42857142857142855,-0.2,0.3333333333333333,-0.2,0.4999999999999999,1.222222222222222,0.059031877213695266,-0.8671493970813872
0.0,1.0,1.0,0.0,0.0,0.0,0.0,0.0,1.0,0.0,0.0,0.0,1.0,0.0,0.0,0.0,0.0,1.0,0.0,0.0,0.15384615384615385,1.8333333333333333,0.0,0.5,0.0,0.5,0.3333333333333333,0.6666666666666666,-1.0,0.0,-0.1111111111111111,0.0,-2.0,0.2857142857142857,0.8,0.0,0.8,1.125,-0.04166666666666665,0.13175914994096796,0.21343550842714704
0.0,1.0,1.0,0.0,1.0,0.0,0.0,0.0,0.0,0.0,0.0,0.0,0.0,0.0,1.0,0.0,0.0,1.0,0.0,0.0,-1.0,-0.5,-0.5,0.5,0.0,0.0,-0.3333333333333333,1.3333333333333333,0.5,0.0,-1.0,-1.0,0.0,-0.5714285714285714,-0.6,-0.3333333333333333,-0.4,0.0,-0.3333333333333333,-0.30460448642266824,-1.3422137615631864
1.0,0.0,1.0,0.0,1.0,0.0,0.0,0.0,0.0,0.0,1.0,0.0,0.0,0.0,0.0,0.0,0.0,0.0,0.0,1.0,0.6153846153846154,1.4166666666666667,0.0,0.5,0.0,0.0,0.3333333333333333,1.3333333333333333,0.5,0.0,1.0,-3.0,-2.0,-0.5714285714285714,-0.6,-0.3333333333333333,-0.6,-1.5,-0.3333333333333333,-1.28642266824085,-0.43774262277340803
0.0,1.0,1.0,0.0,0.0,0.0,1.0,0.0,0.0,0.0,0.0,0.0,0.0,0.0,1.0,0.0,0.0,0.0,1.0,0.0,-0.5384615384615384,1.75,0.5,0.5,-1.0,-1.0,-0.3333333333333333,0.0,-0.5,-1.0,-0.5555555555555556,0.0,-2.0,0.0,0.2,-0.3333333333333333,0.2,0.4999999999999999,-0.3333333333333333,0.42266824085005905,-0.2661027575909231
0.0,1.0,0.0,1.0,0.0,0.0,0.0,0.0,1.0,0.0,0.0,0.0,0.0,0.0,0.0,1.0,0.0,1.0,0.0,1.0,-0.15384615384615385,-0.5,0.0,0.5,-1.0,0.0,-0.3333333333333333,0.0,0.5,-1.0,0.0,0.0,0.0,0.7142857142857143,1.2,2.3333333333333335,0.6,0.13636363636363624,1.363636363636364,0.5879574970484059,0.3309773261196401
0.0,0.0,1.0,0.0,1.0,0.0,0.0,0.0,0.0,0.0,1.0,0.0,0.0,0.0,0.0,0.0,0.0,1.0,0.0,0.0,0.0,1.4166666666666667,0.5,-0.5,0.0,-0.5,1.6666666666666667,0.16666666666666666,0.0,0.0,0.1111111111111111,0.0,0.0,0.5714285714285714,1.0,-0.3333333333333333,1.0,0.9000000000000001,-0.3333333333333333,0.24085005903187715,0.11963288742874487
0.0,0.0,1.0,0.0,0.0,0.0,1.0,0.0,0.0,0.0,0.0,0.0,0.0,0.0,0.0,0.0,0.0,0.0,0.0,1.0,1.4615384615384615,0.08333333333333333,-1.0,0.5,-1.0,-0.5,-0.3333333333333333,0.16666666666666666,0.5,0.0,2.6666666666666665,0.0,0.0,4.0,1.2,4.666666666666667,-0.6,-1.5,0.6960784313725491,0.6616292798110979,0.9510088698272489
0.0,1.0,1.0,0.0,1.0,0.0,0.0,0.0,0.0,0.0,0.0,0.0,0.0,1.0,0.0,0.0,0.0,1.0,0.0,0.0,0.5384615384615384,0.5833333333333334,-0.5,-0.5,0.0,-1.0,1.3333333333333333,1.6666666666666667,0.0,0.0,1.3333333333333333,0.0,0.0,-0.14285714285714285,-0.4,0.0,-0.6,-1.5,0.1333333333333334,-1.0160669370155535,1.1741343571143745
1.0,0.0,1.0,0.0,1.0,0.0,0.0,0.0,0.0,0.0,0.0,0.0,0.0,0.0,1.0,0.0,0.0,0.0,1.0,1.0,-0.3076923076923077,-0.4166666666666667,-0.5,0.5,0.0,0.0,0.6666666666666666,0.0,0.5,-1.0,0.0,-1.0,0.0,0.42857142857142855,0.8,-0.3333333333333333,0.8,0.8333333333333334,-0.3333333333333333,0.19126328217237307,-0.001238296528731527
1.0,0.0,0.0,1.0,0.0,1.0,0.0,0.0,0.0,0.0,0.0,0.0,0.0,0.0,0.0,1.0,0.0,0.0,1.0,0.0,-0.3076923076923077,0.25,0.5,0.5,0.0,0.5,2.0,-0.16666666666666666,0.0,-1.0,-0.6666666666666666,-1.0,1.0,-0.7142857142857143,-0.6,-0.3333333333333333,-0.6,-1.5,-0.3333333333333333,-1.395513577331759,-0.07041231488464304
0.0,1.0,0.0,1.0,0.0,0.0,1.0,0.0,0.0,0.0,0.0,0.0,0.0,0.0,0.0,1.0,0.0,0.0,1.0,0.0,-0.8461538461538461,1.5833333333333333,-1.0,0.0,0.0,0.5,-0.3333333333333333,1.5,-0.5,-1.0,-0.4444444444444444,2.0,-1.0,0.14285714285714285,0.4,0.0,0.2,0.2142857142857142,0.0,0.4746162927981108,0.20102791123102062
0.0,1.0,1.0,0.0,0.0,0.0,1.0,0.0,0.0,0.0,0.0,0.0,0.0,0.0,1.0,0.0,0.0,1.0,0.0,0.0,0.07692307692307693,0.5,0.0,-1.0,0.0,0.5,-0.3333333333333333,0.5,-1.0,-1.0,0.0,-1.0,0.0,0.7142857142857143,1.0,0.6666666666666666,0.8,0.40909090909090906,0.30303030303030304,0.5879574970484059,-0.14788931772400604
0.0,1.0,0.0,1.0,0.0,0.0,0.0,0.0,1.0,0.0,0.0,0.0,0.0,0.0,0.0,0.0,1.0,0.0,1.0,0.0,0.6923076923076923,-0.4166666666666667,-0.5,-0.5,-2.0,0.0,-0.6666666666666666,-0.16666666666666666,-1.0,-1.0,-0.1111111111111111,0.0,0.0,0.42857142857142855,0.8,0.6666666666666666,-0.4,-1.1666666666666667,0.4444444444444444,0.34994096812278636,0.268287710899268
0.0,1.0,1.0,0.0,0.0,0.0,0.0,1.0,0.0,0.0,0.0,0.0,0.0,0.0,1.0,0.0,0.0,0.0,1.0,1.0,-0.23076923076923078,-0.5,0.5,0.0,-1.0,-1.0,0.3333333333333333,-0.5,-0.5,-1.0,-0.4444444444444444,-2.0,0.0,-0.2857142857142857,-0.2,-0.3333333333333333,-0.2,0.0,-0.3333333333333333,-0.46044864226682414,-0.5536130973595218
0.0,1.0,1.0,0.0,0.0,0.0,1.0,0.0,0.0,0.0,1.0,0.0,0.0,0.0,0.0,0.0,0.0,0.0,0.0,0.0,-0.38461538461538464,-0.25,0.0,-1.0,1.0,0.0,2.0,-0.3333333333333333,-0.5,0.0,-0.6666666666666666,-3.0,-1.0,-0.42857142857142855,-0.2,0.3333333333333333,-0.2,0.4999999999999999,1.222222222222222,-0.5227863046044864,-0.21871927920218207
0.0,1.0,0.0,1.0,0.0,0.0,1.0,0.0,0.0,0.0,0.0,0.0,0.0,0.0,0.0,1.0,0.0,0.0,0.0,0.0,-0.7692307692307693,1.8333333333333333,-0.5,-1.0,0.0,0.0,1.0,-0.3333333333333333,-1.0,1.0,-0.2222222222222222,2.0,0.0,-0.7142857142857143,-0.6,-0.3333333333333333,-0.6,-1.5,-0.3333333333333333,-1.395513577331759,-0.14323134457088935
0.0,0.0,0.0,1.0,1.0,0.0,0.0,0.0,0.0,0.0,0.0,0.0,0.0,0.0,0.0,1.0,0.0,0.0,1.0,0.0,0.7692307692307693,1.5833333333333333,-0.5,-0.5,-1.0,-0.5,2.0,0.16666666666666666,0.0,-1.0,-0.4444444444444444,0.0,0.0,-0.42857142857142855,-0.2,0.3333333333333333,-0.2,0.4999999999999999,1.222222222222222,-0.7721369539551358,0.4459110042576038
0.0,1.0,0.0,1.0,1.0,0.0,0.0,0.0,0.0,0.0,0.0,0.0,0.0,0.0,0.0,1.0,0.0,1.0,0.0,0.0,-0.5384615384615384,1.3333333333333333,-1.0,0.5,-1.0,-1.0,-0.3333333333333333,-0.16666666666666666,-1.0,0.0,0.1111111111111111,0.0,-2.0,0.8571428571428571,1.0,0.6666666666666666,1.4,1.0000000000000002,0.25000000000000006,0.6044864226682407,0.36441925666415964
0.0,1.0,1.0,0.0,1.0,0.0,0.0,0.0,0.0,0.0,0.0,0.0,0.0,0.0,1.0,0.0,0.0,0.0,1.0,0.0,-1.1538461538461537,0.6666666666666666,-0.5,0.0,0.0,0.5,-0.3333333333333333,0.0,0.5,-1.0,-1.1111111111111112,3.0,0.0,-0.7142857142857143,-0.6,-0.3333333333333333,-0.6,-1.5,-0.3333333333333333,-1.395513577331759,-1.3352320656553918
0.0,1.0,0.0,1.0,0.0,1.0,0.0,0.0,0.0,0.0,0.0,1.0,0.0,0.0,0.0,0.0,0.0,1.0,0.0,0.0,1.2307692307692308,-0.4166666666666667,-1.0,-1.0,-2.0,0.5,-0.3333333333333333,0.16666666666666666,0.5,0.0,2.5555555555555554,0.0,0.0,3.857142857142857,2.2,1.6666666666666667,1.2,-0.6818181818181819,0.09090909090909094,0.6579623584971177,1.3127205306666978
0.0,1.0,1.0,0.0,0.0,0.0,1.0,0.0,0.0,0.0,0.0,0.0,0.0,0.0,1.0,0.0,0.0,1.0,0.0,0.0,0.07692307692307693,-0.5,-0.5,0.0,-1.0,-1.0,0.0,0.0,-1.0,0.0,0.7777777777777778,-1.0,-1.0,-0.2857142857142857,-0.4,-0.3333333333333333,-0.2,0.0,-0.3333333333333333,-1.0318772136953955,-0.23271290766663608
0.0,1.0,1.0,0.0,0.0,0.0,1.0,0.0,0.0,0.0,0.0,0.0,1.0,0.0,0.0,0.0,0.0,1.0,0.0,0.0,0.23076923076923078,0.16666666666666666,-0.5,-1.0,0.0,-1.0,-0.3333333333333333,1.8333333333333333,0.5,0.0,0.0,0.0,0.0,0.7142857142857143,-0.6,2.0,1.2,0.9545454545454547,1.1515151515151516,0.5879574970484059,0.027491802776948984
0.0,1.0,0.0,1.0,0.0,0.0,1.0,0.0,0.0,0.0,0.0,0.0,0.0,0.0,0.0,0.0,1.0,1.0,0.0,0.0,-0.6923076923076923,0.3333333333333333,0.0,0.0,1.0,0.5,2.0,0.0,-0.5,0.0,-0.5555555555555556,1.0,0.0,-0.5714285714285714,-0.6,-0.3333333333333333,-0.6,-1.5,-0.3333333333333333,-1.0318772136953955,-0.6483655903290845
0.0,1.0,1.0,0.0,1.0,0.0,0.0,0.0,0.0,0.0,0.0,0.0,0.0,0.0,0.0,0.0,0.0,1.0,0.0,1.0,0.0,0.5833333333333334,-1.0,0.0,0.0,0.5,-0.6666666666666666,0.5,-1.0,0.0,0.7777777777777778,-1.0,-1.0,1.5714285714285714,1.0,1.0,1.6,0.4411764705882354,0.21568627450980393,0.54388036206218,0.26165563079940285
0.0,1.0,1.0,0.0,0.0,0.0,1.0,0.0,0.0,0.0,0.0,0.0,1.0,0.0,0.0,0.0,0.0,1.0,0.0,0.0,1.0,1.0833333333333333,0.5,0.0,0.0,-1.0,-0.3333333333333333,0.0,0.0,-1.0,0.6666666666666666,-1.0,-1.0,1.4285714285714286,1.6,1.3333333333333333,1.6,0.5625,0.39583333333333337,0.5296201125078129,0.2589027672580851
0.0,0.0,1.0,0.0,1.0,0.0,0.0,0.0,0.0,0.0,1.0,0.0,0.0,0.0,0.0,0.0,0.0,1.0,0.0,1.0,0.6923076923076923,1.3333333333333333,-0.5,0.5,0.0,-1.0,-0.3333333333333333,0.16666666666666666,0.0,0.0,-0.1111111111111111,-1.0,0.0,0.5714285714285714,1.0,-0.3333333333333333,1.0,0.9000000000000001,-0.3333333333333333,0.5681227863046044,-0.30515285096996486
0.0,1.0,1.0,0.0,0.0,0.0,0.0,0.0,1.0,0.0,0.0,0.0,0.0,1.0,0.0,0.0,0.0,0.0,1.0,0.0,0.6923076923076923,1.75,-0.5,0.5,-1.0,-0.5,-0.3333333333333333,-0.5,0.0,-1.0,1.2222222222222223,-1.0,0.0,2.2857142857142856,0.6,2.3333333333333335,0.6,-0.6818181818181819,0.5151515151515152,0.6871310507674144,1.1485244451843548
1.0,0.0,1.0,0.0,0.0,0.0,1.0,0.0,0.0,0.0,0.0,0.0,0.0,0.0,1.0,0.0,0.0,0.0,0.0,1.0,-0.15384615384615385,0.25,0.5,0.5,0.0,0.0,-0.3333333333333333,0.5,0.5,0.0,-0.5555555555555556,1.0,1.0,0.0,0.0,0.3333333333333333,-0.6,-1.5,0.4444444444444444,0.42266824085005905,-0.25858103559969137
0.0,1.0,1.0,0.0,0.0,0.0,0.0,1.0,0.0,0.0,0.0,0.0,1.0,0.0,0.0,0.0,0.0,1.0,0.0,1.0,-0.07692307692307693,0.75,-0.5,0.5,-1.0,-0.5,-0.6666666666666666,-0.5,0.5,-1.0,-0.6666666666666666,-1.0,0.0,-0.2857142857142857,-0.2,-0.3333333333333333,-0.2,0.0,-0.3333333333333333,-0.08642266824085014,-0.042137383941337474
0.0,1.0,0.0,0.0,0.0,0.0,0.0,0.0,0.0,1.0,0.0,0.0,0.0,0.0,0.0,0.0,0.0,1.0,0.0,0.0,-0.23076923076923078,-0.4166666666666667,0.0,-0.5,0.0,0.0,-0.3333333333333333,-0.16666666666666666,0.5,0.0,-0.5555555555555556,-1.0,0.0,0.0,0.2,0.0,0.2,0.4999999999999999,0.05555555555555555,0.42266824085005905,-0.3138464588902655
0.0,1.0,0.0,1.0,0.0,0.0,1.0,0.0,0.0,0.0,0.0,0.0,0.0,0.0,0.0,1.0,0.0,1.0,0.0,0.0,-0.3076923076923077,-0.25,0.5,0.5,-2.0,0.5,-0.3333333333333333,-0.5,0.0,-1.0,0.4444444444444444,-1.0,-1.0,1.2857142857142858,1.0,2.6666666666666665,1.0,0.09999999999999998,1.0666666666666667,0.6408500590318772,0.6969885252912069
0.0,1.0,0.0,1.0,0.0,1.0,0.0,0.0,0.0,0.0,0.0,0.0,0.0,0.0,0.0,1.0,0.0,0.0,0.0,0.0,-0.46153846153846156,1.6666666666666667,1.0,0.0,0.0,0.5,1.6666666666666667,1.5,0.5,0.0,0.0,-1.0,-1.0,0.42857142857142855,0.8,2.0,0.8,0.8333333333333334,1.4814814814814814,0.19126328217237307,0.055381060136748934
0.0,1.0,1.0,0.0,0.0,0.0,1.0,0.0,0.0,0.0,0.0,0.0,0.0,0.0,0.0,0.0,0.0,0.0,1.0,0.0,-0.15384615384615385,0.16666666666666666,0.0,0.5,-1.0,-0.5,-0.3333333333333333,0.0,-0.5,-1.0,-0.1111111111111111,0.0,1.0,0.42857142857142855,0.8,2.0,0.8,0.8333333333333334,1.4814814814814814,0.34994096812278636,0.5182206553450494
0.0,1.0,0.0,1.0,0.0,0.0,0.0,0.0,1.0,0.0,0.0,0.0,0.0,0.0,0.0,0.0,1.0,0.0,0.0,0.0,-1.0,-0.4166666666666667,-1.0,0.0,0.0,-1.0,0.3333333333333333,-0.16666666666666666,0.0,0.0,-0.7777777777777778,0.0,0.0,-0.7142857142857143,-0.6,-0.3333333333333333,-0.6,-1.5,-0.3333333333333333,-1.395513577331759,-0.7315948249739953
0.0,1.0,0.0,1.0,0.0,1.0,0.0,0.0,0.0,0.0,0.0,0.0,0.0,0.0,0.0,1.0,0.0,0.0,1.0,1.0,1.1538461538461537,1.1666666666666667,0.5,0.0,0.0,0.5,-0.6666666666666666,1.3333333333333333,0.5,-1.0,0.1111111111111111,-1.0,-2.0,0.7142857142857143,0.8,0.0,-0.6,-1.5,-0.12121212121212119,0.42266824085005905,0.07967950497192694
1.0,0.0,1.0,0.0,0.0,0.0,1.0,0.0,0.0,0.0,1.0,0.0,0.0,0.0,0.0,0.0,0.0,0.0,1.0,1.0,-0.6153846153846154,-0.5,0.5,0.5,0.0,0.0,-0.6666666666666666,-0.5,0.0,-1.0,-0.5555555555555556,-1.0,-1.0,-0.14285714285714285,-0.2,-0.3333333333333333,-0.2,-0.29999999999999993,-0.3333333333333333,0.059031877213695266,-0.8031351168753649
0.0,1.0,1.0,0.0,0.0,0.0,1.0,0.0,0.0,0.0,0.0,0.0,0.0,0.0,0.0,0.0,0.0,1.0,0.0,1.0,-0.38461538461538464,0.4166666666666667,0.0,0.5,0.0,0.5,-0.6666666666666666,-0.5,0.0,1.0,0.0,-1.0,-2.0,0.5714285714285714,0.8,2.3333333333333335,0.4,0.0,1.5333333333333337,0.38961038961038963,0.14955339169885112
0.0,1.0,1.0,0.0,1.0,0.0,0.0,0.0,0.0,0.0,0.0,0.0,1.0,0.0,0.0,0.0,0.0,1.0,0.0,0.0,-0.6923076923076923,-0.5,-0.5,0.0,0.0,-1.0,-0.3333333333333333,-0.5,0.5,-1.0,-0.1111111111111111,0.0,0.0,0.5714285714285714,0.8,-0.3333333333333333,0.8,0.5999999999999999,-0.3333333333333333,0.5681227863046044,0.3742400607826457
0.0,1.0,0.0,0.0,0.0,0.0,1.0,0.0,0.0,1.0,0.0,0.0,0.0,0.0,0.0,0.0,0.0,0.0,0.0,0.0,-0.6153846153846154,0.08333333333333333,-0.5,-0.5,-1.0,0.5,-0.3333333333333333,-0.16666666666666666,0.5,0.0,-0.4444444444444444,3.0,0.0,0.0,-0.4,-0.3333333333333333,0.2,0.4999999999999999,-0.3333333333333333,0.16292798110979928,-0.013131733543858697
0.0,0.0,0.0,1.0,1.0,0.0,0.0,0.0,0.0,0.0,0.0,0.0,0.0,0.0,0.0,1.0,0.0,1.0,0.0,0.0,0.6923076923076923,-0.4166666666666667,0.5,0.0,0.0,0.0,0.6666666666666666,1.3333333333333333,-0.5,1.0,0.0,0.0,1.0,0.42857142857142855,0.8,1.3333333333333333,0.8,0.8333333333333334,0.9629629629629631,0.19126328217237307,0.02804656978343835
0.0,0.0,1.0,0.0,1.0,0.0,0.0,0.0,0.0,0.0,1.0,0.0,0.0,0.0,0.0,0.0,0.0,1.0,0.0,1.0,0.23076923076923078,-0.5,0.0,0.5,0.0,0.5,-0.3333333333333333,0.16666666666666666,0.5,0.0,-0.1111111111111111,-1.0,0.0,0.5714285714285714,1.0,1.3333333333333333,1.0,0.9000000000000001,0.8333333333333334,0.5681227863046044,0.2450178905945194
1.0,0.0,1.0,0.0,0.0,0.0,1.0,0.0,0.0,0.0,0.0,0.0,0.0,0.0,1.0,0.0,0.0,0.0,1.0,1.0,0.46153846153846156,-0.4166666666666667,-1.0,-0.5,0.0,0.5,1.0,0.0,0.5,-1.0,-0.2222222222222222,-1.0,0.0,-0.42857142857142855,-0.4,0.3333333333333333,-0.2,0.4999999999999999,1.222222222222222,-0.9106650924832743,-0.6555352726718648
1.0,0.0,0.0,1.0,0.0,1.0,0.0,0.0,0.0,0.0,0.0,0.0,0.0,0.0,0.0,1.0,0.0,0.0,1.0,0.0,-0.23076923076923078,0.25,0.0,-0.5,-1.0,0.5,0.3333333333333333,0.0,0.0,-1.0,-0.1111111111111111,3.0,-1.0,0.2857142857142857,0.8,-0.3333333333333333,-0.4,-1.125,-0.3333333333333333,0.13175914994096796,-0.06346802659503963
0.0,1.0,0.0,1.0,0.0,0.0,1.0,0.0,0.0,0.0,0.0,0.0,0.0,0.0,0.0,1.0,0.0,1.0,0.0,0.0,0.0,-0.3333333333333333,0.0,-1.0,-1.0,0.5,-0.6666666666666666,0.8333333333333334,0.0,1.0,0.0,-1.0,0.0,0.5714285714285714,0.8,0.6666666666666666,0.2,-0.29999999999999993,0.3666666666666667,0.38961038961038963,0.4036082177841535
0.0,1.0,0.0,1.0,0.0,1.0,0.0,0.0,0.0,0.0,0.0,0.0,0.0,0.0,0.0,0.0,1.0,1.0,0.0,1.0,0.15384615384615385,-0.4166666666666667,0.5,-0.5,-2.0,0.5,0.0,1.0,-1.0,1.0,1.1111111111111112,1.0,-1.0,-0.14285714285714285,-0.2,-0.3333333333333333,0.0,0.29999999999999993,-0.3333333333333333,-0.9799291617473436,0.07335427890414868
0.0,1.0,1.0,0.0,1.0,0.0,0.0,0.0,0.0,0.0,0.0,0.0,1.0,0.0,0.0,0.0,0.0,0.0,1.0,1.0,1.7692307692307692,-0.4166666666666667,0.0,0.0,-1.0,0.5,0.3333333333333333,-0.16666666666666666,-1.0,-1.0,2.2222222222222223,1.0,0.0,0.0,0.0,1.0,0.0,0.0,1.222222222222222,-1.043607418973988,0.9614097485374303
0.0,1.0,0.0,1.0,0.0,1.0,0.0,0.0,0.0,0.0,0.0,0.0,0.0,0.0,0.0,1.0,0.0,0.0,0.0,0.0,-0.5384615384615384,1.0833333333333333,-0.5,0.5,0.0,0.5,0.0,0.0,0.5,0.0,0.0,-1.0,0.0,-0.2857142857142857,-0.2,-0.3333333333333333,-0.2,0.0,-0.3333333333333333,-0.8004722550177096,0.3103064845140268
1.0,0.0,1.0,0.0,1.0,0.0,0.0,0.0,0.0,0.0,0.0,0.0,0.0,1.0,0.0,0.0,0.0,1.0,0.0,0.0,1.0,-0.4166666666666667,-1.0,-0.5,0.0,0.5,0.3333333333333333,0.16666666666666666,0.5,-1.0,2.0,0.0,0.0,0.0,0.2,1.0,0.0,0.0,1.222222222222222,-1.0193380287424174,1.2792957498294657
0.0,0.0,0.0,1.0,1.0,0.0,0.0,0.0,0.0,0.0,0.0,0.0,0.0,0.0,0.0,1.0,0.0,1.0,0.0,0.0,1.0769230769230769,-0.5,0.0,0.5,0.0,0.0,-0.6666666666666666,-0.3333333333333333,-1.0,0.0,1.0,0.0,0.0,1.8571428571428572,0.8,-0.3333333333333333,2.0,0.5526315789473685,-0.3333333333333333,0.5681227863046044,0.22643456194238232
0.0,0.0,0.0,1.0,0.0,1.0,0.0,0.0,0.0,0.0,0.0,0.0,0.0,0.0,0.0,1.0,0.0,1.0,0.0,1.0,-0.6923076923076923,-0.5,-1.0,0.0,0.0,-0.5,-0.6666666666666666,-0.16666666666666666,0.5,0.0,-0.4444444444444444,-3.0,0.0,0.0,0.2,0.0,0.2,0.4999999999999999,0.05555555555555555,0.16292798110979928,0.22673476582864846
0.0,0.0,1.0,0.0,0.0,0.0,0.0,0.0,1.0,0.0,0.0,0.0,0.0,0.0,1.0,0.0,0.0,1.0,0.0,0.0,0.46153846153846156,0.25,0.5,0.0,0.0,0.0,0.3333333333333333,1.3333333333333333,-0.5,1.0,0.0,-2.0,-1.0,0.14285714285714285,0.0,0.6666666666666666,0.0,-0.21428571428571436,0.6666666666666666,-0.20543093270366009,-0.5080891487361047
0.0,1.0,1.0,0.0,1.0,0.0,0.0,0.0,0.0,0.0,0.0,0.0,0.0,0.0,1.0,0.0,0.0,1.0,0.0,0.0,0.07692307692307693,1.0,-0.5,-0.5,0.0,-0.5,0.6666666666666666,1.1666666666666667,-1.0,-1.0,-0.2222222222222222,-2.0,0.0,-0.5714285714285714,-0.6,-0.3333333333333333,-0.6,-1.5,-0.3333333333333333,-1.1530893349075169,-0.48058463511557753
1.0,0.0,1.0,0.0,0.0,0.0,0.0,0.0,1.0,0.0,0.0,0.0,0.0,0.0,1.0,0.0,0.0,1.0,0.0,0.0,0.0,-0.3333333333333333,0.0,0.0,0.0,-0.5,-0.3333333333333333,-0.3333333333333333,0.0,-1.0,0.2222222222222222,-1.0,-1.0,0.8571428571428571,1.4,-0.3333333333333333,0.8,0.2500000000000001,-0.3333333333333333,0.4506402688220869,-0.289804672496951
0.0,1.0,1.0,0.0,0.0,0.0,1.0,0.0,0.0,0.0,0.0,0.0,1.0,0.0,0.0,0.0,0.0,0.0,0.0,0.0,0.8461538461538461,-0.4166666666666667,-0.5,-1.0,0.0,0.5,1.0,-0.16666666666666666,0.0,2.0,1.1111111111111112,-1.0,0.0,0.0,-0.6,-0.3333333333333333,0.2,0.4999999999999999,-0.3333333333333333,-0.8760330578512396,0.012389701442076677
0.0,1.0,0.0,1.0,0.0,1.0,0.0,0.0,0.0,0.0,0.0,0.0,0.0,0.0,0.0,1.0,0.0,0.0,1.0,0.0,0.23076923076923078,0.6666666666666666,0.5,-0.5,0.0,-1.0,-0.6666666666666666,-0.3333333333333333,-1.0,-1.0,1.2222222222222223,0.0,0.0,2.142857142857143,1.0,3.3333333333333335,1.4,-0.07142857142857151,0.8888888888888891,0.5879574970484059,0.9342991292551216
0.0,0.0,0.0,0.0,0.0,0.0,0.0,0.0,0.0,1.0,0.0,0.0,0.0,0.0,0.0,0.0,0.0,1.0,0.0,0.0,0.38461538461538464,-0.25,0.0,0.0,-2.0,-0.5,1.3333333333333333,0.8333333333333334,-0.5,0.0,0.0,1.0,0.0,-0.2857142857142857,-0.2,0.0,-0.2,0.0,0.25000000000000006,-0.8004722550177096,0.23881422894491516
1.0,0.0,1.0,0.0,0.0,0.0,0.0,1.0,0.0,0.0,0.0,0.0,0.0,0.0,0.0,0.0,0.0,0.0,1.0,1.0,-0.5384615384615384,0.5833333333333334,-1.0,0.0,0.0,0.5,-0.6666666666666666,-0.3333333333333333,-1.0,-1.0,-0.1111111111111111,-2.0,0.0,0.42857142857142855,0.8,2.0,0.8,0.8333333333333334,1.4814814814814814,0.34994096812278636,0.39219644278348886
0.0,1.0,1.0,0.0,0.0,0.0,0.0,0.0,1.0,0.0,0.0,0.0,0.0,0.0,1.0,0.0,0.0,0.0,1.0,1.0,0.15384615384615385,-0.3333333333333333,1.0,0.5,0.0,0.0,0.3333333333333333,1.0,-0.5,-1.0,1.0,-1.0,0.0,-0.2857142857142857,-0.2,0.3333333333333333,-0.2,0.0,0.8333333333333334,-1.0682408500590317,-0.14080050974110286
0.0,1.0,1.0,0.0,0.0,0.0,1.0,0.0,0.0,0.0,1.0,0.0,0.0,0.0,0.0,0.0,0.0,1.0,0.0,0.0,-0.3076923076923077,-0.4166666666666667,0.0,0.0,0.0,-0.5,-0.3333333333333333,-0.16666666666666666,0.0,0.0,-0.2222222222222222,1.0,0.0,0.42857142857142855,-0.6,-0.3333333333333333,0.8,0.8333333333333334,-0.3333333333333333,0.54388036206218,-0.7121037889559206
1.0,0.0,1.0,0.0,1.0,0.0,0.0,0.0,0.0,0.0,0.0,0.0,1.0,0.0,0.0,0.0,0.0,0.0,1.0,0.0,-0.38461538461538464,-0.5,1.0,0.0,1.0,-0.5,-0.3333333333333333,-0.5,-1.0,-1.0,0.0,-1.0,0.0,0.7142857142857143,1.0,1.0,0.8,0.40909090909090906,0.5151515151515152,0.5879574970484059,0.37860102475711577
0.0,1.0,1.0,0.0,0.0,0.0,1.0,0.0,0.0,0.0,0.0,0.0,0.0,0.0,1.0,0.0,0.0,0.0,1.0,0.0,-1.1538461538461537,-0.16666666666666666,-1.0,0.0,0.0,0.5,-0.3333333333333333,0.6666666666666666,0.0,-1.0,-0.7777777777777778,-1.0,0.0,-0.42857142857142855,-0.2,0.3333333333333333,-0.2,0.4999999999999999,1.222222222222222,-0.30460448642266824,-0.45109694259300737
1.0,0.0,1.0,0.0,1.0,0.0,0.0,0.0,0.0,0.0,0.0,0.0,0.0,0.0,0.0,0.0,0.0,1.0,0.0,0.0,0.5384615384615384,-0.5,0.0,0.5,0.0,0.5,0.6666666666666666,-0.16666666666666666,-0.5,0.0,0.2222222222222222,-1.0,-1.0,0.0,-0.2,0.3333333333333333,-0.2,-0.5000000000000001,0.4444444444444444,-0.5563527381709199,0.10063676290438232
0.0,1.0,1.0,0.0,0.0,0.0,1.0,0.0,0.0,0.0,1.0,0.0,0.0,0.0,0.0,0.0,0.0,1.0,0.0,0.0,0.15384615384615385,-0.25,-0.5,0.5,0.0,0.0,1.6666666666666667,0.8333333333333334,0.5,0.0,-0.3333333333333333,2.0,-1.0,-0.7142857142857143,-0.6,-0.3333333333333333,-0.6,-1.5,-0.3333333333333333,-1.395513577331759,-0.39501337647539564
0.0,1.0,1.0,0.0,1.0,0.0,0.0,0.0,0.0,0.0,0.0,0.0,0.0,1.0,0.0,0.0,0.0,0.0,0.0,0.0,1.0769230769230769,0.8333333333333334,1.0,0.5,-1.0,-1.0,1.0,0.16666666666666666,0.0,2.0,1.0,0.0,0.0,1.2857142857142858,1.6,0.0,1.6,0.6999999999999998,-0.17777777777777778,0.13175914994096796,0.9291423602850444
0.0,1.0,1.0,0.0,1.0,0.0,0.0,0.0,0.0,0.0,0.0,0.0,1.0,0.0,0.0,0.0,0.0,0.0,0.0,0.0,-0.38461538461538464,0.16666666666666666,-1.0,0.0,0.0,-0.5,-0.3333333333333333,1.8333333333333333,0.5,0.0,0.3333333333333333,3.0,1.0,1.1428571428571428,1.0,-0.3333333333333333,1.0,0.2142857142857142,-0.3333333333333333,0.6304604486422668,0.7194449859830179
0.0,1.0,0.0,1.0,1.0,0.0,0.0,0.0,0.0,0.0,0.0,0.0,0.0,0.0,0.0,1.0,0.0,0.0,1.0,1.0,-0.07692307692307693,1.6666666666666667,0.0,0.0,0.0,0.5,-0.3333333333333333,0.6666666666666666,0.5,-1.0,0.0,-1.0,0.0,0.7142857142857143,0.8,2.0,0.8,0.40909090909090906,1.1515151515151516,0.5879574970484059,0.14269374192416287
0.0,1.0,1.0,0.0,1.0,0.0,0.0,0.0,0.0,0.0,0.0,0.0,1.0,0.0,0.0,0.0,0.0,0.0,1.0,1.0,0.07692307692307693,0.25,0.5,0.0,0.0,-0.5,0.0,-0.3333333333333333,0.5,-1.0,0.8888888888888888,-1.0,-1.0,-0.5714285714285714,-0.6,-0.3333333333333333,-0.4,0.0,-0.3333333333333333,-1.2806810414465915,-0.1676598891364279
0.0,1.0,0.0,1.0,0.0,1.0,0.0,0.0,0.0,0.0,0.0,0.0,0.0,0.0,0.0,1.0,0.0,1.0,0.0,0.0,-0.6923076923076923,0.08333333333333333,0.5,-0.5,0.0,-0.5,-0.3333333333333333,0.6666666666666666,-1.0,0.0,-0.2222222222222222,0.0,0.0,0.42857142857142855,0.8,-0.3333333333333333,0.8,0.8333333333333334,-0.3333333333333333,0.54388036206218,0.2062557245647695
0.0,1.0,1.0,0.0,1.0,0.0,0.0,0.0,0.0,0.0,0.0,0.0,0.0,0.0,0.0,0.0,0.0,0.0,1.0,0.0,0.9230769230769231,-0.25,0.5,0.0,-1.0,0.0,1.6666666666666667,0.0,-0.5,-1.0,1.8888888888888888,0.0,0.0,1.4285714285714286,1.6,1.0,1.0,0.0,0.25000000000000006,-0.22668240850059038,0.7503500016458831
1.0,0.0,1.0,0.0,0.0,0.0,1.0,0.0,0.0,0.0,0.0,0.0,0.0,0.0,1.0,0.0,0.0,0.0,0.0,1.0,0.15384615384615385,0.08333333333333333,0.0,0.5,-1.0,-0.5,-0.3333333333333333,0.3333333333333333,0.0,0.0,1.1111111111111112,0.0,0.0,2.142857142857143,1.6,-0.3333333333333333,0.8,-0.5000000000000001,-0.3333333333333333,0.6824085005903185,-0.8124674095951986
0.0,0.0,1.0,0.0,0.0,0.0,1.0,0.0,0.0,0.0,0.0,0.0,1.0,0.0,0.0,0.0,0.0,1.0,0.0,0.0,0.0,-0.5,0.5,0.5,-1.0,0.0,-0.6666666666666666,0.16666666666666666,0.0,-1.0,-0.6666666666666666,3.0,0.0,-0.2857142857142857,-0.2,0.0,-0.2,0.0,0.25000000000000006,-0.08642266824085014,-0.12830272518534405
0.0,1.0,1.0,0.0,1.0,0.0,0.0,0.0,0.0,0.0,1.0,0.0,0.0,0.0,0.0,0.0,0.0,1.0,0.0,0.0,-0.6923076923076923,0.3333333333333333,-1.0,-0.5,0.0,-1.0,-0.6666666666666666,0.0,-0.5,-1.0,-0.4444444444444444,0.0,1.0,0.0,-0.6,0.0,0.2,0.4999999999999999,0.05555555555555555,0.16292798110979928,-0.8277733152589355
0.0,0.0,1.0,0.0,0.0,0.0,0.0,0.0,1.0,0.0,0.0,0.0,0.0,0.0,1.0,0.0,0.0,0.0,0.0,0.0,-0.15384615384615385,1.5833333333333333,-1.0,-1.0,-1.0,0.0,-0.3333333333333333,1.0,0.0,2.0,-0.5555555555555556,-1.0,0.0,0.0,0.2,-0.3333333333333333,-0.6,-1.5,-0.3333333333333333,0.42266824085005905,-0.8600814000670038
1.0,0.0,0.0,1.0,0.0,0.0,1.0,0.0,0.0,0.0,0.0,0.0,0.0,0.0,0.0,1.0,0.0,0.0,0.0,1.0,0.8461538461538461,-0.3333333333333333,0.0,0.5,0.0,0.0,2.3333333333333335,-0.3333333333333333,0.5,1.0,2.0,-1.0,-1.0,2.4285714285714284,-0.2,3.3333333333333335,2.0,0.19565217391304335,0.7826086956521741,0.25965883646134413,0.9644595640779184
0.0,1.0,1.0,0.0,0.0,0.0,1.0,0.0,0.0,0.0,1.0,0.0,0.0,0.0,0.0,0.0,0.0,0.0,0.0,1.0,1.0,0.75,0.0,0.5,0.0,-1.0,0.6666666666666666,0.3333333333333333,-0.5,0.0,0.7777777777777778,-1.0,-1.0,-0.42857142857142855,-0.2,0.3333333333333333,-0.2,0.4999999999999999,1.222222222222222,-1.1530893349075169,-0.6286464198299455
0.0,1.0,0.0,1.0,1.0,0.0,0.0,0.0,0.0,0.0,0.0,1.0,0.0,0.0,0.0,0.0,0.0,1.0,0.0,1.0,1.6923076923076923,1.1666666666666667,0.0,0.5,0.0,0.5,0.6666666666666666,-0.16666666666666666,0.0,0.0,2.111111111111111,-1.0,-1.0,-0.5714285714285714,-0.6,-0.3333333333333333,-0.6,-1.5,-0.3333333333333333,-1.3227863046044863,1.2130909178162896
0.0,1.0,0.0,1.0,0.0,0.0,0.0,0.0,1.0,0.0,0.0,0.0,0.0,0.0,0.0,0.0,1.0,0.0,1.0,1.0,-0.9230769230769231,-0.5,-1.0,-1.0,0.0,-0.5,-0.3333333333333333,0.3333333333333333,-0.5,-1.0,-0.4444444444444444,1.0,0.0,0.0,0.0,0.0,0.2,0.4999999999999999,0.05555555555555555,0.16292798110979928,-0.4254650338284022
1.0,0.0,1.0,0.0,1.0,0.0,0.0,0.0,0.0,0.0,1.0,0.0,0.0,0.0,0.0,0.0,0.0,1.0,0.0,0.0,-0.5384615384615384,-0.4166666666666667,-1.0,0.5,0.0,-0.5,-0.6666666666666666,-0.16666666666666666,0.0,2.0,-0.6666666666666666,0.0,0.0,-0.2857142857142857,-0.2,-0.3333333333333333,-0.2,0.0,-0.3333333333333333,-0.08642266824085014,-0.4320333364710262
0.0,1.0,1.0,0.0,1.0,0.0,0.0,0.0,0.0,0.0,0.0,0.0,0.0,0.0,1.0,0.0,0.0,0.0,1.0,0.0,-0.07692307692307693,-0.08333333333333333,0.5,-0.5,-2.0,0.5,-0.3333333333333333,-0.16666666666666666,-0.5,-1.0,0.7777777777777778,0.0,0.0,1.7142857142857142,1.6,3.3333333333333335,1.0,-0.16666666666666674,1.0925925925925928,0.6650924832743013,0.27029704315071496
0.0,1.0,1.0,0.0,0.0,0.0,0.0,1.0,0.0,0.0,0.0,0.0,0.0,0.0,1.0,0.0,0.0,1.0,0.0,0.0,-0.7692307692307693,-0.08333333333333333,0.0,0.0,-1.0,-0.5,-0.3333333333333333,0.8333333333333334,0.0,-1.0,-0.5555555555555556,0.0,-1.0,0.0,0.2,1.0,0.0,0.0,1.222222222222222,0.42266824085005905,-0.7129080060745914
0.0,1.0,1.0,0.0,1.0,0.0,0.0,0.0,0.0,0.0,0.0,0.0,0.0,1.0,0.0,0.0,0.0,0.0,1.0,1.0,1.6923076923076923,-0.4166666666666667,0.5,0.5,0.0,-0.5,1.6666666666666667,-0.3333333333333333,0.5,-1.0,3.3333333333333335,-1.0,0.0,3.7142857142857144,2.4,4.0,1.0,-0.75,0.6145833333333334,0.25415382843320755,1.2835137662688814
1.0,0.0,1.0,0.0,0.0,0.0,1.0,0.0,0.0,0.0,0.0,1.0,0.0,0.0,0.0,0.0,0.0,0.0,1.0,0.0,0.6923076923076923,1.5,0.0,-0.5,0.0,-0.5,0.3333333333333333,1.3333333333333333,0.0,-1.0,1.3333333333333333,1.0,0.0,-0.7142857142857143,-0.6,-0.3333333333333333,-0.6,-1.5,-0.3333333333333333,-1.395513577331759,1.2229556330114884
0.0,1.0,1.0,0.0,1.0,0.0,0.0,0.0,0.0,0.0,0.0,0.0,0.0,1.0,0.0,0.0,0.0,1.0,0.0,0.0,0.15384615384615385,1.5,-0.5,-1.0,-1.0,-0.5,0.3333333333333333,0.5,0.0,0.0,1.0,-1.0,0.0,0.7142857142857143,1.0,-0.3333333333333333,-0.4,-1.2272727272727273,-0.3333333333333333,-0.30460448642266824,0.8381827456093494
0.0,1.0,1.0,0.0,0.0,0.0,1.0,0.0,0.0,0.0,0.0,0.0,0.0,0.0,1.0,0.0,0.0,1.0,0.0,0.0,-1.0769230769230769,0.3333333333333333,0.0,-1.0,0.0,-0.5,-0.3333333333333333,-0.16666666666666666,0.5,0.0,-0.8888888888888888,-2.0,0.0,-0.42857142857142855,-0.4,0.0,-0.2,0.4999999999999999,0.4444444444444444,0.059031877213695266,-0.7641434280979431
0.0,1.0,1.0,0.0,0.0,0.0,1.0,0.0,0.0,0.0,0.0,0.0,0.0,0.0,1.0,0.0,0.0,0.0,1.0,1.0,-0.23076923076923078,1.5,0.0,-1.0,-1.0,-0.5,0.6666666666666666,1.0,-0.5,-1.0,-0.5555555555555556,-3.0,0.0,-0.42857142857142855,-0.2,0.3333333333333333,-0.2,0.4999999999999999,1.222222222222222,-0.6682408500590319,-0.7352941934587247
0.0,0.0,0.0,1.0,0.0,0.0,0.0,1.0,0.0,0.0,0.0,0.0,0.0,0.0,0.0,1.0,0.0,1.0,0.0,0.0,-0.46153846153846156,1.25,0.5,0.0,0.0,-1.0,-0.6666666666666666,-0.5,0.0,-1.0,0.0,0.0,0.0,0.5714285714285714,1.0,2.0,1.0,0.9000000000000001,1.3,0.38961038961038963,0.49483510612905546
0.0,1.0,0.0,1.0,0.0,1.0,0.0,0.0,0.0,0.0,0.0,0.0,0.0,0.0,0.0,0.0,1.0,1.0,0.0,0.0,0.15384615384615385,0.16666666666666666,0.0,-0.5,-1.0,-0.5,-0.6666666666666666,0.8333333333333334,0.5,0.0,-0.7777777777777778,0.0,0.0,-0.42857142857142855,-0.2,0.0,-0.2,0.4999999999999999,0.4444444444444444,-0.30460448642266824,-0.5201711668150023
1.0,0.0,1.0,0.0,0.0,0.0,0.0,1.0,0.0,0.0,1.0,0.0,0.0,0.0,0.0,0.0,0.0,1.0,0.0,0.0,-0.07692307692307693,-0.25,0.5,0.5,-1.0,0.5,-0.3333333333333333,-0.16666666666666666,-0.5,0.0,-0.8888888888888888,-1.0,1.0,-0.42857142857142855,-0.2,0.3333333333333333,-0.2,0.4999999999999999,1.222222222222222,0.059031877213695266,-0.7096952015851862
0.0,1.0,1.0,0.0,0.0,0.0,0.0,0.0,1.0,0.0,1.0,0.0,0.0,0.0,0.0,0.0,0.0,1.0,0.0,0.0,-0.46153846153846156,-0.08333333333333333,0.0,-1.0,-1.0,0.5,-0.6666666666666666,-0.3333333333333333,-1.0,0.0,0.0,3.0,0.0,0.5714285714285714,-0.2,1.6666666666666667,0.8,0.5999999999999999,1.0666666666666667,0.38961038961038963,-0.07472685104801335
1.0,0.0,0.0,1.0,0.0,0.0,1.0,0.0,0.0,0.0,0.0,0.0,0.0,0.0,0.0,1.0,0.0,0.0,0.0,1.0,-0.6923076923076923,-0.3333333333333333,-1.0,0.5,1.0,0.5,-0.3333333333333333,1.0,-0.5,1.0,-0.4444444444444444,0.0,0.0,0.14285714285714285,0.4,-0.3333333333333333,0.2,0.2142857142857142,-0.3333333333333333,0.4746162927981108,-0.07061732665892308
0.0,1.0,1.0,0.0,0.0,0.0,0.0,1.0,0.0,0.0,1.0,0.0,0.0,0.0,0.0,0.0,0.0,0.0,1.0,0.0,-1.0,0.4166666666666667,-0.5,0.5,0.0,0.5,-0.3333333333333333,-0.16666666666666666,0.0,-1.0,-0.5555555555555556,3.0,1.0,0.0,-0.2,0.0,0.2,0.4999999999999999,0.05555555555555555,0.42266824085005905,-0.6068044271890233
0.0,1.0,1.0,0.0,0.0,0.0,1.0,0.0,0.0,0.0,0.0,0.0,0.0,1.0,0.0,0.0,0.0,0.0,0.0,1.0,0.7692307692307693,-0.4166666666666667,0.5,0.0,0.0,0.5,1.6666666666666667,0.5,0.0,0.0,1.5555555555555556,0.0,0.0,-0.42857142857142855,-0.4,0.3333333333333333,-0.2,0.4999999999999999,1.222222222222222,-1.2209681227863047,1.287565295223893
0.0,1.0,1.0,0.0,0.0,0.0,1.0,0.0,0.0,0.0,0.0,0.0,0.0,0.0,0.0,0.0,0.0,0.0,1.0,0.0,-0.6923076923076923,0.0,0.0,0.5,-1.0,-1.0,2.0,0.8333333333333334,-1.0,-1.0,-0.1111111111111111,-1.0,-2.0,0.2857142857142857,0.6,-0.3333333333333333,0.8,1.125,-0.3333333333333333,0.13175914994096796,0.29366466647427797
0.0,1.0,1.0,0.0,0.0,0.0,1.0,0.0,0.0,0.0,1.0,0.0,0.0,0.0,0.0,0.0,0.0,0.0,0.0,0.0,-0.23076923076923078,0.25,-1.0,-1.0,-2.0,0.5,1.6666666666666667,-0.16666666666666666,-1.0,2.0,-0.2222222222222222,-1.0,0.0,-0.14285714285714285,0.0,0.0,0.0,0.29999999999999993,0.1333333333333334,-0.4258166076347895,-0.36606364677373954
0.0,1.0,0.0,1.0,1.0,0.0,0.0,0.0,0.0,0.0,0.0,0.0,0.0,0.0,0.0,1.0,0.0,0.0,0.0,0.0,0.9230769230769231,0.75,0.5,0.0,0.0,0.0,2.0,0.0,0.0,0.0,0.8888888888888888,-1.0,0.0,0.42857142857142855,0.8,2.0,0.8,0.8333333333333334,1.4814814814814814,-0.4768532902504195,0.2401469888640366
0.0,1.0,1.0,0.0,0.0,0.0,1.0,0.0,0.0,0.0,0.0,0.0,0.0,0.0,0.0,0.0,0.0,1.0,0.0,1.0,0.15384615384615385,0.9166666666666666,0.0,-0.5,-2.0,0.5,0.3333333333333333,0.3333333333333333,0.0,0.0,0.5555555555555556,-1.0,0.0,-0.5714285714285714,-0.6,0.0,-0.6,-1.5,0.8333333333333334,-1.2591499409681228,0.14236585710101907
1.0,0.0,1.0,0.0,1.0,0.0,0.0,0.0,0.0,0.0,0.0,0.0,0.0,0.0,1.0,0.0,0.0,0.0,1.0,0.0,-0.15384615384615385,0.75,0.5,0.0,-1.0,0.5,-0.3333333333333333,0.3333333333333333,0.0,-1.0,-0.4444444444444444,0.0,0.0,0.0,-0.2,0.0,0.0,0.0,0.05555555555555555,0.16292798110979928,-0.6412494451194162
1.0,0.0,0.0,1.0,0.0,1.0,0.0,0.0,0.0,0.0,0.0,0.0,0.0,0.0,0.0,1.0,0.0,1.0,0.0,0.0,-0.6923076923076923,0.08333333333333333,-1.0,0.0,0.0,0.5,-0.6666666666666666,0.8333333333333334,-0.5,0.0,-0.5555555555555556,0.0,0.0,-0.14285714285714285,-0.2,0.0,-0.4,-0.9,0.1333333333333334,0.059031877213695266,-0.1352988362862989
1.0,0.0,1.0,0.0,0.0,0.0,1.0,0.0,0.0,0.0,0.0,0.0,0.0,0.0,1.0,0.0,0.0,0.0,0.0,0.0,-0.46153846153846156,-0.3333333333333333,0.0,0.0,0.0,0.0,-0.3333333333333333,1.0,0.0,0.0,-1.0,-1.0,0.0,-0.5714285714285714,-0.6,-0.3333333333333333,-0.6,-1.5,-0.3333333333333333,-0.30460448642266824,-0.8350620485251029
0.0,0.0,0.0,1.0,1.0,0.0,0.0,0.0,0.0,0.0,0.0,0.0,0.0,0.0,0.0,1.0,0.0,0.0,0.0,1.0,-0.23076923076923078,0.75,0.0,0.0,0.0,0.5,-0.3333333333333333,1.8333333333333333,0.0,0.0,-0.3333333333333333,-1.0,0.0,0.14285714285714285,0.4,0.0,-0.2,-0.6428571428571429,0.0,0.24085005903187715,0.06680930701191008
1.0,0.0,1.0,0.0,0.0,0.0,1.0,0.0,0.0,0.0,1.0,0.0,0.0,0.0,0.0,0.0,0.0,0.0,0.0,0.0,-0.6153846153846154,-0.5,0.0,-1.0,-1.0,-0.5,-0.3333333333333333,0.16666666666666666,-1.0,1.0,-1.0,-1.0,0.0,-0.5714285714285714,-0.6,-0.3333333333333333,-0.6,-1.5,-0.3333333333333333,-0.30460448642266824,-0.6253380365414017
1.0,0.0,0.0,1.0,0.0,1.0,0.0,0.0,0.0,0.0,0.0,0.0,0.0,0.0,0.0,0.0,1.0,1.0,0.0,0.0,-1.0,0.16666666666666666,0.0,0.5,0.0,-1.0,-0.3333333333333333,0.8333333333333334,-1.0,0.0,-1.0,0.0,-1.0,-0.5714285714285714,-0.6,0.0,-0.6,-1.5,0.8333333333333334,-0.30460448642266824,-0.9794554244618674
1.0,0.0,1.0,0.0,0.0,0.0,1.0,0.0,0.0,0.0,0.0,0.0,1.0,0.0,0.0,0.0,0.0,0.0,0.0,1.0,0.8461538461538461,0.75,0.5,0.0,1.0,0.0,-0.3333333333333333,0.8333333333333334,0.0,-1.0,1.1111111111111112,0.0,1.0,2.0,1.4,0.3333333333333333,0.8,-0.45000000000000007,-0.09999999999999998,0.5785123966942148,0.01182574212249104
0.0,1.0,1.0,0.0,1.0,0.0,0.0,0.0,0.0,0.0,1.0,0.0,0.0,0.0,0.0,0.0,0.0,1.0,0.0,0.0,1.1538461538461537,0.16666666666666666,0.5,0.5,0.0,0.5,0.3333333333333333,1.5,-0.5,1.0,0.0,1.0,0.0,-0.14285714285714285,-0.2,-0.3333333333333333,0.0,0.29999999999999993,-0.3333333333333333,-0.602125147579693,-0.8387274270015304
0.0,1.0,1.0,0.0,1.0,0.0,0.0,0.0,0.0,0.0,1.0,0.0,0.0,0.0,0.0,0.0,0.0,1.0,0.0,0.0,-0.07692307692307693,1.75,0.0,-0.5,1.0,0.0,-0.3333333333333333,0.5,0.5,1.0,0.0,0.0,-1.0,0.7142857142857143,1.2,1.6666666666666667,1.0,0.6818181818181819,0.9393939393939393,0.5879574970484059,-0.36634324109261956
0.0,1.0,1.0,0.0,0.0,0.0,0.0,0.0,1.0,0.0,0.0,0.0,0.0,0.0,1.0,0.0,0.0,0.0,1.0,1.0,-0.46153846153846156,-0.3333333333333333,0.0,0.5,0.0,-1.0,1.0,-0.5,0.0,-1.0,-0.2222222222222222,2.0,0.0,0.0,-0.2,-0.3333333333333333,0.2,0.4999999999999999,-0.3333333333333333,-0.183392365210547,-0.603212273561429
1.0,0.0,1.0,0.0,1.0,0.0,0.0,0.0,0.0,0.0,0.0,0.0,0.0,0.0,0.0,0.0,0.0,0.0,0.0,0.0,0.15384615384615385,0.4166666666666667,0.0,-1.0,-1.0,-1.0,0.0,0.16666666666666666,0.0,0.0,0.3333333333333333,0.0,-1.0,-0.14285714285714285,0.0,0.0,-0.2,-0.29999999999999993,0.1333333333333334,-0.7721369539551358,0.21753573388761382
0.0,1.0,1.0,0.0,0.0,0.0,1.0,0.0,0.0,0.0,1.0,0.0,0.0,0.0,0.0,0.0,0.0,1.0,0.0,0.0,-0.8461538461538461,-0.3333333333333333,0.0,-1.0,0.0,-1.0,1.0,-0.16666666666666666,0.0,0.0,-0.4444444444444444,2.0,0.0,-0.42857142857142855,-0.2,-0.3333333333333333,-0.2,0.4999999999999999,-0.3333333333333333,-0.7721369539551358,-0.20610922051110236
0.0,1.0,0.0,1.0,1.0,0.0,0.0,0.0,0.0,0.0,0.0,0.0,0.0,0.0,0.0,1.0,0.0,0.0,1.0,1.0,0.8461538461538461,-0.25,-0.5,0.5,0.0,0.5,-0.3333333333333333,0.5,0.0,-1.0,-0.1111111111111111,-3.0,0.0,0.5714285714285714,-0.6,-0.3333333333333333,0.8,0.5999999999999999,-0.3333333333333333,0.5681227863046044,-0.17540972992839202
0.0,1.0,1.0,0.0,1.0,0.0,0.0,0.0,0.0,0.0,0.0,0.0,0.0,1.0,0.0,0.0,0.0,1.0,0.0,0.0,0.9230769230769231,0.25,0.0,0.5,-1.0,-0.5,0.6666666666666666,-0.3333333333333333,0.5,-1.0,2.111111111111111,0.0,0.0,2.4285714285714284,1.4,3.6666666666666665,1.2,-0.3260869565217391,0.8840579710144928,0.20448642266824069,1.3040375640784738
0.0,1.0,1.0,0.0,0.0,0.0,0.0,0.0,1.0,0.0,0.0,0.0,1.0,0.0,0.0,0.0,0.0,1.0,0.0,0.0,-0.07692307692307693,1.5,0.0,0.5,-1.0,-0.5,0.3333333333333333,0.3333333333333333,-1.0,-1.0,0.6666666666666666,-1.0,0.0,1.1428571428571428,1.4,1.0,1.0,0.2142857142857142,0.3333333333333333,0.2729356205292032,0.7419964297155501
1.0,0.0,0.0,0.0,1.0,0.0,0.0,0.0,0.0,1.0,0.0,0.0,0.0,0.0,0.0,0.0,0.0,0.0,0.0,1.0,-0.7692307692307693,0.8333333333333334,0.5,-0.5,0.0,0.0,-0.6666666666666666,-0.5,-0.5,0.0,-0.2222222222222222,-1.0,-1.0,0.2857142857142857,0.8,0.0,-0.6,-1.5,-0.04166666666666665,0.3014561196379378,-0.5735610791059582
0.0,1.0,1.0,0.0,1.0,0.0,0.0,0.0,0.0,0.0,0.0,0.0,0.0,1.0,0.0,0.0,0.0,0.0,1.0,0.0,-0.3076923076923077,-0.3333333333333333,-0.5,0.0,0.0,0.5,0.3333333333333333,0.16666666666666666,0.5,-1.0,0.0,3.0,0.0,0.2857142857142857,0.8,2.0,0.8,1.125,1.7083333333333335,-0.00708382526564351,0.7641119336312641
0.0,1.0,0.0,0.0,0.0,0.0,0.0,0.0,1.0,1.0,0.0,0.0,0.0,0.0,0.0,0.0,0.0,0.0,1.0,0.0,-0.07692307692307693,0.08333333333333333,0.5,0.0,0.0,0.0,-0.3333333333333333,0.5,-0.5,-1.0,-0.4444444444444444,-1.0,-2.0,0.0,0.2,0.0,0.2,0.4999999999999999,0.05555555555555555,0.16292798110979928,-0.13947720858554605
0.0,0.0,1.0,0.0,1.0,0.0,0.0,0.0,0.0,0.0,1.0,0.0,0.0,0.0,0.0,0.0,0.0,0.0,1.0,1.0,0.23076923076923078,-0.4166666666666667,0.0,-1.0,-1.0,-1.0,0.0,1.5,-0.5,-1.0,0.1111111111111111,-1.0,1.0,-0.5714285714285714,-0.6,-0.3333333333333333,-0.6,-1.5,-0.3333333333333333,-1.2136953955135772,-0.30174975327930453
1.0,0.0,1.0,0.0,0.0,0.0,1.0,0.0,0.0,0.0,0.0,0.0,0.0,0.0,0.0,0.0,0.0,1.0,0.0,0.0,0.3076923076923077,-0.4166666666666667,-0.5,0.0,1.0,-0.5,-0.3333333333333333,1.6666666666666667,0.5,0.0,-0.2222222222222222,-1.0,0.0,0.42857142857142855,0.8,0.6666666666666666,0.8,0.8333333333333334,0.4444444444444444,0.54388036206218,-0.1570496007451384
0.0,1.0,1.0,0.0,0.0,0.0,1.0,0.0,0.0,0.0,0.0,0.0,0.0,0.0,1.0,0.0,0.0,1.0,0.0,1.0,-0.46153846153846156,-0.5,0.0,0.5,0.0,-0.5,-0.6666666666666666,1.1666666666666667,-1.0,0.0,0.2222222222222222,-1.0,0.0,0.8571428571428571,1.2,1.3333333333333333,0.8,0.2500000000000001,0.638888888888889,0.4506402688220869,-0.319420334077875
0.0,1.0,0.0,1.0,0.0,0.0,0.0,0.0,1.0,0.0,0.0,0.0,0.0,0.0,0.0,1.0,0.0,0.0,0.0,0.0,0.3076923076923077,0.25,0.0,-0.5,-1.0,-0.5,1.6666666666666667,-0.3333333333333333,-0.5,0.0,-0.3333333333333333,-1.0,1.0,0.0,-0.4,0.0,0.0,0.0,0.05555555555555555,-0.031877213695395555,0.29938336440910807
0.0,1.0,1.0,0.0,0.0,0.0,1.0,0.0,0.0,0.0,1.0,0.0,0.0,0.0,0.0,0.0,0.0,1.0,0.0,0.0,-0.7692307692307693,-0.5,-0.5,-1.0,-1.0,-1.0,-0.3333333333333333,0.3333333333333333,-1.0,1.0,-0.4444444444444444,-1.0,0.0,0.0,0.0,0.0,0.0,0.0,0.05555555555555555,0.16292798110979928,-0.2242439162919321
0.0,0.0,0.0,1.0,0.0,0.0,1.0,0.0,0.0,0.0,0.0,0.0,0.0,0.0,0.0,0.0,1.0,0.0,1.0,0.0,-1.1538461538461537,0.16666666666666666,-0.5,-1.0,0.0,0.5,-0.3333333333333333,1.6666666666666667,0.0,-1.0,-0.7777777777777778,0.0,-1.0,-0.2857142857142857,-0.2,0.3333333333333333,-0.2,0.0,0.8333333333333334,0.24085005903187715,-0.6202143831832452
0.0,1.0,1.0,0.0,0.0,0.0,1.0,0.0,0.0,0.0,0.0,0.0,1.0,0.0,0.0,0.0,0.0,0.0,0.0,1.0,0.0,0.16666666666666666,-0.5,-0.5,-1.0,-0.5,0.0,-0.5,0.0,0.0,0.3333333333333333,-1.0,0.0,-0.2857142857142857,-0.2,-0.3333333333333333,-0.2,0.0,-0.3333333333333333,-0.9279811097992916,0.5428788567866119
0.0,0.0,1.0,0.0,0.0,0.0,1.0,0.0,0.0,0.0,0.0,0.0,0.0,0.0,1.0,0.0,0.0,0.0,1.0,0.0,-0.6153846153846154,0.75,0.0,0.0,0.0,0.0,-0.3333333333333333,0.0,0.0,-1.0,-0.5555555555555556,0.0,-1.0,0.0,0.0,0.0,0.2,0.4999999999999999,0.05555555555555555,0.42266824085005905,-0.8075676701177622
1.0,0.0,1.0,0.0,0.0,0.0,1.0,0.0,0.0,0.0,1.0,0.0,0.0,0.0,0.0,0.0,0.0,0.0,1.0,0.0,-0.6153846153846154,-0.4166666666666667,-0.5,0.0,-1.0,-1.0,1.6666666666666667,-0.5,0.0,-1.0,-0.2222222222222222,-1.0,-1.0,-0.7142857142857143,-0.6,-0.3333333333333333,-0.6,-1.5,-0.3333333333333333,-1.395513577331759,-0.638268997876775
0.0,1.0,0.0,1.0,0.0,1.0,0.0,0.0,0.0,0.0,0.0,0.0,0.0,0.0,0.0,0.0,1.0,0.0,1.0,0.0,-1.1538461538461537,0.0,-1.0,-0.5,0.0,-0.5,-0.3333333333333333,-0.16666666666666666,-0.5,-1.0,-1.0,0.0,0.0,-0.5714285714285714,-0.6,0.0,-0.6,-1.5,0.8333333333333334,-0.30460448642266824,-0.5953568753789311
0.0,1.0,1.0,0.0,0.0,0.0,1.0,0.0,0.0,0.0,1.0,0.0,0.0,0.0,0.0,0.0,0.0,1.0,0.0,0.0,0.3076923076923077,-0.4166666666666667,0.0,-0.5,-1.0,0.0,1.3333333333333333,1.3333333333333333,-0.5,0.0,1.1111111111111112,0.0,0.0,-0.5714285714285714,-0.6,-0.3333333333333333,-0.6,-1.5,-0.3333333333333333,-1.2916174734356554,-0.35494660931620425
1.0,0.0,0.0,1.0,1.0,0.0,0.0,0.0,0.0,0.0,0.0,0.0,0.0,0.0,0.0,1.0,0.0,1.0,0.0,0.0,-0.23076923076923078,0.0,0.0,0.5,0.0,-0.5,-0.6666666666666666,0.5,0.0,0.0,-0.6666666666666666,0.0,0.0,-0.2857142857142857,-0.2,-0.3333333333333333,-0.2,0.0,-0.3333333333333333,-0.08642266824085014,-0.14411682405765439
0.0,1.0,1.0,0.0,1.0,0.0,0.0,0.0,0.0,0.0,1.0,0.0,0.0,0.0,0.0,0.0,0.0,0.0,1.0,0.0,0.46153846153846156,0.08333333333333333,0.0,0.5,0.0,0.0,0.6666666666666666,-0.16666666666666666,0.5,-1.0,-0.2222222222222222,0.0,0.0,-0.7142857142857143,-0.6,-0.3333333333333333,-0.6,-1.5,-0.3333333333333333,-1.395513577331759,-0.22111736106413038
1.0,0.0,0.0,1.0,0.0,1.0,0.0,0.0,0.0,0.0,0.0,0.0,0.0,0.0,0.0,1.0,0.0,0.0,1.0,0.0,1.0769230769230769,0.4166666666666667,0.0,0.0,0.0,0.5,0.6666666666666666,-0.5,0.5,-1.0,0.6666666666666666,0.0,0.0,-0.42857142857142855,-0.2,0.3333333333333333,-0.4,-0.5000000000000001,1.222222222222222,-1.1388290853531493,0.5809890463047462
0.0,1.0,1.0,0.0,0.0,0.0,1.0,0.0,0.0,0.0,0.0,0.0,0.0,0.0,0.0,0.0,0.0,0.0,0.0,0.0,0.7692307692307693,-0.5,0.5,0.5,0.0,-1.0,1.6666666666666667,0.3333333333333333,0.0,0.0,0.7777777777777778,0.0,0.0,-0.14285714285714285,-0.2,-0.3333333333333333,0.0,0.29999999999999993,-0.3333333333333333,-0.9106650924832743,0.600248379502986
0.0,1.0,1.0,0.0,0.0,0.0,1.0,0.0,0.0,0.0,0.0,0.0,0.0,0.0,1.0,0.0,0.0,0.0,1.0,1.0,-1.2307692307692308,0.25,-1.0,0.5,0.0,0.0,-0.3333333333333333,-0.5,0.5,-1.0,-1.0,2.0,0.0,-0.5714285714285714,-0.6,0.0,-0.4,0.0,0.8333333333333334,-0.30460448642266824,-1.5253549111975546
0.0,1.0,0.0,1.0,1.0,0.0,0.0,0.0,0.0,0.0,0.0,0.0,0.0,0.0,0.0,1.0,0.0,0.0,1.0,0.0,0.6923076923076923,1.0833333333333333,0.0,0.5,0.0,0.0,2.0,0.16666666666666666,0.0,-1.0,-0.2222222222222222,0.0,0.0,0.0,0.0,-0.3333333333333333,-0.4,-1.0000000000000002,-0.3333333333333333,-0.183392365210547,-0.029878744333324297
0.0,1.0,0.0,0.0,0.0,0.0,0.0,0.0,0.0,1.0,0.0,0.0,0.0,0.0,0.0,0.0,0.0,0.0,0.0,1.0,-0.5384615384615384,0.5,0.0,-1.0,-1.0,-1.0,0.6666666666666666,0.16666666666666666,0.5,2.0,-0.6666666666666666,0.0,0.0,-0.42857142857142855,-0.2,0.3333333333333333,-0.6,-1.5,1.222222222222222,-0.5227863046044864,-0.7262765179851268
0.0,1.0,1.0,0.0,0.0,0.0,1.0,0.0,0.0,0.0,0.0,0.0,0.0,0.0,1.0,0.0,0.0,0.0,1.0,0.0,-0.3076923076923077,-0.4166666666666667,0.5,-1.0,1.0,0.5,1.6666666666666667,0.3333333333333333,0.0,-1.0,0.0,-3.0,-1.0,0.2857142857142857,0.8,-0.3333333333333333,0.8,1.125,-0.3333333333333333,-0.00708382526564351,0.009566561540812674
0.0,1.0,0.0,1.0,0.0,1.0,0.0,0.0,0.0,0.0,0.0,0.0,0.0,0.0,0.0,1.0,0.0,1.0,0.0,0.0,-0.07692307692307693,-0.5,0.0,-0.5,0.0,0.0,2.3333333333333335,-0.5,0.0,-1.0,0.5555555555555556,-1.0,0.0,0.8571428571428571,1.2,1.6666666666666667,1.2,0.75,0.8333333333333334,0.1044864226682408,-0.05637196083030426
0.0,1.0,1.0,0.0,1.0,0.0,0.0,0.0,0.0,0.0,0.0,0.0,0.0,0.0,0.0,0.0,0.0,1.0,0.0,0.0,0.46153846153846156,-0.4166666666666667,0.5,0.0,0.0,0.5,-0.3333333333333333,-0.16666666666666666,-0.5,1.0,0.0,1.0,0.0,0.7142857142857143,-0.2,0.3333333333333333,-0.2,-0.9545454545454546,0.09090909090909094,0.5879574970484059,-0.19249809544753546
1.0,0.0,1.0,0.0,0.0,0.0,1.0,0.0,0.0,0.0,0.0,0.0,1.0,0.0,0.0,0.0,0.0,0.0,0.0,0.0,0.07692307692307693,0.25,0.0,-1.0,0.0,0.0,1.3333333333333333,-0.5,-0.5,1.0,0.7777777777777778,2.0,0.0,-0.5714285714285714,-0.6,-0.3333333333333333,-0.6,-1.5,-0.3333333333333333,-1.2743014561196377,0.6641779473172322
0.0,1.0,1.0,0.0,1.0,0.0,0.0,0.0,0.0,0.0,0.0,0.0,0.0,0.0,0.0,0.0,0.0,0.0,0.0,0.0,0.3076923076923077,0.4166666666666667,0.0,-0.5,0.0,-1.0,0.0,-0.3333333333333333,-0.5,0.0,0.5555555555555556,0.0,0.0,0.2857142857142857,0.2,2.0,0.8,1.125,1.7083333333333335,-0.4409681227863046,-0.11231826275204981
0.0,1.0,1.0,0.0,1.0,0.0,0.0,0.0,0.0,0.0,1.0,0.0,0.0,0.0,0.0,0.0,0.0,0.0,1.0,0.0,1.5384615384615385,1.4166666666666667,-0.5,-1.0,0.0,0.5,-0.3333333333333333,0.3333333333333333,0.5,-1.0,-0.5555555555555556,0.0,0.0,-0.14285714285714285,-0.2,0.0,-0.6,-1.5,0.1333333333333334,0.059031877213695266,-0.6286464198299455
1.0,0.0,1.0,0.0,1.0,0.0,0.0,0.0,0.0,0.0,0.0,0.0,1.0,0.0,0.0,0.0,0.0,1.0,0.0,0.0,-0.15384615384615385,-0.4166666666666667,-1.0,0.5,-1.0,0.0,-0.3333333333333333,0.5,0.0,-1.0,0.0,-1.0,-1.0,0.7142857142857143,1.2,0.0,1.2,0.9545454545454547,-0.12121212121212119,0.5879574970484059,0.6154403171100694
0.0,1.0,1.0,0.0,0.0,0.0,1.0,0.0,0.0,0.0,0.0,0.0,1.0,0.0,0.0,0.0,0.0,1.0,0.0,0.0,-0.38461538461538464,0.0,-0.5,-0.5,0.0,-1.0,-0.3333333333333333,-0.3333333333333333,-0.5,0.0,0.3333333333333333,2.0,-2.0,1.1428571428571428,1.4,0.6666666666666666,1.8,1.0714285714285714,0.16666666666666666,0.6304604486422668,-0.14323134457088935
1.0,0.0,1.0,0.0,1.0,0.0,0.0,0.0,0.0,0.0,0.0,1.0,0.0,0.0,0.0,0.0,0.0,0.0,0.0,1.0,0.23076923076923078,-0.5,-1.0,-0.5,0.0,0.0,-0.3333333333333333,0.0,0.0,0.0,1.2222222222222223,0.0,0.0,2.2857142857142856,1.0,0.0,0.6,-0.6818181818181819,-0.22727272727272727,0.6871310507674144,1.28108448342272
0.0,1.0,1.0,0.0,0.0,0.0,1.0,0.0,0.0,0.0,0.0,0.0,0.0,0.0,1.0,0.0,0.0,0.0,1.0,0.0,-0.15384615384615385,0.0,0.5,-1.0,0.0,0.5,-0.3333333333333333,-0.16666666666666666,0.0,-1.0,-1.0,1.0,-2.0,-0.5714285714285714,-0.6,-0.3333333333333333,-0.6,-1.5,-0.3333333333333333,-0.30460448642266824,-0.4964788866091539
0.0,1.0,1.0,0.0,1.0,0.0,0.0,0.0,0.0,0.0,0.0,0.0,0.0,1.0,0.0,0.0,0.0,1.0,0.0,1.0,-0.46153846153846156,0.08333333333333333,-0.5,-0.5,1.0,-1.0,-0.6666666666666666,-0.3333333333333333,0.0,2.0,-0.1111111111111111,1.0,-1.0,0.42857142857142855,0.8,0.0,0.8,0.8333333333333334,-0.07407407407407407,0.34994096812278636,0.7858093130452505
1.0,0.0,1.0,0.0,0.0,0.0,1.0,0.0,0.0,0.0,0.0,0.0,1.0,0.0,0.0,0.0,0.0,1.0,0.0,1.0,1.2307692307692308,1.75,-0.5,0.5,1.0,0.0,0.0,-0.5,-0.5,0.0,1.5555555555555556,0.0,-1.0,0.0,0.0,-0.3333333333333333,-0.2,-0.5000000000000001,-0.3333333333333333,-0.9591499409681227,0.9275610989644576
0.0,1.0,1.0,0.0,0.0,0.0,0.0,1.0,0.0,0.0,0.0,0.0,1.0,0.0,0.0,0.0,0.0,1.0,0.0,0.0,0.07692307692307693,-0.3333333333333333,0.0,0.0,0.0,0.0,-0.3333333333333333,0.16666666666666666,0.0,0.0,0.0,-1.0,0.0,0.7142857142857143,0.8,2.0,1.0,0.6818181818181819,1.1515151515151516,0.5879574970484059,0.6040943803372354
0.0,1.0,1.0,0.0,0.0,0.0,1.0,0.0,0.0,0.0,0.0,0.0,0.0,0.0,1.0,0.0,0.0,1.0,0.0,0.0,-0.3076923076923077,0.08333333333333333,-0.5,0.0,1.0,0.0,1.0,-0.3333333333333333,0.0,0.0,-0.1111111111111111,0.0,-1.0,0.0,0.0,0.0,0.0,0.0,0.05555555555555555,-0.30460448642266824,0.031920922580766724
0.0,1.0,0.0,1.0,0.0,0.0,1.0,0.0,0.0,0.0,0.0,0.0,0.0,0.0,0.0,1.0,0.0,0.0,0.0,0.0,-0.23076923076923078,-0.4166666666666667,0.5,0.5,0.0,0.5,-0.3333333333333333,0.0,0.0,1.0,-0.4444444444444444,2.0,0.0,0.14285714285714285,-0.2,-0.3333333333333333,0.2,0.2142857142857142,-0.3333333333333333,0.4746162927981108,0.09082172591532148
0.0,0.0,1.0,0.0,0.0,0.0,1.0,0.0,0.0,0.0,1.0,0.0,0.0,0.0,0.0,0.0,0.0,0.0,1.0,0.0,-1.3846153846153846,0.08333333333333333,-1.0,0.0,0.0,0.0,-0.3333333333333333,-0.3333333333333333,0.5,-1.0,-1.1111111111111112,-3.0,0.0,-0.7142857142857143,-0.6,-0.3333333333333333,-0.6,-1.5,-0.3333333333333333,-1.395513577331759,-0.9206479805685659
0.0,1.0,1.0,0.0,1.0,0.0,0.0,0.0,0.0,0.0,1.0,0.0,0.0,0.0,0.0,0.0,0.0,1.0,0.0,0.0,-0.23076923076923078,-0.4166666666666667,-0.5,-1.0,0.0,-1.0,1.6666666666666667,1.0,-1.0,-1.0,0.3333333333333333,0.0,1.0,0.5714285714285714,0.8,0.0,0.8,0.5999999999999999,-0.09999999999999998,0.00708382526564351,-0.5854518409962868
0.0,0.0,1.0,0.0,0.0,0.0,1.0,0.0,0.0,0.0,1.0,0.0,0.0,0.0,0.0,0.0,0.0,0.0,0.0,0.0,-0.23076923076923078,-0.5,-0.5,-0.5,-1.0,0.0,-0.3333333333333333,-0.3333333333333333,0.0,2.0,-1.0,-1.0,-1.0,-0.5714285714285714,-0.4,-0.3333333333333333,-0.6,-1.5,-0.3333333333333333,-0.30460448642266824,-0.869991339234422
1.0,0.0,1.0,0.0,1.0,0.0,0.0,0.0,0.0,0.0,0.0,0.0,0.0,0.0,1.0,0.0,0.0,0.0,0.0,0.0,-0.46153846153846156,-0.16666666666666666,0.5,-0.5,-1.0,0.5,2.3333333333333335,-0.3333333333333333,-0.5,0.0,0.0,0.0,-1.0,0.0,0.2,-0.3333333333333333,0.0,0.0,-0.3333333333333333,-0.40377804014167656,-0.27216317374828386
0.0,1.0,0.0,1.0,0.0,0.0,1.0,0.0,0.0,0.0,0.0,0.0,0.0,0.0,0.0,1.0,0.0,1.0,0.0,0.0,0.0,-0.4166666666666667,-0.5,-0.5,-1.0,0.0,-0.3333333333333333,-0.16666666666666666,-0.5,1.0,0.0,-1.0,0.0,0.7142857142857143,1.2,2.6666666666666665,-0.6,-1.5,1.575757575757576,0.5879574970484059,0.39760585349907845
1.0,0.0,1.0,0.0,0.0,0.0,0.0,0.0,1.0,0.0,1.0,0.0,0.0,0.0,0.0,0.0,0.0,1.0,0.0,0.0,0.3076923076923077,0.3333333333333333,0.0,0.5,0.0,0.0,-0.3333333333333333,-0.5,-1.0,0.0,0.0,-1.0,1.0,0.7142857142857143,1.2,2.6666666666666665,0.2,-0.40909090909090906,1.575757575757576,0.5879574970484059,0.2228247196373042
0.0,0.0,1.0,0.0,0.0,0.0,1.0,0.0,0.0,0.0,0.0,0.0,0.0,0.0,1.0,0.0,0.0,0.0,0.0,0.0,-0.6923076923076923,0.16666666666666666,0.0,0.5,0.0,-0.5,1.3333333333333333,0.6666666666666666,0.5,0.0,-0.4444444444444444,-2.0,-2.0,-0.42857142857142855,-0.2,0.3333333333333333,-0.2,0.4999999999999999,1.222222222222222,-0.7721369539551358,-0.8624315793815518
0.0,1.0,1.0,0.0,1.0,0.0,0.0,0.0,0.0,0.0,0.0,0.0,0.0,1.0,0.0,0.0,0.0,0.0,1.0,0.0,0.9230769230769231,-0.5,0.0,0.5,-1.0,0.5,1.3333333333333333,-0.3333333333333333,0.0,-1.0,1.6666666666666667,0.0,1.0,-0.5714285714285714,-0.6,-0.3333333333333333,-0.6,-1.5,-0.3333333333333333,-1.3115974934156753,1.2336588634829788
0.0,1.0,0.0,1.0,0.0,1.0,0.0,0.0,0.0,0.0,0.0,0.0,0.0,0.0,0.0,1.0,0.0,1.0,0.0,0.0,0.07692307692307693,0.16666666666666666,-0.5,-0.5,-1.0,-0.5,-0.3333333333333333,0.0,-1.0,1.0,-0.5555555555555556,-1.0,0.0,0.0,-0.2,-0.3333333333333333,0.0,0.0,-0.3333333333333333,0.42266824085005905,-0.16947771940448061
0.0,1.0,1.0,0.0,0.0,0.0,1.0,0.0,0.0,0.0,1.0,0.0,0.0,0.0,0.0,0.0,0.0,1.0,0.0,0.0,1.0769230769230769,-0.5,0.0,0.0,-1.0,0.0,0.0,0.16666666666666666,0.5,0.0,-0.5555555555555556,-1.0,-1.0,-0.2857142857142857,-0.2,-0.3333333333333333,-0.2,0.0,-0.3333333333333333,-0.30460448642266824,-0.2903209223628099
0.0,1.0,1.0,0.0,1.0,0.0,0.0,0.0,0.0,0.0,1.0,0.0,0.0,0.0,0.0,0.0,0.0,1.0,0.0,1.0,-0.7692307692307693,-0.08333333333333333,0.0,0.0,0.0,0.5,-0.3333333333333333,-0.16666666666666666,0.0,0.0,-0.7777777777777778,-1.0,0.0,-0.2857142857142857,-0.2,-0.3333333333333333,-0.2,0.0,-0.3333333333333333,0.24085005903187715,-0.6024954647806846
0.0,1.0,1.0,0.0,1.0,0.0,0.0,0.0,0.0,0.0,1.0,0.0,0.0,0.0,0.0,0.0,0.0,0.0,0.0,0.0,0.46153846153846156,-0.5,0.5,-0.5,0.0,-1.0,0.3333333333333333,0.3333333333333333,-0.5,0.0,-0.2222222222222222,2.0,0.0,0.0,-0.2,0.0,-0.2,-0.5000000000000001,0.05555555555555555,-0.183392365210547,-0.6327056590822279
0.0,1.0,1.0,0.0,0.0,0.0,1.0,0.0,0.0,0.0,0.0,0.0,1.0,0.0,0.0,0.0,0.0,1.0,0.0,0.0,-0.7692307692307693,-0.4166666666666667,-0.5,0.5,1.0,0.5,-0.3333333333333333,-0.3333333333333333,-0.5,-1.0,-0.2222222222222222,-1.0,0.0,0.42857142857142855,0.8,0.0,0.0,-0.5000000000000001,-0.07407407407407407,0.54388036206218,0.08509278825837821
0.0,1.0,1.0,0.0,0.0,0.0,1.0,0.0,0.0,0.0,0.0,0.0,0.0,0.0,1.0,0.0,0.0,1.0,0.0,0.0,-0.8461538461538461,0.0,-1.0,0.5,-1.0,0.5,-0.3333333333333333,-0.5,0.0,1.0,-0.8888888888888888,-1.0,0.0,-0.42857142857142855,-0.2,0.3333333333333333,-0.4,-0.5000000000000001,1.222222222222222,0.059031877213695266,-0.5234630430728435
1.0,0.0,0.0,1.0,0.0,0.0,0.0,0.0,1.0,0.0,0.0,0.0,0.0,0.0,0.0,1.0,0.0,1.0,0.0,1.0,1.0769230769230769,0.08333333333333333,-0.5,-0.5,0.0,0.0,0.3333333333333333,0.0,-1.0,0.0,0.8888888888888888,1.0,0.0,-0.14285714285714285,0.0,0.0,0.0,0.29999999999999993,0.1333333333333334,-0.9361834337910893,0.29156385609513524
1.0,0.0,1.0,0.0,0.0,0.0,1.0,0.0,0.0,0.0,0.0,0.0,0.0,0.0,1.0,0.0,0.0,0.0,0.0,1.0,0.3076923076923077,0.16666666666666666,0.5,0.5,0.0,-0.5,2.0,0.0,0.5,0.0,-0.7777777777777778,-1.0,0.0,-0.5714285714285714,-0.4,-0.3333333333333333,-0.6,-1.5,-0.3333333333333333,-0.8500590318772137,-0.3093580303428359
0.0,1.0,0.0,0.0,0.0,0.0,1.0,0.0,0.0,0.0,0.0,1.0,0.0,0.0,0.0,0.0,0.0,0.0,1.0,1.0,0.3076923076923077,-0.08333333333333333,-0.5,0.0,0.0,0.5,-0.3333333333333333,1.1666666666666667,0.5,-1.0,1.2222222222222223,-1.0,0.0,2.2857142857142856,0.8,2.0,0.8,-0.5454545454545455,0.4090909090909091,0.6871310507674144,1.1331694221080184
1.0,0.0,1.0,0.0,0.0,0.0,1.0,0.0,0.0,0.0,0.0,0.0,0.0,0.0,0.0,0.0,0.0,0.0,1.0,0.0,1.1538461538461537,-0.5,0.5,-1.0,-1.0,-1.0,0.3333333333333333,1.0,0.0,-1.0,1.4444444444444444,-2.0,-1.0,1.1428571428571428,1.8,3.6666666666666665,1.0,0.2142857142857142,1.6666666666666665,-0.21369539551357744,0.38345154349312593
0.0,1.0,1.0,0.0,1.0,0.0,0.0,0.0,0.0,0.0,0.0,0.0,0.0,0.0,1.0,0.0,0.0,0.0,1.0,1.0,-0.6153846153846154,-0.5,-0.5,-1.0,-2.0,-0.5,1.6666666666666667,-0.16666666666666666,0.5,-1.0,0.0,1.0,0.0,0.2857142857142857,0.8,0.6666666666666666,0.8,1.125,0.5416666666666667,-0.00708382526564351,-0.7761041061248459
1.0,0.0,0.0,1.0,0.0,0.0,1.0,0.0,0.0,0.0,0.0,0.0,0.0,0.0,0.0,1.0,0.0,1.0,0.0,0.0,0.3076923076923077,-0.4166666666666667,0.5,-0.5,0.0,-0.5,1.0,-0.3333333333333333,0.5,2.0,-0.5555555555555556,-1.0,0.0,-0.7142857142857143,-0.6,-0.3333333333333333,-0.6,-1.5,-0.3333333333333333,-1.395513577331759,-0.13859602754350364
0.0,1.0,1.0,0.0,1.0,0.0,0.0,0.0,0.0,0.0,0.0,0.0,0.0,0.0,1.0,0.0,0.0,0.0,0.0,1.0,0.7692307692307693,0.08333333333333333,0.5,0.5,-1.0,-1.0,2.0,1.5,-1.0,2.0,1.0,-1.0,0.0,1.5714285714285714,2.0,0.0,0.8,-0.26470588235294124,-0.19607843137254902,0.34994096812278636,-0.07720109881362756
0.0,1.0,1.0,0.0,1.0,0.0,0.0,0.0,0.0,0.0,0.0,0.0,0.0,0.0,1.0,0.0,0.0,0.0,1.0,0.0,0.3076923076923077,-0.4166666666666667,0.0,0.0,0.0,0.5,-0.3333333333333333,-0.16666666666666666,0.0,-1.0,-0.1111111111111111,1.0,0.0,0.5714285714285714,1.0,2.3333333333333335,1.0,0.9000000000000001,1.5333333333333337,0.5681227863046044,-0.06775116741860704
0.0,1.0,1.0,0.0,1.0,0.0,0.0,0.0,0.0,0.0,0.0,0.0,0.0,0.0,0.0,0.0,0.0,0.0,1.0,0.0,-0.23076923076923078,-0.5,0.0,-0.5,-1.0,0.5,-0.6666666666666666,0.0,-1.0,-1.0,-0.4444444444444444,0.0,0.0,0.0,-0.6,0.0,0.2,0.4999999999999999,0.05555555555555555,0.16292798110979928,0.31277788052855
0.0,1.0,0.0,1.0,1.0,0.0,0.0,0.0,0.0,0.0,0.0,1.0,0.0,0.0,0.0,0.0,0.0,1.0,0.0,0.0,1.3076923076923077,-0.4166666666666667,0.5,-1.0,-1.0,0.5,0.0,0.3333333333333333,0.0,-1.0,2.3333333333333335,0.0,0.0,2.857142857142857,1.0,0.6666666666666666,0.8,-0.6923076923076924,-0.06410256410256407,0.30903187721369535,1.07273825974397
0.0,1.0,0.0,1.0,0.0,0.0,0.0,0.0,1.0,0.0,0.0,0.0,0.0,0.0,0.0,0.0,1.0,1.0,0.0,0.0,-0.46153846153846156,-0.4166666666666667,-1.0,0.0,0.0,-0.5,-0.3333333333333333,0.6666666666666666,-1.0,0.0,-1.0,0.0,0.0,-0.5714285714285714,-0.6,-0.3333333333333333,-0.6,-1.5,-0.3333333333333333,-0.30460448642266824,-0.6704231748632771
0.0,1.0,0.0,1.0,0.0,0.0,1.0,0.0,0.0,0.0,0.0,0.0,0.0,0.0,0.0,1.0,0.0,1.0,0.0,0.0,0.3076923076923077,0.16666666666666666,-0.5,-1.0,0.0,-1.0,-0.6666666666666666,-0.3333333333333333,0.5,-1.0,-0.1111111111111111,2.0,1.0,0.42857142857142855,0.2,2.0,-0.4,-1.1666666666666667,1.4814814814814814,0.34994096812278636,0.08526689938137459
1.0,0.0,1.0,0.0,0.0,0.0,0.0,0.0,1.0,0.0,0.0,0.0,0.0,0.0,0.0,0.0,0.0,0.0,1.0,0.0,0.23076923076923078,-0.4166666666666667,0.5,0.0,0.0,0.0,-0.6666666666666666,1.8333333333333333,0.5,-1.0,1.1111111111111112,-2.0,0.0,2.0,0.6,3.3333333333333335,1.0,-0.29999999999999993,0.9500000000000002,0.5785123966942148,0.7450504911140546
0.0,1.0,1.0,0.0,0.0,0.0,1.0,0.0,0.0,0.0,1.0,0.0,0.0,0.0,0.0,0.0,0.0,0.0,1.0,0.0,-0.7692307692307693,-0.5,0.0,0.0,0.0,-1.0,-0.6666666666666666,-0.16666666666666666,0.5,-1.0,-0.2222222222222222,3.0,-1.0,0.2857142857142857,0.8,2.0,0.6,0.75,1.7083333333333335,0.3014561196379378,-0.5307454470543351
0.0,1.0,1.0,0.0,1.0,0.0,0.0,0.0,0.0,0.0,1.0,0.0,0.0,0.0,0.0,0.0,0.0,0.0,1.0,0.0,1.2307692307692308,-0.4166666666666667,0.0,0.0,-1.0,0.5,1.6666666666666667,0.16666666666666666,-0.5,-1.0,-0.4444444444444444,0.0,-1.0,-0.42857142857142855,-0.2,0.3333333333333333,-0.2,0.4999999999999999,1.222222222222222,-0.7721369539551358,-0.42249434180608947
0.0,0.0,1.0,0.0,0.0,0.0,1.0,0.0,0.0,0.0,0.0,0.0,0.0,1.0,0.0,0.0,0.0,1.0,0.0,0.0,-0.38461538461538464,0.25,0.0,0.0,0.0,0.0,0.6666666666666666,1.0,0.0,0.0,0.3333333333333333,-1.0,1.0,0.8571428571428571,0.8,1.0,1.0,0.4999999999999999,0.4444444444444444,0.318772136953955,0.7531183325077717
0.0,1.0,1.0,0.0,0.0,0.0,1.0,0.0,0.0,0.0,0.0,0.0,0.0,0.0,0.0,0.0,0.0,1.0,0.0,0.0,0.0,1.6666666666666667,0.0,0.0,0.0,0.0,1.3333333333333333,-0.16666666666666666,-0.5,1.0,0.7777777777777778,0.0,-1.0,0.2857142857142857,0.8,2.0,0.8,1.125,1.7083333333333335,-0.5470287288469107,0.04326844059600535
1.0,0.0,1.0,0.0,1.0,0.0,0.0,0.0,0.0,0.0,0.0,0.0,0.0,0.0,1.0,0.0,0.0,0.0,0.0,0.0,0.15384615384615385,0.0,0.0,0.5,1.0,0.0,-0.3333333333333333,-0.5,0.5,2.0,-0.6666666666666666,-1.0,0.0,-0.14285714285714285,-0.2,-0.3333333333333333,0.0,0.29999999999999993,-0.3333333333333333,0.34994096812278636,-0.6202143831832452
0.0,0.0,1.0,0.0,1.0,0.0,0.0,0.0,0.0,0.0,0.0,1.0,0.0,0.0,0.0,0.0,0.0,1.0,0.0,1.0,0.46153846153846156,-0.4166666666666667,-1.0,0.0,0.0,0.0,-0.6666666666666666,-0.16666666666666666,0.5,-1.0,1.2222222222222223,0.0,-1.0,2.142857142857143,1.0,0.3333333333333333,1.4,-0.07142857142857151,-0.1111111111111111,0.5879574970484059,1.2123442637287953
0.0,1.0,0.0,0.0,0.0,0.0,0.0,0.0,0.0,1.0,0.0,0.0,0.0,0.0,0.0,0.0,0.0,1.0,0.0,0.0,0.15384615384615385,-0.5,0.0,0.0,1.0,0.0,-0.3333333333333333,-0.16666666666666666,0.5,0.0,-0.3333333333333333,-1.0,1.0,0.2857142857142857,0.6,1.3333333333333333,-0.6,-1.5,1.125,0.5135773317591499,-0.538418842709804
0.0,1.0,0.0,0.0,1.0,0.0,0.0,0.0,0.0,1.0,0.0,0.0,0.0,0.0,0.0,0.0,0.0,1.0,0.0,0.0,0.23076923076923078,-0.4166666666666667,0.0,0.5,-1.0,0.5,2.0,-0.5,0.0,1.0,0.3333333333333333,-1.0,0.0,0.0,0.2,-0.3333333333333333,0.2,0.4999999999999999,-0.3333333333333333,-0.6162927981109799,0.03724545615869561
0.0,1.0,1.0,0.0,1.0,0.0,0.0,0.0,0.0,0.0,0.0,0.0,0.0,0.0,1.0,0.0,0.0,0.0,1.0,1.0,-1.0769230769230769,0.0,-1.0,0.5,0.0,-0.5,-0.3333333333333333,1.5,-1.0,-1.0,-1.0,-1.0,0.0,-0.5714285714285714,-0.6,-0.3333333333333333,-0.6,-1.5,-0.3333333333333333,-0.30460448642266824,-0.671963372740454
0.0,1.0,0.0,0.0,0.0,0.0,0.0,0.0,0.0,1.0,0.0,0.0,0.0,0.0,0.0,0.0,0.0,1.0,0.0,0.0,-0.9230769230769231,1.25,-1.0,0.5,-2.0,0.0,-0.3333333333333333,-0.5,0.0,0.0,-1.0,-1.0,0.0,-0.5714285714285714,-0.6,-0.3333333333333333,-0.6,-1.5,-0.3333333333333333,-0.30460448642266824,-1.1134999142628776
0.0,1.0,1.0,0.0,0.0,0.0,0.0,1.0,0.0,0.0,0.0,1.0,0.0,0.0,0.0,0.0,0.0,1.0,0.0,1.0,0.8461538461538461,-0.4166666666666667,-0.5,0.0,0.0,0.5,-0.3333333333333333,-0.5,0.0,0.0,1.7777777777777777,0.0,-1.0,3.0,2.2,0.6666666666666666,-0.6,-1.5,-0.07407407407407407,0.7054965236783416,1.1512588524040528
0.0,1.0,1.0,0.0,1.0,0.0,0.0,0.0,0.0,0.0,0.0,0.0,0.0,0.0,1.0,0.0,0.0,1.0,0.0,1.0,0.6153846153846154,0.16666666666666666,-0.5,-0.5,0.0,-1.0,-0.3333333333333333,-0.16666666666666666,0.5,-1.0,-0.2222222222222222,-3.0,0.0,0.42857142857142855,0.8,2.0,-0.4,-1.1666666666666667,1.4814814814814814,0.54388036206218,-0.6390132362816973
0.0,1.0,1.0,0.0,0.0,0.0,1.0,0.0,0.0,0.0,0.0,0.0,1.0,0.0,0.0,0.0,0.0,0.0,0.0,0.0,0.7692307692307693,0.0,-0.5,0.5,0.0,0.0,1.3333333333333333,-0.16666666666666666,-0.5,0.0,0.3333333333333333,0.0,0.0,0.42857142857142855,0.8,-0.3333333333333333,0.8,0.8333333333333334,-0.3333333333333333,-0.14876033057851248,0.7369137657793627
1.0,0.0,0.0,0.0,0.0,0.0,0.0,0.0,0.0,1.0,0.0,0.0,0.0,0.0,0.0,0.0,0.0,0.0,0.0,1.0,-0.15384615384615385,1.3333333333333333,0.0,-0.5,0.0,-1.0,2.3333333333333335,0.16666666666666666,0.0,2.0,0.1111111111111111,-1.0,0.0,-0.2857142857142857,-0.2,-0.3333333333333333,-0.2,0.0,-0.3333333333333333,-0.8500590318772137,0.6548384997251638
0.0,0.0,0.0,1.0,1.0,0.0,0.0,0.0,0.0,0.0,0.0,0.0,0.0,0.0,0.0,1.0,0.0,0.0,1.0,1.0,0.3076923076923077,1.4166666666666667,0.0,-0.5,1.0,-0.5,0.6666666666666666,0.3333333333333333,0.5,-1.0,1.3333333333333333,-1.0,-1.0,-0.5714285714285714,-0.6,-0.3333333333333333,-0.6,-1.5,-0.3333333333333333,-1.3006519172527078,0.9237408878857895
0.0,1.0,0.0,1.0,0.0,0.0,0.0,0.0,1.0,0.0,0.0,0.0,0.0,0.0,0.0,1.0,0.0,1.0,0.0,0.0,-0.46153846153846156,1.8333333333333333,0.5,0.0,0.0,-0.5,0.3333333333333333,-0.3333333333333333,-0.5,0.0,-0.1111111111111111,0.0,0.0,-0.14285714285714285,-0.2,0.0,0.0,0.29999999999999993,0.1333333333333334,-0.5227863046044864,0.5853255525545419
0.0,1.0,1.0,0.0,0.0,0.0,0.0,1.0,0.0,0.0,1.0,0.0,0.0,0.0,0.0,0.0,0.0,1.0,0.0,0.0,1.0,0.08333333333333333,-0.5,-1.0,0.0,-0.5,0.6666666666666666,-0.5,0.0,0.0,2.111111111111111,0.0,-1.0,3.0,1.2,0.0,0.8,-0.7222222222222223,-0.24691358024691357,0.49539551357733175,0.37308233977077687
0.0,1.0,0.0,1.0,0.0,1.0,0.0,0.0,0.0,0.0,0.0,1.0,0.0,0.0,0.0,0.0,0.0,1.0,0.0,0.0,1.4615384615384615,1.5833333333333333,1.0,0.0,-1.0,0.5,-0.3333333333333333,1.1666666666666667,0.0,0.0,2.888888888888889,0.0,0.0,4.428571428571429,0.6,0.3333333333333333,2.0,-0.4459459459459459,-0.2072072072072072,0.7273365455183637,1.3002015829944105
1.0,0.0,0.0,1.0,0.0,1.0,0.0,0.0,0.0,0.0,0.0,0.0,0.0,0.0,0.0,1.0,0.0,0.0,1.0,0.0,-0.46153846153846156,1.5833333333333333,0.5,0.0,-1.0,-1.0,1.0,0.16666666666666666,0.0,-1.0,-0.1111111111111111,2.0,-1.0,0.14285714285714285,0.0,-0.3333333333333333,-0.4,-1.0714285714285716,-0.3333333333333333,-0.08642266824085014,0.2774388423798994
1.0,0.0,1.0,0.0,0.0,0.0,1.0,0.0,0.0,0.0,0.0,0.0,0.0,0.0,1.0,0.0,0.0,0.0,0.0,0.0,0.3076923076923077,1.5833333333333333,0.0,-0.5,0.0,-0.5,-0.3333333333333333,-0.5,-1.0,0.0,1.1111111111111112,-1.0,0.0,2.142857142857143,0.8,0.3333333333333333,2.0,0.3571428571428572,-0.1111111111111111,0.6824085005903185,0.1079747669003481
0.0,0.0,1.0,0.0,0.0,0.0,1.0,0.0,0.0,0.0,0.0,0.0,0.0,0.0,1.0,0.0,0.0,0.0,0.0,1.0,-0.6923076923076923,-0.3333333333333333,0.0,0.0,-1.0,0.0,-0.3333333333333333,0.16666666666666666,0.5,0.0,-1.0,-1.0,-1.0,-0.5714285714285714,-0.4,-0.3333333333333333,-0.4,0.0,-0.3333333333333333,-0.30460448642266824,-0.636410940690273
0.0,1.0,1.0,0.0,1.0,0.0,0.0,0.0,0.0,0.0,0.0,0.0,0.0,0.0,1.0,0.0,0.0,1.0,0.0,0.0,-0.3076923076923077,-0.5,0.0,-0.5,0.0,-0.5,-0.3333333333333333,0.5,-0.5,1.0,0.0,0.0,0.0,0.7142857142857143,0.2,-0.3333333333333333,1.2,0.9545454545454547,-0.3333333333333333,0.5879574970484059,0.20717531025439426
0.0,1.0,0.0,1.0,0.0,1.0,0.0,0.0,0.0,0.0,0.0,0.0,0.0,0.0,0.0,1.0,0.0,1.0,0.0,1.0,1.3076923076923077,0.0,-0.5,-1.0,-1.0,0.5,1.6666666666666667,0.6666666666666666,0.5,0.0,2.7777777777777777,0.0,0.0,0.0,-0.2,-0.3333333333333333,0.2,0.4999999999999999,-0.3333333333333333,-1.0924832743014559,0.7447019504759679
0.0,1.0,1.0,0.0,0.0,0.0,0.0,0.0,1.0,0.0,0.0,0.0,0.0,0.0,1.0,0.0,0.0,1.0,0.0,0.0,-0.6923076923076923,-0.4166666666666667,0.5,-0.5,0.0,-0.5,-0.3333333333333333,-0.5,0.0,0.0,-0.4444444444444444,0.0,-1.0,0.0,0.0,0.0,-0.2,-0.5000000000000001,0.05555555555555555,0.16292798110979928,-0.7718151824633767
0.0,1.0,0.0,1.0,1.0,0.0,0.0,0.0,0.0,0.0,0.0,0.0,0.0,0.0,0.0,1.0,0.0,0.0,1.0,1.0,-0.38461538461538464,-0.4166666666666667,-1.0,-0.5,0.0,0.5,0.6666666666666666,-0.16666666666666666,0.0,-1.0,0.0,-1.0,1.0,0.14285714285714285,0.4,-0.3333333333333333,0.4,0.6428571428571429,-0.3333333333333333,-0.20543093270366009,0.2610767410448866
0.0,1.0,1.0,0.0,0.0,0.0,0.0,0.0,1.0,0.0,0.0,0.0,0.0,0.0,0.0,0.0,0.0,1.0,0.0,0.0,0.0,0.25,0.5,0.5,0.0,0.0,0.3333333333333333,-0.3333333333333333,-1.0,-1.0,0.0,-3.0,0.0,0.2857142857142857,0.8,0.0,0.8,1.125,-0.04166666666666665,-0.00708382526564351,0.3324559877492114
0.0,1.0,0.0,1.0,0.0,0.0,1.0,0.0,0.0,0.0,0.0,0.0,0.0,0.0,0.0,1.0,0.0,0.0,0.0,1.0,-0.07692307692307693,0.6666666666666666,-0.5,-1.0,-2.0,0.5,1.3333333333333333,0.0,0.5,1.0,-0.3333333333333333,-1.0,-1.0,-0.42857142857142855,-0.2,0.3333333333333333,-0.2,0.4999999999999999,1.222222222222222,-0.8500590318772137,0.07950436994817432
0.0,1.0,1.0,0.0,1.0,0.0,0.0,0.0,0.0,0.0,0.0,0.0,0.0,0.0,1.0,0.0,0.0,0.0,0.0,1.0,0.46153846153846156,0.9166666666666666,0.5,0.5,0.0,-1.0,1.3333333333333333,0.5,0.0,0.0,-0.1111111111111111,0.0,-1.0,-0.14285714285714285,0.0,0.0,-0.2,-0.29999999999999993,0.1333333333333334,-0.5227863046044864,0.07423529702094861
0.0,1.0,0.0,1.0,0.0,1.0,0.0,0.0,0.0,0.0,0.0,0.0,0.0,0.0,0.0,1.0,0.0,0.0,1.0,0.0,0.38461538461538464,-0.08333333333333333,0.0,0.5,0.0,0.0,-0.3333333333333333,-0.3333333333333333,-0.5,-1.0,0.0,0.0,0.0,0.7142857142857143,1.0,2.3333333333333335,0.8,0.40909090909090906,1.363636363636364,0.5879574970484059,0.5843979609535289
1.0,0.0,0.0,1.0,1.0,0.0,0.0,0.0,0.0,0.0,0.0,0.0,0.0,0.0,0.0,1.0,0.0,1.0,0.0,0.0,0.6923076923076923,1.5833333333333333,0.5,-1.0,0.0,-1.0,0.0,0.0,0.5,1.0,-0.5555555555555556,1.0,0.0,-0.5714285714285714,-0.4,-0.3333333333333333,-0.6,-1.5,-0.3333333333333333,-1.0318772136953955,-0.14766699246251172
1.0,0.0,0.0,0.0,0.0,0.0,0.0,0.0,0.0,1.0,0.0,0.0,0.0,0.0,0.0,0.0,0.0,1.0,0.0,0.0,0.15384615384615385,0.25,0.5,0.0,0.0,0.0,0.3333333333333333,-0.5,0.0,-1.0,0.0,-1.0,0.0,0.14285714285714285,0.0,0.0,-0.2,-0.6428571428571429,0.0,-0.20543093270366009,0.18501338729282987
1.0,0.0,0.0,1.0,1.0,0.0,0.0,0.0,0.0,0.0,0.0,0.0,0.0,0.0,0.0,1.0,0.0,1.0,0.0,0.0,-0.3076923076923077,-0.16666666666666666,-0.5,-0.5,0.0,-0.5,-0.3333333333333333,0.0,0.5,0.0,0.0,0.0,0.0,0.7142857142857143,1.0,1.3333333333333333,0.0,-0.6818181818181819,0.7272727272727273,0.5879574970484059,0.2526430822075941
0.0,1.0,1.0,0.0,0.0,0.0,0.0,1.0,0.0,0.0,1.0,0.0,0.0,0.0,0.0,0.0,0.0,1.0,0.0,0.0,0.15384615384615385,-0.08333333333333333,-0.5,0.5,-1.0,0.0,-0.3333333333333333,-0.5,-0.5,0.0,-0.5555555555555556,0.0,0.0,0.0,0.2,-0.3333333333333333,0.2,0.4999999999999999,-0.3333333333333333,0.42266824085005905,-0.28722760973382855
0.0,1.0,0.0,1.0,0.0,0.0,1.0,0.0,0.0,0.0,0.0,0.0,0.0,0.0,0.0,1.0,0.0,0.0,1.0,0.0,-0.7692307692307693,0.25,0.0,0.0,0.0,0.5,-0.3333333333333333,-0.16666666666666666,-1.0,-1.0,-0.5555555555555556,1.0,0.0,0.0,0.0,0.0,-0.2,-0.5000000000000001,0.05555555555555555,0.42266824085005905,-0.06306111060718704
0.0,1.0,0.0,1.0,1.0,0.0,0.0,0.0,0.0,0.0,0.0,0.0,0.0,0.0,0.0,1.0,0.0,0.0,1.0,1.0,0.38461538461538464,-0.5,-0.5,-0.5,0.0,0.5,2.0,-0.5,-1.0,-1.0,-0.2222222222222222,-3.0,-2.0,0.14285714285714285,0.2,-0.3333333333333333,0.4,0.6428571428571429,-0.3333333333333333,0.059031877213695266,0.17175078635819108
0.0,1.0,0.0,1.0,0.0,1.0,0.0,0.0,0.0,0.0,0.0,0.0,0.0,0.0,0.0,1.0,0.0,0.0,0.0,0.0,0.07692307692307693,0.75,0.5,0.5,-1.0,0.0,0.6666666666666666,0.8333333333333334,0.5,1.0,-0.1111111111111111,-1.0,0.0,-0.5714285714285714,-0.6,-0.3333333333333333,-0.6,-1.5,-0.3333333333333333,-1.177331759149941,0.22448092820958035
0.0,1.0,0.0,0.0,0.0,0.0,0.0,1.0,0.0,1.0,0.0,0.0,0.0,0.0,0.0,0.0,0.0,0.0,1.0,0.0,-0.5384615384615384,0.8333333333333334,0.0,-0.5,-1.0,-1.0,-0.3333333333333333,-0.16666666666666666,-1.0,-1.0,0.0,0.0,-1.0,0.7142857142857143,1.2,-0.3333333333333333,1.2,0.9545454545454547,-0.3333333333333333,0.5879574970484059,0.44555320540637006
0.0,1.0,1.0,0.0,0.0,0.0,0.0,1.0,0.0,0.0,0.0,1.0,0.0,0.0,0.0,0.0,0.0,1.0,0.0,1.0,0.6153846153846154,-0.3333333333333333,0.5,0.5,0.0,0.5,0.6666666666666666,-0.3333333333333333,-1.0,0.0,1.7777777777777777,-1.0,1.0,-0.42857142857142855,-0.2,-0.3333333333333333,-0.4,-0.5000000000000001,-0.3333333333333333,-1.2338974157155975,1.2966431635907898
0.0,1.0,0.0,1.0,0.0,1.0,0.0,0.0,0.0,0.0,0.0,0.0,0.0,0.0,0.0,1.0,0.0,1.0,0.0,0.0,-0.38461538461538464,0.75,0.5,-1.0,0.0,0.0,0.0,-0.16666666666666666,-1.0,2.0,0.0,-1.0,0.0,-0.5714285714285714,-0.6,-0.3333333333333333,-0.6,-1.5,-0.3333333333333333,-1.1971664698937425,0.4659698763769139
0.0,1.0,1.0,0.0,1.0,0.0,0.0,0.0,0.0,0.0,1.0,0.0,0.0,0.0,0.0,0.0,0.0,0.0,1.0,1.0,0.9230769230769231,-0.5,-0.5,-1.0,-1.0,0.0,2.3333333333333335,-0.16666666666666666,0.5,-1.0,1.4444444444444444,-1.0,0.0,-0.5714285714285714,-0.6,-0.3333333333333333,-0.6,-1.5,-0.3333333333333333,-1.3046044864226682,0.06911401727440374
0.0,1.0,0.0,1.0,0.0,1.0,0.0,0.0,0.0,0.0,0.0,0.0,0.0,0.0,0.0,1.0,0.0,0.0,1.0,0.0,-0.3076923076923077,0.25,0.0,0.5,0.0,0.5,-0.3333333333333333,-0.3333333333333333,0.5,-1.0,0.0,-1.0,-1.0,0.7142857142857143,0.8,-0.3333333333333333,1.0,0.6818181818181819,-0.3333333333333333,0.5879574970484059,0.0717663909015709
0.0,0.0,1.0,0.0,1.0,0.0,0.0,0.0,0.0,0.0,0.0,0.0,0.0,0.0,0.0,0.0,0.0,0.0,0.0,0.0,1.5384615384615385,-0.5,0.5,0.0,0.0,0.0,-0.3333333333333333,1.1666666666666667,-1.0,0.0,0.3333333333333333,-1.0,-1.0,1.1428571428571428,1.8,0.0,1.2,0.4285714285714287,-0.16666666666666666,0.6304604486422668,0.22025944963865005
0.0,1.0,1.0,0.0,0.0,0.0,0.0,0.0,1.0,0.0,0.0,0.0,1.0,0.0,0.0,0.0,0.0,0.0,0.0,1.0,0.0,-0.5,0.0,0.0,-2.0,-1.0,0.0,1.1666666666666667,0.0,0.0,0.7777777777777778,-1.0,0.0,0.2857142857142857,0.8,2.0,0.8,1.125,1.7083333333333335,-0.5470287288469107,0.6833305409751673
0.0,0.0,1.0,0.0,0.0,0.0,1.0,0.0,0.0,0.0,0.0,0.0,0.0,0.0,1.0,0.0,0.0,0.0,1.0,1.0,-1.3076923076923077,0.25,0.0,-1.0,-1.0,-0.5,-0.3333333333333333,1.8333333333333333,-0.5,-1.0,-1.0,-1.0,1.0,-0.5714285714285714,-0.4,-0.3333333333333333,-0.6,-1.5,-0.3333333333333333,-0.30460448642266824,-0.9434298757014582
0.0,1.0,1.0,0.0,0.0,0.0,1.0,0.0,0.0,0.0,0.0,0.0,0.0,0.0,1.0,0.0,0.0,1.0,0.0,0.0,-0.9230769230769231,0.16666666666666666,0.0,0.0,1.0,0.0,-0.3333333333333333,0.3333333333333333,0.5,0.0,-0.5555555555555556,-2.0,0.0,0.0,0.0,-0.3333333333333333,0.2,0.4999999999999999,-0.3333333333333333,0.42266824085005905,-0.12243944471355335
0.0,0.0,0.0,1.0,1.0,0.0,0.0,0.0,0.0,0.0,0.0,0.0,0.0,0.0,0.0,1.0,0.0,0.0,1.0,0.0,0.0,0.08333333333333333,0.5,-1.0,-1.0,-1.0,-0.3333333333333333,0.16666666666666666,-0.5,-1.0,0.0,-2.0,0.0,0.7142857142857143,0.8,-0.3333333333333333,1.2,0.9545454545454547,-0.3333333333333333,0.5879574970484059,0.3964761892164406
0.0,1.0,0.0,1.0,1.0,0.0,0.0,0.0,0.0,0.0,0.0,0.0,0.0,0.0,0.0,1.0,0.0,1.0,0.0,0.0,-0.8461538461538461,0.9166666666666666,-1.0,-1.0,1.0,0.0,0.0,-0.5,-0.5,-1.0,-0.4444444444444444,0.0,-1.0,-0.2857142857142857,-0.2,0.0,-0.2,0.0,0.25000000000000006,-0.46044864226682414,0.20901182387057612
0.0,1.0,0.0,0.0,0.0,0.0,1.0,0.0,0.0,1.0,0.0,0.0,0.0,0.0,0.0,0.0,0.0,1.0,0.0,0.0,-0.5384615384615384,-0.08333333333333333,-1.0,0.5,-1.0,-0.5,-0.3333333333333333,-0.5,0.5,-1.0,-1.0,0.0,0.0,-0.5714285714285714,-0.6,-0.3333333333333333,-0.6,-1.5,-0.3333333333333333,-0.30460448642266824,-0.5519128342339933
0.0,1.0,1.0,0.0,1.0,0.0,0.0,0.0,0.0,0.0,1.0,0.0,0.0,0.0,0.0,0.0,0.0,1.0,0.0,0.0,0.0,-0.08333333333333333,0.0,-0.5,1.0,0.5,0.3333333333333333,-0.3333333333333333,-0.5,-1.0,-0.5555555555555556,0.0,0.0,-0.5714285714285714,-0.6,-0.3333333333333333,-0.6,-1.5,-0.3333333333333333,-1.0318772136953955,-0.47555395511788234
0.0,1.0,0.0,1.0,0.0,1.0,0.0,0.0,0.0,0.0,0.0,0.0,0.0,0.0,0.0,0.0,1.0,0.0,0.0,0.0,-0.5384615384615384,0.25,0.0,0.5,0.0,-0.5,-0.3333333333333333,0.0,0.5,1.0,-0.8888888888888888,-1.0,0.0,-0.42857142857142855,-0.2,0.3333333333333333,-0.2,0.4999999999999999,1.222222222222222,0.059031877213695266,-0.7419065164584712
0.0,1.0,0.0,1.0,0.0,0.0,0.0,1.0,0.0,0.0,0.0,0.0,0.0,0.0,0.0,1.0,0.0,1.0,0.0,0.0,-0.9230769230769231,-0.3333333333333333,-0.5,-1.0,0.0,0.0,-0.6666666666666666,1.1666666666666667,-1.0,0.0,-0.6666666666666666,-1.0,-1.0,-0.2857142857142857,-0.2,-0.3333333333333333,-0.2,0.0,-0.3333333333333333,-0.08642266824085014,-0.0010476780204309978
0.0,1.0,1.0,0.0,1.0,0.0,0.0,0.0,0.0,0.0,1.0,0.0,0.0,0.0,0.0,0.0,0.0,0.0,1.0,0.0,-0.3076923076923077,1.8333333333333333,0.5,0.0,-1.0,-0.5,-0.3333333333333333,-0.16666666666666666,0.0,-1.0,-0.4444444444444444,0.0,0.0,0.14285714285714285,-0.2,1.0,-0.4,-1.0714285714285716,1.0,0.4746162927981108,-0.5407665407485893
0.0,0.0,1.0,0.0,1.0,0.0,0.0,0.0,0.0,0.0,0.0,1.0,0.0,0.0,0.0,0.0,0.0,0.0,1.0,0.0,0.23076923076923078,0.16666666666666666,0.0,0.5,0.0,0.5,0.0,-0.16666666666666666,0.0,-1.0,1.2222222222222223,0.0,-1.0,0.14285714285714285,-0.6,0.0,0.0,-0.21428571428571436,0.0,-0.8004722550177096,1.292630125627532
0.0,1.0,0.0,1.0,1.0,0.0,0.0,0.0,0.0,0.0,0.0,0.0,0.0,0.0,0.0,1.0,0.0,0.0,1.0,1.0,0.38461538461538464,1.3333333333333333,-0.5,0.5,0.0,0.0,0.3333333333333333,0.3333333333333333,0.5,-1.0,1.2222222222222223,-1.0,0.0,-0.42857142857142855,-0.6,-0.3333333333333333,-0.2,0.4999999999999999,-0.3333333333333333,-1.1971664698937425,0.3308427884997275
0.0,1.0,1.0,0.0,1.0,0.0,0.0,0.0,0.0,0.0,0.0,0.0,0.0,1.0,0.0,0.0,0.0,1.0,0.0,0.0,0.7692307692307693,0.6666666666666666,-0.5,0.5,0.0,-0.5,1.0,-0.5,-1.0,0.0,1.6666666666666667,-1.0,0.0,-0.14285714285714285,-0.2,-0.3333333333333333,0.0,0.29999999999999993,-0.3333333333333333,-1.0598492416674234,1.2753087249613493
0.0,1.0,1.0,0.0,0.0,0.0,0.0,1.0,0.0,0.0,1.0,0.0,0.0,0.0,0.0,0.0,0.0,1.0,0.0,1.0,-0.5384615384615384,0.08333333333333333,0.5,-0.5,-2.0,-1.0,-0.3333333333333333,-0.5,0.5,-1.0,-0.3333333333333333,1.0,-1.0,0.2857142857142857,0.8,-0.3333333333333333,0.8,1.125,-0.3333333333333333,0.5135773317591499,-0.8187400985351994
1.0,0.0,1.0,0.0,1.0,0.0,0.0,0.0,0.0,0.0,0.0,0.0,0.0,0.0,0.0,0.0,0.0,1.0,0.0,0.0,-0.38461538461538464,1.0833333333333333,0.0,-1.0,0.0,0.0,0.3333333333333333,-0.3333333333333333,-1.0,-1.0,0.2222222222222222,-1.0,0.0,-0.5714285714285714,-0.6,-0.3333333333333333,-0.6,-1.5,-0.3333333333333333,-1.2276814094995911,0.6426945600283839
0.0,1.0,0.0,1.0,0.0,0.0,1.0,0.0,0.0,0.0,0.0,0.0,0.0,0.0,0.0,1.0,0.0,1.0,0.0,1.0,0.8461538461538461,0.5833333333333334,0.0,0.0,0.0,0.0,0.3333333333333333,0.5,0.0,0.0,0.1111111111111111,1.0,-1.0,0.0,0.2,0.0,-0.2,-0.5000000000000001,0.05555555555555555,-0.48642266824085,-0.08216894965879662
0.0,1.0,1.0,0.0,0.0,0.0,1.0,0.0,0.0,0.0,0.0,0.0,0.0,0.0,1.0,0.0,0.0,0.0,1.0,0.0,-0.6153846153846154,-0.4166666666666667,0.5,0.0,0.0,0.0,1.3333333333333333,0.5,0.5,-1.0,-0.5555555555555556,0.0,-1.0,-0.42857142857142855,-0.2,0.3333333333333333,-0.4,-0.5000000000000001,1.222222222222222,-0.6682408500590319,-0.1265616929969414
0.0,0.0,1.0,0.0,0.0,0.0,1.0,0.0,0.0,0.0,1.0,0.0,0.0,0.0,0.0,0.0,0.0,1.0,0.0,0.0,0.6153846153846154,1.3333333333333333,0.0,-0.5,0.0,-0.5,0.6666666666666666,-0.3333333333333333,0.0,0.0,0.7777777777777778,0.0,1.0,-0.2857142857142857,-0.2,0.0,-0.2,0.0,0.25000000000000006,-1.0318772136953955,-0.8539979205442593
0.0,1.0,1.0,0.0,0.0,0.0,1.0,0.0,0.0,0.0,1.0,0.0,0.0,0.0,0.0,0.0,0.0,1.0,0.0,1.0,0.23076923076923078,-0.08333333333333333,0.0,0.5,0.0,-1.0,1.6666666666666667,1.1666666666666667,0.5,-1.0,-0.2222222222222222,-1.0,-2.0,-0.42857142857142855,-0.2,0.3333333333333333,-0.2,0.4999999999999999,1.222222222222222,-0.9106650924832743,-0.6985349224685453
0.0,0.0,1.0,0.0,1.0,0.0,0.0,0.0,0.0,0.0,0.0,0.0,1.0,0.0,0.0,0.0,0.0,0.0,1.0,0.0,-0.46153846153846156,-0.5,-1.0,0.0,-1.0,0.0,-0.3333333333333333,1.3333333333333333,0.0,-1.0,0.2222222222222222,-1.0,0.0,0.8571428571428571,1.0,1.3333333333333333,1.0,0.4999999999999999,0.638888888888889,0.4506402688220869,0.5018325118204655
0.0,1.0,0.0,0.0,0.0,0.0,1.0,0.0,0.0,1.0,0.0,0.0,0.0,0.0,0.0,0.0,0.0,1.0,0.0,0.0,1.7692307692307692,-0.08333333333333333,-0.5,-0.5,0.0,0.0,2.0,0.5,0.5,-1.0,-0.3333333333333333,-1.0,-1.0,-0.42857142857142855,-0.2,0.3333333333333333,-0.2,0.4999999999999999,1.222222222222222,-0.8500590318772137,-0.7544296563099295
0.0,1.0,1.0,0.0,1.0,0.0,0.0,0.0,0.0,0.0,1.0,0.0,0.0,0.0,0.0,0.0,0.0,0.0,0.0,0.0,-0.6153846153846154,0.6666666666666666,-0.5,-1.0,0.0,0.0,-0.3333333333333333,0.3333333333333333,0.5,0.0,-0.6666666666666666,2.0,-1.0,-0.14285714285714285,-0.2,0.3333333333333333,-0.2,-0.29999999999999993,0.6000000000000001,0.34994096812278636,-0.7799807103682647
0.0,0.0,1.0,0.0,1.0,0.0,0.0,0.0,0.0,0.0,1.0,0.0,0.0,0.0,0.0,0.0,0.0,0.0,1.0,0.0,0.23076923076923078,0.16666666666666666,0.0,0.0,0.0,-0.5,2.3333333333333335,0.16666666666666666,0.0,-1.0,-0.1111111111111111,-1.0,-1.0,0.0,0.2,-0.3333333333333333,0.0,0.0,-0.3333333333333333,-0.30460448642266824,0.2895989126586642
0.0,1.0,0.0,1.0,0.0,1.0,0.0,0.0,0.0,0.0,0.0,0.0,0.0,0.0,0.0,0.0,1.0,1.0,0.0,0.0,1.0769230769230769,0.08333333333333333,0.5,0.5,0.0,-0.5,1.6666666666666667,0.16666666666666666,0.5,0.0,-0.6666666666666666,-1.0,0.0,-0.42857142857142855,-0.2,0.3333333333333333,-0.2,0.4999999999999999,1.222222222222222,-0.5227863046044864,-0.24371338258713493
0.0,1.0,0.0,1.0,0.0,0.0,1.0,0.0,0.0,0.0,0.0,0.0,0.0,0.0,0.0,1.0,0.0,1.0,0.0,1.0,0.6153846153846154,1.75,0.0,0.5,1.0,0.5,0.3333333333333333,0.6666666666666666,0.0,0.0,1.4444444444444444,-1.0,0.0,1.0,1.6,3.3333333333333335,1.6,1.0384615384615385,1.641025641025641,-0.30460448642266824,0.9327979518970858
1.0,0.0,1.0,0.0,0.0,0.0,1.0,0.0,0.0,0.0,0.0,0.0,0.0,0.0,1.0,0.0,0.0,0.0,1.0,0.0,-0.23076923076923078,1.8333333333333333,0.5,-1.0,-1.0,0.0,-0.3333333333333333,1.3333333333333333,-0.5,-1.0,0.4444444444444444,1.0,0.0,1.1428571428571428,0.8,0.6666666666666666,1.0,0.2142857142857142,0.16666666666666666,0.49539551357733175,-0.09955186649443586
0.0,1.0,1.0,0.0,1.0,0.0,0.0,0.0,0.0,0.0,0.0,1.0,0.0,0.0,0.0,0.0,0.0,0.0,1.0,0.0,1.0769230769230769,0.3333333333333333,0.0,0.0,0.0,-0.5,0.3333333333333333,0.16666666666666666,-0.5,-1.0,1.2222222222222223,2.0,0.0,0.0,0.2,1.0,0.2,0.4999999999999999,1.222222222222222,-0.8996458087367177,1.3166022032725164
1.0,0.0,0.0,1.0,0.0,0.0,0.0,0.0,1.0,0.0,0.0,0.0,0.0,0.0,0.0,0.0,1.0,0.0,1.0,0.0,-1.3076923076923077,-0.5,-1.0,0.0,-2.0,-1.0,-0.6666666666666666,1.1666666666666667,-1.0,-1.0,-1.0,2.0,1.0,-0.7142857142857143,-0.6,-0.3333333333333333,-0.6,-1.5,-0.3333333333333333,-1.395513577331759,-0.7303648864564445
0.0,1.0,1.0,0.0,0.0,0.0,1.0,0.0,0.0,0.0,0.0,0.0,1.0,0.0,0.0,0.0,0.0,1.0,0.0,1.0,0.46153846153846156,1.4166666666666667,0.0,0.5,0.0,-1.0,-0.3333333333333333,1.1666666666666667,0.5,0.0,0.0,2.0,-1.0,0.7142857142857143,1.2,1.3333333333333333,1.0,0.6818181818181819,0.7272727272727273,0.5879574970484059,0.3734684030651264
0.0,1.0,0.0,1.0,1.0,0.0,0.0,0.0,0.0,0.0,0.0,0.0,0.0,0.0,0.0,1.0,0.0,1.0,0.0,0.0,0.15384615384615385,0.5833333333333334,0.0,0.0,0.0,-0.5,-0.6666666666666666,-0.5,0.5,0.0,0.0,0.0,0.0,0.5714285714285714,1.0,2.0,0.8,0.5999999999999999,1.3,0.38961038961038963,0.6523452473515724
0.0,1.0,0.0,1.0,0.0,0.0,1.0,0.0,0.0,0.0,0.0,1.0,0.0,0.0,0.0,0.0,0.0,0.0,0.0,0.0,1.0769230769230769,-0.5,0.5,0.5,0.0,0.5,0.3333333333333333,-0.5,0.0,0.0,2.4444444444444446,0.0,-1.0,0.2857142857142857,-0.6,-0.3333333333333333,0.6,0.75,-0.3333333333333333,-0.9327036599763872,1.2968384899347953
0.0,1.0,1.0,0.0,0.0,0.0,1.0,0.0,0.0,0.0,1.0,0.0,0.0,0.0,0.0,0.0,0.0,1.0,0.0,0.0,-1.0,0.16666666666666666,-1.0,-0.5,0.0,-1.0,-0.3333333333333333,0.0,0.5,0.0,-0.5555555555555556,-1.0,1.0,-0.14285714285714285,0.0,-0.3333333333333333,-0.2,-0.29999999999999993,-0.3333333333333333,0.059031877213695266,-0.6612338977589698
0.0,1.0,0.0,1.0,0.0,0.0,1.0,0.0,0.0,0.0,0.0,0.0,0.0,0.0,0.0,1.0,0.0,1.0,0.0,0.0,-0.5384615384615384,-0.3333333333333333,-0.5,-0.5,0.0,0.0,-0.3333333333333333,0.0,-1.0,0.0,-0.4444444444444444,2.0,-1.0,0.14285714285714285,-0.6,0.0,-0.2,-0.6428571428571429,0.0,0.4746162927981108,0.10046543755936897
0.0,1.0,0.0,1.0,1.0,0.0,0.0,0.0,0.0,0.0,0.0,0.0,0.0,0.0,0.0,0.0,1.0,1.0,0.0,0.0,-0.38461538461538464,-0.4166666666666667,-0.5,-1.0,0.0,0.0,-0.6666666666666666,0.8333333333333334,0.0,0.0,-0.7777777777777778,-2.0,0.0,-0.42857142857142855,-0.2,0.0,-0.2,0.4999999999999999,0.4444444444444444,-0.30460448642266824,-0.4665029882338908
0.0,1.0,1.0,0.0,0.0,0.0,1.0,0.0,0.0,0.0,1.0,0.0,0.0,0.0,0.0,0.0,0.0,0.0,1.0,0.0,-0.23076923076923078,-0.4166666666666667,0.0,0.0,0.0,0.5,0.6666666666666666,-0.5,0.5,-1.0,-0.3333333333333333,0.0,0.0,-0.5714285714285714,-0.4,-0.3333333333333333,-0.6,-1.5,-0.3333333333333333,-1.1227863046044864,-0.6627593038134524
1.0,0.0,1.0,0.0,0.0,0.0,1.0,0.0,0.0,0.0,1.0,0.0,0.0,0.0,0.0,0.0,0.0,1.0,0.0,0.0,-0.5384615384615384,1.0833333333333333,-1.0,0.5,0.0,0.5,-0.3333333333333333,-0.16666666666666666,-0.5,-1.0,0.1111111111111111,0.0,1.0,0.8571428571428571,1.0,0.6666666666666666,1.4,1.0000000000000002,0.25000000000000006,0.6044864226682407,-0.2593305419136445
0.0,1.0,0.0,1.0,0.0,0.0,1.0,0.0,0.0,0.0,0.0,0.0,0.0,0.0,0.0,1.0,0.0,0.0,1.0,0.0,-0.5384615384615384,0.25,0.0,0.0,-1.0,0.0,2.3333333333333335,-0.5,0.0,-1.0,-0.2222222222222222,-1.0,0.0,0.0,-0.2,0.0,0.2,0.4999999999999999,0.05555555555555555,-0.183392365210547,0.15182901297575072
0.0,1.0,1.0,0.0,0.0,0.0,1.0,0.0,0.0,0.0,0.0,0.0,0.0,0.0,1.0,0.0,0.0,0.0,1.0,0.0,0.6923076923076923,1.8333333333333333,0.0,0.0,0.0,0.5,1.0,-0.16666666666666666,-0.5,-1.0,-0.1111111111111111,-1.0,-1.0,0.14285714285714285,0.4,-0.3333333333333333,0.0,-0.21428571428571436,-0.3333333333333333,-0.08642266824085014,-0.35384200504409374
0.0,1.0,1.0,0.0,0.0,0.0,0.0,1.0,0.0,0.0,0.0,1.0,0.0,0.0,0.0,0.0,0.0,1.0,0.0,0.0,0.6923076923076923,-0.5,0.0,0.0,1.0,0.5,-0.6666666666666666,-0.5,0.0,0.0,1.6666666666666667,-1.0,0.0,2.7142857142857144,-0.6,0.0,0.8,-0.6599999999999999,-0.23999999999999996,0.6184724366542549,1.2813326533231009
1.0,0.0,1.0,0.0,1.0,0.0,0.0,0.0,0.0,0.0,1.0,0.0,0.0,0.0,0.0,0.0,0.0,1.0,0.0,1.0,0.0,-0.08333333333333333,0.5,-1.0,1.0,-1.0,0.3333333333333333,-0.16666666666666666,0.5,0.0,-0.1111111111111111,0.0,0.0,-0.2857142857142857,-0.2,-0.3333333333333333,-0.2,0.0,-0.3333333333333333,-0.7409681227863046,0.10063676290438232
0.0,1.0,1.0,0.0,1.0,0.0,0.0,0.0,0.0,0.0,0.0,0.0,1.0,0.0,0.0,0.0,0.0,0.0,0.0,0.0,0.07692307692307693,-0.5,0.5,-1.0,-1.0,0.0,-0.3333333333333333,0.6666666666666666,0.0,0.0,-0.3333333333333333,-1.0,1.0,0.2857142857142857,0.4,-0.3333333333333333,0.8,1.125,-0.3333333333333333,0.5135773317591499,0.17175078635819108
0.0,1.0,1.0,0.0,1.0,0.0,0.0,0.0,0.0,0.0,1.0,0.0,0.0,0.0,0.0,0.0,0.0,0.0,1.0,0.0,-0.3076923076923077,-0.4166666666666667,0.5,0.5,0.0,-0.5,-0.3333333333333333,-0.3333333333333333,-1.0,-1.0,-1.0,-1.0,0.0,-0.5714285714285714,-0.6,-0.3333333333333333,-0.6,-1.5,-0.3333333333333333,-0.30460448642266824,-1.2182734907108808
1.0,0.0,1.0,0.0,0.0,0.0,1.0,0.0,0.0,0.0,1.0,0.0,0.0,0.0,0.0,0.0,0.0,0.0,1.0,1.0,-0.9230769230769231,0.16666666666666666,0.0,-0.5,0.0,-1.0,0.0,-0.5,0.0,-1.0,-0.6666666666666666,-1.0,-1.0,-0.7142857142857143,-0.6,-0.3333333333333333,-0.6,-1.5,-0.3333333333333333,-1.395513577331759,-0.43443307895169386
0.0,1.0,1.0,0.0,1.0,0.0,0.0,0.0,0.0,0.0,0.0,0.0,0.0,0.0,1.0,0.0,0.0,0.0,1.0,0.0,-0.6153846153846154,0.08333333333333333,-0.5,0.5,0.0,0.5,-0.3333333333333333,1.1666666666666667,0.5,-1.0,-0.5555555555555556,0.0,0.0,0.0,0.0,-0.3333333333333333,-0.2,-0.5000000000000001,-0.3333333333333333,0.42266824085005905,-0.3938613700140888
0.0,0.0,1.0,0.0,0.0,0.0,0.0,0.0,1.0,0.0,0.0,0.0,0.0,0.0,1.0,0.0,0.0,1.0,0.0,1.0,-0.15384615384615385,0.75,0.5,0.5,-2.0,-1.0,-0.3333333333333333,1.5,-0.5,0.0,-0.5555555555555556,-1.0,0.0,0.0,-0.2,0.6666666666666666,-0.6,-1.5,0.8333333333333334,0.42266824085005905,-0.7377684412243389
0.0,1.0,1.0,0.0,1.0,0.0,0.0,0.0,0.0,0.0,0.0,0.0,0.0,0.0,1.0,0.0,0.0,1.0,0.0,0.0,-0.5384615384615384,0.16666666666666666,0.0,0.0,1.0,0.0,1.3333333333333333,0.6666666666666666,-1.0,1.0,-0.5555555555555556,-1.0,-1.0,-0.5714285714285714,-0.6,-0.3333333333333333,-0.6,-1.5,-0.3333333333333333,-1.0318772136953955,-0.6800905049634811
0.0,1.0,0.0,0.0,0.0,0.0,1.0,0.0,0.0,1.0,0.0,0.0,0.0,0.0,0.0,0.0,0.0,0.0,1.0,0.0,0.6923076923076923,1.4166666666666667,0.5,-0.5,0.0,-0.5,-0.3333333333333333,0.3333333333333333,-1.0,-1.0,-0.4444444444444444,0.0,0.0,0.14285714285714285,0.0,-0.3333333333333333,0.2,0.2142857142857142,-0.3333333333333333,0.4746162927981108,-0.7930178114822306
0.0,0.0,1.0,0.0,0.0,0.0,1.0,0.0,0.0,0.0,0.0,0.0,1.0,0.0,0.0,0.0,0.0,0.0,1.0,1.0,-0.46153846153846156,0.16666666666666666,-0.5,0.0,0.0,0.0,1.6666666666666667,0.6666666666666666,0.0,-1.0,0.0,0.0,0.0,0.42857142857142855,0.2,0.0,0.8,0.8333333333333334,-0.07407407407407407,0.19126328217237307,-0.06082617311133692
0.0,1.0,1.0,0.0,0.0,0.0,1.0,0.0,0.0,0.0,0.0,0.0,0.0,0.0,1.0,0.0,0.0,1.0,0.0,1.0,-0.9230769230769231,-0.5,0.0,-0.5,0.0,0.5,0.0,0.3333333333333333,-1.0,0.0,-0.4444444444444444,-1.0,-1.0,-0.42857142857142855,-0.6,0.3333333333333333,-0.6,-1.5,1.222222222222222,-0.7721369539551358,-0.7435667907966387
0.0,1.0,1.0,0.0,1.0,0.0,0.0,0.0,0.0,0.0,0.0,0.0,0.0,0.0,1.0,0.0,0.0,0.0,1.0,1.0,-0.38461538461538464,0.16666666666666666,0.5,0.0,-1.0,-0.5,-0.6666666666666666,0.3333333333333333,0.5,-1.0,-0.7777777777777778,2.0,0.0,-0.42857142857142855,-0.2,0.3333333333333333,-0.2,0.4999999999999999,1.222222222222222,-0.30460448642266824,-0.603212273561429
0.0,1.0,0.0,1.0,0.0,1.0,0.0,0.0,0.0,0.0,0.0,0.0,0.0,0.0,0.0,1.0,0.0,1.0,0.0,0.0,1.3846153846153846,-0.3333333333333333,0.0,0.5,0.0,-1.0,0.0,0.0,0.5,0.0,0.6666666666666666,1.0,0.0,0.14285714285714285,-0.2,-0.3333333333333333,0.4,0.6428571428571429,-0.3333333333333333,-0.6254601013959302,0.1632867419248251
0.0,1.0,0.0,1.0,0.0,0.0,1.0,0.0,0.0,0.0,0.0,0.0,0.0,0.0,0.0,1.0,0.0,1.0,0.0,0.0,0.07692307692307693,-0.08333333333333333,0.5,0.0,0.0,0.5,0.6666666666666666,0.0,-0.5,0.0,-0.3333333333333333,2.0,1.0,0.0,0.2,-0.3333333333333333,-0.4,-1.0000000000000002,-0.3333333333333333,-0.031877213695395555,0.24942448242736226
0.0,1.0,1.0,0.0,0.0,0.0,0.0,1.0,0.0,0.0,1.0,0.0,0.0,0.0,0.0,0.0,0.0,0.0,0.0,0.0,-0.07692307692307693,-0.25,-0.5,0.0,0.0,0.5,-0.3333333333333333,-0.3333333333333333,0.0,0.0,-1.0,0.0,0.0,-0.5714285714285714,-0.6,-0.3333333333333333,-0.6,-1.5,-0.3333333333333333,-0.30460448642266824,-0.8974210752231606
0.0,1.0,1.0,0.0,0.0,0.0,1.0,0.0,0.0,0.0,0.0,0.0,0.0,0.0,0.0,0.0,0.0,0.0,0.0,0.0,1.8461538461538463,-0.5,0.5,0.0,-2.0,0.5,0.3333333333333333,1.0,0.0,0.0,1.0,-1.0,1.0,-0.5714285714285714,-0.6,-0.3333333333333333,-0.6,-1.5,-0.3333333333333333,-1.28642266824085,0.7402468473826391
0.0,1.0,1.0,0.0,1.0,0.0,0.0,0.0,0.0,0.0,1.0,0.0,0.0,0.0,0.0,0.0,0.0,0.0,0.0,0.0,0.0,-0.08333333333333333,0.5,0.0,-2.0,0.0,-0.3333333333333333,0.0,0.0,0.0,-0.3333333333333333,1.0,0.0,0.2857142857142857,0.8,0.0,0.8,1.125,-0.04166666666666665,0.5135773317591499,-0.5735610791059582
0.0,1.0,0.0,1.0,0.0,1.0,0.0,0.0,0.0,0.0,0.0,0.0,0.0,0.0,0.0,1.0,0.0,1.0,0.0,0.0,0.23076923076923078,1.4166666666666667,-1.0,-0.5,-1.0,0.5,-0.6666666666666666,-0.5,-1.0,0.0,1.2222222222222223,-1.0,-1.0,2.142857142857143,1.2,2.6666666666666665,0.6,-0.6428571428571429,0.6666666666666666,0.5879574970484059,0.8358095463359437
0.0,1.0,1.0,0.0,1.0,0.0,0.0,0.0,0.0,0.0,1.0,0.0,0.0,0.0,0.0,0.0,0.0,0.0,1.0,1.0,-0.5384615384615384,0.6666666666666666,-0.5,0.5,-1.0,0.0,-0.6666666666666666,-0.3333333333333333,0.5,-1.0,0.0,0.0,0.0,0.5714285714285714,0.4,-0.3333333333333333,1.0,0.9000000000000001,-0.3333333333333333,0.38961038961038963,-0.1685683708344645
0.0,1.0,1.0,0.0,0.0,0.0,1.0,0.0,0.0,0.0,0.0,0.0,0.0,0.0,1.0,0.0,0.0,0.0,1.0,0.0,-0.6923076923076923,-0.3333333333333333,0.5,-1.0,-1.0,0.5,-0.6666666666666666,-0.16666666666666666,0.5,-1.0,-0.5555555555555556,-3.0,0.0,-0.14285714285714285,-0.2,0.0,-0.4,-0.9,0.1333333333333334,0.059031877213695266,-0.8525995384458556
0.0,1.0,0.0,1.0,0.0,1.0,0.0,0.0,0.0,0.0,0.0,0.0,0.0,0.0,0.0,1.0,0.0,0.0,0.0,1.0,0.15384615384615385,0.25,0.5,0.0,-1.0,0.0,-0.6666666666666666,0.0,-0.5,1.0,-0.1111111111111111,-1.0,0.0,0.42857142857142855,0.8,0.3333333333333333,0.8,0.8333333333333334,0.18518518518518517,0.34994096812278636,0.5312838870420068
1.0,0.0,1.0,0.0,0.0,0.0,1.0,0.0,0.0,0.0,0.0,0.0,0.0,1.0,0.0,0.0,0.0,1.0,0.0,1.0,0.46153846153846156,1.5833333333333333,1.0,-1.0,0.0,-1.0,0.3333333333333333,0.5,0.0,-1.0,1.1111111111111112,3.0,0.0,-0.5714285714285714,-0.6,-0.3333333333333333,-0.6,-1.5,-0.3333333333333333,-1.2916174734356554,0.9235241908986725
0.0,1.0,1.0,0.0,0.0,0.0,1.0,0.0,0.0,0.0,1.0,0.0,0.0,0.0,0.0,0.0,0.0,1.0,0.0,1.0,1.7692307692307692,-0.3333333333333333,0.0,0.0,1.0,-1.0,0.6666666666666666,1.0,-1.0,2.0,0.2222222222222222,0.0,-1.0,-0.5714285714285714,-0.6,-0.3333333333333333,-0.6,-1.5,-0.3333333333333333,-1.2276814094995911,-0.5985626250142856
0.0,1.0,1.0,0.0,0.0,0.0,1.0,0.0,0.0,0.0,0.0,1.0,0.0,0.0,0.0,0.0,0.0,1.0,0.0,0.0,0.46153846153846156,-0.4166666666666667,-0.5,0.5,0.0,-1.0,-0.6666666666666666,0.5,0.5,0.0,1.4444444444444444,0.0,0.0,2.4285714285714284,0.6,4.0,0.8,-0.5869565217391304,0.9855072463768115,0.6044864226682407,1.20182921352168
0.0,1.0,1.0,0.0,0.0,0.0,1.0,0.0,0.0,0.0,1.0,0.0,0.0,0.0,0.0,0.0,0.0,0.0,0.0,0.0,-0.7692307692307693,1.1666666666666667,0.0,-1.0,0.0,0.0,-0.3333333333333333,1.0,0.0,0.0,-1.0,-3.0,-1.0,-0.5714285714285714,-0.4,-0.3333333333333333,-0.6,-1.5,-0.3333333333333333,-0.30460448642266824,-0.7092943615249894
0.0,1.0,1.0,0.0,0.0,0.0,1.0,0.0,0.0,0.0,0.0,0.0,1.0,0.0,0.0,0.0,0.0,0.0,1.0,1.0,0.38461538461538464,-0.08333333333333333,0.0,0.5,-1.0,-0.5,1.3333333333333333,0.16666666666666666,0.5,-1.0,-0.2222222222222222,0.0,0.0,0.0,0.2,0.0,-0.2,-0.5000000000000001,0.05555555555555555,-0.183392365210547,0.17793138371514902
0.0,1.0,1.0,0.0,1.0,0.0,0.0,0.0,0.0,0.0,1.0,0.0,0.0,0.0,0.0,0.0,0.0,0.0,1.0,0.0,-0.07692307692307693,1.25,0.0,0.5,-2.0,0.0,-0.6666666666666666,0.16666666666666666,0.0,-1.0,-0.4444444444444444,-1.0,0.0,0.0,0.2,1.0,0.0,0.0,1.222222222222222,0.16292798110979928,-0.16019777755970047
0.0,1.0,1.0,0.0,0.0,0.0,1.0,0.0,0.0,0.0,0.0,0.0,0.0,0.0,0.0,0.0,0.0,1.0,0.0,0.0,1.6153846153846154,-0.5,0.5,0.5,0.0,0.0,0.0,-0.5,0.0,-1.0,0.5555555555555556,-1.0,0.0,-0.2857142857142857,-0.2,0.0,-0.2,0.0,0.25000000000000006,-0.98642266824085,0.28579789939394984
0.0,1.0,1.0,0.0,0.0,0.0,1.0,0.0,0.0,0.0,0.0,0.0,0.0,0.0,0.0,0.0,0.0,0.0,1.0,0.0,-0.38461538461538464,1.4166666666666667,0.0,0.0,-1.0,-1.0,-0.3333333333333333,0.8333333333333334,-0.5,-1.0,0.0,-1.0,0.0,0.7142857142857143,1.2,0.0,1.0,0.6818181818181819,-0.12121212121212119,0.5879574970484059,0.29380455597604477
0.0,0.0,0.0,0.0,0.0,0.0,0.0,0.0,0.0,0.0,0.0,1.0,0.0,0.0,0.0,0.0,0.0,1.0,0.0,0.0,1.7692307692307692,-0.4166666666666667,0.5,0.0,-1.0,0.5,2.3333333333333335,1.1666666666666667,0.5,0.0,2.2222222222222223,0.0,0.0,-0.2857142857142857,-0.2,0.3333333333333333,-0.2,0.0,0.8333333333333334,-1.1843698823170963,1.2633983031951845
0.0,1.0,1.0,0.0,1.0,0.0,0.0,0.0,0.0,0.0,0.0,0.0,0.0,0.0,0.0,0.0,0.0,0.0,0.0,0.0,-0.15384615384615385,0.16666666666666666,0.0,0.5,0.0,0.5,-0.6666666666666666,-0.5,0.5,0.0,0.0,-3.0,-1.0,0.5714285714285714,0.8,0.0,0.6,0.29999999999999993,-0.09999999999999998,0.38961038961038963,0.5047516856340669
0.0,1.0,1.0,0.0,0.0,0.0,1.0,0.0,0.0,0.0,1.0,0.0,0.0,0.0,0.0,0.0,0.0,1.0,0.0,1.0,0.3076923076923077,1.0,-0.5,0.0,0.0,0.5,2.0,0.16666666666666666,0.0,0.0,0.5555555555555556,-1.0,1.0,0.2857142857142857,-0.2,0.6666666666666666,0.8,1.125,0.5416666666666667,-0.4409681227863046,-0.5735610791059582
1.0,0.0,1.0,0.0,1.0,0.0,0.0,0.0,0.0,0.0,0.0,0.0,0.0,0.0,0.0,0.0,0.0,0.0,1.0,0.0,-0.15384615384615385,-0.3333333333333333,-1.0,-1.0,0.0,0.5,-0.6666666666666666,0.5,0.0,-1.0,-0.3333333333333333,-2.0,-1.0,0.14285714285714285,-0.2,-0.3333333333333333,0.2,0.2142857142857142,-0.3333333333333333,0.24085005903187715,0.4174684399719335
1.0,0.0,1.0,0.0,0.0,0.0,1.0,0.0,0.0,0.0,0.0,0.0,0.0,1.0,0.0,0.0,0.0,0.0,0.0,0.0,0.38461538461538464,0.16666666666666666,0.0,-1.0,0.0,0.0,0.0,0.5,-0.5,0.0,1.2222222222222223,-1.0,1.0,1.8571428571428572,2.6,-0.3333333333333333,1.6,0.23684210526315796,-0.3333333333333333,0.38961038961038963,1.2920414317578481
0.0,1.0,0.0,1.0,0.0,0.0,0.0,0.0,1.0,0.0,0.0,0.0,0.0,0.0,0.0,1.0,0.0,0.0,1.0,1.0,-0.07692307692307693,-0.25,0.0,0.5,0.0,-1.0,-0.6666666666666666,1.3333333333333333,-1.0,-1.0,-0.1111111111111111,-1.0,0.0,0.42857142857142855,0.8,1.0,0.8,0.8333333333333334,0.7037037037037037,0.34994096812278636,0.6189273214727155
0.0,1.0,1.0,0.0,1.0,0.0,0.0,0.0,0.0,0.0,0.0,1.0,0.0,0.0,0.0,0.0,0.0,0.0,0.0,0.0,-0.07692307692307693,1.25,0.0,-0.5,1.0,-0.5,1.6666666666666667,0.6666666666666666,-0.5,0.0,0.0,3.0,-1.0,0.2857142857142857,0.8,1.6666666666666667,-0.2,-0.75,1.416666666666667,-0.00708382526564351,0.8330333237210945
0.0,1.0,0.0,1.0,0.0,0.0,1.0,0.0,0.0,0.0,0.0,0.0,0.0,0.0,0.0,1.0,0.0,1.0,0.0,0.0,-0.07692307692307693,0.9166666666666666,0.0,0.0,0.0,0.0,-0.3333333333333333,0.3333333333333333,-0.5,-1.0,-0.5555555555555556,0.0,0.0,0.0,-0.2,0.0,-0.6,-1.5,0.05555555555555555,0.42266824085005905,-0.08009586372259128
0.0,0.0,1.0,0.0,1.0,0.0,0.0,0.0,0.0,0.0,0.0,0.0,0.0,0.0,0.0,0.0,0.0,0.0,0.0,0.0,-0.8461538461538461,-0.16666666666666666,-0.5,-0.5,1.0,-1.0,-0.3333333333333333,-0.3333333333333333,0.5,1.0,-0.4444444444444444,-1.0,0.0,0.14285714285714285,0.0,0.0,0.4,0.6428571428571429,0.0,0.4746162927981108,-0.21346464457645345
0.0,1.0,1.0,0.0,0.0,0.0,0.0,0.0,1.0,0.0,0.0,0.0,0.0,0.0,0.0,0.0,0.0,1.0,0.0,0.0,1.0,-0.16666666666666666,0.5,-1.0,0.0,0.0,0.0,0.0,-0.5,0.0,1.1111111111111112,-3.0,-1.0,-0.2857142857142857,-0.2,0.0,-0.2,0.0,0.25000000000000006,-1.0838252656434475,0.2710136363336393
0.0,1.0,0.0,1.0,0.0,0.0,0.0,0.0,1.0,0.0,0.0,0.0,0.0,0.0,0.0,1.0,0.0,1.0,0.0,1.0,0.0,0.25,0.5,-0.5,-1.0,0.0,-0.3333333333333333,-0.16666666666666666,-1.0,0.0,0.0,1.0,0.0,0.7142857142857143,1.2,0.0,0.8,0.40909090909090906,-0.12121212121212119,0.5879574970484059,0.11946494360434837
0.0,1.0,1.0,0.0,0.0,0.0,0.0,0.0,1.0,0.0,1.0,0.0,0.0,0.0,0.0,0.0,0.0,0.0,1.0,1.0,-0.7692307692307693,1.4166666666666667,0.0,0.0,-2.0,0.5,-0.3333333333333333,0.6666666666666666,-0.5,-1.0,-1.0,0.0,-2.0,-0.5714285714285714,-0.6,-0.3333333333333333,-0.6,-1.5,-0.3333333333333333,-0.30460448642266824,-0.7242388921734382
0.0,1.0,0.0,1.0,0.0,0.0,1.0,0.0,0.0,0.0,0.0,0.0,0.0,0.0,0.0,1.0,0.0,0.0,1.0,0.0,1.6923076923076923,0.25,0.5,0.5,0.0,0.0,-0.6666666666666666,-0.16666666666666666,0.0,-1.0,3.111111111111111,-2.0,-1.0,4.571428571428571,1.4,0.0,1.0,-0.868421052631579,-0.2719298245614035,0.6744164925983106,0.9714922770356113
1.0,0.0,0.0,1.0,1.0,0.0,0.0,0.0,0.0,0.0,0.0,0.0,0.0,0.0,0.0,1.0,0.0,0.0,1.0,0.0,-0.6923076923076923,1.0833333333333333,0.0,0.5,0.0,0.0,-0.3333333333333333,0.0,0.5,-1.0,-0.3333333333333333,-1.0,0.0,0.2857142857142857,0.8,-0.3333333333333333,0.8,1.125,-0.3333333333333333,0.5135773317591499,0.657802723667313
0.0,1.0,1.0,0.0,0.0,0.0,1.0,0.0,0.0,0.0,0.0,0.0,0.0,0.0,1.0,0.0,0.0,1.0,0.0,1.0,0.46153846153846156,0.0,0.5,-0.5,1.0,-0.5,1.3333333333333333,0.3333333333333333,0.5,-1.0,0.8888888888888888,-1.0,0.0,-0.5714285714285714,-0.6,-0.3333333333333333,-0.6,-1.5,-0.3333333333333333,-1.2806810414465915,-0.7113002499293367
0.0,1.0,0.0,1.0,0.0,0.0,1.0,0.0,0.0,0.0,0.0,0.0,0.0,0.0,0.0,1.0,0.0,1.0,0.0,0.0,-0.5384615384615384,-0.4166666666666667,0.0,-1.0,-1.0,-0.5,0.0,0.8333333333333334,-0.5,1.0,0.0,-1.0,0.0,-0.7142857142857143,-0.6,-0.3333333333333333,-0.6,-1.5,-0.3333333333333333,-1.395513577331759,0.2700102549363725
0.0,1.0,1.0,0.0,1.0,0.0,0.0,0.0,0.0,0.0,0.0,0.0,1.0,0.0,0.0,0.0,0.0,1.0,0.0,0.0,-0.6923076923076923,-0.4166666666666667,0.5,-1.0,0.0,0.5,-0.6666666666666666,0.6666666666666666,-0.5,0.0,-0.6666666666666666,-1.0,0.0,-0.2857142857142857,-0.2,0.3333333333333333,-0.2,0.0,0.8333333333333334,-0.08642266824085014,-0.16087374204890123
0.0,1.0,1.0,0.0,0.0,0.0,1.0,0.0,0.0,0.0,0.0,0.0,0.0,0.0,0.0,0.0,0.0,1.0,0.0,0.0,0.46153846153846156,0.5,0.0,-0.5,1.0,-1.0,1.0,0.6666666666666666,0.0,1.0,0.0,-1.0,-1.0,-0.7142857142857143,-0.6,-0.3333333333333333,-0.6,-1.5,-0.3333333333333333,-1.395513577331759,0.09651642978843986
0.0,1.0,0.0,1.0,0.0,1.0,0.0,0.0,0.0,0.0,0.0,0.0,0.0,0.0,0.0,0.0,1.0,0.0,1.0,0.0,-0.46153846153846156,0.0,-1.0,0.5,0.0,-0.5,-0.6666666666666666,0.0,-1.0,-1.0,-0.6666666666666666,0.0,0.0,-0.2857142857142857,-0.2,0.0,-0.2,0.0,0.25000000000000006,-0.08642266824085014,-0.4929593360183321
0.0,1.0,1.0,0.0,1.0,0.0,0.0,0.0,0.0,0.0,0.0,0.0,0.0,0.0,1.0,0.0,0.0,0.0,1.0,0.0,-1.2307692307692308,-0.5,0.0,0.5,-1.0,-0.5,-0.3333333333333333,-0.16666666666666666,0.5,-1.0,-1.0,-3.0,1.0,-0.5714285714285714,-0.6,-0.3333333333333333,-0.6,-1.5,-0.3333333333333333,-0.30460448642266824,-0.541102398806363
1.0,0.0,1.0,0.0,1.0,0.0,0.0,0.0,0.0,0.0,1.0,0.0,0.0,0.0,0.0,0.0,0.0,0.0,1.0,0.0,-0.3076923076923077,-0.4166666666666667,-0.5,0.5,0.0,0.5,-0.6666666666666666,-0.16666666666666666,0.0,-1.0,-0.2222222222222222,-1.0,-1.0,0.2857142857142857,0.8,0.6666666666666666,0.6,0.75,0.5416666666666667,0.3014561196379378,-0.4661924139345569
1.0,0.0,1.0,0.0,1.0,0.0,0.0,0.0,0.0,0.0,1.0,0.0,0.0,0.0,0.0,0.0,0.0,0.0,1.0,0.0,-1.1538461538461537,0.25,-0.5,-1.0,-1.0,0.0,-0.3333333333333333,1.0,0.0,-1.0,-0.8888888888888888,-1.0,-2.0,-0.42857142857142855,-0.2,0.3333333333333333,-0.2,0.4999999999999999,1.222222222222222,0.059031877213695266,-0.6147551517425612
1.0,0.0,0.0,1.0,1.0,0.0,0.0,0.0,0.0,0.0,0.0,0.0,0.0,0.0,0.0,1.0,0.0,0.0,1.0,0.0,-0.6923076923076923,-0.4166666666666667,-1.0,0.5,-2.0,0.5,0.3333333333333333,1.0,-0.5,-1.0,-0.2222222222222222,0.0,0.0,0.14285714285714285,-0.2,-0.3333333333333333,-0.6,-1.5,-0.3333333333333333,0.059031877213695266,0.012577613742611113
1.0,0.0,0.0,1.0,0.0,1.0,0.0,0.0,0.0,0.0,0.0,0.0,0.0,0.0,0.0,0.0,1.0,0.0,1.0,1.0,-1.3846153846153846,-0.16666666666666666,0.0,-0.5,0.0,-0.5,-0.3333333333333333,0.0,0.5,-1.0,-1.1111111111111112,0.0,0.0,-0.7142857142857143,-0.6,-0.3333333333333333,-0.6,-1.5,-0.3333333333333333,-1.395513577331759,-0.9337443430940474
0.0,1.0,1.0,0.0,1.0,0.0,0.0,0.0,0.0,0.0,1.0,0.0,0.0,0.0,0.0,0.0,0.0,0.0,1.0,0.0,-1.3846153846153846,-0.3333333333333333,0.0,0.0,0.0,0.0,-0.3333333333333333,-0.16666666666666666,0.0,-1.0,-1.1111111111111112,-1.0,0.0,-0.7142857142857143,-0.6,-0.3333333333333333,-0.6,-1.5,-0.3333333333333333,-1.395513577331759,-1.1999916333190055
0.0,1.0,0.0,1.0,0.0,0.0,1.0,0.0,0.0,0.0,0.0,0.0,0.0,0.0,0.0,1.0,0.0,0.0,0.0,1.0,-0.46153846153846156,-0.25,-0.5,0.0,-1.0,-0.5,-0.3333333333333333,-0.3333333333333333,-0.5,2.0,0.1111111111111111,1.0,-1.0,0.8571428571428571,1.0,0.3333333333333333,0.8,0.2500000000000001,0.05555555555555555,0.6044864226682407,0.03816047997269783
0.0,1.0,1.0,0.0,1.0,0.0,0.0,0.0,0.0,0.0,1.0,0.0,0.0,0.0,0.0,0.0,0.0,0.0,0.0,0.0,0.38461538461538464,0.16666666666666666,0.5,0.0,0.0,-1.0,-0.3333333333333333,1.0,-0.5,1.0,-0.5555555555555556,-1.0,0.0,0.0,0.0,-0.3333333333333333,0.2,0.4999999999999999,-0.3333333333333333,0.42266824085005905,-0.7452299626482091
1.0,0.0,0.0,1.0,0.0,0.0,0.0,0.0,1.0,0.0,0.0,0.0,0.0,0.0,0.0,0.0,1.0,1.0,0.0,0.0,-0.6153846153846154,-0.5,0.0,-1.0,0.0,0.0,0.3333333333333333,0.16666666666666666,0.5,0.0,-0.5555555555555556,0.0,1.0,-0.2857142857142857,-0.2,0.0,-0.2,0.0,0.25000000000000006,-0.30460448642266824,-0.5168906223395034
0.0,1.0,1.0,0.0,1.0,0.0,0.0,0.0,0.0,0.0,1.0,0.0,0.0,0.0,0.0,0.0,0.0,1.0,0.0,1.0,-0.46153846153846156,-0.5,-1.0,0.5,-1.0,0.5,-0.3333333333333333,-0.3333333333333333,0.0,1.0,0.0,-2.0,-1.0,0.7142857142857143,1.0,0.6666666666666666,-0.6,-1.5,0.30303030303030304,0.5879574970484059,0.022856142167110474
0.0,1.0,1.0,0.0,1.0,0.0,0.0,0.0,0.0,0.0,1.0,0.0,0.0,0.0,0.0,0.0,0.0,0.0,1.0,0.0,-1.1538461538461537,0.25,0.0,0.0,-1.0,-1.0,-0.3333333333333333,-0.16666666666666666,-1.0,-1.0,-1.0,3.0,-1.0,-0.5714285714285714,-0.6,0.0,-0.6,-1.5,0.8333333333333334,-0.30460448642266824,-1.2026780261593788
0.0,1.0,1.0,0.0,0.0,0.0,0.0,1.0,0.0,0.0,1.0,0.0,0.0,0.0,0.0,0.0,0.0,0.0,0.0,0.0,0.0,0.6666666666666666,0.0,-1.0,0.0,0.0,1.6666666666666667,0.0,-0.5,0.0,-0.1111111111111111,0.0,-1.0,-0.5714285714285714,-0.6,-0.3333333333333333,-0.6,-1.5,-0.3333333333333333,-1.177331759149941,-0.03302719973989084
1.0,0.0,0.0,1.0,0.0,1.0,0.0,0.0,0.0,0.0,0.0,0.0,0.0,0.0,0.0,1.0,0.0,0.0,1.0,0.0,-0.3076923076923077,0.08333333333333333,0.0,-0.5,0.0,0.5,-0.3333333333333333,0.0,0.5,-1.0,-0.1111111111111111,-1.0,0.0,0.5714285714285714,1.0,0.6666666666666666,0.8,0.5999999999999999,0.3666666666666667,0.5681227863046044,0.5590054904509341
1.0,0.0,1.0,0.0,0.0,0.0,1.0,0.0,0.0,0.0,0.0,0.0,0.0,0.0,1.0,0.0,0.0,1.0,0.0,0.0,0.15384615384615385,0.25,-1.0,0.0,0.0,0.0,-0.6666666666666666,0.5,-0.5,0.0,-0.7777777777777778,-3.0,-1.0,-0.42857142857142855,-0.4,-0.3333333333333333,-0.2,0.4999999999999999,-0.3333333333333333,-0.30460448642266824,-0.5935805519772878
0.0,1.0,0.0,1.0,0.0,1.0,0.0,0.0,0.0,0.0,0.0,0.0,0.0,0.0,0.0,1.0,0.0,1.0,0.0,0.0,-0.3076923076923077,-0.5,0.5,0.0,0.0,0.5,-0.3333333333333333,0.8333333333333334,0.0,1.0,0.4444444444444444,0.0,0.0,1.2857142857142858,1.4,1.3333333333333333,0.8,-0.09999999999999998,0.4444444444444444,0.6408500590318772,0.6990021582954143
1.0,0.0,1.0,0.0,1.0,0.0,0.0,0.0,0.0,0.0,1.0,0.0,0.0,0.0,0.0,0.0,0.0,0.0,1.0,1.0,-0.6923076923076923,-0.16666666666666666,-0.5,0.5,0.0,0.5,-0.6666666666666666,0.0,0.0,-1.0,-0.4444444444444444,0.0,-1.0,0.0,0.2,-0.3333333333333333,-0.2,-0.5000000000000001,-0.3333333333333333,0.16292798110979928,-0.7084931868421839
0.0,1.0,0.0,1.0,0.0,1.0,0.0,0.0,0.0,0.0,0.0,0.0,0.0,0.0,0.0,1.0,0.0,0.0,0.0,1.0,-0.5384615384615384,0.25,-1.0,0.5,-1.0,-0.5,-0.3333333333333333,0.0,-1.0,1.0,-0.3333333333333333,-1.0,0.0,0.2857142857142857,0.8,0.0,0.8,1.125,-0.04166666666666665,0.5135773317591499,0.47838204179321764
0.0,1.0,1.0,0.0,1.0,0.0,0.0,0.0,0.0,0.0,0.0,0.0,0.0,0.0,1.0,0.0,0.0,1.0,0.0,0.0,-0.5384615384615384,-0.4166666666666667,0.0,0.0,0.0,-0.5,-0.6666666666666666,1.5,0.5,0.0,-0.4444444444444444,0.0,0.0,0.0,0.2,-0.3333333333333333,0.2,0.4999999999999999,-0.3333333333333333,0.16292798110979928,-0.5868605585167586
0.0,1.0,1.0,0.0,0.0,0.0,1.0,0.0,0.0,0.0,0.0,0.0,0.0,1.0,0.0,0.0,0.0,1.0,0.0,0.0,-0.23076923076923078,0.0,0.0,0.0,0.0,0.0,-0.6666666666666666,-0.5,0.5,-1.0,0.4444444444444444,0.0,1.0,1.1428571428571428,1.2,0.6666666666666666,0.8,0.0,0.16666666666666666,0.49539551357733175,0.8084919570440202
0.0,1.0,0.0,1.0,0.0,1.0,0.0,0.0,0.0,0.0,0.0,1.0,0.0,0.0,0.0,0.0,0.0,1.0,0.0,1.0,1.0769230769230769,0.16666666666666666,0.0,0.0,0.0,0.0,0.6666666666666666,0.3333333333333333,0.0,0.0,1.8888888888888888,-1.0,0.0,-0.5714285714285714,-0.6,-0.3333333333333333,-0.6,-1.5,-0.3333333333333333,-1.3175914994096811,1.2877131957796446
0.0,1.0,1.0,0.0,0.0,0.0,1.0,0.0,0.0,0.0,0.0,0.0,1.0,0.0,0.0,0.0,0.0,1.0,0.0,1.0,-0.3076923076923077,-0.5,0.0,-1.0,0.0,0.5,-0.3333333333333333,1.3333333333333333,-0.5,0.0,-0.1111111111111111,0.0,0.0,0.5714285714285714,1.0,2.0,1.0,0.9000000000000001,1.3,0.5681227863046044,0.19824859135389022
0.0,1.0,1.0,0.0,1.0,0.0,0.0,0.0,0.0,0.0,0.0,0.0,0.0,0.0,0.0,0.0,0.0,1.0,0.0,1.0,0.0,0.25,0.0,0.5,0.0,-1.0,1.6666666666666667,-0.16666666666666666,0.5,0.0,0.5555555555555556,-2.0,0.0,1.0,1.0,1.3333333333333333,0.8,0.11538461538461531,0.5641025641025642,0.24085005903187715,0.48447076760280805
0.0,1.0,1.0,0.0,1.0,0.0,0.0,0.0,0.0,0.0,0.0,0.0,0.0,0.0,0.0,0.0,0.0,1.0,0.0,0.0,0.0,1.5833333333333333,0.5,-1.0,0.0,0.0,1.3333333333333333,0.0,-0.5,1.0,0.0,-1.0,-1.0,-0.2857142857142857,-0.2,-0.3333333333333333,-0.2,0.0,-0.3333333333333333,-0.8004722550177096,0.06307449924392033
0.0,1.0,0.0,1.0,0.0,0.0,1.0,0.0,0.0,0.0,0.0,0.0,0.0,0.0,0.0,1.0,0.0,0.0,0.0,1.0,0.15384615384615385,0.0,-0.5,-1.0,1.0,-1.0,-0.3333333333333333,1.6666666666666667,0.0,0.0,-0.2222222222222222,0.0,0.0,0.42857142857142855,-0.6,2.0,0.8,0.8333333333333334,1.4814814814814814,0.54388036206218,0.1079747669003481
0.0,1.0,0.0,1.0,0.0,1.0,0.0,0.0,0.0,0.0,0.0,0.0,0.0,0.0,0.0,1.0,0.0,0.0,1.0,1.0,1.4615384615384615,0.5,0.5,-1.0,1.0,0.0,1.3333333333333333,0.5,0.0,-1.0,1.5555555555555556,-1.0,-1.0,2.0,0.8,0.6666666666666666,1.0,-0.29999999999999993,0.016666666666666673,0.26266824085005896,0.9592551391449231
0.0,1.0,1.0,0.0,0.0,0.0,0.0,0.0,1.0,0.0,0.0,0.0,0.0,0.0,1.0,0.0,0.0,0.0,0.0,0.0,-0.46153846153846156,-0.16666666666666666,0.0,0.5,0.0,-1.0,1.0,0.0,0.5,0.0,-0.2222222222222222,0.0,0.0,-0.2857142857142857,-0.2,0.3333333333333333,-0.2,0.0,0.8333333333333334,-0.6682408500590319,-0.42487015414050355
0.0,0.0,1.0,0.0,0.0,0.0,1.0,0.0,0.0,0.0,0.0,1.0,0.0,0.0,0.0,0.0,0.0,1.0,0.0,0.0,0.6923076923076923,-0.4166666666666667,-0.5,-1.0,-1.0,0.5,2.3333333333333335,1.5,0.5,0.0,1.3333333333333333,-2.0,0.0,2.142857142857143,1.0,3.3333333333333335,1.0,-0.3571428571428572,0.8888888888888891,0.5017196242492684,1.1535315470459824
0.0,1.0,1.0,0.0,1.0,0.0,0.0,0.0,0.0,0.0,1.0,0.0,0.0,0.0,0.0,0.0,0.0,0.0,0.0,0.0,0.07692307692307693,0.5833333333333334,0.0,0.5,0.0,-1.0,-0.3333333333333333,-0.3333333333333333,0.0,0.0,0.8888888888888888,-1.0,-1.0,1.8571428571428572,0.8,3.6666666666666665,2.8,1.1842105263157896,1.1403508771929824,0.671472068601255,-0.47680913768862293
0.0,1.0,1.0,0.0,0.0,0.0,1.0,0.0,0.0,0.0,0.0,0.0,1.0,0.0,0.0,0.0,0.0,0.0,0.0,0.0,1.1538461538461537,-0.4166666666666667,0.0,0.5,-2.0,-0.5,1.0,0.6666666666666666,0.5,0.0,0.3333333333333333,0.0,0.0,-0.14285714285714285,-0.4,0.0,-0.2,-0.29999999999999993,0.1333333333333334,-0.7721369539551358,0.08683246969999223
0.0,1.0,0.0,1.0,1.0,0.0,0.0,0.0,0.0,0.0,0.0,0.0,0.0,0.0,0.0,1.0,0.0,0.0,0.0,0.0,-0.46153846153846156,1.8333333333333333,0.5,0.0,0.0,-1.0,2.0,0.8333333333333334,0.0,2.0,-0.2222222222222222,0.0,0.0,-0.14285714285714285,0.0,-0.3333333333333333,0.0,0.29999999999999993,-0.3333333333333333,-0.4258166076347895,-0.18645909694151405
0.0,1.0,0.0,1.0,0.0,1.0,0.0,0.0,0.0,0.0,0.0,0.0,0.0,0.0,0.0,1.0,0.0,1.0,0.0,0.0,-0.5384615384615384,1.6666666666666667,0.0,-0.5,0.0,0.5,-0.3333333333333333,1.3333333333333333,0.5,2.0,0.0,0.0,-1.0,0.7142857142857143,0.2,0.0,1.2,0.9545454545454547,-0.12121212121212119,0.5879574970484059,0.40298473249592104
0.0,1.0,0.0,1.0,0.0,1.0,0.0,0.0,0.0,0.0,0.0,0.0,0.0,0.0,0.0,1.0,0.0,1.0,0.0,1.0,-0.3076923076923077,-0.4166666666666667,-1.0,0.0,0.0,-0.5,-0.6666666666666666,-0.16666666666666666,-1.0,2.0,-0.6666666666666666,0.0,-1.0,-0.2857142857142857,-0.2,0.0,-0.2,0.0,0.25000000000000006,-0.08642266824085014,-0.19506462154759835
0.0,1.0,1.0,0.0,0.0,0.0,0.0,1.0,0.0,0.0,0.0,0.0,0.0,0.0,1.0,0.0,0.0,0.0,0.0,0.0,0.23076923076923078,1.0,0.5,0.5,0.0,0.5,2.0,0.0,-0.5,2.0,-0.3333333333333333,-1.0,0.0,-0.42857142857142855,-0.2,0.3333333333333333,-0.2,0.4999999999999999,1.222222222222222,-0.8500590318772137,-0.237097871978397
0.0,1.0,1.0,0.0,1.0,0.0,0.0,0.0,0.0,0.0,0.0,0.0,0.0,0.0,1.0,0.0,0.0,1.0,0.0,1.0,0.07692307692307693,-0.25,-1.0,0.0,0.0,0.0,1.6666666666666667,0.16666666666666666,0.5,-1.0,-0.2222222222222222,-1.0,0.0,0.14285714285714285,0.2,0.0,0.0,-0.21428571428571436,0.0,0.059031877213695266,-0.48881655605252117
0.0,1.0,1.0,0.0,0.0,0.0,0.0,1.0,0.0,0.0,0.0,0.0,0.0,0.0,1.0,0.0,0.0,0.0,1.0,0.0,0.0,0.0,0.5,-0.5,0.0,0.5,0.0,0.6666666666666666,0.0,-1.0,-0.2222222222222222,3.0,0.0,0.14285714285714285,-0.2,-0.3333333333333333,-0.4,-1.0714285714285716,-0.3333333333333333,0.059031877213695266,-0.06428238018363956
0.0,1.0,1.0,0.0,0.0,0.0,0.0,0.0,1.0,0.0,0.0,0.0,0.0,1.0,0.0,0.0,0.0,1.0,0.0,0.0,0.15384615384615385,-0.5,0.0,0.5,0.0,-1.0,-0.3333333333333333,-0.16666666666666666,-0.5,0.0,0.5555555555555556,0.0,0.0,1.4285714285714286,1.8,1.3333333333333333,1.6,0.5625,0.39583333333333337,0.6499409681227862,0.9513597395447966
0.0,1.0,0.0,1.0,0.0,1.0,0.0,0.0,0.0,0.0,0.0,0.0,0.0,0.0,0.0,1.0,0.0,0.0,0.0,0.0,0.9230769230769231,0.0,0.0,0.0,0.0,-1.0,0.6666666666666666,-0.5,-1.0,2.0,0.5555555555555556,0.0,0.0,-0.42857142857142855,-0.2,0.3333333333333333,-0.2,0.4999999999999999,1.222222222222222,-1.1227863046044864,0.08752745403640386
1.0,0.0,1.0,0.0,1.0,0.0,0.0,0.0,0.0,0.0,1.0,0.0,0.0,0.0,0.0,0.0,0.0,0.0,0.0,0.0,-0.7692307692307693,-0.5,-0.5,-1.0,-2.0,0.5,0.3333333333333333,0.0,-1.0,0.0,-0.5555555555555556,-1.0,0.0,-0.42857142857142855,-0.2,0.3333333333333333,-0.6,-1.5,1.222222222222222,-0.6682408500590319,-0.13048349782820481
0.0,1.0,1.0,0.0,0.0,0.0,1.0,0.0,0.0,0.0,0.0,0.0,0.0,0.0,1.0,0.0,0.0,1.0,0.0,0.0,-0.23076923076923078,0.5833333333333334,0.0,0.5,0.0,-0.5,-0.3333333333333333,-0.16666666666666666,0.5,0.0,-0.2222222222222222,2.0,0.0,0.42857142857142855,0.8,0.0,0.6,0.4999999999999999,-0.07407407407407407,0.54388036206218,-0.5683619542137476
0.0,1.0,1.0,0.0,1.0,0.0,0.0,0.0,0.0,0.0,0.0,0.0,0.0,0.0,0.0,0.0,0.0,0.0,0.0,1.0,1.6153846153846154,1.4166666666666667,-0.5,0.0,1.0,0.5,0.3333333333333333,0.3333333333333333,-0.5,0.0,0.2222222222222222,-1.0,-2.0,0.0,0.0,0.0,0.2,0.4999999999999999,0.05555555555555555,-0.5563527381709199,0.6045992795432541
1.0,0.0,1.0,0.0,0.0,0.0,1.0,0.0,0.0,0.0,1.0,0.0,0.0,0.0,0.0,0.0,0.0,0.0,1.0,0.0,0.15384615384615385,-0.4166666666666667,0.0,0.5,-1.0,-0.5,-0.3333333333333333,1.3333333333333333,-0.5,-1.0,-0.6666666666666666,0.0,0.0,-0.14285714285714285,0.0,0.6666666666666666,0.0,0.29999999999999993,1.0666666666666667,0.34994096812278636,-0.6843753965147222
0.0,1.0,0.0,0.0,0.0,0.0,0.0,0.0,0.0,0.0,0.0,1.0,0.0,0.0,0.0,0.0,0.0,1.0,0.0,0.0,0.46153846153846156,0.25,0.0,0.0,0.0,-1.0,-0.6666666666666666,0.0,0.0,0.0,1.2222222222222223,2.0,0.0,2.142857142857143,0.8,-0.3333333333333333,1.2,-0.21428571428571436,-0.3333333333333333,0.5879574970484059,1.1539287119732013
1.0,0.0,0.0,1.0,0.0,0.0,1.0,0.0,0.0,0.0,0.0,0.0,0.0,0.0,0.0,1.0,0.0,1.0,0.0,0.0,0.0,-0.3333333333333333,0.5,-1.0,-1.0,0.5,0.6666666666666666,-0.5,-1.0,0.0,0.6666666666666666,-1.0,0.0,1.1428571428571428,1.2,0.0,1.8,1.0714285714285714,-0.16666666666666666,0.2729356205292032,0.6304921240577117
1.0,0.0,0.0,1.0,1.0,0.0,0.0,0.0,0.0,0.0,0.0,1.0,0.0,0.0,0.0,0.0,0.0,0.0,0.0,1.0,1.1538461538461537,0.16666666666666666,0.0,0.5,0.0,-0.5,0.6666666666666666,1.6666666666666667,-1.0,0.0,2.3333333333333335,2.0,-1.0,3.4285714285714284,1.4,3.3333333333333335,1.4,-0.5000000000000001,0.5222222222222223,0.581759149940968,1.3128165650527388
1.0,0.0,1.0,0.0,1.0,0.0,0.0,0.0,0.0,0.0,1.0,0.0,0.0,0.0,0.0,0.0,0.0,0.0,0.0,0.0,0.6923076923076923,0.0,0.0,-1.0,0.0,-1.0,-0.3333333333333333,0.6666666666666666,-1.0,0.0,1.5555555555555556,-1.0,0.0,2.7142857142857144,1.2,2.6666666666666665,1.6,-0.18,0.5066666666666667,0.6990318772136952,0.03834337935509755
0.0,1.0,1.0,0.0,1.0,0.0,0.0,0.0,0.0,0.0,0.0,0.0,0.0,0.0,1.0,0.0,0.0,0.0,1.0,0.0,0.3076923076923077,-0.4166666666666667,0.5,0.0,-1.0,0.0,0.0,0.0,0.5,-1.0,-0.2222222222222222,-1.0,0.0,-0.42857142857142855,-0.2,0.3333333333333333,-0.2,0.4999999999999999,1.222222222222222,-0.9106650924832743,-0.5502155991833089
0.0,1.0,0.0,1.0,0.0,1.0,0.0,0.0,0.0,0.0,0.0,0.0,0.0,0.0,0.0,1.0,0.0,0.0,1.0,0.0,0.5384615384615384,0.16666666666666666,0.0,-1.0,-2.0,0.0,2.0,-0.16666666666666666,-0.5,-1.0,-0.3333333333333333,-1.0,-1.0,-0.14285714285714285,0.0,0.0,0.0,0.29999999999999993,0.1333333333333334,-0.30460448642266824,0.06289628564282626
0.0,1.0,1.0,0.0,0.0,0.0,1.0,0.0,0.0,0.0,1.0,0.0,0.0,0.0,0.0,0.0,0.0,1.0,0.0,1.0,-0.07692307692307693,1.3333333333333333,0.5,0.0,0.0,-1.0,0.3333333333333333,0.16666666666666666,0.0,0.0,-0.6666666666666666,0.0,0.0,-0.42857142857142855,-0.2,0.3333333333333333,-0.2,0.4999999999999999,1.222222222222222,-0.5227863046044864,-0.21013580855534808
0.0,1.0,1.0,0.0,1.0,0.0,0.0,0.0,0.0,0.0,0.0,0.0,0.0,0.0,1.0,0.0,0.0,0.0,1.0,1.0,-0.7692307692307693,-0.25,-0.5,0.0,0.0,0.5,-0.3333333333333333,1.0,-0.5,-1.0,-0.2222222222222222,-1.0,-1.0,0.42857142857142855,0.4,0.3333333333333333,-0.2,-0.8333333333333334,0.18518518518518517,0.54388036206218,-0.5280908569560916
1.0,0.0,1.0,0.0,0.0,0.0,0.0,0.0,1.0,0.0,0.0,0.0,1.0,0.0,0.0,0.0,0.0,0.0,1.0,0.0,-0.38461538461538464,1.4166666666666667,-1.0,0.5,0.0,0.5,0.0,1.0,0.5,-1.0,-0.1111111111111111,0.0,-1.0,0.0,0.2,0.0,0.2,0.4999999999999999,0.05555555555555555,-0.30460448642266824,0.043450362373606305
0.0,1.0,1.0,0.0,1.0,0.0,0.0,0.0,0.0,0.0,0.0,0.0,0.0,1.0,0.0,0.0,0.0,1.0,0.0,1.0,0.07692307692307693,0.25,0.0,0.0,1.0,0.5,-0.3333333333333333,1.8333333333333333,-1.0,0.0,0.6666666666666666,-1.0,0.0,1.5714285714285714,1.6,1.6666666666666667,1.0,-0.08823529411764708,0.49019607843137264,0.6579623584971177,0.9626585802626771
0.0,1.0,0.0,1.0,0.0,0.0,1.0,0.0,0.0,0.0,0.0,0.0,0.0,0.0,0.0,1.0,0.0,0.0,1.0,0.0,-0.15384615384615385,0.6666666666666666,-0.5,0.0,0.0,-1.0,-0.3333333333333333,-0.3333333333333333,0.5,-1.0,0.0,3.0,1.0,0.7142857142857143,1.0,2.6666666666666665,0.6,0.13636363636363624,1.575757575757576,0.5879574970484059,0.19250996265774786
0.0,1.0,1.0,0.0,1.0,0.0,0.0,0.0,0.0,0.0,0.0,0.0,0.0,1.0,0.0,0.0,0.0,1.0,0.0,0.0,1.3076923076923077,0.0,0.0,0.0,1.0,0.0,0.3333333333333333,0.8333333333333334,0.0,-1.0,2.4444444444444446,0.0,0.0,0.0,-0.4,0.0,0.0,0.0,0.05555555555555555,-1.0649350649350648,1.0341000741558082
0.0,1.0,0.0,1.0,0.0,0.0,1.0,0.0,0.0,0.0,0.0,1.0,0.0,0.0,0.0,0.0,0.0,0.0,1.0,0.0,0.3076923076923077,0.0,0.5,-0.5,0.0,-0.5,-0.3333333333333333,0.0,-0.5,-1.0,1.2222222222222223,0.0,-1.0,2.2857142857142856,1.0,3.6666666666666665,1.0,-0.40909090909090906,0.9393939393939393,0.6871310507674144,1.31214412103477
1.0,0.0,0.0,1.0,1.0,0.0,0.0,0.0,0.0,0.0,0.0,0.0,0.0,0.0,0.0,1.0,0.0,1.0,0.0,0.0,0.8461538461538461,0.16666666666666666,0.0,0.0,-2.0,0.0,1.6666666666666667,-0.5,0.0,-1.0,1.6666666666666667,0.0,-2.0,2.5714285714285716,0.4,4.333333333333333,1.4,-0.24999999999999994,1.027777777777778,0.5345563527381708,0.904922483292501
0.0,0.0,0.0,1.0,0.0,0.0,0.0,0.0,1.0,0.0,0.0,0.0,0.0,0.0,0.0,1.0,0.0,1.0,0.0,1.0,-0.46153846153846156,1.5,-0.5,0.5,0.0,0.0,1.6666666666666667,-0.3333333333333333,-0.5,0.0,-0.6666666666666666,-1.0,1.0,-0.42857142857142855,-0.2,0.3333333333333333,-0.2,0.4999999999999999,1.222222222222222,-0.5227863046044864,-0.052541824029601926
0.0,1.0,0.0,1.0,1.0,0.0,0.0,0.0,0.0,0.0,0.0,0.0,0.0,0.0,0.0,0.0,1.0,1.0,0.0,0.0,-0.38461538461538464,0.0,0.5,-0.5,-1.0,0.0,0.3333333333333333,0.16666666666666666,-0.5,-1.0,0.3333333333333333,-1.0,1.0,0.2857142857142857,0.8,1.3333333333333333,-0.2,-0.75,1.125,-0.30460448642266824,-0.7287274337699725
0.0,1.0,0.0,1.0,0.0,1.0,0.0,0.0,0.0,0.0,0.0,1.0,0.0,0.0,0.0,0.0,0.0,1.0,0.0,0.0,1.2307692307692308,-0.3333333333333333,0.5,0.0,-1.0,-1.0,-0.3333333333333333,-0.5,-1.0,-1.0,2.6666666666666665,0.0,1.0,4.142857142857143,0.6,0.0,2.6,-0.12857142857142861,-0.26666666666666666,0.7239669421487602,1.1571566226004175
1.0,0.0,1.0,0.0,1.0,0.0,0.0,0.0,0.0,0.0,0.0,0.0,1.0,0.0,0.0,0.0,0.0,0.0,0.0,0.0,-0.7692307692307693,-0.5,0.0,0.0,0.0,-0.5,-0.3333333333333333,1.0,-1.0,0.0,-0.4444444444444444,3.0,-2.0,0.14285714285714285,0.4,0.0,0.2,0.2142857142857142,0.0,0.4746162927981108,0.2339114340392554
1.0,0.0,0.0,0.0,0.0,0.0,0.0,0.0,0.0,1.0,0.0,0.0,0.0,0.0,0.0,0.0,0.0,1.0,0.0,1.0,0.6153846153846154,-0.5,1.0,-1.0,0.0,0.5,0.6666666666666666,-0.5,0.0,-1.0,0.4444444444444444,0.0,0.0,0.7142857142857143,0.8,-0.3333333333333333,-0.2,-0.9545454545454546,-0.3333333333333333,0.059031877213695266,0.13115011470597052
0.0,1.0,0.0,1.0,0.0,1.0,0.0,0.0,0.0,0.0,0.0,0.0,0.0,0.0,0.0,1.0,0.0,0.0,0.0,1.0,0.6923076923076923,0.16666666666666666,0.0,0.5,0.0,-1.0,0.6666666666666666,-0.3333333333333333,0.0,0.0,0.8888888888888888,-1.0,0.0,0.0,0.2,-0.3333333333333333,-0.2,-0.5000000000000001,-0.3333333333333333,-0.8213508979059219,0.7295042720270626
0.0,1.0,1.0,0.0,0.0,0.0,1.0,0.0,0.0,0.0,0.0,0.0,0.0,0.0,1.0,0.0,0.0,0.0,1.0,1.0,-1.2307692307692308,0.3333333333333333,0.0,0.5,-1.0,-1.0,-0.3333333333333333,0.16666666666666666,-1.0,-1.0,-1.0,-1.0,0.0,-0.5714285714285714,-0.6,-0.3333333333333333,-0.6,-1.5,-0.3333333333333333,-0.30460448642266824,-0.6238713225480478
0.0,1.0,1.0,0.0,0.0,0.0,1.0,0.0,0.0,0.0,0.0,0.0,0.0,0.0,1.0,0.0,0.0,1.0,0.0,0.0,-0.6153846153846154,1.1666666666666667,0.0,0.0,0.0,0.5,-0.3333333333333333,-0.5,0.0,0.0,-0.5555555555555556,-1.0,-2.0,0.0,-0.2,-0.3333333333333333,-0.2,-0.5000000000000001,-0.3333333333333333,0.42266824085005905,-0.5833426614653241
0.0,1.0,0.0,1.0,1.0,0.0,0.0,0.0,0.0,0.0,0.0,0.0,0.0,0.0,0.0,1.0,0.0,1.0,0.0,1.0,0.23076923076923078,1.1666666666666667,0.5,-1.0,-1.0,0.5,0.3333333333333333,-0.3333333333333333,0.5,1.0,-0.2222222222222222,-1.0,1.0,0.0,0.2,0.0,0.2,0.4999999999999999,0.05555555555555555,-0.183392365210547,0.19173181512609425
0.0,1.0,1.0,0.0,1.0,0.0,0.0,0.0,0.0,0.0,0.0,0.0,1.0,0.0,0.0,0.0,0.0,1.0,0.0,0.0,0.07692307692307693,1.0,0.0,0.0,0.0,0.0,0.3333333333333333,0.5,-1.0,2.0,-0.1111111111111111,-1.0,-1.0,-0.14285714285714285,0.0,-0.3333333333333333,-0.2,-0.29999999999999993,-0.3333333333333333,-0.5227863046044864,0.13528890879500438
0.0,1.0,0.0,1.0,1.0,0.0,0.0,0.0,0.0,0.0,0.0,0.0,0.0,0.0,0.0,1.0,0.0,1.0,0.0,0.0,-0.38461538461538464,-0.16666666666666666,0.5,-1.0,0.0,0.5,-0.3333333333333333,-0.5,-1.0,1.0,0.0,-1.0,0.0,0.7142857142857143,-0.6,-0.3333333333333333,-0.2,-0.9545454545454546,-0.3333333333333333,0.5879574970484059,0.085789041972686
0.0,1.0,1.0,0.0,0.0,0.0,1.0,0.0,0.0,0.0,0.0,0.0,0.0,0.0,1.0,0.0,0.0,0.0,1.0,0.0,-0.15384615384615385,-0.4166666666666667,0.5,0.0,-1.0,-1.0,-0.3333333333333333,-0.5,0.0,-1.0,-0.4444444444444444,0.0,0.0,0.14285714285714285,0.4,0.0,0.0,-0.21428571428571436,0.0,0.4746162927981108,-0.126779148155687
0.0,1.0,1.0,0.0,1.0,0.0,0.0,0.0,0.0,0.0,0.0,0.0,1.0,0.0,0.0,0.0,0.0,1.0,0.0,0.0,0.07692307692307693,-0.5,0.5,-0.5,0.0,-0.5,1.3333333333333333,-0.3333333333333333,-0.5,0.0,-0.2222222222222222,-1.0,-1.0,0.14285714285714285,0.4,1.0,0.0,-0.21428571428571436,1.0,0.059031877213695266,0.24133010165294969
0.0,1.0,1.0,0.0,0.0,0.0,0.0,0.0,1.0,0.0,0.0,0.0,0.0,0.0,1.0,0.0,0.0,0.0,1.0,0.0,-0.6153846153846154,-0.5,0.0,0.5,0.0,-1.0,0.0,-0.5,-0.5,-1.0,-0.5555555555555556,-1.0,-1.0,-0.2857142857142857,-0.2,0.0,-0.2,0.0,0.25000000000000006,-0.30460448642266824,-0.8364349139184465
0.0,1.0,1.0,0.0,0.0,0.0,0.0,0.0,1.0,0.0,0.0,0.0,0.0,0.0,1.0,0.0,0.0,1.0,0.0,1.0,-0.38461538461538464,-0.16666666666666666,0.5,0.0,0.0,0.5,-0.6666666666666666,-0.3333333333333333,0.0,0.0,-0.4444444444444444,1.0,0.0,0.0,-0.2,-0.3333333333333333,0.0,0.0,-0.3333333333333333,0.16292798110979928,-0.03559300101598194
0.0,1.0,1.0,0.0,1.0,0.0,0.0,0.0,0.0,0.0,0.0,0.0,0.0,1.0,0.0,0.0,0.0,1.0,0.0,1.0,1.0769230769230769,1.75,0.0,0.5,0.0,-1.0,0.6666666666666666,-0.5,-0.5,-1.0,1.6666666666666667,-1.0,0.0,-0.2857142857142857,-0.2,0.0,-0.2,0.0,0.25000000000000006,-1.1437653255835072,1.1585124787481262
1.0,0.0,1.0,0.0,0.0,0.0,0.0,0.0,1.0,0.0,0.0,0.0,0.0,0.0,1.0,0.0,0.0,1.0,0.0,1.0,0.5384615384615384,0.8333333333333334,0.0,0.0,-1.0,0.0,2.3333333333333335,0.3333333333333333,0.5,0.0,-0.4444444444444444,1.0,0.0,-0.5714285714285714,-0.6,-0.3333333333333333,-0.6,-1.5,-0.3333333333333333,-1.0838252656434475,-0.6855473547223531
0.0,1.0,0.0,1.0,0.0,1.0,0.0,0.0,0.0,0.0,0.0,0.0,0.0,0.0,0.0,0.0,1.0,0.0,0.0,0.0,-0.6923076923076923,-0.4166666666666667,-1.0,0.0,0.0,-1.0,-0.6666666666666666,-0.5,-0.5,0.0,-0.5555555555555556,0.0,0.0,-0.14285714285714285,0.0,-0.3333333333333333,-0.2,-0.29999999999999993,-0.3333333333333333,0.059031877213695266,-0.47461365190487437
0.0,1.0,0.0,1.0,1.0,0.0,0.0,0.0,0.0,0.0,0.0,0.0,0.0,0.0,0.0,1.0,0.0,0.0,0.0,1.0,0.6923076923076923,-0.25,-0.5,0.0,0.0,-1.0,0.6666666666666666,-0.5,-1.0,0.0,-0.1111111111111111,0.0,1.0,0.0,0.2,-0.3333333333333333,0.0,0.0,-0.3333333333333333,-0.30460448642266824,0.000285585033741888
0.0,0.0,0.0,0.0,0.0,0.0,0.0,0.0,0.0,0.0,0.0,1.0,0.0,0.0,0.0,0.0,0.0,0.0,1.0,1.0,1.3846153846153846,1.5833333333333333,0.0,0.5,1.0,0.5,0.0,-0.3333333333333333,0.0,-1.0,1.4444444444444444,0.0,0.0,0.0,0.0,1.0,0.2,0.4999999999999999,1.222222222222222,-0.9409681227863045,1.18347402024058
0.0,1.0,1.0,0.0,0.0,0.0,1.0,0.0,0.0,0.0,1.0,0.0,0.0,0.0,0.0,0.0,0.0,1.0,0.0,1.0,-0.07692307692307693,0.3333333333333333,0.5,0.5,0.0,0.0,1.6666666666666667,-0.5,0.0,0.0,-0.5555555555555556,0.0,0.0,-0.42857142857142855,-0.2,0.3333333333333333,-0.2,0.4999999999999999,1.222222222222222,-0.6682408500590319,-0.6021372624727394
0.0,1.0,0.0,1.0,0.0,0.0,0.0,1.0,0.0,0.0,0.0,0.0,0.0,0.0,0.0,1.0,0.0,0.0,0.0,0.0,-0.46153846153846156,0.08333333333333333,-0.5,0.0,0.0,0.0,1.0,-0.5,-1.0,0.0,0.0,-1.0,1.0,0.42857142857142855,0.2,2.0,0.8,0.8333333333333334,1.4814814814814814,0.19126328217237307,0.3550210431881067
0.0,0.0,1.0,0.0,0.0,0.0,0.0,1.0,0.0,0.0,0.0,0.0,0.0,0.0,1.0,0.0,0.0,1.0,0.0,1.0,-1.0769230769230769,1.5833333333333333,-0.5,-0.5,-1.0,0.0,-0.3333333333333333,0.0,-0.5,-1.0,-0.6666666666666666,-1.0,-1.0,-0.14285714285714285,-0.2,0.0,0.0,0.29999999999999993,0.1333333333333334,0.34994096812278636,-0.5485213814409717
0.0,1.0,0.0,0.0,0.0,0.0,0.0,0.0,0.0,0.0,0.0,1.0,0.0,0.0,0.0,0.0,0.0,1.0,0.0,1.0,1.4615384615384615,1.5833333333333333,0.5,0.0,1.0,-0.5,0.6666666666666666,0.6666666666666666,-1.0,0.0,2.7777777777777777,-3.0,0.0,0.7142857142857143,1.2,0.0,0.2,-0.40909090909090906,-0.12121212121212119,-0.789452971271153,1.30263121216343
0.0,1.0,1.0,0.0,0.0,0.0,1.0,0.0,0.0,0.0,0.0,0.0,0.0,0.0,1.0,0.0,0.0,1.0,0.0,0.0,1.3846153846153846,0.0,0.5,0.5,0.0,0.5,0.6666666666666666,0.16666666666666666,-0.5,0.0,0.4444444444444444,-1.0,-1.0,0.2857142857142857,-0.4,0.0,0.8,1.125,-0.04166666666666665,-0.37733175914994094,0.29966144939184336
0.0,0.0,1.0,0.0,0.0,0.0,1.0,0.0,0.0,0.0,0.0,0.0,1.0,0.0,0.0,0.0,0.0,1.0,0.0,0.0,-0.38461538461538464,-0.5,0.5,0.0,-2.0,0.0,-0.6666666666666666,-0.3333333333333333,0.5,0.0,-0.4444444444444444,-1.0,0.0,0.0,0.2,0.0,0.2,0.4999999999999999,0.05555555555555555,0.16292798110979928,-0.13464076474738562
0.0,1.0,0.0,1.0,0.0,0.0,1.0,0.0,0.0,0.0,0.0,0.0,0.0,0.0,0.0,0.0,1.0,0.0,1.0,0.0,-1.2307692307692308,-0.4166666666666667,0.0,0.0,-1.0,0.0,-0.3333333333333333,-0.16666666666666666,0.5,-1.0,-0.8888888888888888,0.0,-1.0,-0.42857142857142855,-0.2,-0.3333333333333333,-0.2,0.4999999999999999,-0.3333333333333333,0.059031877213695266,-0.8530654378582485
1.0,0.0,1.0,0.0,1.0,0.0,0.0,0.0,0.0,0.0,0.0,0.0,0.0,0.0,1.0,0.0,0.0,1.0,0.0,0.0,1.0,0.08333333333333333,-1.0,0.0,-1.0,-0.5,-0.3333333333333333,1.5,0.5,0.0,0.0,0.0,0.0,0.7142857142857143,0.8,0.0,0.8,0.40909090909090906,-0.12121212121212119,0.5879574970484059,0.023599364843944884
0.0,0.0,1.0,0.0,0.0,0.0,1.0,0.0,0.0,0.0,0.0,0.0,0.0,0.0,1.0,0.0,0.0,1.0,0.0,1.0,0.07692307692307693,1.5,1.0,-0.5,0.0,0.0,0.3333333333333333,0.16666666666666666,-1.0,1.0,0.5555555555555556,-1.0,0.0,1.1428571428571428,1.6,3.0,0.8,0.0,1.3333333333333333,0.3772136953955135,-0.11210408200520527
0.0,1.0,1.0,0.0,0.0,0.0,0.0,1.0,0.0,0.0,1.0,0.0,0.0,0.0,0.0,0.0,0.0,0.0,0.0,1.0,-0.8461538461538461,-0.4166666666666667,-1.0,0.5,0.0,0.0,1.3333333333333333,0.8333333333333334,0.0,0.0,-0.3333333333333333,-1.0,-1.0,-0.42857142857142855,-0.2,-0.3333333333333333,-0.2,0.4999999999999999,-0.3333333333333333,-0.8500590318772137,-0.21895881602110537
0.0,1.0,1.0,0.0,0.0,0.0,1.0,0.0,0.0,0.0,1.0,0.0,0.0,0.0,0.0,0.0,0.0,0.0,1.0,1.0,-0.5384615384615384,-0.3333333333333333,-1.0,-0.5,0.0,-1.0,-0.3333333333333333,0.6666666666666666,0.5,-1.0,0.0,0.0,0.0,0.7142857142857143,1.2,0.0,0.4,-0.1363636363636364,-0.12121212121212119,0.5879574970484059,-0.05516078011772852
0.0,1.0,0.0,1.0,0.0,0.0,1.0,0.0,0.0,0.0,0.0,0.0,0.0,0.0,0.0,0.0,1.0,1.0,0.0,0.0,-0.6153846153846154,-0.3333333333333333,0.0,-0.5,0.0,-0.5,-0.3333333333333333,0.8333333333333334,0.5,0.0,-1.0,0.0,0.0,-0.5714285714285714,-0.6,-0.3333333333333333,-0.6,-1.5,-0.3333333333333333,-0.30460448642266824,-0.5344076243189708
0.0,1.0,1.0,0.0,1.0,0.0,0.0,0.0,0.0,0.0,0.0,0.0,0.0,0.0,1.0,0.0,0.0,0.0,0.0,0.0,0.38461538461538464,0.5833333333333334,0.0,-1.0,0.0,0.0,0.6666666666666666,-0.3333333333333333,-1.0,0.0,0.3333333333333333,-1.0,0.0,0.5714285714285714,1.0,0.0,1.0,0.9000000000000001,-0.09999999999999998,0.00708382526564351,-0.6800905049634811
0.0,0.0,0.0,1.0,0.0,1.0,0.0,0.0,0.0,0.0,0.0,0.0,0.0,0.0,0.0,1.0,0.0,1.0,0.0,0.0,-0.38461538461538464,1.0833333333333333,-0.5,0.5,0.0,0.0,-0.3333333333333333,-0.16666666666666666,0.5,0.0,-0.1111111111111111,-1.0,-1.0,0.5714285714285714,1.0,-0.3333333333333333,-0.6,-1.5,-0.3333333333333333,0.5681227863046044,0.3104439525602899
0.0,1.0,0.0,1.0,1.0,0.0,0.0,0.0,0.0,0.0,0.0,0.0,0.0,0.0,0.0,1.0,0.0,1.0,0.0,0.0,-0.46153846153846156,0.75,-1.0,0.5,0.0,0.0,2.0,0.16666666666666666,0.0,1.0,-0.6666666666666666,-1.0,-1.0,-0.42857142857142855,-0.4,0.3333333333333333,-0.2,0.4999999999999999,1.222222222222222,-0.5227863046044864,0.05484198372241024
1.0,0.0,1.0,0.0,0.0,0.0,1.0,0.0,0.0,0.0,1.0,0.0,0.0,0.0,0.0,0.0,0.0,0.0,1.0,0.0,0.0,0.9166666666666666,-1.0,-0.5,0.0,0.5,-0.3333333333333333,-0.16666666666666666,-1.0,-1.0,-0.2222222222222222,-1.0,0.0,0.42857142857142855,-0.4,0.0,0.8,0.8333333333333334,-0.07407407407407407,0.54388036206218,-0.8035774456041545
0.0,1.0,1.0,0.0,1.0,0.0,0.0,0.0,0.0,0.0,0.0,0.0,0.0,1.0,0.0,0.0,0.0,1.0,0.0,0.0,1.3846153846153846,-0.3333333333333333,0.0,0.5,0.0,0.5,0.3333333333333333,0.0,-1.0,-1.0,2.888888888888889,-1.0,0.0,0.7142857142857143,1.2,-0.3333333333333333,1.2,0.9545454545454547,-0.3333333333333333,-0.8058329876511694,1.2079592173980704
0.0,1.0,0.0,1.0,0.0,1.0,0.0,0.0,0.0,0.0,0.0,0.0,0.0,0.0,0.0,1.0,0.0,0.0,1.0,0.0,0.15384615384615385,-0.4166666666666667,-0.5,0.5,0.0,-0.5,1.6666666666666667,0.3333333333333333,0.0,-1.0,0.0,-1.0,0.0,-0.5714285714285714,-0.6,-0.3333333333333333,-0.6,-1.5,-0.3333333333333333,-1.1971664698937425,0.3663656060963774
0.0,1.0,1.0,0.0,1.0,0.0,0.0,0.0,0.0,0.0,0.0,0.0,1.0,0.0,0.0,0.0,0.0,1.0,0.0,0.0,0.15384615384615385,-0.4166666666666667,0.5,0.5,0.0,0.0,2.3333333333333335,0.0,-0.5,-1.0,0.4444444444444444,0.0,0.0,-0.5714285714285714,-0.6,-0.3333333333333333,-0.6,-1.5,-0.3333333333333333,-1.2500590318772136,0.2568692409253078
1.0,0.0,1.0,0.0,1.0,0.0,0.0,0.0,0.0,0.0,0.0,0.0,1.0,0.0,0.0,0.0,0.0,0.0,1.0,0.0,0.15384615384615385,1.3333333333333333,0.0,0.5,-1.0,0.0,-0.6666666666666666,1.1666666666666667,-0.5,-1.0,0.0,-1.0,0.0,0.5714285714285714,0.8,0.0,1.0,0.9000000000000001,-0.09999999999999998,0.38961038961038963,0.6133419737396035
0.0,1.0,1.0,0.0,0.0,0.0,1.0,0.0,0.0,0.0,1.0,0.0,0.0,0.0,0.0,0.0,0.0,1.0,0.0,0.0,-0.6153846153846154,1.0,0.5,0.5,-1.0,-1.0,-0.3333333333333333,-0.3333333333333333,0.0,2.0,-0.4444444444444444,-1.0,0.0,0.14285714285714285,0.4,0.6666666666666666,0.0,-0.21428571428571436,0.6666666666666666,0.4746162927981108,-0.42725190415640446
0.0,1.0,0.0,1.0,0.0,1.0,0.0,0.0,0.0,0.0,0.0,0.0,0.0,0.0,0.0,1.0,0.0,0.0,0.0,0.0,-0.15384615384615385,-0.5,0.5,-0.5,1.0,0.5,-0.6666666666666666,-0.5,0.5,0.0,0.6666666666666666,-1.0,-1.0,1.4285714285714286,-0.4,-0.3333333333333333,1.2,0.1875,-0.3333333333333333,0.5296201125078129,0.6330431322684715
0.0,0.0,0.0,1.0,0.0,0.0,1.0,0.0,0.0,0.0,0.0,0.0,0.0,0.0,0.0,1.0,0.0,0.0,1.0,0.0,0.0,-0.5,1.0,0.5,0.0,0.5,0.6666666666666666,0.16666666666666666,-0.5,-1.0,-0.3333333333333333,3.0,0.0,-0.5714285714285714,-0.6,-0.3333333333333333,-0.6,-1.5,-0.3333333333333333,-1.1227863046044864,0.2713001228017739
1.0,0.0,1.0,0.0,1.0,0.0,0.0,0.0,0.0,0.0,0.0,0.0,0.0,0.0,1.0,0.0,0.0,0.0,1.0,1.0,-0.5384615384615384,1.4166666666666667,-0.5,0.5,-1.0,0.5,-0.3333333333333333,1.6666666666666667,-0.5,-1.0,-1.0,0.0,-1.0,-0.5714285714285714,-0.6,0.0,-0.6,-1.5,0.8333333333333334,-0.30460448642266824,-0.6847658891360722
1.0,0.0,1.0,0.0,1.0,0.0,0.0,0.0,0.0,0.0,0.0,0.0,0.0,0.0,1.0,0.0,0.0,0.0,1.0,0.0,1.3846153846153846,1.0833333333333333,0.5,0.5,0.0,0.0,0.3333333333333333,-0.3333333333333333,0.5,-1.0,1.1111111111111112,1.0,-1.0,-0.14285714285714285,0.0,-0.3333333333333333,0.0,0.29999999999999993,-0.3333333333333333,-0.9799291617473436,-0.026153413521738823
1.0,0.0,1.0,0.0,1.0,0.0,0.0,0.0,0.0,0.0,1.0,0.0,0.0,0.0,0.0,0.0,0.0,1.0,0.0,0.0,0.0,0.9166666666666666,0.5,0.0,1.0,0.5,0.6666666666666666,0.6666666666666666,0.5,1.0,-0.6666666666666666,-1.0,0.0,-0.5714285714285714,-0.6,-0.3333333333333333,-0.6,-1.5,-0.3333333333333333,-0.9591499409681227,-0.29083745203890665
0.0,1.0,0.0,1.0,0.0,1.0,0.0,0.0,0.0,0.0,0.0,0.0,0.0,0.0,0.0,1.0,0.0,1.0,0.0,0.0,0.0,0.3333333333333333,0.5,-0.5,-1.0,0.5,0.6666666666666666,-0.16666666666666666,-1.0,0.0,-0.2222222222222222,-1.0,-1.0,0.14285714285714285,0.0,-0.3333333333333333,-0.6,-1.5,-0.3333333333333333,0.059031877213695266,0.27115689033301776
0.0,0.0,1.0,0.0,0.0,0.0,0.0,0.0,1.0,0.0,0.0,0.0,0.0,0.0,1.0,0.0,0.0,1.0,0.0,0.0,-0.3076923076923077,-0.5,0.5,0.5,0.0,-1.0,0.6666666666666666,0.0,-0.5,0.0,-0.1111111111111111,0.0,-1.0,0.14285714285714285,0.4,0.0,-0.2,-0.6428571428571429,0.0,-0.08642266824085014,-0.19296422273932765
0.0,1.0,0.0,1.0,0.0,1.0,0.0,0.0,0.0,0.0,0.0,0.0,0.0,0.0,0.0,1.0,0.0,0.0,1.0,0.0,1.8461538461538463,0.75,0.5,-1.0,0.0,-1.0,2.0,0.0,0.5,-1.0,0.0,-2.0,0.0,-0.42857142857142855,-0.2,0.3333333333333333,-0.2,0.4999999999999999,1.222222222222222,-0.998819362455726,0.07335427890414868
0.0,1.0,1.0,0.0,1.0,0.0,0.0,0.0,0.0,0.0,0.0,0.0,0.0,0.0,1.0,0.0,0.0,1.0,0.0,0.0,-0.23076923076923078,0.08333333333333333,0.5,0.5,1.0,-1.0,1.3333333333333333,0.8333333333333334,-0.5,0.0,0.4444444444444444,-2.0,0.0,0.7142857142857143,1.0,2.0,0.6,0.13636363636363624,1.1515151515151516,0.059031877213695266,-0.44318315455650537
1.0,0.0,1.0,0.0,1.0,0.0,0.0,0.0,0.0,0.0,0.0,0.0,0.0,0.0,1.0,0.0,0.0,1.0,0.0,0.0,0.15384615384615385,-0.5,0.0,0.5,0.0,0.5,1.6666666666666667,0.16666666666666666,0.5,1.0,1.0,1.0,1.0,1.1428571428571428,1.6,0.3333333333333333,1.2,0.4285714285714287,0.0,0.022668240850059036,-0.052743026865579024
0.0,1.0,1.0,0.0,1.0,0.0,0.0,0.0,0.0,0.0,0.0,0.0,0.0,0.0,1.0,0.0,0.0,1.0,0.0,1.0,-0.5384615384615384,0.6666666666666666,-1.0,-0.5,-2.0,0.5,-0.6666666666666666,0.6666666666666666,-1.0,0.0,-0.4444444444444444,-1.0,-1.0,0.0,0.2,0.0,0.0,0.0,0.05555555555555555,0.16292798110979928,-0.796963975419108
0.0,1.0,0.0,1.0,0.0,0.0,1.0,0.0,0.0,0.0,0.0,0.0,0.0,0.0,0.0,1.0,0.0,0.0,1.0,0.0,1.3076923076923077,-0.5,-1.0,0.5,0.0,-1.0,1.6666666666666667,1.0,0.5,-1.0,0.8888888888888888,-1.0,1.0,1.2857142857142858,0.8,2.3333333333333335,1.4,0.4999999999999999,0.9111111111111112,0.2121419250605852,0.49131704150846045
0.0,1.0,1.0,0.0,0.0,0.0,0.0,0.0,1.0,0.0,1.0,0.0,0.0,0.0,0.0,0.0,0.0,1.0,0.0,1.0,1.4615384615384615,1.0833333333333333,-0.5,-0.5,0.0,0.5,0.3333333333333333,0.8333333333333334,0.5,0.0,0.2222222222222222,1.0,0.0,0.7142857142857143,0.8,-0.3333333333333333,1.0,0.6818181818181819,-0.3333333333333333,0.2828081009899192,0.07511550141442462
0.0,1.0,1.0,0.0,0.0,0.0,0.0,0.0,1.0,0.0,0.0,0.0,0.0,0.0,0.0,0.0,0.0,0.0,1.0,0.0,1.0769230769230769,0.25,0.0,0.5,-1.0,0.5,1.3333333333333333,0.16666666666666666,0.5,-1.0,1.1111111111111112,-1.0,0.0,-0.14285714285714285,0.0,0.0,0.0,0.29999999999999993,0.1333333333333334,-0.9799291617473436,0.7057442318217293
0.0,1.0,1.0,0.0,1.0,0.0,0.0,0.0,0.0,0.0,1.0,0.0,0.0,0.0,0.0,0.0,0.0,1.0,0.0,0.0,-0.07692307692307693,0.08333333333333333,-1.0,0.5,1.0,0.5,-0.3333333333333333,0.8333333333333334,0.5,-1.0,-1.0,-1.0,0.0,-0.5714285714285714,-0.6,-0.3333333333333333,-0.4,0.0,-0.3333333333333333,-0.30460448642266824,-0.7535896410690558
0.0,1.0,0.0,1.0,1.0,0.0,0.0,0.0,0.0,0.0,0.0,0.0,0.0,0.0,0.0,1.0,0.0,1.0,0.0,0.0,0.7692307692307693,0.25,0.0,0.0,0.0,-0.5,1.0,1.1666666666666667,0.0,2.0,0.4444444444444444,-1.0,0.0,0.42857142857142855,0.8,-0.3333333333333333,0.8,0.8333333333333334,-0.3333333333333333,-0.23187721369539555,0.3615574009727179
0.0,1.0,1.0,0.0,0.0,0.0,1.0,0.0,0.0,0.0,1.0,0.0,0.0,0.0,0.0,0.0,0.0,0.0,1.0,1.0,-1.0,0.08333333333333333,-1.0,0.5,-1.0,0.0,-0.3333333333333333,-0.5,-1.0,-1.0,-0.5555555555555556,-1.0,0.0,0.0,0.2,0.0,-0.2,-0.5000000000000001,0.05555555555555555,0.42266824085005905,-0.21608834026938598
0.0,1.0,1.0,0.0,0.0,0.0,0.0,0.0,1.0,0.0,0.0,0.0,0.0,1.0,0.0,0.0,0.0,1.0,0.0,0.0,1.3846153846153846,-0.4166666666666667,0.5,-1.0,0.0,0.0,2.3333333333333335,-0.3333333333333333,-1.0,0.0,0.6666666666666666,2.0,-2.0,-0.14285714285714285,0.0,-0.3333333333333333,0.0,0.29999999999999993,-0.3333333333333333,-0.8821445933745399,0.9490416085555307
0.0,1.0,0.0,1.0,0.0,1.0,0.0,0.0,0.0,0.0,0.0,0.0,0.0,0.0,0.0,0.0,1.0,1.0,0.0,1.0,-0.8461538461538461,1.0,-0.5,0.0,-1.0,-0.5,-0.3333333333333333,0.6666666666666666,0.0,2.0,-1.0,-1.0,0.0,-0.5714285714285714,-0.6,-0.3333333333333333,-0.6,-1.5,-0.3333333333333333,-0.30460448642266824,-0.6949752689994917
0.0,1.0,1.0,0.0,0.0,0.0,1.0,0.0,0.0,0.0,0.0,0.0,0.0,0.0,1.0,0.0,0.0,1.0,0.0,0.0,-0.6153846153846154,0.16666666666666666,0.0,0.5,0.0,0.5,-0.3333333333333333,1.5,0.5,0.0,-0.5555555555555556,0.0,-1.0,0.0,-0.2,-0.3333333333333333,0.2,0.4999999999999999,-0.3333333333333333,0.42266824085005905,-0.8410254682141105
0.0,1.0,1.0,0.0,1.0,0.0,0.0,0.0,0.0,0.0,0.0,0.0,1.0,0.0,0.0,0.0,0.0,0.0,1.0,0.0,1.5384615384615385,0.0,0.0,0.5,-2.0,0.5,0.6666666666666666,-0.5,-1.0,-1.0,3.0,0.0,-1.0,0.14285714285714285,0.2,-0.3333333333333333,-0.2,-0.6428571428571429,-0.3333333333333333,-1.0510159696762567,0.3544961927113578
0.0,1.0,1.0,0.0,1.0,0.0,0.0,0.0,0.0,0.0,0.0,0.0,0.0,0.0,1.0,0.0,0.0,0.0,1.0,1.0,0.6153846153846154,0.25,0.5,0.0,0.0,0.0,-0.3333333333333333,-0.5,0.0,-1.0,-0.4444444444444444,1.0,0.0,0.14285714285714285,0.2,-0.3333333333333333,-0.2,-0.6428571428571429,-0.3333333333333333,0.4746162927981108,-0.5080891487361047
1.0,0.0,1.0,0.0,1.0,0.0,0.0,0.0,0.0,0.0,0.0,0.0,1.0,0.0,0.0,0.0,0.0,1.0,0.0,0.0,0.6923076923076923,0.0,0.5,-1.0,1.0,0.0,0.6666666666666666,0.5,0.5,0.0,-0.1111111111111111,-2.0,0.0,-0.2857142857142857,-0.2,-0.3333333333333333,-0.2,0.0,-0.3333333333333333,-0.7409681227863046,0.23940679680424778
0.0,0.0,0.0,1.0,0.0,0.0,0.0,0.0,1.0,0.0,0.0,0.0,0.0,0.0,0.0,1.0,0.0,0.0,1.0,1.0,0.15384615384615385,0.25,0.0,0.0,0.0,0.5,-0.3333333333333333,-0.16666666666666666,-0.5,-1.0,-0.4444444444444444,-2.0,0.0,0.0,0.0,0.0,0.0,0.0,0.05555555555555555,0.16292798110979928,0.11828850740813412
0.0,1.0,1.0,0.0,0.0,0.0,0.0,1.0,0.0,0.0,0.0,0.0,0.0,0.0,1.0,0.0,0.0,1.0,0.0,0.0,0.9230769230769231,0.6666666666666666,0.5,0.0,0.0,-1.0,2.0,-0.3333333333333333,0.5,0.0,0.0,0.0,-1.0,0.42857142857142855,-0.2,2.0,0.6,0.4999999999999999,1.4814814814814814,0.19126328217237307,-0.7133103692762912
0.0,1.0,0.0,1.0,0.0,1.0,0.0,0.0,0.0,0.0,0.0,0.0,0.0,0.0,0.0,1.0,0.0,0.0,0.0,0.0,-0.23076923076923078,0.08333333333333333,0.5,0.0,0.0,0.0,-0.6666666666666666,-0.3333333333333333,0.5,-1.0,-0.4444444444444444,0.0,0.0,0.0,-0.6,0.0,-0.2,-0.5000000000000001,0.05555555555555555,0.16292798110979928,0.33379823758950755
1.0,0.0,0.0,1.0,1.0,0.0,0.0,0.0,0.0,0.0,0.0,0.0,0.0,0.0,0.0,1.0,0.0,1.0,0.0,1.0,0.3076923076923077,-0.16666666666666666,0.5,0.5,-1.0,-1.0,1.0,1.1666666666666667,0.0,0.0,1.1111111111111112,-1.0,0.0,1.8571428571428572,2.0,0.0,1.8,0.39473684210526305,-0.21052631578947367,0.4746162927981108,0.7038357830067176
0.0,1.0,1.0,0.0,0.0,0.0,1.0,0.0,0.0,0.0,0.0,0.0,0.0,0.0,0.0,0.0,0.0,1.0,0.0,1.0,0.15384615384615385,1.8333333333333333,-1.0,-0.5,0.0,-1.0,1.6666666666666667,0.8333333333333334,-0.5,-1.0,0.7777777777777778,-1.0,0.0,-0.5714285714285714,-0.6,-0.3333333333333333,-0.6,-1.5,-0.3333333333333333,-1.2743014561196377,0.274160260690099
0.0,1.0,0.0,1.0,1.0,0.0,0.0,0.0,0.0,0.0,0.0,0.0,0.0,0.0,0.0,1.0,0.0,0.0,0.0,0.0,0.38461538461538464,-0.3333333333333333,0.0,0.0,-1.0,-0.5,0.0,-0.5,0.0,0.0,0.4444444444444444,2.0,0.0,0.0,0.2,-0.3333333333333333,0.2,0.4999999999999999,-0.3333333333333333,-0.6682408500590319,0.5526301925370943
0.0,1.0,1.0,0.0,0.0,0.0,1.0,0.0,0.0,0.0,1.0,0.0,0.0,0.0,0.0,0.0,0.0,0.0,0.0,0.0,0.23076923076923078,-0.3333333333333333,-0.5,0.0,-1.0,0.0,-0.6666666666666666,0.16666666666666666,0.5,0.0,0.1111111111111111,0.0,0.0,0.7142857142857143,1.0,-0.3333333333333333,0.8,0.40909090909090906,-0.3333333333333333,0.42266824085005905,-0.4658819408159706
0.0,0.0,0.0,1.0,0.0,0.0,1.0,0.0,0.0,0.0,0.0,0.0,0.0,0.0,0.0,1.0,0.0,0.0,1.0,0.0,0.38461538461538464,0.25,-0.5,0.0,-2.0,-0.5,-0.3333333333333333,-0.16666666666666666,-1.0,-1.0,1.0,1.0,0.0,2.0,-0.2,3.3333333333333335,1.2,-0.14999999999999997,0.9500000000000002,0.6772136953955133,0.1965461191967357
0.0,0.0,0.0,1.0,1.0,0.0,0.0,0.0,0.0,0.0,0.0,1.0,0.0,0.0,0.0,0.0,0.0,0.0,1.0,0.0,-0.23076923076923078,0.8333333333333334,0.0,0.5,0.0,0.0,-0.3333333333333333,-0.5,0.5,-1.0,0.0,-1.0,0.0,0.7142857142857143,1.0,1.6666666666666667,-0.6,-1.5,0.9393939393939393,0.5879574970484059,1.1898321089633663
1.0,0.0,1.0,0.0,1.0,0.0,0.0,0.0,0.0,0.0,1.0,0.0,0.0,0.0,0.0,0.0,0.0,1.0,0.0,1.0,-0.9230769230769231,0.0,0.0,-1.0,0.0,0.0,-0.3333333333333333,0.3333333333333333,0.5,0.0,-0.4444444444444444,1.0,0.0,0.14285714285714285,0.0,0.0,-0.2,-0.6428571428571429,0.0,0.4746162927981108,-0.5244528273706475
0.0,1.0,1.0,0.0,1.0,0.0,0.0,0.0,0.0,0.0,0.0,0.0,1.0,0.0,0.0,0.0,0.0,0.0,1.0,1.0,0.15384615384615385,-0.5,0.0,0.0,0.0,0.0,0.6666666666666666,0.0,0.5,-1.0,0.0,1.0,1.0,-0.5714285714285714,-0.6,-0.3333333333333333,-0.6,-1.5,-0.3333333333333333,-1.1971664698937425,0.4302818360286157
0.0,1.0,0.0,0.0,1.0,0.0,0.0,0.0,0.0,1.0,0.0,0.0,0.0,0.0,0.0,0.0,0.0,1.0,0.0,0.0,0.0,0.08333333333333333,0.0,-1.0,-1.0,-1.0,-0.6666666666666666,1.1666666666666667,0.0,-1.0,-0.4444444444444444,0.0,0.0,0.0,0.2,-0.3333333333333333,0.0,0.0,-0.3333333333333333,0.16292798110979928,-0.7234250601606416
1.0,0.0,0.0,1.0,0.0,0.0,1.0,0.0,0.0,0.0,0.0,0.0,0.0,0.0,0.0,1.0,0.0,1.0,0.0,0.0,-0.5384615384615384,-0.5,-1.0,-0.5,0.0,0.5,-0.3333333333333333,0.0,0.5,0.0,0.1111111111111111,2.0,0.0,0.8571428571428571,1.4,1.0,-0.4,-1.2500000000000002,0.4444444444444444,0.6044864226682407,0.4371662005535277
0.0,1.0,1.0,0.0,1.0,0.0,0.0,0.0,0.0,0.0,0.0,0.0,0.0,0.0,1.0,0.0,0.0,0.0,1.0,0.0,-0.23076923076923078,0.5,-1.0,-0.5,0.0,0.5,0.3333333333333333,0.6666666666666666,-1.0,-1.0,-0.5555555555555556,1.0,0.0,-0.2857142857142857,-0.2,-0.3333333333333333,-0.2,0.0,-0.3333333333333333,-0.30460448642266824,-0.35384200504409374
0.0,1.0,1.0,0.0,0.0,0.0,1.0,0.0,0.0,0.0,0.0,0.0,0.0,1.0,0.0,0.0,0.0,1.0,0.0,0.0,-0.5384615384615384,-0.3333333333333333,0.5,-0.5,-1.0,0.0,-0.3333333333333333,0.6666666666666666,0.0,-1.0,0.0,-1.0,0.0,0.7142857142857143,-0.2,-0.3333333333333333,0.8,0.40909090909090906,-0.3333333333333333,0.5879574970484059,0.8281753488030924
0.0,1.0,0.0,0.0,0.0,0.0,0.0,0.0,0.0,1.0,0.0,0.0,0.0,0.0,0.0,0.0,0.0,0.0,0.0,1.0,0.07692307692307693,-0.08333333333333333,0.5,0.0,0.0,-1.0,0.6666666666666666,1.3333333333333333,0.5,-1.0,-0.3333333333333333,0.0,0.0,-0.2857142857142857,-0.2,-0.3333333333333333,-0.2,0.0,-0.3333333333333333,-0.577331759149941,-0.8396459786187332
0.0,1.0,1.0,0.0,1.0,0.0,0.0,0.0,0.0,0.0,0.0,0.0,0.0,1.0,0.0,0.0,0.0,0.0,0.0,1.0,0.15384615384615385,0.6666666666666666,-0.5,0.0,-1.0,0.5,-0.6666666666666666,0.0,-0.5,0.0,0.2222222222222222,0.0,0.0,0.8571428571428571,1.4,0.3333333333333333,1.2,0.75,0.05555555555555555,0.4506402688220869,0.7936235350831647
0.0,0.0,1.0,0.0,1.0,0.0,0.0,0.0,0.0,0.0,0.0,0.0,0.0,0.0,0.0,0.0,0.0,1.0,0.0,0.0,0.6923076923076923,-0.5,-1.0,0.0,-1.0,0.0,0.3333333333333333,1.5,0.5,0.0,1.6666666666666667,0.0,-1.0,2.5714285714285716,2.4,4.333333333333333,0.2,-1.0000000000000002,1.027777777777778,0.5345563527381708,0.7283523994515273
0.0,0.0,1.0,0.0,1.0,0.0,0.0,0.0,0.0,0.0,1.0,0.0,0.0,0.0,0.0,0.0,0.0,0.0,0.0,0.0,-0.9230769230769231,0.16666666666666666,0.0,0.0,-1.0,-0.5,-0.3333333333333333,-0.5,0.0,2.0,-1.0,1.0,0.0,-0.5714285714285714,-0.6,-0.3333333333333333,-0.6,-1.5,-0.3333333333333333,-0.30460448642266824,-0.5900378072688323
0.0,1.0,1.0,0.0,0.0,0.0,1.0,0.0,0.0,0.0,1.0,0.0,0.0,0.0,0.0,0.0,0.0,0.0,1.0,0.0,0.0,-0.4166666666666667,0.5,0.0,0.0,0.0,0.6666666666666666,1.1666666666666667,0.0,-1.0,0.6666666666666666,3.0,0.0,0.8571428571428571,1.0,0.6666666666666666,1.2,0.75,0.25000000000000006,0.01625112855059382,-0.6540213768347253
0.0,0.0,1.0,0.0,0.0,0.0,0.0,1.0,0.0,0.0,0.0,0.0,1.0,0.0,0.0,0.0,0.0,0.0,0.0,0.0,-0.9230769230769231,0.3333333333333333,-0.5,-1.0,1.0,0.0,-0.6666666666666666,0.6666666666666666,0.5,0.0,-0.5555555555555556,2.0,-1.0,-0.14285714285714285,-0.2,0.0,0.0,0.29999999999999993,0.1333333333333334,0.059031877213695266,-0.2108481523501201
0.0,1.0,1.0,0.0,1.0,0.0,0.0,0.0,0.0,0.0,0.0,0.0,1.0,0.0,0.0,0.0,0.0,1.0,0.0,1.0,-0.07692307692307693,0.16666666666666666,0.0,0.5,-1.0,0.0,-0.3333333333333333,1.0,-0.5,0.0,0.7777777777777778,-1.0,0.0,1.7142857142857142,2.2,1.3333333333333333,2.4,1.0000000000000002,0.3148148148148149,0.6650924832743013,0.722750440196816
1.0,0.0,1.0,0.0,0.0,0.0,1.0,0.0,0.0,0.0,0.0,0.0,1.0,0.0,0.0,0.0,0.0,1.0,0.0,0.0,1.2307692307692308,1.5,0.5,0.0,-1.0,0.5,0.3333333333333333,1.3333333333333333,0.0,-1.0,2.3333333333333335,0.0,0.0,0.5714285714285714,1.0,-0.3333333333333333,-0.6,-1.5,-0.3333333333333333,-0.7818772136953955,0.9683270847731329
0.0,1.0,1.0,0.0,0.0,0.0,1.0,0.0,0.0,0.0,0.0,0.0,1.0,0.0,0.0,0.0,0.0,0.0,0.0,1.0,1.3846153846153846,1.0,0.5,0.5,0.0,-1.0,2.3333333333333335,-0.5,-0.5,1.0,-0.1111111111111111,1.0,0.0,0.0,0.0,0.0,0.2,0.4999999999999999,0.05555555555555555,-0.30460448642266824,0.08735375546141028
0.0,1.0,1.0,0.0,1.0,0.0,0.0,0.0,0.0,0.0,0.0,0.0,0.0,0.0,1.0,0.0,0.0,0.0,0.0,0.0,0.6923076923076923,0.0,0.0,-0.5,0.0,-1.0,0.0,0.5,0.0,0.0,1.6666666666666667,-1.0,0.0,-0.5714285714285714,-0.6,-0.3333333333333333,-0.6,-1.5,-0.3333333333333333,-1.3115974934156753,0.6329451427327246
0.0,1.0,1.0,0.0,0.0,0.0,1.0,0.0,0.0,0.0,0.0,0.0,1.0,0.0,0.0,0.0,0.0,1.0,0.0,0.0,0.23076923076923078,0.25,1.0,-0.5,0.0,-1.0,0.0,-0.16666666666666666,0.5,2.0,0.0,0.0,0.0,0.2857142857142857,0.8,2.0,0.8,1.125,1.7083333333333335,-0.00708382526564351,0.06840546911606271
0.0,1.0,0.0,1.0,0.0,0.0,0.0,1.0,0.0,0.0,0.0,0.0,0.0,0.0,0.0,1.0,0.0,1.0,0.0,0.0,0.6923076923076923,-0.4166666666666667,0.0,0.5,0.0,-0.5,-0.6666666666666666,0.8333333333333334,-0.5,0.0,-0.1111111111111111,0.0,1.0,0.42857142857142855,0.8,0.6666666666666666,0.8,0.8333333333333334,0.4444444444444444,0.34994096812278636,-0.03876042305619937
1.0,0.0,1.0,0.0,1.0,0.0,0.0,0.0,0.0,0.0,0.0,0.0,0.0,0.0,1.0,0.0,0.0,0.0,0.0,1.0,-0.07692307692307693,1.5,0.5,0.5,0.0,-0.5,-0.3333333333333333,0.8333333333333334,-1.0,0.0,0.0,0.0,-1.0,0.7142857142857143,-0.2,2.0,1.0,0.6818181818181819,1.1515151515151516,0.5879574970484059,-0.8633732763248451
0.0,1.0,1.0,0.0,0.0,0.0,1.0,0.0,0.0,0.0,0.0,1.0,0.0,0.0,0.0,0.0,0.0,1.0,0.0,1.0,0.23076923076923078,0.25,-1.0,0.0,0.0,-1.0,-0.3333333333333333,0.0,0.5,-1.0,1.2222222222222223,0.0,0.0,2.2857142857142856,1.2,3.3333333333333335,1.4,-0.1363636363636364,0.8333333333333334,0.6871310507674144,1.169067136210233
0.0,1.0,1.0,0.0,1.0,0.0,0.0,0.0,0.0,0.0,0.0,0.0,0.0,0.0,1.0,0.0,0.0,1.0,0.0,1.0,-0.15384615384615385,-0.5,-0.5,-0.5,-1.0,0.5,-0.3333333333333333,-0.16666666666666666,0.5,0.0,-0.4444444444444444,0.0,0.0,0.14285714285714285,0.4,0.0,0.0,-0.21428571428571436,0.0,0.4746162927981108,-0.3080419174018974
0.0,0.0,0.0,1.0,0.0,0.0,1.0,0.0,0.0,0.0,0.0,0.0,0.0,0.0,0.0,1.0,0.0,0.0,1.0,0.0,0.6923076923076923,-0.08333333333333333,0.0,0.5,-1.0,0.5,1.3333333333333333,-0.3333333333333333,0.5,-1.0,1.4444444444444444,-1.0,0.0,2.0,0.8,3.6666666666666665,1.0,-0.29999999999999993,1.0666666666666667,0.331759149940968,0.5448156249956408
0.0,1.0,0.0,0.0,0.0,0.0,0.0,0.0,0.0,1.0,0.0,0.0,0.0,0.0,0.0,0.0,0.0,1.0,0.0,0.0,-0.8461538461538461,-0.4166666666666667,0.0,0.0,0.0,-0.5,0.6666666666666666,0.0,0.0,-1.0,-0.4444444444444444,0.0,0.0,-0.42857142857142855,-0.6,0.0,-0.2,0.4999999999999999,0.4444444444444444,-0.7721369539551358,-0.7886522645488124
0.0,0.0,1.0,0.0,0.0,0.0,1.0,0.0,0.0,0.0,0.0,0.0,0.0,1.0,0.0,0.0,0.0,0.0,0.0,1.0,0.07692307692307693,-0.5,0.5,-1.0,0.0,0.5,0.0,0.6666666666666666,-1.0,1.0,0.5555555555555556,-1.0,0.0,0.0,-0.2,-0.3333333333333333,-0.2,-0.5000000000000001,-0.3333333333333333,-0.7136953955135773,0.9528319833223867
0.0,1.0,1.0,0.0,0.0,0.0,1.0,0.0,0.0,0.0,1.0,0.0,0.0,0.0,0.0,0.0,0.0,1.0,0.0,1.0,-1.0769230769230769,0.08333333333333333,-1.0,0.0,0.0,-1.0,-0.3333333333333333,0.5,0.0,-1.0,-1.0,3.0,0.0,-0.5714285714285714,-0.6,-0.3333333333333333,-0.6,-1.5,-0.3333333333333333,-0.30460448642266824,-0.7009154330212414
0.0,1.0,1.0,0.0,0.0,0.0,1.0,0.0,0.0,0.0,1.0,0.0,0.0,0.0,0.0,0.0,0.0,0.0,1.0,1.0,0.6923076923076923,-0.16666666666666666,1.0,0.0,-2.0,-1.0,-0.3333333333333333,0.0,-1.0,-1.0,0.0,0.0,0.0,0.7142857142857143,0.8,0.0,0.2,-0.40909090909090906,-0.12121212121212119,0.5879574970484059,0.13545408727346175
1.0,0.0,1.0,0.0,1.0,0.0,0.0,0.0,0.0,0.0,0.0,0.0,0.0,0.0,0.0,0.0,0.0,1.0,0.0,1.0,0.46153846153846156,-0.4166666666666667,0.0,0.5,0.0,0.5,0.0,0.0,0.0,0.0,1.5555555555555556,0.0,-2.0,2.142857142857143,1.0,4.0,1.2,-0.21428571428571436,1.1111111111111112,0.34994096812278636,0.671358291526962
0.0,1.0,1.0,0.0,0.0,0.0,1.0,0.0,0.0,0.0,0.0,0.0,0.0,0.0,1.0,0.0,0.0,0.0,1.0,0.0,-0.15384615384615385,1.6666666666666667,-0.5,0.5,0.0,-0.5,0.0,0.16666666666666666,0.5,-1.0,-0.1111111111111111,0.0,0.0,-0.2857142857142857,-0.2,0.0,-0.2,0.0,0.25000000000000006,-0.7409681227863046,-0.736118229159932
0.0,1.0,1.0,0.0,1.0,0.0,0.0,0.0,0.0,0.0,0.0,0.0,1.0,0.0,0.0,0.0,0.0,0.0,0.0,0.0,-0.15384615384615385,0.08333333333333333,1.0,-0.5,0.0,-1.0,0.3333333333333333,0.0,0.0,0.0,-0.3333333333333333,0.0,0.0,-0.7142857142857143,-0.6,-0.3333333333333333,-0.6,-1.5,-0.3333333333333333,-1.395513577331759,0.021926297982630818
0.0,1.0,1.0,0.0,1.0,0.0,0.0,0.0,0.0,0.0,0.0,1.0,0.0,0.0,0.0,0.0,0.0,0.0,1.0,0.0,1.0,-0.5,0.0,0.0,0.0,0.0,0.6666666666666666,0.0,-1.0,-1.0,1.4444444444444444,-1.0,0.0,0.42857142857142855,0.8,-0.3333333333333333,-0.6,-1.5,-0.3333333333333333,-0.6682408500590319,1.0697686476945372
0.0,1.0,1.0,0.0,0.0,0.0,0.0,0.0,1.0,0.0,0.0,0.0,0.0,0.0,0.0,0.0,0.0,0.0,0.0,0.0,0.0,0.08333333333333333,0.0,0.0,0.0,0.0,-0.3333333333333333,-0.16666666666666666,-0.5,2.0,0.7777777777777778,-1.0,0.0,1.7142857142857142,2.2,3.6666666666666665,1.0,-0.16666666666666674,1.222222222222222,0.6650924832743013,0.6687191915895885
0.0,1.0,1.0,0.0,1.0,0.0,0.0,0.0,0.0,0.0,0.0,0.0,0.0,0.0,1.0,0.0,0.0,0.0,1.0,0.0,-0.5384615384615384,0.6666666666666666,0.0,0.0,0.0,0.5,-0.3333333333333333,0.8333333333333334,-1.0,-1.0,-0.4444444444444444,-2.0,0.0,0.14285714285714285,0.4,0.0,0.4,0.6428571428571429,0.0,0.4746162927981108,-0.7242388921734382
0.0,1.0,1.0,0.0,1.0,0.0,0.0,0.0,0.0,0.0,0.0,0.0,0.0,0.0,1.0,0.0,0.0,1.0,0.0,0.0,-0.6923076923076923,-0.08333333333333333,0.0,0.5,-1.0,0.0,-0.3333333333333333,-0.16666666666666666,0.0,0.0,-0.6666666666666666,-3.0,0.0,-0.14285714285714285,-0.2,0.3333333333333333,-0.2,-0.29999999999999993,0.6000000000000001,0.34994096812278636,-0.6464877626691522
1.0,0.0,0.0,0.0,0.0,0.0,0.0,0.0,0.0,1.0,0.0,0.0,0.0,0.0,0.0,0.0,0.0,0.0,1.0,0.0,0.0,-0.4166666666666667,-1.0,-0.5,-1.0,0.5,-0.3333333333333333,1.1666666666666667,0.5,-1.0,0.0,-1.0,-1.0,0.7142857142857143,-0.4,-0.3333333333333333,1.0,0.6818181818181819,-0.3333333333333333,0.5879574970484059,-0.24101262861682302
0.0,1.0,0.0,1.0,1.0,0.0,0.0,0.0,0.0,0.0,0.0,0.0,0.0,0.0,0.0,0.0,1.0,1.0,0.0,0.0,-0.07692307692307693,0.0,-1.0,0.5,0.0,0.0,-0.3333333333333333,-0.16666666666666666,-1.0,0.0,-1.0,0.0,0.0,-0.5714285714285714,-0.6,-0.3333333333333333,-0.6,-1.5,-0.3333333333333333,-0.30460448642266824,-0.6985349224685453
1.0,0.0,1.0,0.0,0.0,0.0,1.0,0.0,0.0,0.0,1.0,0.0,0.0,0.0,0.0,0.0,0.0,1.0,0.0,0.0,0.5384615384615384,1.1666666666666667,0.0,0.5,0.0,0.5,1.6666666666666667,1.0,-1.0,0.0,-0.2222222222222222,-2.0,0.0,-0.2857142857142857,-0.2,0.0,-0.2,0.0,0.25000000000000006,-0.6682408500590319,-0.7582189146980932
0.0,1.0,1.0,0.0,0.0,0.0,1.0,0.0,0.0,0.0,1.0,0.0,0.0,0.0,0.0,0.0,0.0,0.0,1.0,0.0,-0.07692307692307693,-0.5,0.0,0.5,-1.0,-1.0,-0.3333333333333333,0.8333333333333334,-0.5,-1.0,-0.7777777777777778,0.0,0.0,-0.2857142857142857,-0.6,0.0,-0.2,0.0,0.25000000000000006,0.24085005903187715,-0.6804792454253555
1.0,0.0,0.0,1.0,0.0,1.0,0.0,0.0,0.0,0.0,0.0,0.0,0.0,0.0,0.0,1.0,0.0,1.0,0.0,0.0,1.3076923076923077,-0.4166666666666667,0.0,0.0,-1.0,-0.5,0.0,-0.3333333333333333,-1.0,0.0,2.2222222222222223,-1.0,0.0,1.4285714285714286,0.8,1.6666666666666667,1.8,0.75,0.5416666666666667,-0.33979510225844534,0.38865745696400333
0.0,1.0,0.0,1.0,0.0,0.0,1.0,0.0,0.0,0.0,0.0,0.0,0.0,0.0,0.0,1.0,0.0,0.0,0.0,0.0,-0.38461538461538464,-0.08333333333333333,0.5,-1.0,1.0,0.5,0.6666666666666666,1.3333333333333333,0.5,1.0,0.3333333333333333,1.0,1.0,0.2857142857142857,0.8,1.3333333333333333,0.8,1.125,1.125,-0.30460448642266824,0.08300096983138959
1.0,0.0,1.0,0.0,0.0,0.0,1.0,0.0,0.0,0.0,0.0,0.0,0.0,1.0,0.0,0.0,0.0,0.0,1.0,1.0,1.0769230769230769,1.25,1.0,0.0,-2.0,0.5,-0.3333333333333333,-0.16666666666666666,0.5,-1.0,2.4444444444444446,-1.0,0.0,3.857142857142857,0.6,4.0,1.2,-0.6818181818181819,0.5858585858585859,0.7201889020070837,1.0078173748781623
0.0,1.0,1.0,0.0,0.0,0.0,0.0,0.0,1.0,0.0,1.0,0.0,0.0,0.0,0.0,0.0,0.0,1.0,0.0,0.0,-0.8461538461538461,-0.5,0.0,-1.0,0.0,0.5,0.6666666666666666,-0.5,-0.5,0.0,-0.3333333333333333,-1.0,-1.0,-0.2857142857142857,-0.2,-0.3333333333333333,-0.2,0.0,-0.3333333333333333,-0.577331759149941,-0.4174653210113451
0.0,1.0,1.0,0.0,0.0,0.0,1.0,0.0,0.0,0.0,0.0,0.0,0.0,0.0,0.0,0.0,0.0,1.0,0.0,0.0,0.23076923076923078,-0.08333333333333333,-1.0,0.5,-1.0,-1.0,0.6666666666666666,0.16666666666666666,-1.0,0.0,-0.1111111111111111,2.0,0.0,0.2857142857142857,0.8,0.0,0.8,1.125,-0.04166666666666665,0.13175914994096796,0.6587569614851695
0.0,1.0,1.0,0.0,1.0,0.0,0.0,0.0,0.0,0.0,0.0,0.0,0.0,1.0,0.0,0.0,0.0,0.0,1.0,0.0,-0.15384615384615385,0.0,0.5,-1.0,0.0,-0.5,-0.6666666666666666,-0.5,0.0,-1.0,0.3333333333333333,1.0,0.0,1.0,0.6,0.3333333333333333,1.6,1.0384615384615385,0.025641025641025682,0.4746162927981108,0.8328744378872708
0.0,1.0,1.0,0.0,0.0,0.0,0.0,1.0,0.0,0.0,0.0,0.0,1.0,0.0,0.0,0.0,0.0,0.0,1.0,0.0,-0.07692307692307693,0.0,0.0,0.0,0.0,0.0,0.3333333333333333,1.1666666666666667,-0.5,-1.0,0.7777777777777778,0.0,1.0,0.42857142857142855,0.4,0.0,0.6,0.4999999999999999,-0.07407407407407407,-0.4258166076347895,0.6804447840349845
0.0,1.0,1.0,0.0,1.0,0.0,0.0,0.0,0.0,0.0,1.0,0.0,0.0,0.0,0.0,0.0,0.0,0.0,1.0,0.0,-1.2307692307692308,-0.3333333333333333,0.0,-1.0,-1.0,0.0,-0.3333333333333333,-0.3333333333333333,-1.0,-1.0,-0.8888888888888888,-1.0,-1.0,-0.42857142857142855,-0.2,0.0,-0.2,0.4999999999999999,0.4444444444444444,0.059031877213695266,-0.47712319181210044
0.0,1.0,1.0,0.0,0.0,0.0,1.0,0.0,0.0,0.0,1.0,0.0,0.0,0.0,0.0,0.0,0.0,1.0,0.0,0.0,-0.6923076923076923,-0.4166666666666667,-1.0,-1.0,0.0,-0.5,2.3333333333333335,-0.3333333333333333,0.5,0.0,-0.4444444444444444,0.0,0.0,-0.42857142857142855,-0.2,0.3333333333333333,-0.2,0.4999999999999999,1.222222222222222,-0.7721369539551358,-0.34943634690445946
0.0,1.0,0.0,1.0,1.0,0.0,0.0,0.0,0.0,0.0,0.0,0.0,0.0,0.0,0.0,1.0,0.0,0.0,1.0,1.0,-0.6923076923076923,-0.4166666666666667,0.0,0.5,0.0,0.0,-0.3333333333333333,-0.5,-1.0,-1.0,-0.5555555555555556,0.0,0.0,0.0,0.2,-0.3333333333333333,0.2,0.4999999999999999,-0.3333333333333333,0.42266824085005905,-0.10591368737656687
0.0,1.0,1.0,0.0,1.0,0.0,0.0,0.0,0.0,0.0,0.0,1.0,0.0,0.0,0.0,0.0,0.0,1.0,0.0,0.0,1.2307692307692308,-0.5,-0.5,0.5,0.0,0.5,0.0,0.16666666666666666,-0.5,0.0,1.7777777777777777,-1.0,-1.0,0.5714285714285714,1.0,2.0,1.0,0.9000000000000001,1.3,-0.6682408500590319,1.1707963599046265
1.0,0.0,1.0,0.0,0.0,0.0,0.0,1.0,0.0,0.0,1.0,0.0,0.0,0.0,0.0,0.0,0.0,1.0,0.0,0.0,-0.3076923076923077,0.5,0.0,0.0,-1.0,-0.5,-0.3333333333333333,1.0,0.0,0.0,-0.8888888888888888,-1.0,0.0,-0.42857142857142855,-0.2,0.3333333333333333,-0.2,0.4999999999999999,1.222222222222222,0.059031877213695266,-0.5728662214528127
0.0,1.0,1.0,0.0,1.0,0.0,0.0,0.0,0.0,0.0,0.0,1.0,0.0,0.0,0.0,0.0,0.0,1.0,0.0,0.0,1.0769230769230769,1.8333333333333333,0.5,-0.5,-1.0,0.0,-0.6666666666666666,0.16666666666666666,-0.5,0.0,2.0,-1.0,0.0,3.142857142857143,1.4,4.666666666666667,0.8,-0.75,0.9166666666666667,0.6358343850506858,1.167838038898373
1.0,0.0,1.0,0.0,1.0,0.0,0.0,0.0,0.0,0.0,0.0,0.0,0.0,1.0,0.0,0.0,0.0,0.0,1.0,1.0,1.0,0.25,0.5,0.0,0.0,-1.0,2.3333333333333335,-0.5,0.5,-1.0,1.3333333333333333,1.0,0.0,-0.2857142857142857,-0.2,0.0,-0.2,0.0,0.25000000000000006,-1.110928597094605,1.2543029552252867
0.0,1.0,1.0,0.0,1.0,0.0,0.0,0.0,0.0,0.0,1.0,0.0,0.0,0.0,0.0,0.0,0.0,0.0,1.0,1.0,-0.3076923076923077,1.5,0.5,-1.0,0.0,0.5,-0.3333333333333333,1.6666666666666667,0.0,-1.0,-1.0,-1.0,-2.0,-0.5714285714285714,-0.6,-0.3333333333333333,-0.4,0.0,-0.3333333333333333,-0.30460448642266824,-0.5549754953457623
1.0,0.0,1.0,0.0,0.0,0.0,1.0,0.0,0.0,0.0,1.0,0.0,0.0,0.0,0.0,0.0,0.0,0.0,0.0,0.0,-0.15384615384615385,1.0,0.0,0.0,0.0,-0.5,0.6666666666666666,-0.16666666666666666,0.0,1.0,0.5555555555555556,-1.0,1.0,0.8571428571428571,1.0,1.3333333333333333,1.4,1.0000000000000002,0.638888888888889,0.1044864226682408,-0.11317546742335392
0.0,1.0,1.0,0.0,1.0,0.0,0.0,0.0,0.0,0.0,1.0,0.0,0.0,0.0,0.0,0.0,0.0,0.0,0.0,0.0,0.0,-0.3333333333333333,-0.5,-1.0,0.0,0.5,1.0,1.3333333333333333,-1.0,0.0,-0.3333333333333333,-1.0,0.0,-0.5714285714285714,-0.6,-0.3333333333333333,-0.6,-1.5,-0.3333333333333333,-1.1227863046044864,-0.5414383752699411
0.0,1.0,1.0,0.0,1.0,0.0,0.0,0.0,0.0,0.0,0.0,0.0,0.0,0.0,0.0,0.0,0.0,0.0,1.0,0.0,1.2307692307692308,0.0,0.5,-0.5,0.0,-0.5,1.6666666666666667,0.8333333333333334,0.5,-1.0,0.8888888888888888,1.0,0.0,0.42857142857142855,0.6,1.0,-0.6,-1.5,0.7037037037037037,-0.4768532902504195,0.7011027807634992
0.0,1.0,1.0,0.0,0.0,0.0,1.0,0.0,0.0,0.0,1.0,0.0,0.0,0.0,0.0,0.0,0.0,0.0,1.0,0.0,-0.46153846153846156,-0.4166666666666667,-1.0,-0.5,-1.0,0.5,-0.6666666666666666,-0.16666666666666666,0.5,-1.0,-0.4444444444444444,0.0,0.0,0.0,0.0,0.0,-0.2,-0.5000000000000001,0.05555555555555555,0.16292798110979928,-0.5808878374387852
0.0,0.0,0.0,1.0,0.0,0.0,1.0,0.0,0.0,0.0,0.0,1.0,0.0,0.0,0.0,0.0,0.0,0.0,0.0,0.0,1.6923076923076923,-0.4166666666666667,0.0,-0.5,0.0,-0.5,0.6666666666666666,1.3333333333333333,0.5,0.0,3.0,-3.0,-1.0,1.5714285714285714,1.2,4.333333333333333,2.2,0.9705882352941175,1.5882352941176472,-0.4768532902504195,1.1246672211720288
1.0,0.0,1.0,0.0,1.0,0.0,0.0,0.0,0.0,0.0,0.0,1.0,0.0,0.0,0.0,0.0,0.0,0.0,0.0,0.0,0.46153846153846156,0.08333333333333333,0.0,-0.5,0.0,0.5,-0.3333333333333333,-0.16666666666666666,-0.5,0.0,1.5555555555555556,1.0,-1.0,2.7142857142857144,0.8,4.333333333333333,1.2,-0.42000000000000004,0.9733333333333335,0.6990318772136952,1.2422288066639444
0.0,1.0,0.0,1.0,0.0,1.0,0.0,0.0,0.0,0.0,0.0,0.0,0.0,0.0,0.0,1.0,0.0,0.0,1.0,0.0,1.0,0.3333333333333333,0.5,0.5,0.0,0.5,0.3333333333333333,-0.3333333333333333,0.0,-1.0,-0.2222222222222222,-2.0,1.0,0.0,-0.4,-0.3333333333333333,0.2,0.4999999999999999,-0.3333333333333333,-0.183392365210547,-0.09976324438796408
0.0,1.0,0.0,1.0,0.0,0.0,1.0,0.0,0.0,0.0,0.0,0.0,0.0,0.0,0.0,1.0,0.0,0.0,0.0,0.0,0.5384615384615384,1.5,0.0,0.0,-1.0,0.5,1.0,-0.16666666666666666,0.0,0.0,0.8888888888888888,2.0,0.0,-0.5714285714285714,-0.6,-0.3333333333333333,-0.6,-1.5,-0.3333333333333333,-1.2806810414465915,0.7327750787696532
0.0,1.0,1.0,0.0,0.0,0.0,1.0,0.0,0.0,0.0,0.0,0.0,0.0,0.0,1.0,0.0,0.0,0.0,0.0,0.0,0.3076923076923077,-0.4166666666666667,0.0,0.0,0.0,0.0,0.0,0.0,0.0,0.0,-0.2222222222222222,0.0,1.0,-0.2857142857142857,-0.4,0.0,-0.2,0.0,0.25000000000000006,-0.6682408500590319,-0.7222056137638382
0.0,1.0,1.0,0.0,0.0,0.0,1.0,0.0,0.0,0.0,0.0,1.0,0.0,0.0,0.0,0.0,0.0,0.0,1.0,1.0,1.4615384615384615,-0.5,0.0,0.5,0.0,-1.0,-0.6666666666666666,0.0,0.0,-1.0,3.0,-1.0,0.0,4.428571428571429,1.4,1.0,2.0,-0.4459459459459459,-0.08108108108108106,0.671472068601255,1.2735091073343274
1.0,0.0,1.0,0.0,1.0,0.0,0.0,0.0,0.0,0.0,1.0,0.0,0.0,0.0,0.0,0.0,0.0,1.0,0.0,0.0,-0.3076923076923077,0.0,0.0,-0.5,1.0,-0.5,-0.3333333333333333,1.0,0.0,-1.0,-0.5555555555555556,0.0,-2.0,0.0,-0.4,-0.3333333333333333,0.0,0.0,-0.3333333333333333,0.42266824085005905,-0.5553163993841209
0.0,0.0,1.0,0.0,0.0,0.0,1.0,0.0,0.0,0.0,0.0,1.0,0.0,0.0,0.0,0.0,0.0,0.0,1.0,0.0,1.4615384615384615,-0.4166666666666667,-1.0,0.0,-1.0,-1.0,1.6666666666666667,0.16666666666666666,-0.5,-1.0,2.3333333333333335,0.0,1.0,0.5714285714285714,0.8,1.6666666666666667,-0.2,-0.9,1.0666666666666667,-0.7818772136953955,1.1514863659184897
0.0,1.0,1.0,0.0,1.0,0.0,0.0,0.0,0.0,0.0,0.0,0.0,0.0,0.0,1.0,0.0,0.0,0.0,0.0,1.0,-0.38461538461538464,-0.4166666666666667,0.5,0.0,0.0,0.5,-0.6666666666666666,0.6666666666666666,-0.5,0.0,-0.7777777777777778,-1.0,-2.0,-0.42857142857142855,-0.2,0.3333333333333333,-0.2,0.4999999999999999,1.222222222222222,-0.30460448642266824,-0.5896842560761034
0.0,1.0,1.0,0.0,0.0,0.0,0.0,0.0,1.0,0.0,1.0,0.0,0.0,0.0,0.0,0.0,0.0,0.0,0.0,0.0,0.5384615384615384,1.6666666666666667,0.0,0.5,1.0,-0.5,1.0,-0.3333333333333333,0.0,0.0,-0.2222222222222222,-3.0,0.0,0.14285714285714285,0.2,-0.3333333333333333,-0.2,-0.6428571428571429,-0.3333333333333333,0.059031877213695266,-0.02478458583108903
0.0,1.0,1.0,0.0,0.0,0.0,0.0,0.0,1.0,0.0,0.0,0.0,0.0,0.0,0.0,0.0,0.0,0.0,1.0,0.0,-0.15384615384615385,-0.4166666666666667,0.5,0.0,0.0,0.5,-0.3333333333333333,-0.5,0.5,-1.0,0.4444444444444444,-1.0,1.0,1.2857142857142858,1.6,1.0,1.6,0.6999999999999998,0.2888888888888889,0.6408500590318772,0.2761572620505433
0.0,1.0,1.0,0.0,0.0,0.0,1.0,0.0,0.0,0.0,0.0,0.0,0.0,0.0,1.0,0.0,0.0,0.0,1.0,1.0,0.3076923076923077,-0.4166666666666667,-1.0,0.5,-1.0,0.5,-0.6666666666666666,1.0,0.5,-1.0,-0.5555555555555556,-1.0,-1.0,-0.14285714285714285,-0.2,0.3333333333333333,0.0,0.29999999999999993,0.6000000000000001,0.059031877213695266,-0.7234250601606416
0.0,0.0,1.0,0.0,1.0,0.0,0.0,0.0,0.0,0.0,0.0,0.0,0.0,0.0,1.0,0.0,0.0,0.0,1.0,0.0,0.46153846153846156,1.3333333333333333,-0.5,0.5,-1.0,0.0,-0.3333333333333333,-0.3333333333333333,0.5,-1.0,1.1111111111111112,-1.0,0.0,2.142857142857143,1.2,0.6666666666666666,0.8,-0.5000000000000001,0.0,0.6824085005903185,-0.13749569578627197
0.0,1.0,1.0,0.0,0.0,0.0,1.0,0.0,0.0,0.0,0.0,0.0,1.0,0.0,0.0,0.0,0.0,0.0,0.0,0.0,-0.6153846153846154,1.6666666666666667,0.0,-0.5,-2.0,-1.0,-0.6666666666666666,1.1666666666666667,-0.5,0.0,-0.4444444444444444,2.0,-1.0,0.0,0.0,-0.3333333333333333,-0.6,-1.5,-0.3333333333333333,0.16292798110979928,-0.024589199417473513
1.0,0.0,1.0,0.0,0.0,0.0,1.0,0.0,0.0,0.0,1.0,0.0,0.0,0.0,0.0,0.0,0.0,0.0,1.0,0.0,0.3076923076923077,0.75,0.5,-1.0,-1.0,0.0,1.3333333333333333,0.0,0.5,-1.0,0.0,3.0,0.0,-0.5714285714285714,-0.6,-0.3333333333333333,-0.6,-1.5,-0.3333333333333333,-1.1971664698937425,0.01688940161706896
0.0,1.0,1.0,0.0,0.0,0.0,1.0,0.0,0.0,0.0,0.0,0.0,0.0,0.0,1.0,0.0,0.0,0.0,1.0,0.0,-0.07692307692307693,1.6666666666666667,-1.0,0.0,-1.0,-1.0,-0.3333333333333333,-0.5,0.5,-1.0,-0.4444444444444444,0.0,-1.0,0.14285714285714285,0.4,0.0,-0.4,-1.0714285714285716,0.0,0.4746162927981108,-0.6390132362816973
0.0,1.0,1.0,0.0,1.0,0.0,0.0,0.0,0.0,0.0,1.0,0.0,0.0,0.0,0.0,0.0,0.0,1.0,0.0,0.0,-0.3076923076923077,0.0,-0.5,0.5,0.0,0.0,-0.3333333333333333,0.6666666666666666,-1.0,0.0,0.0,0.0,0.0,0.7142857142857143,0.2,0.0,-0.4,-1.2272727272727273,-0.12121212121212119,0.5879574970484059,-0.023417721422302334
0.0,1.0,1.0,0.0,0.0,0.0,1.0,0.0,0.0,0.0,0.0,0.0,1.0,0.0,0.0,0.0,0.0,1.0,0.0,0.0,-0.15384615384615385,-0.5,-0.5,-1.0,0.0,-0.5,-0.3333333333333333,0.16666666666666666,0.0,-1.0,-0.5555555555555556,-1.0,0.0,0.0,-0.2,0.0,0.0,0.0,0.05555555555555555,0.42266824085005905,-0.13903651621742916
0.0,1.0,1.0,0.0,1.0,0.0,0.0,0.0,0.0,0.0,1.0,0.0,0.0,0.0,0.0,0.0,0.0,0.0,0.0,1.0,-0.07692307692307693,-0.4166666666666667,0.0,-1.0,0.0,-1.0,-0.3333333333333333,-0.3333333333333333,0.5,0.0,-1.0,-1.0,0.0,-0.5714285714285714,-0.6,-0.3333333333333333,-0.6,-1.5,-0.3333333333333333,-0.30460448642266824,-0.8391865921412583
0.0,1.0,0.0,1.0,0.0,0.0,1.0,0.0,0.0,0.0,0.0,0.0,0.0,0.0,0.0,0.0,1.0,0.0,1.0,0.0,-1.2307692307692308,-0.4166666666666667,0.0,0.0,0.0,0.0,-0.3333333333333333,0.8333333333333334,-1.0,-1.0,-0.8888888888888888,0.0,0.0,-0.42857142857142855,-0.2,0.3333333333333333,-0.2,0.4999999999999999,1.222222222222222,0.059031877213695266,-0.5590744144778806
0.0,1.0,1.0,0.0,1.0,0.0,0.0,0.0,0.0,0.0,0.0,1.0,0.0,0.0,0.0,0.0,0.0,1.0,0.0,0.0,1.2307692307692308,-0.25,-0.5,0.5,0.0,0.5,0.0,-0.16666666666666666,0.5,-1.0,2.3333333333333335,-1.0,-2.0,0.0,-0.2,0.0,0.2,0.4999999999999999,0.05555555555555555,-1.0546044864226682,1.139986064678626
0.0,1.0,1.0,0.0,0.0,0.0,1.0,0.0,0.0,0.0,1.0,0.0,0.0,0.0,0.0,0.0,0.0,1.0,0.0,0.0,1.0,-0.3333333333333333,-0.5,0.0,-1.0,-1.0,0.6666666666666666,1.8333333333333333,-1.0,0.0,0.0,0.0,0.0,-0.2857142857142857,-0.2,0.0,-0.2,0.0,0.25000000000000006,-0.8004722550177096,-0.04193840759045866
0.0,0.0,1.0,0.0,1.0,0.0,0.0,0.0,0.0,0.0,1.0,0.0,0.0,0.0,0.0,0.0,0.0,0.0,1.0,0.0,0.6153846153846154,-0.16666666666666666,0.0,0.0,-1.0,0.0,0.3333333333333333,0.0,0.5,-1.0,-0.3333333333333333,2.0,0.0,0.0,-0.2,-0.3333333333333333,0.0,0.0,-0.3333333333333333,-0.031877213695395555,-0.43744127977356323
0.0,0.0,0.0,1.0,0.0,0.0,0.0,0.0,1.0,0.0,0.0,0.0,0.0,0.0,0.0,1.0,0.0,0.0,0.0,0.0,0.0,0.08333333333333333,0.5,-1.0,0.0,0.5,0.6666666666666666,-0.16666666666666666,0.5,1.0,0.2222222222222222,0.0,0.0,0.2857142857142857,0.8,-0.3333333333333333,0.8,1.125,-0.3333333333333333,-0.2206884025065844,0.014079579741559137
0.0,1.0,1.0,0.0,0.0,0.0,0.0,1.0,0.0,0.0,0.0,0.0,0.0,0.0,1.0,0.0,0.0,1.0,0.0,0.0,-0.3076923076923077,-0.16666666666666666,0.5,-0.5,1.0,0.5,0.3333333333333333,0.5,0.5,1.0,-0.4444444444444444,0.0,0.0,-0.2857142857142857,-0.2,-0.3333333333333333,-0.2,0.0,-0.3333333333333333,-0.46044864226682414,-0.39328588857808094
0.0,1.0,1.0,0.0,1.0,0.0,0.0,0.0,0.0,0.0,0.0,0.0,0.0,0.0,1.0,0.0,0.0,0.0,1.0,0.0,-1.0769230769230769,-0.5,-0.5,0.5,0.0,0.0,-0.6666666666666666,-0.3333333333333333,0.5,-1.0,-0.6666666666666666,-1.0,1.0,-0.2857142857142857,-0.2,0.0,-0.2,0.0,0.25000000000000006,-0.08642266824085014,-0.37533384766996025
0.0,1.0,1.0,0.0,0.0,0.0,1.0,0.0,0.0,0.0,0.0,0.0,0.0,0.0,0.0,0.0,0.0,0.0,0.0,0.0,0.07692307692307693,1.5,-0.5,0.0,-1.0,0.5,1.6666666666666667,-0.16666666666666666,0.0,1.0,-0.1111111111111111,-1.0,0.0,0.14285714285714285,-0.2,0.0,0.0,-0.21428571428571436,0.0,-0.08642266824085014,0.12915709084454194
0.0,0.0,1.0,0.0,0.0,0.0,1.0,0.0,0.0,0.0,1.0,0.0,0.0,0.0,0.0,0.0,0.0,0.0,1.0,0.0,-0.46153846153846156,-0.4166666666666667,0.0,0.0,0.0,0.5,-0.6666666666666666,0.0,0.0,-1.0,0.2222222222222222,-1.0,-1.0,0.8571428571428571,0.8,1.6666666666666667,0.8,0.2500000000000001,0.8333333333333334,0.4506402688220869,-0.6371537289033009
0.0,1.0,1.0,0.0,1.0,0.0,0.0,0.0,0.0,0.0,1.0,0.0,0.0,0.0,0.0,0.0,0.0,1.0,0.0,1.0,-0.23076923076923078,1.75,0.5,-0.5,0.0,0.0,-0.3333333333333333,-0.3333333333333333,-0.5,0.0,0.5555555555555556,0.0,0.0,1.4285714285714286,2.2,1.3333333333333333,0.8,-0.1875,0.39583333333333337,0.6499409681227862,0.03779457586796555
0.0,1.0,0.0,1.0,0.0,1.0,0.0,0.0,0.0,0.0,0.0,0.0,0.0,0.0,0.0,1.0,0.0,1.0,0.0,0.0,0.38461538461538464,0.08333333333333333,0.0,0.0,0.0,-0.5,1.0,1.1666666666666667,0.0,0.0,0.4444444444444444,0.0,0.0,0.0,0.2,0.0,0.2,0.4999999999999999,0.05555555555555555,-0.6682408500590319,-0.12417295538538885
0.0,1.0,1.0,0.0,1.0,0.0,0.0,0.0,0.0,0.0,0.0,0.0,1.0,0.0,0.0,0.0,0.0,1.0,0.0,0.0,0.38461538461538464,1.75,0.5,-1.0,-1.0,-0.5,-0.6666666666666666,1.5,0.0,0.0,1.2222222222222223,0.0,0.0,2.142857142857143,0.8,-0.3333333333333333,1.4,-0.07142857142857151,-0.3333333333333333,0.5879574970484059,0.9505174350965903
1.0,0.0,1.0,0.0,1.0,0.0,0.0,0.0,0.0,0.0,0.0,0.0,0.0,0.0,1.0,0.0,0.0,0.0,0.0,0.0,-0.5384615384615384,0.25,0.0,0.5,0.0,-0.5,-0.6666666666666666,0.0,0.5,1.0,-0.2222222222222222,-1.0,-1.0,0.2857142857142857,0.4,0.0,-0.4,-1.125,-0.04166666666666665,0.3014561196379378,-0.3993458459574709
0.0,1.0,0.0,1.0,1.0,0.0,0.0,0.0,0.0,0.0,0.0,0.0,0.0,0.0,0.0,1.0,0.0,1.0,0.0,0.0,1.1538461538461537,0.5833333333333334,-0.5,0.0,0.0,0.5,0.6666666666666666,-0.5,0.0,0.0,0.8888888888888888,-1.0,-1.0,0.2857142857142857,0.8,-0.3333333333333333,0.8,1.125,-0.3333333333333333,-0.591685826135587,-0.013131733543858697
0.0,1.0,0.0,1.0,1.0,0.0,0.0,0.0,0.0,0.0,0.0,0.0,0.0,0.0,0.0,1.0,0.0,0.0,1.0,1.0,1.3076923076923077,1.4166666666666667,0.5,-1.0,0.0,-1.0,1.3333333333333333,-0.16666666666666666,-0.5,-1.0,0.5555555555555556,-1.0,-1.0,-0.42857142857142855,-0.2,0.3333333333333333,-0.2,0.4999999999999999,1.222222222222222,-1.1227863046044864,0.7013764339539134
0.0,1.0,1.0,0.0,1.0,0.0,0.0,0.0,0.0,0.0,0.0,0.0,1.0,0.0,0.0,0.0,0.0,0.0,0.0,0.0,0.5384615384615384,0.08333333333333333,0.0,-1.0,0.0,-0.5,0.6666666666666666,1.1666666666666667,0.0,0.0,-0.6666666666666666,-1.0,1.0,-0.5714285714285714,-0.6,-0.3333333333333333,-0.6,-1.5,-0.3333333333333333,-0.9591499409681227,-0.04672534387918187
1.0,0.0,0.0,1.0,0.0,0.0,0.0,0.0,1.0,0.0,0.0,0.0,0.0,0.0,0.0,0.0,1.0,0.0,1.0,0.0,-0.5384615384615384,1.4166666666666667,0.0,0.0,1.0,-1.0,-0.3333333333333333,0.5,0.5,-1.0,-1.0,0.0,0.0,-0.5714285714285714,-0.6,-0.3333333333333333,-0.6,-1.5,-0.3333333333333333,-0.30460448642266824,-1.450963426712455
1.0,0.0,1.0,0.0,1.0,0.0,0.0,0.0,0.0,0.0,1.0,0.0,0.0,0.0,0.0,0.0,0.0,1.0,0.0,0.0,-0.3076923076923077,1.4166666666666667,0.5,-1.0,0.0,0.5,-0.3333333333333333,0.16666666666666666,0.5,1.0,0.0,-1.0,0.0,0.7142857142857143,1.0,1.0,0.8,0.40909090909090906,0.5151515151515152,0.5879574970484059,0.05627884374442527
0.0,1.0,1.0,0.0,0.0,0.0,0.0,0.0,1.0,0.0,1.0,0.0,0.0,0.0,0.0,0.0,0.0,0.0,1.0,1.0,-0.6153846153846154,-0.16666666666666666,0.5,0.0,0.0,0.0,-0.3333333333333333,-0.16666666666666666,0.0,-1.0,-0.8888888888888888,0.0,-1.0,-0.42857142857142855,-0.2,0.3333333333333333,-0.2,0.4999999999999999,1.222222222222222,0.059031877213695266,-0.3568827529522665
0.0,1.0,1.0,0.0,1.0,0.0,0.0,0.0,0.0,0.0,0.0,0.0,0.0,0.0,1.0,0.0,0.0,0.0,1.0,1.0,-0.6923076923076923,0.8333333333333334,0.5,0.5,0.0,0.0,-0.3333333333333333,-0.16666666666666666,0.5,-1.0,-0.2222222222222222,-1.0,0.0,0.42857142857142855,-0.2,2.0,0.8,0.8333333333333334,1.4814814814814814,0.54388036206218,-0.7025057500011718
1.0,0.0,0.0,1.0,0.0,1.0,0.0,0.0,0.0,0.0,0.0,0.0,0.0,0.0,0.0,1.0,0.0,0.0,1.0,0.0,-0.07692307692307693,-0.5,0.0,0.0,0.0,0.0,-0.3333333333333333,0.0,-1.0,-1.0,0.0,0.0,1.0,0.7142857142857143,0.8,-0.3333333333333333,1.0,0.6818181818181819,-0.3333333333333333,0.5879574970484059,0.5366112483822875
0.0,1.0,1.0,0.0,1.0,0.0,0.0,0.0,0.0,0.0,0.0,0.0,1.0,0.0,0.0,0.0,0.0,1.0,0.0,1.0,0.46153846153846156,-0.5,-0.5,0.5,-1.0,0.5,2.3333333333333335,-0.16666666666666666,0.5,0.0,-0.2222222222222222,1.0,0.0,-0.14285714285714285,0.0,-0.3333333333333333,-0.2,-0.29999999999999993,-0.3333333333333333,-0.4258166076347895,0.1826585622027368
0.0,1.0,1.0,0.0,0.0,0.0,1.0,0.0,0.0,0.0,0.0,1.0,0.0,0.0,0.0,0.0,0.0,0.0,1.0,0.0,-0.15384615384615385,-0.16666666666666666,0.0,0.0,-1.0,-1.0,0.0,-0.3333333333333333,0.5,-1.0,0.4444444444444444,3.0,0.0,0.8571428571428571,1.4,1.3333333333333333,1.0,0.4999999999999999,0.638888888888889,0.20448642266824069,0.8035888563859378
0.0,1.0,0.0,1.0,0.0,0.0,0.0,1.0,0.0,0.0,0.0,0.0,0.0,0.0,0.0,1.0,0.0,1.0,0.0,1.0,-0.8461538461538461,-0.3333333333333333,-1.0,0.0,0.0,-1.0,-0.3333333333333333,0.6666666666666666,0.5,-1.0,-0.5555555555555556,0.0,0.0,0.0,0.0,-0.3333333333333333,0.0,0.0,-0.3333333333333333,0.42266824085005905,-0.16834116920528708
0.0,1.0,1.0,0.0,0.0,0.0,1.0,0.0,0.0,0.0,1.0,0.0,0.0,0.0,0.0,0.0,0.0,0.0,0.0,0.0,-0.15384615384615385,1.0,-0.5,-0.5,0.0,0.5,-0.6666666666666666,-0.5,0.0,0.0,-0.7777777777777778,-1.0,0.0,-0.42857142857142855,-0.2,0.0,-0.2,0.4999999999999999,0.4444444444444444,-0.30460448642266824,-0.6017791947514237
0.0,1.0,1.0,0.0,0.0,0.0,1.0,0.0,0.0,0.0,0.0,0.0,0.0,0.0,1.0,0.0,0.0,0.0,0.0,0.0,-0.6923076923076923,-0.08333333333333333,0.5,-1.0,-1.0,0.0,-0.6666666666666666,-0.3333333333333333,0.0,1.0,-0.4444444444444444,2.0,-1.0,0.0,0.0,-0.3333333333333333,0.0,0.0,-0.3333333333333333,0.16292798110979928,-0.7886522645488124
1.0,0.0,1.0,0.0,1.0,0.0,0.0,0.0,0.0,0.0,1.0,0.0,0.0,0.0,0.0,0.0,0.0,1.0,0.0,0.0,-0.15384615384615385,0.16666666666666666,0.5,0.5,0.0,-1.0,0.6666666666666666,0.5,0.0,0.0,0.1111111111111111,0.0,-1.0,0.2857142857142857,-0.4,-0.3333333333333333,0.8,1.125,-0.3333333333333333,-0.12278630460448638,0.06289628564282626
0.0,1.0,1.0,0.0,0.0,0.0,1.0,0.0,0.0,0.0,1.0,0.0,0.0,0.0,0.0,0.0,0.0,1.0,0.0,1.0,-0.23076923076923078,0.5833333333333334,0.0,0.0,0.0,0.5,1.0,-0.16666666666666666,0.0,0.0,-0.2222222222222222,-1.0,-2.0,0.0,0.2,-0.3333333333333333,0.2,0.4999999999999999,-0.3333333333333333,-0.183392365210547,-0.6859383279500191
0.0,1.0,1.0,0.0,0.0,0.0,0.0,1.0,0.0,0.0,1.0,0.0,0.0,0.0,0.0,0.0,0.0,0.0,0.0,0.0,-0.6923076923076923,1.0,0.0,0.5,-1.0,-1.0,-0.3333333333333333,-0.5,-1.0,1.0,-0.3333333333333333,0.0,0.0,0.2857142857142857,0.8,-0.3333333333333333,0.8,1.125,-0.3333333333333333,0.5135773317591499,-0.19787237382383616
0.0,1.0,1.0,0.0,0.0,0.0,1.0,0.0,0.0,0.0,1.0,0.0,0.0,0.0,0.0,0.0,0.0,1.0,0.0,0.0,-0.07692307692307693,-0.5,0.5,0.5,-1.0,0.0,1.3333333333333333,-0.3333333333333333,-0.5,0.0,0.0,-1.0,0.0,0.42857142857142855,-0.6,0.0,0.8,0.8333333333333334,-0.07407407407407407,0.19126328217237307,-0.7582189146980932
0.0,1.0,0.0,1.0,0.0,1.0,0.0,0.0,0.0,0.0,0.0,0.0,0.0,0.0,0.0,1.0,0.0,1.0,0.0,0.0,-0.07692307692307693,-0.5,1.0,0.0,0.0,-0.5,-0.3333333333333333,-0.16666666666666666,-1.0,1.0,0.0,0.0,0.0,0.7142857142857143,1.0,-0.3333333333333333,0.6,0.13636363636363624,-0.3333333333333333,0.5879574970484059,0.35907886321915
0.0,1.0,1.0,0.0,0.0,0.0,0.0,0.0,1.0,0.0,0.0,0.0,0.0,0.0,1.0,0.0,0.0,1.0,0.0,0.0,-1.0,0.25,0.0,0.5,1.0,0.0,0.0,0.3333333333333333,0.5,0.0,-0.6666666666666666,-1.0,0.0,-0.42857142857142855,-0.2,0.3333333333333333,-0.2,0.4999999999999999,1.222222222222222,-0.5227863046044864,-0.8396459786187332
0.0,1.0,1.0,0.0,0.0,0.0,0.0,0.0,1.0,0.0,0.0,0.0,0.0,0.0,0.0,0.0,0.0,0.0,0.0,0.0,0.6923076923076923,-0.5,0.5,-1.0,0.0,-0.5,-0.3333333333333333,-0.3333333333333333,-1.0,2.0,0.0,1.0,0.0,0.7142857142857143,1.0,2.0,0.8,0.40909090909090906,1.1515151515151516,0.5879574970484059,0.37796095674388985
1.0,0.0,1.0,0.0,0.0,0.0,1.0,0.0,0.0,0.0,1.0,0.0,0.0,0.0,0.0,0.0,0.0,0.0,1.0,0.0,-0.38461538461538464,1.8333333333333333,-0.5,0.0,-1.0,-0.5,-0.6666666666666666,-0.5,-0.5,-1.0,-0.4444444444444444,-1.0,1.0,0.0,0.2,0.0,0.2,0.4999999999999999,0.05555555555555555,0.16292798110979928,-0.34641922839079303
0.0,0.0,1.0,0.0,0.0,0.0,1.0,0.0,0.0,0.0,0.0,0.0,0.0,1.0,0.0,0.0,0.0,1.0,0.0,0.0,0.8461538461538461,-0.5,-1.0,0.0,0.0,-0.5,-0.6666666666666666,0.6666666666666666,-1.0,1.0,0.4444444444444444,0.0,-2.0,1.1428571428571428,1.0,1.3333333333333333,1.8,1.0714285714285714,0.5000000000000001,0.49539551357733175,0.8299302617489485
0.0,1.0,0.0,1.0,0.0,0.0,0.0,0.0,1.0,0.0,0.0,1.0,0.0,0.0,0.0,0.0,0.0,1.0,0.0,1.0,0.7692307692307693,-0.4166666666666667,0.0,0.0,-2.0,-0.5,0.3333333333333333,-0.3333333333333333,-0.5,0.0,2.0,-1.0,-1.0,0.2857142857142857,0.8,2.0,0.8,1.125,1.7083333333333335,-0.8688678093066806,1.1580607409999886
0.0,1.0,1.0,0.0,1.0,0.0,0.0,0.0,0.0,0.0,0.0,0.0,0.0,0.0,1.0,0.0,0.0,0.0,1.0,1.0,0.46153846153846156,0.8333333333333334,-0.5,0.5,1.0,-1.0,0.3333333333333333,-0.16666666666666666,0.0,-1.0,0.0,-2.0,0.0,-0.2857142857142857,-0.2,-0.3333333333333333,-0.2,0.0,-0.3333333333333333,-0.8004722550177096,0.2557052746993061
1.0,0.0,0.0,1.0,0.0,1.0,0.0,0.0,0.0,0.0,0.0,0.0,0.0,0.0,0.0,1.0,0.0,1.0,0.0,1.0,-0.07692307692307693,0.9166666666666666,0.5,0.5,0.0,0.0,-0.6666666666666666,0.6666666666666666,0.0,0.0,-0.5555555555555556,-3.0,-1.0,-0.14285714285714285,-0.2,0.6666666666666666,-0.2,-0.29999999999999993,1.0666666666666667,0.059031877213695266,-0.07740757638546088
0.0,1.0,1.0,0.0,1.0,0.0,0.0,0.0,0.0,0.0,0.0,1.0,0.0,0.0,0.0,0.0,0.0,0.0,1.0,1.0,1.4615384615384615,-0.4166666666666667,0.0,0.0,0.0,0.5,0.0,-0.16666666666666666,0.0,-1.0,2.2222222222222223,-1.0,0.0,0.0,0.2,0.0,-0.2,-0.5000000000000001,0.05555555555555555,-1.043607418973988,1.1459537932250405
1.0,0.0,0.0,0.0,1.0,0.0,0.0,0.0,0.0,1.0,0.0,0.0,0.0,0.0,0.0,0.0,0.0,1.0,0.0,0.0,-0.15384615384615385,0.3333333333333333,0.0,0.0,-1.0,-0.5,0.6666666666666666,-0.5,0.5,1.0,0.4444444444444444,2.0,1.0,0.7142857142857143,1.2,0.0,1.0,0.6818181818181819,-0.12121212121212119,0.059031877213695266,-0.10336386049337613
0.0,1.0,1.0,0.0,0.0,0.0,0.0,1.0,0.0,0.0,0.0,0.0,0.0,1.0,0.0,0.0,0.0,1.0,0.0,1.0,0.6923076923076923,-0.08333333333333333,0.5,0.5,0.0,-1.0,0.6666666666666666,0.0,-0.5,-1.0,0.7777777777777778,0.0,1.0,-0.7142857142857143,-0.6,-0.3333333333333333,-0.6,-1.5,-0.3333333333333333,-1.395513577331759,0.9274172177489555
0.0,0.0,1.0,0.0,0.0,0.0,1.0,0.0,0.0,0.0,0.0,0.0,0.0,0.0,0.0,0.0,0.0,0.0,0.0,0.0,-0.3076923076923077,0.6666666666666666,0.5,0.0,0.0,0.5,1.0,0.6666666666666666,-0.5,0.0,-0.1111111111111111,3.0,0.0,0.0,-0.4,0.0,-0.2,-0.5000000000000001,0.05555555555555555,-0.30460448642266824,0.2733031202673917
0.0,1.0,0.0,0.0,1.0,0.0,0.0,0.0,0.0,0.0,0.0,1.0,0.0,0.0,0.0,0.0,0.0,0.0,0.0,1.0,1.1538461538461537,-0.16666666666666666,0.0,0.0,0.0,-0.5,-0.3333333333333333,-0.5,-0.5,0.0,2.5555555555555554,-1.0,0.0,4.0,1.2,-0.3333333333333333,1.4,-0.6176470588235294,-0.3333333333333333,0.7221334814917701,0.9820129267687278
0.0,0.0,1.0,0.0,1.0,0.0,0.0,0.0,0.0,0.0,1.0,0.0,0.0,0.0,0.0,0.0,0.0,1.0,0.0,0.0,-0.46153846153846156,-0.3333333333333333,0.0,0.0,0.0,0.5,0.6666666666666666,0.16666666666666666,0.0,0.0,-0.1111111111111111,0.0,-2.0,0.0,0.0,0.0,0.2,0.4999999999999999,0.05555555555555555,-0.30460448642266824,-0.8286813641404703
0.0,0.0,0.0,1.0,0.0,0.0,1.0,0.0,0.0,0.0,0.0,0.0,0.0,0.0,0.0,1.0,0.0,0.0,1.0,1.0,0.07692307692307693,1.0,-0.5,-1.0,0.0,-0.5,-0.3333333333333333,-0.16666666666666666,0.5,-1.0,0.0,-1.0,0.0,0.7142857142857143,-0.6,-0.3333333333333333,1.2,0.9545454545454547,-0.3333333333333333,0.5879574970484059,0.4033588726155227
1.0,0.0,1.0,0.0,1.0,0.0,0.0,0.0,0.0,0.0,0.0,0.0,1.0,0.0,0.0,0.0,0.0,0.0,1.0,0.0,-0.15384615384615385,-0.4166666666666667,-0.5,0.5,0.0,0.0,0.0,-0.5,0.5,-1.0,-0.5555555555555556,0.0,-1.0,-0.2857142857142857,-0.2,-0.3333333333333333,-0.2,0.0,-0.3333333333333333,-0.30460448642266824,-0.2056366208341364
0.0,1.0,1.0,0.0,0.0,0.0,1.0,0.0,0.0,0.0,0.0,0.0,1.0,0.0,0.0,0.0,0.0,0.0,1.0,1.0,1.3846153846153846,0.25,0.0,0.0,0.0,-1.0,1.3333333333333333,0.8333333333333334,0.5,-1.0,-0.1111111111111111,0.0,0.0,0.0,-0.2,0.0,0.2,0.4999999999999999,0.05555555555555555,-0.30460448642266824,-0.11403344382978053
1.0,0.0,1.0,0.0,1.0,0.0,0.0,0.0,0.0,0.0,1.0,0.0,0.0,0.0,0.0,0.0,0.0,0.0,1.0,0.0,1.0,1.75,-0.5,-1.0,-1.0,-1.0,0.3333333333333333,1.0,-1.0,-1.0,1.1111111111111112,-1.0,0.0,-0.14285714285714285,0.0,0.0,0.0,0.29999999999999993,0.1333333333333334,-0.9799291617473436,-0.1481116948639872
1.0,0.0,1.0,0.0,1.0,0.0,0.0,0.0,0.0,0.0,0.0,0.0,0.0,0.0,1.0,0.0,0.0,0.0,0.0,1.0,-0.6153846153846154,-0.08333333333333333,0.0,0.0,-1.0,0.0,-0.3333333333333333,0.0,0.5,0.0,-0.7777777777777778,-1.0,0.0,-0.2857142857142857,-0.4,-0.3333333333333333,-0.2,0.0,-0.3333333333333333,0.24085005903187715,-0.5868605585167586
0.0,1.0,0.0,1.0,1.0,0.0,0.0,0.0,0.0,0.0,0.0,0.0,0.0,0.0,0.0,1.0,0.0,0.0,1.0,0.0,0.15384615384615385,0.75,0.0,-0.5,0.0,-0.5,0.0,-0.3333333333333333,-0.5,-1.0,-0.2222222222222222,2.0,1.0,-0.2857142857142857,-0.2,0.0,-0.2,0.0,0.25000000000000006,-0.6682408500590319,-0.16743290396706387
0.0,1.0,1.0,0.0,1.0,0.0,0.0,0.0,0.0,0.0,1.0,0.0,0.0,0.0,0.0,0.0,0.0,0.0,1.0,0.0,-0.7692307692307693,1.5,0.0,-1.0,-2.0,0.0,-0.3333333333333333,-0.3333333333333333,0.0,-1.0,-1.0,-1.0,-1.0,-0.5714285714285714,-0.6,-0.3333333333333333,-0.4,0.0,-0.3333333333333333,-0.30460448642266824,-0.7435667907966387
0.0,0.0,1.0,0.0,0.0,0.0,1.0,0.0,0.0,0.0,1.0,0.0,0.0,0.0,0.0,0.0,0.0,0.0,1.0,0.0,-0.7692307692307693,0.0,0.0,0.5,0.0,0.5,-0.3333333333333333,1.0,0.0,-1.0,-0.3333333333333333,2.0,0.0,0.2857142857142857,0.8,1.3333333333333333,0.8,1.125,1.125,0.5135773317591499,-0.6349270988504901
1.0,0.0,1.0,0.0,1.0,0.0,0.0,0.0,0.0,0.0,0.0,0.0,0.0,0.0,1.0,0.0,0.0,0.0,1.0,0.0,-0.38461538461538464,-0.3333333333333333,0.0,0.5,0.0,0.0,-0.3333333333333333,-0.3333333333333333,-1.0,-1.0,-0.3333333333333333,-1.0,-2.0,0.2857142857142857,-0.2,2.0,0.8,1.125,1.7083333333333335,0.5135773317591499,-0.19366384143885262
0.0,1.0,1.0,0.0,0.0,0.0,1.0,0.0,0.0,0.0,0.0,1.0,0.0,0.0,0.0,0.0,0.0,0.0,1.0,0.0,-0.3076923076923077,0.25,0.0,0.0,0.0,0.5,0.0,1.8333333333333333,-0.5,-1.0,0.0,2.0,1.0,0.0,-0.2,-0.3333333333333333,-0.6,-1.5,-0.3333333333333333,-0.40377804014167656,0.7713429225270536
0.0,1.0,0.0,1.0,0.0,1.0,0.0,0.0,0.0,0.0,0.0,0.0,0.0,0.0,0.0,1.0,0.0,0.0,0.0,0.0,0.3076923076923077,-0.4166666666666667,-0.5,0.5,0.0,-0.5,1.6666666666666667,-0.3333333333333333,0.0,1.0,-0.2222222222222222,2.0,0.0,0.0,0.2,0.0,0.0,0.0,0.05555555555555555,-0.183392365210547,0.12649322543690103
0.0,1.0,1.0,0.0,1.0,0.0,0.0,0.0,0.0,0.0,0.0,0.0,0.0,0.0,1.0,0.0,0.0,0.0,0.0,0.0,1.6923076923076923,1.3333333333333333,0.5,-1.0,0.0,0.0,-0.3333333333333333,-0.3333333333333333,0.5,1.0,-0.8888888888888888,0.0,0.0,-0.42857142857142855,-0.2,0.3333333333333333,-0.2,0.4999999999999999,1.222222222222222,0.059031877213695266,-0.7113002499293367
0.0,1.0,1.0,0.0,1.0,0.0,0.0,0.0,0.0,0.0,0.0,0.0,0.0,1.0,0.0,0.0,0.0,0.0,1.0,0.0,0.46153846153846156,1.3333333333333333,1.0,-1.0,0.0,0.5,0.0,0.0,-0.5,-1.0,0.6666666666666666,-1.0,0.0,-0.5714285714285714,-0.6,-0.3333333333333333,-0.6,-1.5,-0.3333333333333333,-1.2671713313424542,1.1070147931947627
0.0,1.0,0.0,0.0,0.0,0.0,0.0,0.0,1.0,1.0,0.0,0.0,0.0,0.0,0.0,0.0,0.0,1.0,0.0,0.0,-0.15384615384615385,0.16666666666666666,0.5,-1.0,0.0,0.0,-0.3333333333333333,0.16666666666666666,0.5,-1.0,-0.8888888888888888,-3.0,0.0,-0.42857142857142855,-0.2,0.3333333333333333,-0.2,0.4999999999999999,1.222222222222222,0.059031877213695266,-0.5732135869493028
0.0,1.0,0.0,1.0,0.0,1.0,0.0,0.0,0.0,0.0,0.0,0.0,0.0,0.0,0.0,1.0,0.0,1.0,0.0,0.0,0.3076923076923077,-0.25,0.5,0.0,-1.0,0.5,1.6666666666666667,-0.5,-1.0,0.0,0.5555555555555556,-1.0,-1.0,1.0,1.6,0.3333333333333333,1.6,1.0384615384615385,0.025641025641025682,0.24085005903187715,0.7377920233560995
0.0,1.0,0.0,1.0,1.0,0.0,0.0,0.0,0.0,0.0,0.0,0.0,0.0,0.0,0.0,1.0,0.0,0.0,1.0,0.0,-0.15384615384615385,-0.3333333333333333,-0.5,0.5,-2.0,0.5,1.0,-0.3333333333333333,-1.0,-1.0,-0.4444444444444444,0.0,0.0,-0.42857142857142855,-0.2,0.3333333333333333,-0.2,0.4999999999999999,1.222222222222222,-0.7721369539551358,0.17745737364366618
0.0,0.0,0.0,0.0,1.0,0.0,0.0,0.0,0.0,1.0,0.0,0.0,0.0,0.0,0.0,0.0,0.0,0.0,0.0,0.0,-0.6153846153846154,-0.5,-0.5,0.0,0.0,0.5,-0.3333333333333333,0.16666666666666666,-0.5,0.0,-0.7777777777777778,-1.0,0.0,-0.2857142857142857,-0.2,0.3333333333333333,-0.2,0.0,0.8333333333333334,0.24085005903187715,-0.5858038252030843
1.0,0.0,1.0,0.0,1.0,0.0,0.0,0.0,0.0,0.0,0.0,0.0,0.0,0.0,0.0,0.0,0.0,1.0,0.0,0.0,0.3076923076923077,-0.5,0.5,0.0,-1.0,-0.5,-0.3333333333333333,1.3333333333333333,0.5,0.0,1.3333333333333333,0.0,-1.0,2.4285714285714284,0.0,3.3333333333333335,1.6,-0.06521739130434778,0.7826086956521741,0.6914429444073712,0.9458008371514642
0.0,1.0,0.0,1.0,0.0,0.0,0.0,0.0,1.0,0.0,0.0,0.0,0.0,0.0,0.0,1.0,0.0,1.0,0.0,1.0,-0.3076923076923077,0.08333333333333333,-0.5,0.0,-1.0,-0.5,-0.3333333333333333,-0.5,0.5,-1.0,0.3333333333333333,-1.0,0.0,1.1428571428571428,1.8,3.3333333333333335,1.2,0.4285714285714287,1.5,0.6304604486422668,0.04162957995296028
0.0,1.0,1.0,0.0,1.0,0.0,0.0,0.0,0.0,0.0,0.0,1.0,0.0,0.0,0.0,0.0,0.0,1.0,0.0,0.0,0.9230769230769231,-0.5,0.5,0.5,-1.0,-1.0,1.6666666666666667,-0.5,-1.0,0.0,1.2222222222222223,0.0,-2.0,-0.2857142857142857,-0.2,-0.3333333333333333,-0.2,0.0,-0.3333333333333333,-1.0979929161747344,1.071192741535124
1.0,0.0,0.0,1.0,0.0,1.0,0.0,0.0,0.0,0.0,0.0,0.0,0.0,0.0,0.0,1.0,0.0,1.0,0.0,0.0,0.0,0.0,0.0,-1.0,1.0,-1.0,0.0,0.3333333333333333,0.5,0.0,0.7777777777777778,-1.0,-1.0,1.4285714285714286,0.8,1.6666666666666667,2.0,0.9375,0.5416666666666667,0.42266824085005905,-0.07225901049137858
0.0,0.0,1.0,0.0,0.0,0.0,1.0,0.0,0.0,0.0,0.0,0.0,1.0,0.0,0.0,0.0,0.0,0.0,0.0,0.0,0.46153846153846156,1.1666666666666667,-0.5,0.0,0.0,0.0,0.0,0.3333333333333333,-0.5,0.0,0.1111111111111111,2.0,0.0,0.0,0.0,-0.3333333333333333,-0.2,-0.5000000000000001,-0.3333333333333333,-0.48642266824085,0.048349169007433
1.0,0.0,1.0,0.0,1.0,0.0,0.0,0.0,0.0,0.0,1.0,0.0,0.0,0.0,0.0,0.0,0.0,0.0,0.0,1.0,1.6923076923076923,-0.4166666666666667,-1.0,0.5,-1.0,0.5,2.3333333333333335,0.0,0.5,0.0,-0.7777777777777778,0.0,-1.0,-0.5714285714285714,-0.6,-0.3333333333333333,-0.6,-1.5,-0.3333333333333333,-0.8500590318772137,-0.7080928519364565
0.0,0.0,0.0,1.0,0.0,1.0,0.0,0.0,0.0,0.0,0.0,0.0,0.0,0.0,0.0,1.0,0.0,1.0,0.0,0.0,-0.15384615384615385,-0.25,0.5,0.0,0.0,0.0,2.3333333333333335,0.16666666666666666,-1.0,0.0,-0.4444444444444444,0.0,0.0,-0.2857142857142857,-0.2,0.0,-0.2,0.0,0.25000000000000006,-0.46044864226682414,0.2546856367566454
0.0,1.0,1.0,0.0,0.0,0.0,1.0,0.0,0.0,0.0,1.0,0.0,0.0,0.0,0.0,0.0,0.0,1.0,0.0,0.0,-0.15384615384615385,-0.16666666666666666,-0.5,-0.5,-1.0,0.5,-0.3333333333333333,0.0,0.0,0.0,0.5555555555555556,0.0,1.0,1.4285714285714286,1.4,1.0,2.0,0.9375,0.25000000000000006,0.6499409681227862,-0.2168051490501296
0.0,1.0,1.0,0.0,1.0,0.0,0.0,0.0,0.0,0.0,0.0,0.0,0.0,0.0,1.0,0.0,0.0,1.0,0.0,0.0,0.38461538461538464,-0.5,0.0,0.5,0.0,0.5,0.3333333333333333,1.3333333333333333,-1.0,0.0,0.2222222222222222,0.0,0.0,0.0,0.0,0.0,-0.6,-1.5,0.05555555555555555,-0.5563527381709199,-0.5594167881941802
0.0,1.0,1.0,0.0,1.0,0.0,0.0,0.0,0.0,0.0,0.0,0.0,0.0,0.0,1.0,0.0,0.0,1.0,0.0,1.0,-0.07692307692307693,-0.08333333333333333,-1.0,0.0,0.0,0.0,-0.6666666666666666,0.0,0.5,-1.0,-0.6666666666666666,0.0,0.0,-0.2857142857142857,-0.2,0.3333333333333333,-0.2,0.0,0.8333333333333334,-0.08642266824085014,-0.33905382027123226
0.0,1.0,1.0,0.0,0.0,0.0,1.0,0.0,0.0,0.0,0.0,0.0,0.0,0.0,1.0,0.0,0.0,1.0,0.0,0.0,-0.46153846153846156,1.75,-0.5,0.5,0.0,0.5,-0.3333333333333333,-0.16666666666666666,0.5,1.0,0.1111111111111111,-1.0,0.0,0.7142857142857143,1.0,0.0,1.2,0.9545454545454547,-0.12121212121212119,0.42266824085005905,0.13644455737377706
0.0,1.0,1.0,0.0,0.0,0.0,0.0,1.0,0.0,0.0,1.0,0.0,0.0,0.0,0.0,0.0,0.0,0.0,1.0,0.0,-0.7692307692307693,0.0,0.0,0.0,1.0,-1.0,-0.6666666666666666,-0.3333333333333333,0.5,-1.0,-0.2222222222222222,-1.0,0.0,0.2857142857142857,0.8,-0.3333333333333333,0.8,1.125,-0.3333333333333333,0.3014561196379378,-0.3196865716069335
0.0,1.0,1.0,0.0,1.0,0.0,0.0,0.0,0.0,0.0,0.0,0.0,0.0,0.0,1.0,0.0,0.0,0.0,0.0,0.0,-0.5384615384615384,1.75,0.5,0.0,0.0,0.5,0.6666666666666666,1.3333333333333333,-1.0,0.0,0.1111111111111111,-2.0,0.0,0.2857142857142857,0.4,0.0,0.8,1.125,-0.04166666666666665,-0.12278630460448638,-0.655914122698348
0.0,1.0,1.0,0.0,0.0,0.0,0.0,0.0,1.0,0.0,0.0,0.0,0.0,0.0,1.0,0.0,0.0,1.0,0.0,0.0,0.38461538461538464,0.0,-0.5,-0.5,1.0,0.0,-0.3333333333333333,-0.16666666666666666,0.0,-1.0,0.0,0.0,0.0,0.7142857142857143,0.6,-0.3333333333333333,1.0,0.6818181818181819,-0.3333333333333333,0.5879574970484059,-0.37505160356036876
0.0,1.0,1.0,0.0,0.0,0.0,0.0,0.0,1.0,0.0,0.0,0.0,0.0,0.0,1.0,0.0,0.0,1.0,0.0,0.0,1.4615384615384615,-0.4166666666666667,0.5,-0.5,-1.0,0.5,2.0,1.0,-0.5,0.0,1.0,-1.0,1.0,0.0,-0.2,-0.3333333333333333,0.2,0.4999999999999999,-0.3333333333333333,-0.8500590318772137,-0.6014212615156417
0.0,1.0,1.0,0.0,0.0,0.0,1.0,0.0,0.0,0.0,0.0,0.0,0.0,1.0,0.0,0.0,0.0,1.0,0.0,0.0,1.3846153846153846,-0.16666666666666666,-0.5,-1.0,0.0,-1.0,0.6666666666666666,-0.5,0.0,0.0,1.5555555555555556,1.0,-1.0,-0.14285714285714285,-0.2,0.0,-0.2,-0.29999999999999993,0.1333333333333334,-1.04642266824085,1.2914032694254067
0.0,1.0,1.0,0.0,1.0,0.0,0.0,0.0,0.0,0.0,0.0,0.0,1.0,0.0,0.0,0.0,0.0,1.0,0.0,0.0,0.23076923076923078,-0.5,-1.0,0.5,-1.0,0.5,-0.3333333333333333,0.3333333333333333,0.0,0.0,1.2222222222222223,0.0,0.0,2.2857142857142856,0.6,3.3333333333333335,1.0,-0.40909090909090906,0.8333333333333334,0.6871310507674144,0.8905233415739283
1.0,0.0,1.0,0.0,1.0,0.0,0.0,0.0,0.0,0.0,1.0,0.0,0.0,0.0,0.0,0.0,0.0,1.0,0.0,1.0,-0.38461538461538464,-0.4166666666666667,0.0,-0.5,0.0,0.5,1.3333333333333333,-0.16666666666666666,0.0,0.0,-0.3333333333333333,-1.0,-2.0,-0.42857142857142855,-0.2,0.3333333333333333,-0.2,0.4999999999999999,1.222222222222222,-0.8500590318772137,-0.28209429686940174
0.0,1.0,1.0,0.0,1.0,0.0,0.0,0.0,0.0,0.0,0.0,0.0,0.0,0.0,0.0,0.0,0.0,1.0,0.0,1.0,0.6153846153846154,-0.4166666666666667,0.0,0.0,1.0,0.5,-0.3333333333333333,0.8333333333333334,-0.5,0.0,-0.1111111111111111,-1.0,0.0,0.42857142857142855,0.8,1.6666666666666667,0.8,0.8333333333333334,1.222222222222222,0.34994096812278636,0.43246122334906184
0.0,1.0,0.0,1.0,1.0,0.0,0.0,0.0,0.0,0.0,0.0,0.0,0.0,0.0,0.0,1.0,0.0,1.0,0.0,1.0,0.0,-0.3333333333333333,-1.0,0.0,-1.0,0.5,-0.3333333333333333,-0.5,-1.0,0.0,0.6666666666666666,3.0,0.0,1.5714285714285714,0.8,0.6666666666666666,0.8,-0.26470588235294124,0.07843137254901966,0.6579623584971177,0.6900917139697452
0.0,1.0,1.0,0.0,0.0,0.0,1.0,0.0,0.0,0.0,1.0,0.0,0.0,0.0,0.0,0.0,0.0,1.0,0.0,0.0,-0.5384615384615384,-0.08333333333333333,-1.0,-0.5,0.0,0.5,-0.3333333333333333,-0.16666666666666666,-1.0,0.0,0.0,2.0,0.0,0.7142857142857143,1.0,-0.3333333333333333,1.0,0.6818181818181819,-0.3333333333333333,0.5879574970484059,-0.44682750786599557
0.0,1.0,0.0,1.0,1.0,0.0,0.0,0.0,0.0,0.0,0.0,0.0,0.0,0.0,0.0,1.0,0.0,0.0,0.0,1.0,0.38461538461538464,0.16666666666666666,-1.0,0.0,0.0,0.0,0.3333333333333333,-0.16666666666666666,0.0,0.0,0.2222222222222222,-1.0,0.0,0.5714285714285714,0.8,-0.3333333333333333,0.8,0.5999999999999999,-0.3333333333333333,0.11497593315775126,0.46923356870735583
0.0,1.0,1.0,0.0,0.0,0.0,0.0,0.0,1.0,0.0,0.0,0.0,0.0,0.0,1.0,0.0,0.0,0.0,0.0,1.0,1.2307692307692308,-0.08333333333333333,-0.5,0.5,0.0,-1.0,0.3333333333333333,-0.3333333333333333,-0.5,1.0,0.8888888888888888,0.0,0.0,0.7142857142857143,1.2,1.6666666666666667,1.2,0.9545454545454547,0.9393939393939393,-0.2471882184800846,0.10320295392380506
0.0,1.0,1.0,0.0,1.0,0.0,0.0,0.0,0.0,0.0,1.0,0.0,0.0,0.0,0.0,0.0,0.0,0.0,1.0,1.0,-0.6153846153846154,1.4166666666666667,0.0,0.0,-1.0,0.0,1.0,0.0,-0.5,-1.0,-0.4444444444444444,1.0,0.0,-0.14285714285714285,-0.2,-0.3333333333333333,0.0,0.29999999999999993,-0.3333333333333333,-0.14876033057851248,-0.8605509724978244
0.0,1.0,1.0,0.0,1.0,0.0,0.0,0.0,0.0,0.0,1.0,0.0,0.0,0.0,0.0,0.0,0.0,0.0,1.0,0.0,0.3076923076923077,0.16666666666666666,0.5,0.5,0.0,-1.0,0.3333333333333333,0.0,-0.5,-1.0,0.5555555555555556,0.0,-2.0,0.0,0.2,0.0,-0.6,-1.5,0.05555555555555555,-0.7136953955135773,-0.8652594664092936
0.0,1.0,0.0,1.0,1.0,0.0,0.0,0.0,0.0,0.0,0.0,0.0,0.0,0.0,0.0,1.0,0.0,0.0,1.0,0.0,1.7692307692307692,1.5,0.0,-1.0,0.0,-1.0,1.6666666666666667,-0.5,0.5,-1.0,2.0,0.0,-1.0,2.2857142857142856,2.6,2.0,1.2,-0.27272727272727265,0.4090909090909091,0.1844237267434759,0.40273522412191615
0.0,1.0,1.0,0.0,1.0,0.0,0.0,0.0,0.0,0.0,0.0,0.0,0.0,0.0,1.0,0.0,0.0,1.0,0.0,0.0,0.6923076923076923,0.25,-0.5,-1.0,0.0,0.5,0.3333333333333333,1.1666666666666667,0.5,1.0,-0.2222222222222222,0.0,-1.0,-0.42857142857142855,-0.2,-0.3333333333333333,-0.2,0.4999999999999999,-0.3333333333333333,-0.9106650924832743,-0.6042884986662861
0.0,1.0,0.0,1.0,0.0,1.0,0.0,0.0,0.0,0.0,0.0,0.0,0.0,0.0,0.0,0.0,1.0,1.0,0.0,1.0,1.3076923076923077,-0.08333333333333333,-0.5,-0.5,0.0,0.0,0.0,1.0,0.5,0.0,0.3333333333333333,0.0,-2.0,0.2857142857142857,0.8,1.0,0.4,0.375,0.8333333333333334,-0.30460448642266824,-0.7381814411133901
0.0,1.0,0.0,1.0,0.0,1.0,0.0,0.0,0.0,0.0,0.0,0.0,0.0,0.0,0.0,1.0,0.0,0.0,0.0,0.0,0.7692307692307693,0.16666666666666666,0.0,-1.0,0.0,0.5,0.6666666666666666,-0.5,-1.0,0.0,2.0,-2.0,1.0,0.2857142857142857,0.8,1.0,0.0,-0.375,0.8333333333333334,-0.8688678093066806,0.6687191915895885
0.0,1.0,1.0,0.0,1.0,0.0,0.0,0.0,0.0,0.0,1.0,0.0,0.0,0.0,0.0,0.0,0.0,1.0,0.0,1.0,0.3076923076923077,0.25,0.5,0.5,1.0,0.0,0.3333333333333333,-0.16666666666666666,0.0,0.0,0.0,0.0,0.0,0.2857142857142857,0.8,0.0,0.8,1.125,-0.04166666666666665,-0.00708382526564351,-0.7773945561921243
0.0,1.0,1.0,0.0,1.0,0.0,0.0,0.0,0.0,0.0,0.0,0.0,0.0,1.0,0.0,0.0,0.0,0.0,1.0,0.0,-0.38461538461538464,0.08333333333333333,1.0,-1.0,0.0,-0.5,0.3333333333333333,-0.5,0.0,-1.0,-0.1111111111111111,0.0,1.0,-0.2857142857142857,-0.2,0.0,-0.6,-1.5,0.25000000000000006,-0.7409681227863046,1.1322993962762493
1.0,0.0,0.0,1.0,0.0,1.0,0.0,0.0,0.0,0.0,0.0,0.0,0.0,0.0,0.0,1.0,0.0,1.0,0.0,0.0,0.46153846153846156,1.5833333333333333,0.0,0.0,0.0,-0.5,1.0,0.0,0.5,0.0,1.4444444444444444,-1.0,1.0,2.142857142857143,0.2,1.0,1.0,-0.3571428571428572,0.1111111111111111,0.42266824085005905,0.9473521463389709
0.0,1.0,0.0,1.0,0.0,1.0,0.0,0.0,0.0,0.0,0.0,0.0,0.0,0.0,0.0,1.0,0.0,0.0,0.0,1.0,1.8461538461538463,0.0,0.5,-0.5,1.0,0.5,-0.6666666666666666,0.6666666666666666,-0.5,0.0,0.2222222222222222,0.0,0.0,0.8571428571428571,0.8,0.0,1.2,0.75,-0.1388888888888889,0.4506402688220869,0.040170445154502625
0.0,1.0,0.0,1.0,0.0,0.0,1.0,0.0,0.0,0.0,0.0,0.0,0.0,0.0,0.0,1.0,0.0,1.0,0.0,1.0,0.3076923076923077,-0.5,-0.5,-0.5,-2.0,0.5,0.0,1.3333333333333333,0.0,2.0,-0.4444444444444444,-1.0,-1.0,-0.14285714285714285,0.0,-0.3333333333333333,-0.2,-0.29999999999999993,-0.3333333333333333,-0.14876033057851248,0.3800076629889797
0.0,1.0,1.0,0.0,0.0,0.0,1.0,0.0,0.0,0.0,1.0,0.0,0.0,0.0,0.0,0.0,0.0,0.0,1.0,0.0,-1.3076923076923077,-0.3333333333333333,-1.0,-0.5,0.0,-0.5,-0.3333333333333333,0.0,0.5,-1.0,-1.0,0.0,0.0,-0.5714285714285714,-0.6,-0.3333333333333333,-0.6,-1.5,-0.3333333333333333,-0.30460448642266824,-1.1586503317872008
0.0,1.0,1.0,0.0,1.0,0.0,0.0,0.0,0.0,0.0,0.0,0.0,0.0,0.0,1.0,0.0,0.0,0.0,0.0,0.0,-0.7692307692307693,1.3333333333333333,0.0,-1.0,0.0,0.5,-0.3333333333333333,1.3333333333333333,-0.5,1.0,-0.7777777777777778,0.0,-2.0,-0.2857142857142857,-0.2,-0.3333333333333333,-0.2,0.0,-0.3333333333333333,0.24085005903187715,-0.5244528273706475
0.0,0.0,1.0,0.0,1.0,0.0,0.0,0.0,0.0,0.0,1.0,0.0,0.0,0.0,0.0,0.0,0.0,1.0,0.0,0.0,0.6923076923076923,-0.25,-0.5,0.0,0.0,-0.5,-0.3333333333333333,-0.3333333333333333,-0.5,-1.0,-0.1111111111111111,2.0,-1.0,0.5714285714285714,0.8,-0.3333333333333333,1.0,0.9000000000000001,-0.3333333333333333,0.5681227863046044,-0.11253249164562694
0.0,1.0,1.0,0.0,0.0,0.0,1.0,0.0,0.0,0.0,1.0,0.0,0.0,0.0,0.0,0.0,0.0,1.0,0.0,1.0,1.0769230769230769,1.75,-1.0,0.5,1.0,0.0,-0.3333333333333333,-0.5,0.0,2.0,1.1111111111111112,0.0,0.0,2.142857142857143,1.0,0.6666666666666666,1.0,-0.3571428571428572,0.0,0.6824085005903185,-0.41982861355307755
1.0,0.0,0.0,1.0,0.0,0.0,0.0,0.0,1.0,0.0,0.0,0.0,0.0,0.0,0.0,1.0,0.0,0.0,1.0,0.0,-0.5384615384615384,0.5,0.0,-1.0,0.0,-0.5,1.0,-0.5,-1.0,-1.0,-0.3333333333333333,1.0,-2.0,0.0,0.0,-0.3333333333333333,-0.6,-1.5,-0.3333333333333333,-0.031877213695395555,0.13479320151253038
0.0,1.0,1.0,0.0,0.0,0.0,1.0,0.0,0.0,0.0,0.0,0.0,0.0,0.0,0.0,0.0,0.0,0.0,1.0,0.0,-0.6153846153846154,0.75,-0.5,-0.5,1.0,-1.0,-0.6666666666666666,0.8333333333333334,0.0,-1.0,-0.1111111111111111,-1.0,0.0,0.42857142857142855,0.0,-0.3333333333333333,0.8,0.8333333333333334,-0.3333333333333333,0.34994096812278636,0.11744730580963038
1.0,0.0,1.0,0.0,0.0,0.0,1.0,0.0,0.0,0.0,0.0,0.0,0.0,0.0,1.0,0.0,0.0,1.0,0.0,1.0,0.3076923076923077,1.5833333333333333,-0.5,0.0,-1.0,0.5,0.3333333333333333,-0.16666666666666666,0.5,0.0,0.6666666666666666,0.0,-2.0,-0.5714285714285714,-0.4,-0.3333333333333333,-0.6,-1.5,-0.3333333333333333,-1.2671713313424542,-0.1179039252608412
0.0,0.0,1.0,0.0,1.0,0.0,0.0,0.0,0.0,0.0,1.0,0.0,0.0,0.0,0.0,0.0,0.0,1.0,0.0,0.0,-0.3076923076923077,-0.5,0.0,0.0,-1.0,-0.5,1.3333333333333333,1.0,0.0,-1.0,-0.5555555555555556,0.0,0.0,-0.2857142857142857,-0.6,-0.3333333333333333,-0.2,0.0,-0.3333333333333333,-0.30460448642266824,-0.727501187970415
0.0,1.0,0.0,1.0,0.0,0.0,0.0,0.0,1.0,0.0,0.0,1.0,0.0,0.0,0.0,0.0,0.0,1.0,0.0,1.0,1.7692307692307692,-0.5,-0.5,-0.5,0.0,0.5,0.3333333333333333,0.0,0.0,0.0,0.4444444444444444,-2.0,-2.0,0.14285714285714285,0.2,-0.3333333333333333,0.2,0.2142857142857142,-0.3333333333333333,-0.5227863046044864,0.8256970189720564
0.0,1.0,1.0,0.0,1.0,0.0,0.0,0.0,0.0,0.0,0.0,0.0,1.0,0.0,0.0,0.0,0.0,0.0,1.0,0.0,-0.3076923076923077,-0.16666666666666666,0.5,0.5,-1.0,0.5,2.0,1.6666666666666667,-0.5,-1.0,-0.2222222222222222,-2.0,0.0,-0.5714285714285714,-0.6,-0.3333333333333333,-0.6,-1.5,-0.3333333333333333,-1.1530893349075169,0.6285251528143972
0.0,1.0,0.0,1.0,0.0,1.0,0.0,0.0,0.0,0.0,0.0,0.0,0.0,0.0,0.0,1.0,0.0,1.0,0.0,0.0,0.3076923076923077,1.5833333333333333,0.0,0.0,0.0,-1.0,-0.3333333333333333,0.0,-0.5,0.0,-0.2222222222222222,0.0,-1.0,0.2857142857142857,0.8,2.0,0.4,0.375,1.7083333333333335,0.3014561196379378,0.4930209526168913
0.0,0.0,1.0,0.0,0.0,0.0,0.0,0.0,1.0,0.0,0.0,0.0,0.0,0.0,1.0,0.0,0.0,0.0,0.0,0.0,-0.23076923076923078,-0.25,0.0,0.5,0.0,-0.5,1.0,0.16666666666666666,0.5,1.0,0.1111111111111111,-1.0,-1.0,0.5714285714285714,1.0,0.0,0.8,0.5999999999999999,-0.09999999999999998,0.24085005903187715,-0.4702377960018788
0.0,0.0,0.0,1.0,0.0,0.0,1.0,0.0,0.0,0.0,0.0,0.0,0.0,0.0,0.0,1.0,0.0,0.0,1.0,0.0,0.0,0.25,0.5,-0.5,0.0,0.5,-0.3333333333333333,0.0,0.5,-1.0,0.0,0.0,-1.0,0.7142857142857143,0.0,2.6666666666666665,0.8,0.40909090909090906,1.575757575757576,0.5879574970484059,0.6577072473130717
0.0,1.0,1.0,0.0,1.0,0.0,0.0,0.0,0.0,0.0,0.0,0.0,0.0,0.0,1.0,0.0,0.0,0.0,1.0,0.0,-1.3076923076923077,0.16666666666666666,-0.5,0.0,0.0,-1.0,-0.3333333333333333,1.8333333333333333,0.0,-1.0,-1.0,1.0,0.0,-0.5714285714285714,-0.4,-0.3333333333333333,-0.6,-1.5,-0.3333333333333333,-0.30460448642266824,-0.6416226572757702
0.0,1.0,1.0,0.0,0.0,0.0,1.0,0.0,0.0,0.0,0.0,0.0,0.0,0.0,1.0,0.0,0.0,1.0,0.0,0.0,0.07692307692307693,0.25,0.0,-0.5,0.0,-0.5,-0.3333333333333333,-0.5,-1.0,0.0,-0.2222222222222222,-1.0,-2.0,0.42857142857142855,0.2,2.0,0.8,0.8333333333333334,1.4814814814814814,0.54388036206218,-0.22883202786587503
0.0,1.0,1.0,0.0,0.0,0.0,1.0,0.0,0.0,0.0,0.0,1.0,0.0,0.0,0.0,0.0,0.0,0.0,0.0,1.0,0.23076923076923078,0.5,0.5,0.0,-1.0,-0.5,1.3333333333333333,-0.16666666666666666,0.5,1.0,1.2222222222222223,1.0,0.0,2.0,1.2,4.666666666666667,-0.2,-1.2000000000000002,1.416666666666667,0.48878394332939784,1.1721329621280296
1.0,0.0,1.0,0.0,1.0,0.0,0.0,0.0,0.0,0.0,0.0,1.0,0.0,0.0,0.0,0.0,0.0,1.0,0.0,0.0,-0.23076923076923078,-0.16666666666666666,0.5,0.5,0.0,-0.5,1.3333333333333333,-0.5,-0.5,1.0,0.2222222222222222,-1.0,0.0,0.7142857142857143,0.6,2.3333333333333335,1.0,0.6818181818181819,1.363636363636364,0.2828081009899192,0.8236134385965193
0.0,1.0,0.0,1.0,0.0,1.0,0.0,0.0,0.0,0.0,0.0,0.0,0.0,0.0,0.0,1.0,0.0,0.0,0.0,0.0,-0.46153846153846156,0.0,0.5,0.5,0.0,-1.0,1.6666666666666667,0.0,-0.5,1.0,-0.2222222222222222,0.0,0.0,-0.2857142857142857,-0.2,-0.3333333333333333,-0.2,0.0,-0.3333333333333333,-0.6682408500590319,-0.0439300430678331
0.0,1.0,1.0,0.0,1.0,0.0,0.0,0.0,0.0,0.0,0.0,0.0,0.0,0.0,1.0,0.0,0.0,0.0,1.0,0.0,-0.38461538461538464,0.08333333333333333,0.0,-1.0,-1.0,-0.5,-0.3333333333333333,-0.3333333333333333,0.0,-1.0,-1.0,0.0,1.0,-0.5714285714285714,-0.6,-0.3333333333333333,-0.6,-1.5,-0.3333333333333333,-0.30460448642266824,-1.313077224512934
1.0,0.0,1.0,0.0,0.0,0.0,1.0,0.0,0.0,0.0,0.0,0.0,0.0,0.0,1.0,0.0,0.0,0.0,0.0,0.0,-0.7692307692307693,-0.5,-1.0,-1.0,-1.0,0.0,-0.3333333333333333,-0.16666666666666666,0.0,1.0,-0.5555555555555556,2.0,0.0,0.0,0.0,0.0,0.0,0.0,0.05555555555555555,0.42266824085005905,-0.8704658213099783
0.0,1.0,1.0,0.0,0.0,0.0,1.0,0.0,0.0,0.0,0.0,0.0,0.0,0.0,1.0,0.0,0.0,1.0,0.0,0.0,0.3076923076923077,-0.4166666666666667,0.5,0.0,0.0,0.0,0.0,0.0,-0.5,2.0,1.1111111111111112,-1.0,0.0,0.0,0.0,-0.3333333333333333,-0.2,-0.5000000000000001,-0.3333333333333333,-0.8760330578512396,-0.8733176854703502
0.0,1.0,1.0,0.0,1.0,0.0,0.0,0.0,0.0,0.0,0.0,0.0,0.0,0.0,0.0,0.0,0.0,1.0,0.0,0.0,0.0,-0.16666666666666666,0.5,-0.5,0.0,-1.0,0.6666666666666666,-0.3333333333333333,0.0,1.0,-0.1111111111111111,3.0,0.0,-0.2857142857142857,-0.2,-0.3333333333333333,-0.2,0.0,-0.3333333333333333,-0.7409681227863046,0.44793599756925634
0.0,1.0,0.0,1.0,1.0,0.0,0.0,0.0,0.0,0.0,0.0,0.0,0.0,0.0,0.0,1.0,0.0,0.0,1.0,0.0,-0.8461538461538461,0.25,0.5,0.0,0.0,0.5,-0.6666666666666666,0.0,-0.5,-1.0,-0.5555555555555556,1.0,0.0,-0.14285714285714285,0.0,0.0,-0.4,-0.9,0.1333333333333334,0.059031877213695266,-0.010433114991612154
1.0,0.0,0.0,1.0,1.0,0.0,0.0,0.0,0.0,0.0,0.0,0.0,0.0,0.0,0.0,1.0,0.0,1.0,0.0,0.0,-0.23076923076923078,-0.5,0.0,0.0,1.0,-1.0,0.0,0.8333333333333334,-1.0,1.0,0.0,0.0,0.0,0.0,0.0,0.0,0.0,0.0,0.05555555555555555,-0.40377804014167656,0.06822824973311156
0.0,1.0,1.0,0.0,1.0,0.0,0.0,0.0,0.0,0.0,0.0,0.0,0.0,1.0,0.0,0.0,0.0,1.0,0.0,0.0,0.5384615384615384,0.6666666666666666,-0.5,0.0,-1.0,0.0,-0.3333333333333333,1.6666666666666667,-1.0,0.0,0.4444444444444444,0.0,0.0,1.2857142857142858,1.4,1.6666666666666667,1.6,0.6999999999999998,0.6000000000000001,0.6408500590318772,1.198478723640037
1.0,0.0,1.0,0.0,0.0,0.0,1.0,0.0,0.0,0.0,0.0,0.0,0.0,1.0,0.0,0.0,0.0,0.0,1.0,0.0,0.3076923076923077,0.16666666666666666,0.5,-0.5,0.0,0.0,2.3333333333333335,0.5,0.0,-1.0,1.1111111111111112,0.0,-1.0,1.8571428571428572,0.8,0.3333333333333333,2.0,0.5526315789473685,-0.08771929824561403,0.4746162927981108,0.9455185094263747
0.0,0.0,0.0,1.0,0.0,1.0,0.0,0.0,0.0,0.0,0.0,0.0,0.0,0.0,0.0,1.0,0.0,1.0,0.0,0.0,0.6923076923076923,1.5833333333333333,0.0,-1.0,-1.0,-1.0,-0.3333333333333333,0.16666666666666666,-1.0,0.0,0.0,-1.0,0.0,0.7142857142857143,0.8,1.0,0.4,-0.1363636363636364,0.5151515151515152,0.5879574970484059,-0.1259096250761417
0.0,0.0,0.0,1.0,0.0,0.0,0.0,1.0,0.0,0.0,0.0,0.0,0.0,0.0,0.0,1.0,0.0,1.0,0.0,0.0,-0.3076923076923077,0.3333333333333333,0.5,0.5,1.0,0.0,2.0,-0.3333333333333333,0.5,-1.0,-0.4444444444444444,-1.0,0.0,-0.14285714285714285,-0.2,0.0,-0.2,-0.29999999999999993,0.1333333333333334,-0.14876033057851248,-0.058394022333808505
0.0,1.0,0.0,1.0,1.0,0.0,0.0,0.0,0.0,0.0,0.0,0.0,0.0,0.0,0.0,1.0,0.0,0.0,0.0,0.0,-0.5384615384615384,1.0,0.0,0.0,-1.0,0.0,-0.3333333333333333,0.0,0.0,1.0,0.0,0.0,0.0,0.7142857142857143,0.8,-0.3333333333333333,0.2,-0.40909090909090906,-0.3333333333333333,0.5879574970484059,0.518110118056858
1.0,0.0,0.0,0.0,0.0,0.0,0.0,1.0,0.0,1.0,0.0,0.0,0.0,0.0,0.0,0.0,0.0,1.0,0.0,1.0,0.15384615384615385,-0.5,0.5,0.5,0.0,-0.5,-0.6666666666666666,-0.5,-0.5,0.0,-0.3333333333333333,-1.0,0.0,0.14285714285714285,-0.2,0.0,-0.2,-0.6428571428571429,0.0,0.24085005903187715,-0.49040780242166815
0.0,1.0,1.0,0.0,1.0,0.0,0.0,0.0,0.0,0.0,1.0,0.0,0.0,0.0,0.0,0.0,0.0,1.0,0.0,0.0,-0.9230769230769231,0.8333333333333334,-0.5,0.5,0.0,-0.5,-0.3333333333333333,-0.16666666666666666,-1.0,0.0,-1.0,0.0,-2.0,-0.5714285714285714,-0.6,-0.3333333333333333,-0.6,-1.5,-0.3333333333333333,-0.30460448642266824,-0.7786867560227421
0.0,1.0,0.0,1.0,0.0,1.0,0.0,0.0,0.0,0.0,0.0,0.0,0.0,0.0,0.0,1.0,0.0,0.0,1.0,1.0,-0.8461538461538461,-0.16666666666666666,0.0,0.0,-1.0,0.0,-0.3333333333333333,-0.5,0.5,-1.0,-0.4444444444444444,-2.0,0.0,0.14285714285714285,0.2,-0.3333333333333333,0.0,-0.21428571428571436,-0.3333333333333333,0.4746162927981108,0.1313160120393287
0.0,1.0,1.0,0.0,1.0,0.0,0.0,0.0,0.0,0.0,0.0,0.0,0.0,0.0,0.0,0.0,0.0,1.0,0.0,0.0,-0.46153846153846156,0.75,0.0,0.0,1.0,0.0,0.3333333333333333,0.3333333333333333,0.0,0.0,0.0,0.0,0.0,0.2857142857142857,-0.6,0.0,0.8,1.125,-0.04166666666666665,-0.00708382526564351,0.053582951623935844
0.0,1.0,1.0,0.0,0.0,0.0,1.0,0.0,0.0,0.0,0.0,0.0,0.0,0.0,1.0,0.0,0.0,0.0,1.0,0.0,-0.07692307692307693,0.16666666666666666,0.5,-0.5,0.0,0.0,-0.3333333333333333,0.8333333333333334,-0.5,-1.0,0.0,2.0,0.0,0.7142857142857143,0.8,-0.3333333333333333,1.0,0.6818181818181819,-0.3333333333333333,0.5879574970484059,0.01763729039711897
0.0,1.0,0.0,1.0,0.0,0.0,1.0,0.0,0.0,0.0,0.0,0.0,0.0,0.0,0.0,1.0,0.0,0.0,1.0,0.0,1.4615384615384615,-0.4166666666666667,-1.0,0.0,0.0,0.5,0.6666666666666666,0.3333333333333333,0.0,-1.0,0.2222222222222222,0.0,-1.0,0.5714285714285714,0.8,2.0,0.0,-0.6000000000000001,1.3,0.11497593315775126,0.029155135898052062
1.0,0.0,0.0,1.0,1.0,0.0,0.0,0.0,0.0,0.0,0.0,0.0,0.0,0.0,0.0,1.0,0.0,1.0,0.0,0.0,-0.07692307692307693,0.9166666666666666,1.0,-0.5,0.0,-1.0,-0.3333333333333333,1.3333333333333333,0.5,0.0,-0.1111111111111111,0.0,-1.0,0.5714285714285714,1.0,0.0,1.0,0.9000000000000001,-0.09999999999999998,0.5681227863046044,0.566494908958429
0.0,1.0,0.0,1.0,0.0,1.0,0.0,0.0,0.0,0.0,0.0,0.0,0.0,0.0,0.0,0.0,1.0,0.0,1.0,1.0,-0.23076923076923078,-0.16666666666666666,0.0,0.5,0.0,0.0,-0.3333333333333333,-0.16666666666666666,-0.5,-1.0,-1.0,-1.0,0.0,-0.5714285714285714,-0.6,-0.3333333333333333,-0.6,-1.5,-0.3333333333333333,-0.30460448642266824,-0.5360769139891975
0.0,1.0,1.0,0.0,1.0,0.0,0.0,0.0,0.0,0.0,0.0,0.0,0.0,0.0,0.0,0.0,0.0,0.0,1.0,1.0,-0.23076923076923078,0.08333333333333333,1.0,0.5,0.0,0.0,0.0,0.5,-1.0,-1.0,0.4444444444444444,3.0,0.0,-0.7142857142857143,-0.6,-0.3333333333333333,-0.6,-1.5,-0.3333333333333333,-1.395513577331759,0.23256991898835258
0.0,1.0,0.0,1.0,0.0,0.0,1.0,0.0,0.0,0.0,0.0,0.0,0.0,0.0,0.0,1.0,0.0,1.0,0.0,0.0,-0.07692307692307693,0.25,0.0,0.5,-1.0,-1.0,2.3333333333333335,0.5,0.0,-1.0,0.5555555555555556,0.0,0.0,1.1428571428571428,1.8,1.6666666666666667,-0.6,-1.5,0.6666666666666666,0.3772136953955135,0.688336569059127
0.0,0.0,1.0,0.0,0.0,0.0,1.0,0.0,0.0,0.0,1.0,0.0,0.0,0.0,0.0,0.0,0.0,0.0,1.0,0.0,-0.3076923076923077,1.8333333333333333,0.5,0.5,0.0,0.0,2.3333333333333335,-0.3333333333333333,-0.5,-1.0,0.0,-1.0,0.0,0.42857142857142855,0.8,2.0,0.8,0.8333333333333334,1.4814814814814814,0.19126328217237307,-0.20752842736917
0.0,1.0,1.0,0.0,0.0,0.0,0.0,0.0,1.0,0.0,0.0,0.0,0.0,0.0,0.0,0.0,0.0,0.0,0.0,1.0,1.6923076923076923,-0.16666666666666666,0.0,0.0,-1.0,-0.5,0.0,-0.16666666666666666,0.5,0.0,1.5555555555555556,0.0,0.0,0.14285714285714285,-0.6,-0.3333333333333333,0.2,0.2142857142857142,-0.3333333333333333,-0.8718772136953955,0.7108148228649337
1.0,0.0,0.0,1.0,0.0,1.0,0.0,0.0,0.0,0.0,0.0,0.0,0.0,0.0,0.0,0.0,1.0,0.0,0.0,0.0,-0.15384615384615385,-0.08333333333333333,-0.5,0.5,-2.0,0.0,-0.6666666666666666,0.3333333333333333,0.5,0.0,-0.7777777777777778,0.0,-1.0,-0.42857142857142855,-0.2,0.0,-0.6,-1.5,0.4444444444444444,-0.30460448642266824,-0.7197713921873132
0.0,1.0,1.0,0.0,0.0,0.0,0.0,0.0,1.0,0.0,0.0,0.0,0.0,0.0,1.0,0.0,0.0,1.0,0.0,0.0,1.0,-0.5,0.0,0.0,0.0,-1.0,0.0,0.3333333333333333,-0.5,0.0,-0.3333333333333333,-1.0,0.0,-0.14285714285714285,-0.2,-0.3333333333333333,-0.2,-0.29999999999999993,-0.3333333333333333,-0.30460448642266824,-0.3191541709064556
0.0,1.0,1.0,0.0,1.0,0.0,0.0,0.0,0.0,0.0,0.0,0.0,1.0,0.0,0.0,0.0,0.0,1.0,0.0,1.0,1.0769230769230769,1.4166666666666667,0.0,0.5,0.0,0.0,0.3333333333333333,0.6666666666666666,0.5,0.0,1.3333333333333333,-1.0,0.0,1.0,1.6,0.0,0.4,-0.3461538461538461,-0.15384615384615383,-0.2571736563831426,0.978405276080585
0.0,1.0,0.0,1.0,0.0,1.0,0.0,0.0,0.0,0.0,0.0,0.0,0.0,0.0,0.0,1.0,0.0,0.0,0.0,0.0,-0.46153846153846156,-0.16666666666666666,0.0,0.5,-1.0,0.0,-0.3333333333333333,-0.16666666666666666,0.0,2.0,0.0,-1.0,0.0,0.7142857142857143,1.2,0.0,-0.2,-0.9545454545454546,-0.12121212121212119,0.5879574970484059,0.19142037812035842
1.0,0.0,1.0,0.0,0.0,0.0,0.0,0.0,1.0,0.0,0.0,0.0,0.0,0.0,0.0,0.0,0.0,1.0,0.0,0.0,0.46153846153846156,1.75,0.5,0.5,-1.0,0.5,-0.6666666666666666,-0.5,0.5,2.0,-0.3333333333333333,1.0,1.0,0.14285714285714285,0.4,-0.3333333333333333,0.2,0.2142857142857142,-0.3333333333333333,0.24085005903187715,-0.09638681134651178
0.0,0.0,1.0,0.0,0.0,0.0,1.0,0.0,0.0,0.0,0.0,0.0,1.0,0.0,0.0,0.0,0.0,1.0,0.0,1.0,1.3076923076923077,-0.5,0.5,-1.0,-1.0,0.0,0.6666666666666666,1.0,0.5,2.0,1.8888888888888888,-1.0,-1.0,-0.2857142857142857,-0.2,-0.3333333333333333,-0.2,0.0,-0.3333333333333333,-1.1617473435655254,0.9070563620856824
0.0,1.0,1.0,0.0,0.0,0.0,0.0,1.0,0.0,0.0,0.0,0.0,0.0,0.0,0.0,0.0,0.0,1.0,0.0,0.0,-0.5384615384615384,0.08333333333333333,-1.0,0.0,-2.0,-1.0,0.3333333333333333,-0.16666666666666666,0.0,0.0,-0.1111111111111111,0.0,0.0,0.2857142857142857,0.8,-0.3333333333333333,0.8,1.125,-0.3333333333333333,0.13175914994096796,0.6320627832168199
0.0,1.0,1.0,0.0,1.0,0.0,0.0,0.0,0.0,0.0,0.0,0.0,0.0,0.0,1.0,0.0,0.0,0.0,0.0,0.0,-0.6923076923076923,-0.25,-0.5,-1.0,0.0,0.0,-0.3333333333333333,-0.5,-0.5,2.0,-0.5555555555555556,-1.0,0.0,0.0,0.0,-0.3333333333333333,0.0,0.0,-0.3333333333333333,0.42266824085005905,-0.654778024138522
0.0,1.0,0.0,1.0,1.0,0.0,0.0,0.0,0.0,0.0,0.0,0.0,0.0,0.0,0.0,1.0,0.0,1.0,0.0,1.0,-0.07692307692307693,0.0,0.5,0.0,0.0,0.5,-0.3333333333333333,-0.5,0.5,-1.0,0.0,-1.0,0.0,0.7142857142857143,1.0,-0.3333333333333333,1.2,0.9545454545454547,-0.3333333333333333,0.5879574970484059,0.03724545615869561
0.0,1.0,0.0,0.0,0.0,0.0,0.0,0.0,1.0,1.0,0.0,0.0,0.0,0.0,0.0,0.0,0.0,0.0,1.0,0.0,-1.3076923076923077,-0.4166666666666667,-0.5,-1.0,-1.0,0.5,-0.3333333333333333,-0.3333333333333333,0.0,-1.0,-1.0,0.0,1.0,-0.5714285714285714,-0.6,-0.3333333333333333,-0.6,-1.5,-0.3333333333333333,-0.30460448642266824,-0.6371537289033009
0.0,1.0,1.0,0.0,0.0,0.0,0.0,0.0,1.0,0.0,0.0,0.0,0.0,0.0,0.0,0.0,0.0,1.0,0.0,0.0,0.3076923076923077,1.0833333333333333,0.5,-1.0,0.0,0.5,0.6666666666666666,1.0,0.5,0.0,0.4444444444444444,3.0,0.0,0.8571428571428571,1.4,3.3333333333333335,-0.4,-1.2500000000000002,1.8055555555555554,0.20448642266824069,0.68981480063667
1.0,0.0,0.0,1.0,0.0,1.0,0.0,0.0,0.0,0.0,0.0,0.0,0.0,0.0,0.0,1.0,0.0,0.0,0.0,0.0,-0.07692307692307693,0.3333333333333333,-0.5,0.5,0.0,0.5,-0.3333333333333333,-0.5,0.5,0.0,-0.5555555555555556,0.0,0.0,0.0,-0.2,-0.3333333333333333,-0.2,-0.5000000000000001,-0.3333333333333333,0.42266824085005905,-0.006974653509844517
0.0,1.0,0.0,0.0,0.0,0.0,1.0,0.0,0.0,1.0,0.0,0.0,0.0,0.0,0.0,0.0,0.0,0.0,0.0,1.0,0.7692307692307693,-0.16666666666666666,-0.5,-0.5,0.0,-0.5,2.0,1.3333333333333333,0.5,0.0,0.6666666666666666,-1.0,0.0,-0.14285714285714285,-0.2,-0.3333333333333333,-0.2,-0.29999999999999993,-0.3333333333333333,-0.8821445933745399,0.00313631174534923
1.0,0.0,1.0,0.0,1.0,0.0,0.0,0.0,0.0,0.0,0.0,0.0,0.0,0.0,1.0,0.0,0.0,0.0,0.0,0.0,0.46153846153846156,1.8333333333333333,-0.5,-1.0,0.0,0.0,0.0,-0.5,-0.5,0.0,1.0,0.0,0.0,0.0,0.2,-0.3333333333333333,-0.2,-0.5000000000000001,-0.3333333333333333,-0.8500590318772137,-0.08946047129694752
0.0,1.0,1.0,0.0,0.0,0.0,0.0,1.0,0.0,0.0,0.0,0.0,1.0,0.0,0.0,0.0,0.0,0.0,0.0,0.0,0.6923076923076923,-0.4166666666666667,-0.5,0.5,-1.0,0.5,-0.3333333333333333,0.8333333333333334,-1.0,1.0,0.0,0.0,0.0,0.7142857142857143,0.8,0.6666666666666666,1.2,0.9545454545454547,0.30303030303030304,0.5879574970484059,0.13561923712727927
0.0,1.0,0.0,1.0,0.0,1.0,0.0,0.0,0.0,0.0,0.0,0.0,0.0,0.0,0.0,0.0,1.0,0.0,1.0,0.0,-0.5384615384615384,0.16666666666666666,0.0,-0.5,-2.0,-0.5,-0.3333333333333333,-0.16666666666666666,0.0,-1.0,-0.8888888888888888,0.0,0.0,-0.42857142857142855,-0.2,0.3333333333333333,-0.2,0.4999999999999999,1.222222222222222,0.059031877213695266,-0.5669802979672872
1.0,0.0,1.0,0.0,0.0,0.0,0.0,1.0,0.0,0.0,0.0,0.0,0.0,0.0,1.0,0.0,0.0,0.0,0.0,0.0,-0.15384615384615385,-0.5,0.5,0.5,0.0,-1.0,1.0,0.0,0.0,1.0,0.0,-1.0,0.0,-0.14285714285714285,0.0,0.0,0.0,0.29999999999999993,0.1333333333333334,-0.602125147579693,-0.48881655605252117
0.0,1.0,1.0,0.0,0.0,0.0,0.0,0.0,1.0,0.0,0.0,0.0,0.0,0.0,0.0,0.0,0.0,0.0,1.0,1.0,1.0,-0.5,-0.5,0.0,-1.0,0.0,1.6666666666666667,-0.3333333333333333,0.5,-1.0,1.6666666666666667,-1.0,0.0,0.2857142857142857,-0.4,-0.3333333333333333,0.8,1.125,-0.3333333333333333,-0.8081009899191718,0.9777912973871254
0.0,1.0,0.0,1.0,0.0,1.0,0.0,0.0,0.0,0.0,0.0,0.0,0.0,0.0,0.0,1.0,0.0,0.0,0.0,1.0,-0.9230769230769231,0.25,0.5,0.5,0.0,0.0,-0.3333333333333333,-0.3333333333333333,0.5,0.0,-0.5555555555555556,-1.0,1.0,0.0,-0.2,-0.3333333333333333,0.0,0.0,-0.3333333333333333,0.42266824085005905,-0.15346437298852772
1.0,0.0,1.0,0.0,0.0,0.0,0.0,0.0,1.0,0.0,1.0,0.0,0.0,0.0,0.0,0.0,0.0,0.0,1.0,0.0,-1.0769230769230769,-0.25,-1.0,0.0,-1.0,0.0,1.0,0.3333333333333333,0.0,-1.0,-0.6666666666666666,0.0,0.0,-0.42857142857142855,-0.2,0.0,-0.2,0.4999999999999999,0.4444444444444444,-0.5227863046044864,-0.2390532401515816
0.0,0.0,1.0,0.0,0.0,0.0,0.0,0.0,1.0,0.0,0.0,0.0,0.0,0.0,1.0,0.0,0.0,0.0,0.0,0.0,-0.46153846153846156,0.0,0.0,0.0,0.0,0.0,-0.3333333333333333,-0.16666666666666666,-0.5,1.0,-1.0,-1.0,-1.0,-0.5714285714285714,-0.6,-0.3333333333333333,-0.6,-1.5,-0.3333333333333333,-0.30460448642266824,-1.303310513900308
0.0,1.0,1.0,0.0,0.0,0.0,0.0,1.0,0.0,0.0,0.0,0.0,0.0,0.0,1.0,0.0,0.0,0.0,1.0,0.0,0.6153846153846154,1.8333333333333333,0.5,0.5,0.0,0.5,-0.3333333333333333,1.8333333333333333,-0.5,-1.0,1.1111111111111112,0.0,0.0,2.142857142857143,1.6,4.0,2.8,0.9285714285714286,1.1111111111111112,0.6824085005903185,-0.0926025685352547
0.0,1.0,1.0,0.0,1.0,0.0,0.0,0.0,0.0,0.0,1.0,0.0,0.0,0.0,0.0,0.0,0.0,0.0,0.0,0.0,-0.46153846153846156,1.4166666666666667,-1.0,0.5,0.0,0.0,-0.3333333333333333,1.3333333333333333,-0.5,0.0,-1.0,-1.0,0.0,-0.5714285714285714,-0.6,-0.3333333333333333,-0.6,-1.5,-0.3333333333333333,-0.30460448642266824,-0.5903914896737338
1.0,0.0,0.0,1.0,1.0,0.0,0.0,0.0,0.0,0.0,0.0,0.0,0.0,0.0,0.0,1.0,0.0,0.0,1.0,0.0,-0.6923076923076923,0.08333333333333333,0.0,0.5,0.0,0.0,-0.3333333333333333,0.16666666666666666,0.5,-1.0,-0.1111111111111111,-3.0,0.0,0.5714285714285714,1.0,0.0,0.8,0.5999999999999999,-0.09999999999999998,0.5681227863046044,0.5297562978430499
0.0,1.0,0.0,1.0,0.0,1.0,0.0,0.0,0.0,0.0,0.0,0.0,0.0,0.0,0.0,1.0,0.0,1.0,0.0,0.0,-0.46153846153846156,0.25,0.0,0.0,-1.0,0.0,-0.3333333333333333,0.6666666666666666,-1.0,0.0,0.0,0.0,0.0,0.7142857142857143,0.0,0.0,0.2,-0.40909090909090906,-0.12121212121212119,0.5879574970484059,0.2604974994351561
0.0,1.0,1.0,0.0,1.0,0.0,0.0,0.0,0.0,0.0,0.0,0.0,0.0,0.0,0.0,0.0,0.0,0.0,1.0,0.0,-0.9230769230769231,-0.5,-0.5,-0.5,-1.0,0.0,-0.3333333333333333,-0.3333333333333333,-0.5,-1.0,-0.6666666666666666,-1.0,-1.0,-0.14285714285714285,0.0,0.0,-0.2,-0.29999999999999993,0.1333333333333334,0.34994096812278636,-0.07678827782858483
0.0,1.0,1.0,0.0,0.0,0.0,1.0,0.0,0.0,0.0,0.0,0.0,0.0,0.0,0.0,0.0,0.0,1.0,0.0,1.0,-0.23076923076923078,0.6666666666666666,-0.5,-0.5,0.0,0.5,-0.6666666666666666,-0.16666666666666666,-1.0,0.0,0.0,3.0,0.0,0.5714285714285714,0.8,2.3333333333333335,-0.4,-1.2000000000000002,1.5333333333333337,0.38961038961038963,-0.024393853054369315
1.0,0.0,1.0,0.0,1.0,0.0,0.0,0.0,0.0,0.0,1.0,0.0,0.0,0.0,0.0,0.0,0.0,0.0,1.0,0.0,0.5384615384615384,0.25,0.5,0.0,0.0,0.5,-0.6666666666666666,0.8333333333333334,-1.0,-1.0,-0.1111111111111111,2.0,0.0,0.42857142857142855,0.8,0.0,0.8,0.8333333333333334,-0.07407407407407407,0.34994096812278636,-0.6785371269030599
0.0,1.0,0.0,1.0,1.0,0.0,0.0,0.0,0.0,0.0,0.0,0.0,0.0,0.0,0.0,1.0,0.0,1.0,0.0,0.0,-0.15384615384615385,0.08333333333333333,-0.5,0.0,0.0,-1.0,1.0,0.5,-0.5,0.0,-0.4444444444444444,-2.0,0.0,-0.2857142857142857,-0.2,0.0,-0.2,0.0,0.25000000000000006,-0.46044864226682414,0.2491313427052509
1.0,0.0,0.0,1.0,0.0,1.0,0.0,0.0,0.0,0.0,0.0,0.0,0.0,0.0,0.0,1.0,0.0,0.0,1.0,1.0,0.7692307692307693,-0.16666666666666666,0.5,-1.0,0.0,0.5,0.6666666666666666,1.1666666666666667,0.0,-1.0,0.4444444444444444,1.0,0.0,0.5714285714285714,0.6,-0.3333333333333333,1.0,0.9000000000000001,-0.3333333333333333,-0.08642266824085014,0.13594945100066863
1.0,0.0,1.0,0.0,1.0,0.0,0.0,0.0,0.0,0.0,0.0,0.0,0.0,1.0,0.0,0.0,0.0,1.0,0.0,1.0,1.0769230769230769,-0.5,0.0,-1.0,0.0,-0.5,0.3333333333333333,0.8333333333333334,-1.0,-1.0,2.0,-2.0,-1.0,0.42857142857142855,0.0,-0.3333333333333333,0.8,0.8333333333333334,-0.3333333333333333,-0.7936326995888124,1.22879435376865
0.0,1.0,0.0,1.0,1.0,0.0,0.0,0.0,0.0,0.0,0.0,0.0,0.0,0.0,0.0,1.0,0.0,1.0,0.0,0.0,0.07692307692307693,-0.5,0.5,-1.0,-1.0,0.0,1.0,-0.5,0.0,-1.0,0.7777777777777778,-1.0,-2.0,1.2857142857142858,-0.4,3.3333333333333335,0.8,-0.09999999999999998,1.3777777777777775,0.3014561196379378,0.7159484025474612
1.0,0.0,0.0,1.0,1.0,0.0,0.0,0.0,0.0,0.0,0.0,0.0,0.0,0.0,0.0,1.0,0.0,0.0,1.0,0.0,-0.5384615384615384,-0.4166666666666667,-0.5,-0.5,0.0,0.5,-0.3333333333333333,0.6666666666666666,-1.0,-1.0,0.0,0.0,-1.0,0.7142857142857143,0.8,-0.3333333333333333,1.2,0.9545454545454547,-0.3333333333333333,0.5879574970484059,-0.08987881951660351
1.0,0.0,0.0,1.0,0.0,1.0,0.0,0.0,0.0,0.0,0.0,0.0,0.0,0.0,0.0,1.0,0.0,1.0,0.0,0.0,0.6153846153846154,-0.5,1.0,-1.0,0.0,0.0,1.6666666666666667,-0.3333333333333333,0.0,0.0,0.1111111111111111,1.0,-1.0,-0.5714285714285714,-0.6,-0.3333333333333333,-0.6,-1.5,-0.3333333333333333,-1.2136953955135772,-0.046125660233341206
0.0,1.0,1.0,0.0,1.0,0.0,0.0,0.0,0.0,0.0,0.0,0.0,0.0,0.0,1.0,0.0,0.0,0.0,1.0,0.0,0.6153846153846154,1.0833333333333333,0.0,0.5,0.0,-0.5,-0.3333333333333333,-0.16666666666666666,0.0,-1.0,-0.4444444444444444,0.0,-1.0,0.0,-0.2,0.0,0.0,0.0,0.05555555555555555,0.16292798110979928,-0.3627148975743127
0.0,0.0,1.0,0.0,1.0,0.0,0.0,0.0,0.0,0.0,1.0,0.0,0.0,0.0,0.0,0.0,0.0,1.0,0.0,0.0,-0.07692307692307693,-0.3333333333333333,0.0,0.0,-1.0,0.0,-0.3333333333333333,0.6666666666666666,0.0,1.0,-1.0,0.0,0.0,-0.5714285714285714,-0.6,-0.3333333333333333,-0.6,-1.5,-0.3333333333333333,-0.30460448642266824,-1.2980926826383044
1.0,0.0,1.0,0.0,1.0,0.0,0.0,0.0,0.0,0.0,0.0,0.0,1.0,0.0,0.0,0.0,0.0,0.0,0.0,0.0,1.3846153846153846,-0.5,0.5,0.5,0.0,0.0,1.6666666666666667,0.5,-1.0,0.0,2.5555555555555554,-1.0,-2.0,0.0,0.2,0.0,0.2,0.4999999999999999,0.05555555555555555,-1.074657962358497,0.7062888016817305
0.0,1.0,0.0,1.0,0.0,0.0,1.0,0.0,0.0,0.0,0.0,1.0,0.0,0.0,0.0,0.0,0.0,1.0,0.0,0.0,0.9230769230769231,1.8333333333333333,-1.0,-1.0,0.0,0.0,0.3333333333333333,1.1666666666666667,-0.5,0.0,0.5555555555555556,0.0,-2.0,-0.7142857142857143,-0.6,-0.3333333333333333,-0.6,-1.5,-0.3333333333333333,-1.395513577331759,0.8725559731495423
1.0,0.0,1.0,0.0,1.0,0.0,0.0,0.0,0.0,0.0,0.0,0.0,1.0,0.0,0.0,0.0,0.0,1.0,0.0,0.0,-0.38461538461538464,-0.5,-1.0,0.0,0.0,-1.0,-0.3333333333333333,-0.3333333333333333,0.0,0.0,-0.6666666666666666,-2.0,0.0,-0.14285714285714285,0.0,-0.3333333333333333,0.0,0.29999999999999993,-0.3333333333333333,0.34994096812278636,-0.1788489152887294
0.0,1.0,1.0,0.0,1.0,0.0,0.0,0.0,0.0,0.0,0.0,0.0,0.0,0.0,1.0,0.0,0.0,1.0,0.0,0.0,-0.3076923076923077,-0.16666666666666666,-0.5,0.5,-1.0,-0.5,0.3333333333333333,-0.3333333333333333,-1.0,0.0,0.2222222222222222,-1.0,0.0,0.2857142857142857,-0.4,0.3333333333333333,0.4,0.375,0.25000000000000006,-0.2206884025065844,0.1532890481684061
0.0,1.0,0.0,1.0,1.0,0.0,0.0,0.0,0.0,0.0,0.0,0.0,0.0,0.0,0.0,1.0,0.0,1.0,0.0,0.0,0.46153846153846156,-0.5,-1.0,-0.5,0.0,0.0,-0.3333333333333333,1.8333333333333333,0.0,-1.0,1.1111111111111112,0.0,0.0,2.142857142857143,2.6,3.3333333333333335,0.6,-0.6428571428571429,0.8888888888888891,0.6824085005903185,-0.018746157023326986
1.0,0.0,1.0,0.0,0.0,0.0,1.0,0.0,0.0,0.0,1.0,0.0,0.0,0.0,0.0,0.0,0.0,1.0,0.0,0.0,-0.38461538461538464,0.6666666666666666,0.0,0.0,0.0,0.0,-0.3333333333333333,-0.3333333333333333,0.0,0.0,-0.8888888888888888,2.0,-1.0,-0.42857142857142855,-0.2,0.3333333333333333,-0.2,0.4999999999999999,1.222222222222222,0.059031877213695266,-0.6202143831832452
0.0,1.0,1.0,0.0,1.0,0.0,0.0,0.0,0.0,0.0,1.0,0.0,0.0,0.0,0.0,0.0,0.0,0.0,1.0,0.0,0.0,0.75,0.5,0.0,1.0,-1.0,-0.3333333333333333,0.3333333333333333,0.0,-1.0,0.8888888888888888,-2.0,0.0,1.7142857142857142,2.0,4.666666666666667,2.2,0.8333333333333334,1.6111111111111112,0.5566395327160877,-0.5728662214528127
0.0,1.0,1.0,0.0,1.0,0.0,0.0,0.0,0.0,0.0,0.0,0.0,0.0,0.0,1.0,0.0,0.0,0.0,1.0,0.0,0.23076923076923078,1.4166666666666667,-1.0,-1.0,0.0,0.5,1.6666666666666667,-0.16666666666666666,-1.0,-1.0,0.8888888888888888,-1.0,0.0,0.2857142857142857,0.8,0.0,0.8,1.125,-0.04166666666666665,-0.591685826135587,-0.18808122027625
0.0,1.0,1.0,0.0,0.0,0.0,0.0,0.0,1.0,0.0,0.0,0.0,0.0,0.0,1.0,0.0,0.0,0.0,1.0,0.0,-0.5384615384615384,-0.5,0.5,-1.0,-1.0,-1.0,1.3333333333333333,-0.16666666666666666,0.0,-1.0,0.1111111111111111,-1.0,-2.0,0.5714285714285714,0.8,-0.3333333333333333,0.8,0.5999999999999999,-0.3333333333333333,0.24085005903187715,-0.7153247374519127
0.0,1.0,0.0,1.0,0.0,0.0,0.0,1.0,0.0,0.0,0.0,0.0,0.0,0.0,0.0,0.0,1.0,0.0,1.0,0.0,-0.7692307692307693,-0.16666666666666666,0.0,0.5,-1.0,0.0,-0.6666666666666666,0.6666666666666666,0.5,-1.0,-0.5555555555555556,-1.0,0.0,-0.14285714285714285,-0.2,-0.3333333333333333,-0.6,-1.5,-0.3333333333333333,0.059031877213695266,-0.4984041341913457
0.0,0.0,0.0,1.0,0.0,1.0,0.0,0.0,0.0,0.0,0.0,0.0,0.0,0.0,0.0,1.0,0.0,0.0,1.0,1.0,-0.15384615384615385,1.0,0.0,-1.0,1.0,0.5,2.0,-0.16666666666666666,-0.5,-1.0,-0.1111111111111111,0.0,-1.0,0.0,-0.2,-0.3333333333333333,0.2,0.4999999999999999,-0.3333333333333333,-0.30460448642266824,0.055381060136748934
0.0,1.0,0.0,1.0,0.0,0.0,0.0,0.0,1.0,0.0,0.0,0.0,0.0,0.0,0.0,1.0,0.0,0.0,0.0,0.0,0.7692307692307693,-0.3333333333333333,0.0,-1.0,1.0,-1.0,0.0,-0.3333333333333333,0.5,0.0,1.6666666666666667,2.0,0.0,2.0,2.8,0.3333333333333333,1.0,-0.29999999999999993,-0.09999999999999998,0.1988920170738351,0.9259772095736855
1.0,0.0,1.0,0.0,0.0,0.0,1.0,0.0,0.0,0.0,1.0,0.0,0.0,0.0,0.0,0.0,0.0,1.0,0.0,0.0,0.15384615384615385,-0.4166666666666667,-0.5,0.0,-1.0,-0.5,0.6666666666666666,0.0,-0.5,0.0,-0.1111111111111111,1.0,-1.0,0.14285714285714285,-0.4,-0.3333333333333333,0.4,0.6428571428571429,-0.3333333333333333,-0.08642266824085014,-0.6735060638568845
0.0,1.0,1.0,0.0,0.0,0.0,1.0,0.0,0.0,0.0,0.0,0.0,0.0,1.0,0.0,0.0,0.0,0.0,0.0,0.0,1.4615384615384615,-0.5,0.5,-0.5,1.0,0.5,0.0,-0.16666666666666666,0.5,1.0,2.3333333333333335,1.0,1.0,0.2857142857142857,0.8,-0.3333333333333333,-0.6,-1.5,-0.3333333333333333,-0.9182408500590319,1.0288106485841244
0.0,1.0,0.0,1.0,1.0,0.0,0.0,0.0,0.0,0.0,0.0,0.0,0.0,0.0,0.0,1.0,0.0,0.0,1.0,0.0,0.23076923076923078,-0.4166666666666667,1.0,-1.0,1.0,0.0,-0.6666666666666666,0.6666666666666666,0.5,-1.0,-0.1111111111111111,0.0,0.0,0.42857142857142855,0.8,-0.3333333333333333,0.8,0.8333333333333334,-0.3333333333333333,0.34994096812278636,0.4325821544105863
0.0,0.0,0.0,1.0,0.0,0.0,0.0,1.0,0.0,0.0,0.0,0.0,0.0,0.0,0.0,1.0,0.0,0.0,0.0,0.0,0.3076923076923077,1.75,0.0,0.0,-2.0,-1.0,0.3333333333333333,0.16666666666666666,0.0,0.0,1.1111111111111112,-1.0,0.0,-0.5714285714285714,-0.6,-0.3333333333333333,-0.4,0.0,-0.3333333333333333,-1.2916174734356554,0.7445276323432214
1.0,0.0,0.0,1.0,0.0,1.0,0.0,0.0,0.0,0.0,0.0,0.0,0.0,0.0,0.0,0.0,1.0,1.0,0.0,0.0,-0.15384615384615385,-0.4166666666666667,0.5,0.0,0.0,0.0,1.3333333333333333,0.6666666666666666,0.5,0.0,-0.4444444444444444,0.0,0.0,-0.14285714285714285,0.0,0.0,-0.2,-0.29999999999999993,0.1333333333333334,-0.14876033057851248,-0.7696779372772481
0.0,1.0,1.0,0.0,0.0,0.0,0.0,0.0,1.0,0.0,0.0,0.0,0.0,0.0,1.0,0.0,0.0,1.0,0.0,0.0,-0.5384615384615384,1.5,1.0,0.0,-1.0,-0.5,1.0,0.3333333333333333,-0.5,-1.0,-0.4444444444444444,-1.0,1.0,-0.42857142857142855,-0.2,0.0,-0.4,-0.5000000000000001,0.4444444444444444,-0.7721369539551358,-0.6438650047316413
0.0,1.0,1.0,0.0,0.0,0.0,0.0,0.0,1.0,0.0,1.0,0.0,0.0,0.0,0.0,0.0,0.0,1.0,0.0,0.0,1.5384615384615385,0.0,-0.5,0.5,0.0,0.0,2.0,-0.5,0.5,0.0,0.4444444444444444,1.0,-2.0,0.7142857142857143,1.2,2.6666666666666665,1.0,0.6818181818181819,1.575757575757576,0.059031877213695266,-0.7246460689491556
0.0,1.0,0.0,1.0,0.0,0.0,1.0,0.0,0.0,0.0,0.0,0.0,0.0,0.0,0.0,0.0,1.0,1.0,0.0,0.0,-0.3076923076923077,-0.5,0.5,-0.5,-1.0,-0.5,-0.6666666666666666,0.0,-0.5,0.0,-0.7777777777777778,-1.0,0.0,-0.42857142857142855,-0.2,0.3333333333333333,-0.2,0.4999999999999999,1.222222222222222,-0.30460448642266824,-0.7535896410690558
0.0,1.0,1.0,0.0,0.0,0.0,1.0,0.0,0.0,0.0,0.0,0.0,0.0,0.0,0.0,0.0,0.0,1.0,0.0,0.0,1.3076923076923077,1.4166666666666667,0.5,-0.5,1.0,0.5,0.3333333333333333,0.16666666666666666,0.0,-1.0,0.1111111111111111,-1.0,0.0,-0.14285714285714285,0.0,0.0,-0.2,-0.29999999999999993,0.1333333333333334,-0.6682408500590319,0.3204259360253548
0.0,1.0,1.0,0.0,1.0,0.0,0.0,0.0,0.0,0.0,1.0,0.0,0.0,0.0,0.0,0.0,0.0,1.0,0.0,1.0,-1.0,-0.08333333333333333,0.0,0.0,1.0,-1.0,-0.3333333333333333,1.1666666666666667,0.0,1.0,-1.0,-1.0,0.0,-0.7142857142857143,-0.6,-0.3333333333333333,-0.6,-1.5,-0.3333333333333333,-1.395513577331759,-1.0857348899782102
0.0,0.0,0.0,1.0,0.0,1.0,0.0,0.0,0.0,0.0,0.0,0.0,0.0,0.0,0.0,1.0,0.0,1.0,0.0,1.0,-0.07692307692307693,0.08333333333333333,-0.5,0.0,-1.0,0.5,0.6666666666666666,-0.5,-0.5,0.0,0.6666666666666666,3.0,-1.0,1.1428571428571428,-0.2,1.0,1.8,1.0714285714285714,0.3333333333333333,0.2729356205292032,0.6948788043979712
0.0,1.0,1.0,0.0,1.0,0.0,0.0,0.0,0.0,0.0,0.0,0.0,0.0,0.0,0.0,0.0,0.0,0.0,1.0,0.0,0.9230769230769231,-0.08333333333333333,0.0,-1.0,-1.0,0.0,0.0,-0.16666666666666666,0.5,-1.0,1.0,-3.0,0.0,-0.42857142857142855,-0.2,0.3333333333333333,-0.2,0.4999999999999999,1.222222222222222,-1.177331759149941,-0.15794801912802775
0.0,0.0,0.0,1.0,0.0,0.0,1.0,0.0,0.0,0.0,0.0,0.0,0.0,0.0,0.0,1.0,0.0,0.0,1.0,0.0,-0.7692307692307693,1.8333333333333333,-0.5,-0.5,-2.0,-1.0,2.0,0.6666666666666666,0.5,-1.0,-0.3333333333333333,3.0,0.0,-0.42857142857142855,-0.2,0.3333333333333333,-0.2,0.4999999999999999,1.222222222222222,-0.8500590318772137,-0.006782884271030566
1.0,0.0,1.0,0.0,0.0,0.0,1.0,0.0,0.0,0.0,0.0,0.0,0.0,0.0,1.0,0.0,0.0,1.0,0.0,0.0,-0.07692307692307693,-0.5,0.0,-0.5,0.0,-1.0,0.6666666666666666,-0.16666666666666666,0.5,0.0,-0.5555555555555556,-1.0,-1.0,-0.2857142857142857,-0.2,0.0,-0.2,0.0,0.25000000000000006,-0.30460448642266824,-0.7856082370446822
1.0,0.0,1.0,0.0,1.0,0.0,0.0,0.0,0.0,0.0,0.0,0.0,0.0,0.0,0.0,0.0,0.0,1.0,0.0,1.0,-0.07692307692307693,0.9166666666666666,0.5,0.0,0.0,0.0,-0.3333333333333333,0.0,0.5,1.0,0.0,-1.0,1.0,0.7142857142857143,-0.2,-0.3333333333333333,-0.2,-0.9545454545454546,-0.3333333333333333,0.5879574970484059,0.1221484997009082
0.0,1.0,1.0,0.0,1.0,0.0,0.0,0.0,0.0,0.0,0.0,0.0,0.0,0.0,1.0,0.0,0.0,0.0,1.0,0.0,0.15384615384615385,-0.5,-1.0,0.0,0.0,-1.0,0.3333333333333333,0.5,0.5,-1.0,-0.2222222222222222,0.0,-1.0,-0.7142857142857143,-0.6,-0.3333333333333333,-0.6,-1.5,-0.3333333333333333,-1.395513577331759,-0.6169350929807147
0.0,1.0,0.0,1.0,1.0,0.0,0.0,0.0,0.0,0.0,0.0,1.0,0.0,0.0,0.0,0.0,0.0,0.0,1.0,0.0,1.4615384615384615,0.9166666666666666,1.0,-1.0,0.0,-0.5,0.3333333333333333,1.5,0.5,-1.0,3.0,-1.0,0.0,0.7142857142857143,1.2,2.0,0.8,0.40909090909090906,1.1515151515151516,-0.8213508979059219,1.1559686640094982
0.0,1.0,0.0,1.0,0.0,1.0,0.0,0.0,0.0,0.0,0.0,0.0,0.0,0.0,0.0,1.0,0.0,1.0,0.0,1.0,0.07692307692307693,-0.4166666666666667,0.0,0.5,0.0,0.0,0.6666666666666666,-0.5,0.0,0.0,0.7777777777777778,0.0,-1.0,-0.2857142857142857,-0.6,0.0,-0.6,-1.5,0.25000000000000006,-1.0318772136953955,0.6209141818381109
0.0,1.0,0.0,1.0,0.0,0.0,1.0,0.0,0.0,0.0,0.0,0.0,0.0,0.0,0.0,0.0,1.0,0.0,1.0,0.0,-0.46153846153846156,0.16666666666666666,0.0,-0.5,0.0,0.5,-0.3333333333333333,-0.16666666666666666,0.0,-1.0,-1.0,0.0,-1.0,-0.5714285714285714,-0.6,-0.3333333333333333,-0.6,-1.5,-0.3333333333333333,-0.30460448642266824,-1.459730712364929
0.0,1.0,0.0,1.0,0.0,1.0,0.0,0.0,0.0,0.0,0.0,1.0,0.0,0.0,0.0,0.0,0.0,1.0,0.0,0.0,1.1538461538461537,1.5833333333333333,0.5,-1.0,0.0,0.0,0.0,0.0,0.0,0.0,2.111111111111111,-1.0,-1.0,2.142857142857143,0.6,1.0,2.8,0.9285714285714286,0.1111111111111111,0.059031877213695266,1.125602678649907
1.0,0.0,1.0,0.0,1.0,0.0,0.0,0.0,0.0,0.0,0.0,0.0,1.0,0.0,0.0,0.0,0.0,1.0,0.0,0.0,-0.38461538461538464,0.0,-0.5,0.0,-1.0,0.0,-0.3333333333333333,1.6666666666666667,-1.0,0.0,0.0,-1.0,0.0,0.7142857142857143,1.2,2.3333333333333335,1.2,0.9545454545454547,1.363636363636364,0.5879574970484059,0.5531630993502142
0.0,1.0,0.0,1.0,0.0,1.0,0.0,0.0,0.0,0.0,0.0,1.0,0.0,0.0,0.0,0.0,0.0,0.0,0.0,0.0,1.6153846153846154,1.8333333333333333,0.0,-1.0,-1.0,0.5,0.3333333333333333,-0.3333333333333333,0.0,0.0,2.4444444444444446,0.0,-1.0,-0.5714285714285714,-0.6,-0.3333333333333333,-0.6,-1.5,-0.3333333333333333,-1.3293978748524202,0.988243016822375
0.0,1.0,1.0,0.0,1.0,0.0,0.0,0.0,0.0,0.0,0.0,0.0,0.0,0.0,1.0,0.0,0.0,1.0,0.0,1.0,-0.3076923076923077,0.16666666666666666,0.5,-1.0,0.0,0.5,-0.3333333333333333,-0.3333333333333333,0.5,0.0,-0.4444444444444444,-1.0,-1.0,0.14285714285714285,0.2,-0.3333333333333333,0.4,0.6428571428571429,-0.3333333333333333,0.4746162927981108,0.2226740123974765
0.0,1.0,1.0,0.0,1.0,0.0,0.0,0.0,0.0,0.0,1.0,0.0,0.0,0.0,0.0,0.0,0.0,1.0,0.0,1.0,0.38461538461538464,0.4166666666666667,0.5,-0.5,0.0,0.5,0.3333333333333333,-0.5,-1.0,0.0,-0.4444444444444444,1.0,0.0,-0.5714285714285714,-0.6,-0.3333333333333333,-0.6,-1.5,-0.3333333333333333,-1.0838252656434475,-0.04652540739904565
1.0,0.0,1.0,0.0,1.0,0.0,0.0,0.0,0.0,0.0,1.0,0.0,0.0,0.0,0.0,0.0,0.0,1.0,0.0,1.0,0.15384615384615385,-0.4166666666666667,-0.5,0.5,0.0,0.5,-0.3333333333333333,1.5,0.0,0.0,-1.0,0.0,0.0,-0.5714285714285714,-0.6,-0.3333333333333333,-0.6,-1.5,-0.3333333333333333,-0.30460448642266824,-1.0274700183471457
1.0,0.0,1.0,0.0,0.0,0.0,1.0,0.0,0.0,0.0,0.0,0.0,0.0,0.0,1.0,0.0,0.0,0.0,1.0,0.0,-0.6923076923076923,-0.4166666666666667,0.0,0.5,0.0,0.5,0.0,-0.16666666666666666,0.0,-1.0,-0.4444444444444444,-3.0,-1.0,-0.14285714285714285,-0.2,0.0,-0.2,-0.29999999999999993,0.1333333333333334,-0.14876033057851248,-0.6312275707997758
0.0,0.0,0.0,1.0,0.0,0.0,1.0,0.0,0.0,0.0,0.0,0.0,0.0,0.0,0.0,1.0,0.0,0.0,0.0,0.0,0.07692307692307693,0.16666666666666666,0.5,-1.0,0.0,-0.5,-0.3333333333333333,-0.16666666666666666,0.5,0.0,-0.1111111111111111,3.0,0.0,0.5714285714285714,0.4,2.0,0.8,0.5999999999999999,1.3,0.5681227863046044,0.5414776277858911
0.0,1.0,0.0,1.0,0.0,1.0,0.0,0.0,0.0,0.0,0.0,0.0,0.0,0.0,0.0,1.0,0.0,0.0,0.0,1.0,0.6153846153846154,-0.5,1.0,-0.5,0.0,-1.0,1.0,1.1666666666666667,0.0,0.0,-0.1111111111111111,-1.0,-1.0,-0.14285714285714285,0.0,0.0,0.0,0.29999999999999993,0.1333333333333334,-0.5227863046044864,0.08195333627509763
0.0,1.0,1.0,0.0,1.0,0.0,0.0,0.0,0.0,0.0,0.0,0.0,1.0,0.0,0.0,0.0,0.0,0.0,0.0,0.0,-0.5384615384615384,1.1666666666666667,0.5,-0.5,1.0,-1.0,-0.3333333333333333,-0.5,0.0,0.0,0.0,-2.0,0.0,0.7142857142857143,1.2,2.3333333333333335,1.0,0.6818181818181819,1.363636363636364,0.5879574970484059,0.6577072473130717
0.0,1.0,0.0,1.0,0.0,1.0,0.0,0.0,0.0,0.0,0.0,0.0,0.0,0.0,0.0,1.0,0.0,0.0,1.0,0.0,-0.07692307692307693,-0.5,0.5,0.0,-1.0,-1.0,-0.6666666666666666,0.0,-0.5,-1.0,0.6666666666666666,-1.0,0.0,1.4285714285714286,2.0,0.3333333333333333,1.0,0.0,-0.04166666666666665,0.5296201125078129,-0.14190466607950722
0.0,1.0,1.0,0.0,1.0,0.0,0.0,0.0,0.0,0.0,0.0,0.0,0.0,0.0,1.0,0.0,0.0,1.0,0.0,0.0,-0.46153846153846156,0.75,-1.0,-0.5,0.0,0.5,-0.3333333333333333,-0.3333333333333333,-0.5,0.0,0.0,-1.0,-1.0,0.7142857142857143,-0.6,-0.3333333333333333,1.0,0.6818181818181819,-0.3333333333333333,0.5879574970484059,-0.5324083286995378
0.0,1.0,1.0,0.0,0.0,0.0,1.0,0.0,0.0,0.0,0.0,0.0,1.0,0.0,0.0,0.0,0.0,1.0,0.0,1.0,0.15384615384615385,-0.4166666666666667,-0.5,0.5,-1.0,0.0,0.3333333333333333,0.8333333333333334,0.5,0.0,0.0,3.0,1.0,0.0,0.2,-0.3333333333333333,-0.2,-0.5000000000000001,-0.3333333333333333,-0.40377804014167656,0.4174684399719335
0.0,1.0,0.0,1.0,1.0,0.0,0.0,0.0,0.0,0.0,0.0,0.0,0.0,0.0,0.0,1.0,0.0,1.0,0.0,0.0,-0.15384615384615385,0.16666666666666666,-1.0,-0.5,0.0,0.0,-0.3333333333333333,1.0,-1.0,-1.0,-0.4444444444444444,0.0,-1.0,0.14285714285714285,0.4,0.0,0.0,-0.21428571428571436,0.0,0.4746162927981108,0.12632648635344418
0.0,1.0,0.0,1.0,0.0,1.0,0.0,0.0,0.0,0.0,0.0,1.0,0.0,0.0,0.0,0.0,0.0,1.0,0.0,0.0,0.46153846153846156,-0.16666666666666666,-0.5,0.5,0.0,0.0,1.3333333333333333,-0.16666666666666666,-0.5,-1.0,1.2222222222222223,0.0,1.0,-0.5714285714285714,-0.6,-0.3333333333333333,-0.6,-1.5,-0.3333333333333333,-1.296340023612751,1.2356393889266997
0.0,1.0,1.0,0.0,1.0,0.0,0.0,0.0,0.0,0.0,0.0,0.0,1.0,0.0,0.0,0.0,0.0,0.0,1.0,0.0,0.9230769230769231,-0.25,0.0,0.5,0.0,0.5,-0.3333333333333333,-0.5,0.0,-1.0,0.1111111111111111,-1.0,0.0,0.7142857142857143,1.2,-0.3333333333333333,1.0,0.6818181818181819,-0.3333333333333333,0.42266824085005905,0.4347562935187325
0.0,1.0,1.0,0.0,0.0,0.0,0.0,0.0,1.0,0.0,0.0,0.0,0.0,0.0,0.0,0.0,0.0,0.0,1.0,0.0,0.23076923076923078,-0.4166666666666667,0.5,0.5,-1.0,0.0,-0.3333333333333333,-0.5,-1.0,-1.0,1.1111111111111112,1.0,0.0,2.142857142857143,0.8,3.3333333333333335,1.4,-0.07142857142857151,0.8888888888888891,0.6824085005903185,-0.09008806251427401
0.0,0.0,1.0,0.0,1.0,0.0,0.0,0.0,0.0,0.0,0.0,0.0,1.0,0.0,0.0,0.0,0.0,0.0,0.0,1.0,1.0,0.9166666666666666,0.5,0.5,0.0,0.5,-0.3333333333333333,0.16666666666666666,-1.0,1.0,-0.3333333333333333,-3.0,0.0,0.2857142857142857,0.8,0.0,0.8,1.125,-0.04166666666666665,0.5135773317591499,0.2926848645808937
0.0,1.0,0.0,1.0,1.0,0.0,0.0,0.0,0.0,0.0,0.0,1.0,0.0,0.0,0.0,0.0,0.0,0.0,1.0,1.0,0.38461538461538464,-0.08333333333333333,0.0,0.5,0.0,0.5,0.3333333333333333,0.6666666666666666,0.0,-1.0,0.6666666666666666,0.0,0.0,-0.5714285714285714,-0.6,-0.3333333333333333,-0.6,-1.5,-0.3333333333333333,-1.2671713313424542,0.951990979682808
0.0,1.0,0.0,0.0,0.0,0.0,0.0,0.0,0.0,1.0,0.0,0.0,0.0,0.0,0.0,0.0,0.0,1.0,0.0,1.0,-0.46153846153846156,0.16666666666666666,0.0,0.0,0.0,0.5,-0.6666666666666666,0.8333333333333334,0.5,-1.0,0.2222222222222222,-1.0,-2.0,0.8571428571428571,1.2,1.0,0.8,0.2500000000000001,0.4444444444444444,0.4506402688220869,0.22643456194238232
0.0,0.0,1.0,0.0,1.0,0.0,0.0,0.0,0.0,0.0,0.0,0.0,0.0,0.0,1.0,0.0,0.0,0.0,0.0,0.0,0.3076923076923077,0.75,-0.5,0.0,0.0,0.0,2.3333333333333335,0.3333333333333333,-0.5,0.0,-0.4444444444444444,-3.0,0.0,-0.14285714285714285,-0.2,-0.3333333333333333,-0.6,-1.5,-0.3333333333333333,-0.14876033057851248,-0.32878318918285265
1.0,0.0,0.0,1.0,1.0,0.0,0.0,0.0,0.0,0.0,0.0,0.0,0.0,0.0,0.0,0.0,1.0,0.0,1.0,0.0,-0.38461538461538464,-0.5,0.5,-0.5,-2.0,0.0,-0.3333333333333333,-0.3333333333333333,-0.5,-1.0,-1.0,0.0,0.0,-0.5714285714285714,-0.6,-0.3333333333333333,-0.6,-1.5,-0.3333333333333333,-0.30460448642266824,-1.2418054820879831
0.0,1.0,0.0,0.0,1.0,0.0,0.0,0.0,0.0,1.0,0.0,0.0,0.0,0.0,0.0,0.0,0.0,0.0,1.0,0.0,0.6153846153846154,-0.5,0.5,-1.0,-1.0,0.0,0.6666666666666666,-0.5,-0.5,-1.0,0.0,-2.0,1.0,-0.42857142857142855,-0.2,-0.3333333333333333,-0.2,0.4999999999999999,-0.3333333333333333,-0.998819362455726,0.1704780018897745
0.0,1.0,1.0,0.0,0.0,0.0,1.0,0.0,0.0,0.0,1.0,0.0,0.0,0.0,0.0,0.0,0.0,0.0,0.0,0.0,-0.5384615384615384,0.0,-1.0,-1.0,-1.0,0.5,1.3333333333333333,0.0,0.0,2.0,-0.2222222222222222,2.0,0.0,-0.14285714285714285,0.0,-0.3333333333333333,0.0,0.29999999999999993,-0.3333333333333333,-0.4258166076347895,-0.6491177586625811
1.0,0.0,1.0,0.0,1.0,0.0,0.0,0.0,0.0,0.0,0.0,0.0,1.0,0.0,0.0,0.0,0.0,1.0,0.0,0.0,0.15384615384615385,-0.08333333333333333,0.5,-1.0,-1.0,0.0,0.0,-0.5,0.5,0.0,0.0,-2.0,0.0,0.42857142857142855,0.0,2.0,0.8,0.8333333333333334,1.4814814814814814,0.19126328217237307,0.05843007993797202
1.0,0.0,0.0,1.0,0.0,1.0,0.0,0.0,0.0,0.0,0.0,0.0,0.0,0.0,0.0,1.0,0.0,0.0,0.0,0.0,0.38461538461538464,-0.5,0.0,0.0,0.0,-1.0,-0.6666666666666666,0.5,0.5,0.0,0.0,-1.0,0.0,0.5714285714285714,0.0,0.0,0.8,0.5999999999999999,-0.09999999999999998,0.38961038961038963,-0.1892415725796772
0.0,1.0,0.0,1.0,0.0,0.0,1.0,0.0,0.0,0.0,0.0,0.0,0.0,0.0,0.0,1.0,0.0,0.0,0.0,0.0,-0.23076923076923078,-0.5,0.0,-1.0,1.0,-1.0,-0.3333333333333333,1.3333333333333333,-1.0,0.0,-0.1111111111111111,2.0,0.0,0.5714285714285714,1.0,-0.3333333333333333,1.0,0.9000000000000001,-0.3333333333333333,0.5681227863046044,-0.20469212399858144
0.0,1.0,1.0,0.0,0.0,0.0,1.0,0.0,0.0,0.0,0.0,0.0,0.0,1.0,0.0,0.0,0.0,0.0,0.0,1.0,0.6153846153846154,0.0,0.0,-0.5,0.0,0.5,-0.6666666666666666,0.0,0.5,0.0,1.4444444444444444,1.0,-1.0,2.4285714285714284,0.8,0.0,1.4,-0.19565217391304351,-0.2318840579710145,0.6044864226682407,1.2737092327506585
0.0,0.0,1.0,0.0,1.0,0.0,0.0,0.0,0.0,0.0,0.0,0.0,0.0,1.0,0.0,0.0,0.0,1.0,0.0,0.0,0.0,0.08333333333333333,0.0,-1.0,1.0,-1.0,2.3333333333333335,0.0,-1.0,0.0,0.0,-1.0,0.0,0.42857142857142855,0.8,-0.3333333333333333,0.4,0.16666666666666674,-0.3333333333333333,0.19126328217237307,0.8102834588139736
0.0,1.0,0.0,1.0,0.0,0.0,0.0,1.0,0.0,0.0,0.0,0.0,0.0,0.0,0.0,1.0,0.0,0.0,1.0,0.0,-0.15384615384615385,-0.4166666666666667,0.0,0.5,0.0,0.5,-0.3333333333333333,1.3333333333333333,0.0,-1.0,-0.4444444444444444,2.0,0.0,0.14285714285714285,0.4,0.0,0.2,0.2142857142857142,0.0,0.4746162927981108,0.2154118932749109
0.0,1.0,0.0,1.0,0.0,1.0,0.0,0.0,0.0,0.0,0.0,1.0,0.0,0.0,0.0,0.0,0.0,0.0,1.0,0.0,0.7692307692307693,-0.4166666666666667,0.5,-0.5,0.0,-1.0,0.3333333333333333,-0.3333333333333333,0.5,-1.0,1.3333333333333333,-1.0,-1.0,-0.42857142857142855,-0.2,0.3333333333333333,-0.4,-0.5000000000000001,1.222222222222222,-1.2057902571736563,1.2685928607918224
0.0,0.0,1.0,0.0,1.0,0.0,0.0,0.0,0.0,0.0,0.0,0.0,0.0,0.0,1.0,0.0,0.0,0.0,1.0,0.0,0.6153846153846154,0.8333333333333334,0.0,0.5,-2.0,0.0,0.0,-0.16666666666666666,0.5,-1.0,-0.4444444444444444,0.0,0.0,-0.7142857142857143,-0.6,-0.3333333333333333,-0.6,-1.5,-0.3333333333333333,-1.395513577331759,-0.7448138974902931
0.0,0.0,1.0,0.0,1.0,0.0,0.0,0.0,0.0,0.0,0.0,0.0,0.0,0.0,0.0,0.0,0.0,1.0,0.0,0.0,-0.07692307692307693,0.08333333333333333,0.5,0.0,0.0,0.0,-0.3333333333333333,-0.3333333333333333,0.5,0.0,0.5555555555555556,2.0,0.0,1.2857142857142858,1.6,0.3333333333333333,1.2,0.29999999999999993,-0.02222222222222221,0.5135773317591499,-0.1788489152887294
0.0,1.0,1.0,0.0,1.0,0.0,0.0,0.0,0.0,0.0,1.0,0.0,0.0,0.0,0.0,0.0,0.0,1.0,0.0,1.0,-0.5384615384615384,-0.5,-0.5,-0.5,-1.0,-1.0,-0.3333333333333333,-0.5,0.5,0.0,-1.0,-2.0,0.0,-0.5714285714285714,-0.6,-0.3333333333333333,-0.6,-1.5,-0.3333333333333333,-0.30460448642266824,-0.7328263529020907
0.0,1.0,1.0,0.0,1.0,0.0,0.0,0.0,0.0,0.0,0.0,0.0,0.0,0.0,0.0,0.0,0.0,0.0,1.0,0.0,0.15384615384615385,-0.5,0.5,-0.5,1.0,0.5,-0.6666666666666666,-0.16666666666666666,0.0,-1.0,0.0,1.0,-1.0,0.5714285714285714,0.8,0.0,1.0,0.9000000000000001,-0.09999999999999998,0.38961038961038963,0.4012368004970677
0.0,1.0,1.0,0.0,0.0,0.0,1.0,0.0,0.0,0.0,0.0,0.0,1.0,0.0,0.0,0.0,0.0,0.0,0.0,0.0,1.3076923076923077,0.5,-0.5,0.5,1.0,-1.0,-0.3333333333333333,-0.5,0.0,1.0,-0.5555555555555556,0.0,0.0,-0.14285714285714285,-0.2,0.0,0.0,0.29999999999999993,0.1333333333333334,0.059031877213695266,-0.11188994938346021
0.0,1.0,1.0,0.0,1.0,0.0,0.0,0.0,0.0,0.0,0.0,0.0,0.0,1.0,0.0,0.0,0.0,0.0,0.0,0.0,1.0769230769230769,-0.25,-1.0,-1.0,0.0,-0.5,0.3333333333333333,0.0,-1.0,1.0,2.0,1.0,-1.0,0.7142857142857143,0.2,0.0,0.6,0.13636363636363624,-0.12121212121212119,-0.6431624801530758,1.2784499016054995
1.0,0.0,0.0,1.0,0.0,0.0,1.0,0.0,0.0,0.0,0.0,0.0,0.0,0.0,0.0,0.0,1.0,1.0,0.0,0.0,0.07692307692307693,1.1666666666666667,-0.5,0.0,0.0,0.5,1.0,0.16666666666666666,-0.5,0.0,0.0,0.0,0.0,0.0,0.2,-0.3333333333333333,-0.6,-1.5,-0.3333333333333333,-0.40377804014167656,-0.49615838980806026
0.0,1.0,1.0,0.0,0.0,0.0,1.0,0.0,0.0,0.0,0.0,0.0,1.0,0.0,0.0,0.0,0.0,0.0,1.0,0.0,0.07692307692307693,0.25,0.5,0.5,0.0,-1.0,-0.3333333333333333,0.16666666666666666,-0.5,-1.0,0.0,1.0,-2.0,0.7142857142857143,0.0,-0.3333333333333333,1.0,0.6818181818181819,-0.3333333333333333,0.5879574970484059,-0.1640345981109807
0.0,1.0,1.0,0.0,1.0,0.0,0.0,0.0,0.0,0.0,0.0,0.0,0.0,0.0,0.0,0.0,0.0,0.0,0.0,0.0,0.15384615384615385,1.3333333333333333,0.5,0.5,0.0,0.5,2.3333333333333335,0.0,-0.5,0.0,0.0,-1.0,0.0,-0.42857142857142855,-0.2,0.0,-0.2,0.4999999999999999,0.4444444444444444,-0.998819362455726,0.13148188049838014
0.0,1.0,1.0,0.0,1.0,0.0,0.0,0.0,0.0,0.0,0.0,0.0,0.0,0.0,1.0,0.0,0.0,0.0,0.0,0.0,-0.6153846153846154,-0.5,0.0,-1.0,-1.0,0.0,-0.3333333333333333,0.0,0.5,0.0,-1.0,-1.0,-2.0,-0.5714285714285714,-0.6,-0.3333333333333333,-0.6,-1.5,-0.3333333333333333,-0.30460448642266824,-1.1086127382751358
1.0,0.0,1.0,0.0,1.0,0.0,0.0,0.0,0.0,0.0,0.0,0.0,1.0,0.0,0.0,0.0,0.0,1.0,0.0,0.0,1.4615384615384615,-0.4166666666666667,-1.0,0.5,0.0,-0.5,0.3333333333333333,0.6666666666666666,-0.5,0.0,1.4444444444444444,1.0,0.0,-0.2857142857142857,-0.2,0.0,-0.2,0.0,0.25000000000000006,-1.1227863046044864,0.7483552849629023
0.0,1.0,1.0,0.0,1.0,0.0,0.0,0.0,0.0,0.0,0.0,0.0,0.0,0.0,0.0,0.0,0.0,1.0,0.0,0.0,0.15384615384615385,0.8333333333333334,-1.0,0.0,-1.0,0.0,-0.6666666666666666,0.6666666666666666,-1.0,0.0,1.1111111111111112,1.0,-1.0,2.0,1.2,0.0,1.2,-0.14999999999999997,-0.21666666666666665,0.5785123966942148,0.5402903611370863
0.0,1.0,0.0,1.0,0.0,1.0,0.0,0.0,0.0,0.0,0.0,1.0,0.0,0.0,0.0,0.0,0.0,0.0,1.0,1.0,0.6923076923076923,-0.4166666666666667,0.0,-1.0,-2.0,-0.5,0.0,0.3333333333333333,-1.0,-1.0,1.7777777777777777,-1.0,0.0,2.7142857142857144,1.4,0.0,1.6,-0.18,-0.23999999999999996,0.54388036206218,1.262386360196921
0.0,1.0,0.0,0.0,0.0,0.0,0.0,0.0,0.0,1.0,0.0,0.0,0.0,0.0,0.0,0.0,0.0,1.0,0.0,0.0,-0.38461538461538464,0.9166666666666666,1.0,0.5,1.0,-1.0,-0.6666666666666666,0.5,0.0,-1.0,-0.8888888888888888,1.0,0.0,-0.5714285714285714,-0.6,-0.3333333333333333,-0.6,-1.5,-0.3333333333333333,-0.6682408500590319,-0.5016215485541468
0.0,1.0,1.0,0.0,0.0,0.0,1.0,0.0,0.0,0.0,0.0,0.0,0.0,0.0,1.0,0.0,0.0,0.0,0.0,0.0,0.5384615384615384,-0.4166666666666667,-0.5,0.5,1.0,0.0,-0.3333333333333333,-0.3333333333333333,0.5,1.0,-0.4444444444444444,0.0,-1.0,0.0,0.0,0.0,0.2,0.4999999999999999,0.05555555555555555,0.16292798110979928,-0.6075244855754282
0.0,1.0,1.0,0.0,1.0,0.0,0.0,0.0,0.0,0.0,0.0,1.0,0.0,0.0,0.0,0.0,0.0,0.0,0.0,0.0,0.3076923076923077,-0.5,0.5,-1.0,0.0,-1.0,0.0,-0.5,-1.0,0.0,1.3333333333333333,0.0,0.0,2.0,0.8,3.3333333333333335,2.6,0.9000000000000001,0.9500000000000002,0.4068579641702171,1.1552891650651524
0.0,1.0,0.0,1.0,0.0,0.0,0.0,0.0,1.0,0.0,0.0,0.0,0.0,0.0,0.0,1.0,0.0,0.0,1.0,0.0,-0.46153846153846156,0.4166666666666667,0.0,-0.5,0.0,0.0,-0.6666666666666666,-0.5,-0.5,-1.0,-0.4444444444444444,3.0,0.0,0.0,0.2,1.0,0.2,0.4999999999999999,1.222222222222222,0.16292798110979928,0.2603526340052098
0.0,1.0,0.0,1.0,1.0,0.0,0.0,0.0,0.0,0.0,0.0,0.0,0.0,0.0,0.0,1.0,0.0,1.0,0.0,0.0,-0.6153846153846154,1.5833333333333333,0.0,0.0,-1.0,-1.0,-0.3333333333333333,-0.5,0.0,0.0,-0.5555555555555556,-3.0,0.0,0.0,0.0,-0.3333333333333333,0.2,0.4999999999999999,-0.3333333333333333,0.42266824085005905,-0.05495906623633816
1.0,0.0,0.0,1.0,0.0,0.0,1.0,0.0,0.0,0.0,0.0,0.0,0.0,0.0,0.0,0.0,1.0,0.0,1.0,1.0,-1.3846153846153846,-0.3333333333333333,-0.5,-0.5,0.0,0.5,-0.3333333333333333,-0.3333333333333333,0.0,-1.0,-1.1111111111111112,-1.0,1.0,-0.7142857142857143,-0.6,-0.3333333333333333,-0.6,-1.5,-0.3333333333333333,-1.395513577331759,-1.1049637335780138
0.0,1.0,1.0,0.0,1.0,0.0,0.0,0.0,0.0,0.0,1.0,0.0,0.0,0.0,0.0,0.0,0.0,0.0,1.0,0.0,-0.6153846153846154,-0.4166666666666667,0.5,-1.0,0.0,0.0,0.0,-0.5,0.0,-1.0,-0.5555555555555556,2.0,-2.0,-0.7142857142857143,-0.6,-0.3333333333333333,-0.6,-1.5,-0.3333333333333333,-1.395513577331759,-0.34477754455833753
0.0,1.0,0.0,1.0,0.0,0.0,1.0,0.0,0.0,0.0,0.0,0.0,0.0,0.0,0.0,1.0,0.0,1.0,0.0,1.0,0.23076923076923078,-0.3333333333333333,-0.5,0.5,0.0,0.0,0.6666666666666666,0.6666666666666666,-1.0,-1.0,0.2222222222222222,0.0,-1.0,-0.5714285714285714,-0.6,-0.3333333333333333,-0.6,-1.5,-0.3333333333333333,-1.2276814094995911,0.043450362373606305
1.0,0.0,1.0,0.0,1.0,0.0,0.0,0.0,0.0,0.0,0.0,0.0,1.0,0.0,0.0,0.0,0.0,0.0,0.0,0.0,-0.8461538461538461,-0.4166666666666667,-1.0,0.5,1.0,0.0,-0.3333333333333333,0.5,0.0,1.0,-0.3333333333333333,3.0,0.0,0.2857142857142857,0.8,-0.3333333333333333,0.8,1.125,-0.3333333333333333,0.5135773317591499,0.03761157111866061
0.0,1.0,0.0,1.0,1.0,0.0,0.0,0.0,0.0,0.0,0.0,0.0,0.0,0.0,0.0,1.0,0.0,1.0,0.0,0.0,-0.23076923076923078,0.08333333333333333,0.5,-1.0,0.0,-1.0,0.0,-0.16666666666666666,0.5,0.0,-0.2222222222222222,3.0,-2.0,-0.42857142857142855,-0.2,0.3333333333333333,-0.2,0.4999999999999999,1.222222222222222,-0.9106650924832743,0.23316638105073936
0.0,1.0,0.0,1.0,0.0,1.0,0.0,0.0,0.0,0.0,0.0,0.0,0.0,0.0,0.0,1.0,0.0,0.0,1.0,1.0,-0.6153846153846154,0.5,-0.5,0.5,0.0,0.0,0.3333333333333333,-0.5,0.5,-1.0,-0.4444444444444444,-3.0,0.0,-0.42857142857142855,-0.6,0.3333333333333333,-0.2,0.4999999999999999,1.222222222222222,-0.7721369539551358,0.6456000416358576
1.0,0.0,0.0,1.0,0.0,1.0,0.0,0.0,0.0,0.0,0.0,0.0,0.0,0.0,0.0,1.0,0.0,1.0,0.0,0.0,1.8461538461538463,1.75,0.0,0.0,-1.0,-1.0,0.6666666666666666,0.8333333333333334,0.5,-1.0,1.3333333333333333,2.0,1.0,1.8571428571428572,2.0,4.0,1.6,0.23684210526315796,1.263157894736842,0.31199630409116574,0.6846309272594865
1.0,0.0,0.0,1.0,1.0,0.0,0.0,0.0,0.0,0.0,0.0,0.0,0.0,0.0,0.0,1.0,0.0,0.0,1.0,1.0,0.46153846153846156,0.4166666666666667,0.0,0.0,0.0,-1.0,-0.6666666666666666,-0.3333333333333333,-0.5,-1.0,1.3333333333333333,-1.0,-1.0,2.2857142857142856,1.2,4.0,2.2,0.40909090909090906,1.0454545454545456,0.5965812843283197,0.9636287636803085
0.0,1.0,1.0,0.0,0.0,0.0,1.0,0.0,0.0,0.0,0.0,0.0,0.0,0.0,0.0,0.0,0.0,0.0,1.0,0.0,-0.15384615384615385,0.08333333333333333,-0.5,-0.5,0.0,0.0,0.3333333333333333,-0.5,0.5,-1.0,0.0,-1.0,0.0,0.0,-0.4,1.0,0.0,0.0,1.222222222222222,-0.40377804014167656,0.19515092170286727
0.0,1.0,0.0,1.0,0.0,1.0,0.0,0.0,0.0,0.0,0.0,0.0,0.0,0.0,0.0,1.0,0.0,1.0,0.0,1.0,0.8461538461538461,-0.4166666666666667,-0.5,0.0,0.0,0.5,-0.6666666666666666,1.3333333333333333,-1.0,0.0,-0.2222222222222222,-1.0,0.0,0.2857142857142857,0.6,2.0,0.8,1.125,1.7083333333333335,0.3014561196379378,-0.09344221372531256
0.0,1.0,1.0,0.0,0.0,0.0,1.0,0.0,0.0,0.0,0.0,0.0,0.0,0.0,0.0,0.0,0.0,1.0,0.0,0.0,1.5384615384615385,0.16666666666666666,0.0,0.0,0.0,0.5,1.6666666666666667,-0.5,0.0,-1.0,2.2222222222222223,-2.0,-1.0,0.7142857142857143,0.8,0.0,-0.4,-1.2272727272727273,-0.12121212121212119,-0.6917012606162166,0.759317830381733
0.0,0.0,1.0,0.0,0.0,0.0,0.0,0.0,1.0,0.0,0.0,0.0,0.0,0.0,1.0,0.0,0.0,0.0,1.0,0.0,-0.3076923076923077,-0.16666666666666666,0.5,-0.5,0.0,-0.5,0.0,0.0,-0.5,-1.0,0.2222222222222222,0.0,0.0,0.2857142857142857,0.8,-0.3333333333333333,0.8,1.125,-0.3333333333333333,-0.2206884025065844,-0.5815885707270251
0.0,1.0,1.0,0.0,0.0,0.0,1.0,0.0,0.0,0.0,0.0,1.0,0.0,0.0,0.0,0.0,0.0,1.0,0.0,0.0,1.0,-0.25,-0.5,-1.0,-1.0,0.0,0.0,-0.16666666666666666,0.0,0.0,1.4444444444444444,-1.0,1.0,-0.5714285714285714,-0.6,-0.3333333333333333,-0.6,-1.5,-0.3333333333333333,-1.3046044864226682,1.2566486074629
1.0,0.0,1.0,0.0,0.0,0.0,1.0,0.0,0.0,0.0,0.0,0.0,0.0,0.0,1.0,0.0,0.0,1.0,0.0,1.0,0.07692307692307693,0.16666666666666666,0.0,-0.5,0.0,0.5,-0.3333333333333333,-0.3333333333333333,0.0,2.0,-0.6666666666666666,0.0,-1.0,-0.14285714285714285,-0.2,0.0,-0.2,-0.29999999999999993,0.1333333333333334,0.34994096812278636,-0.7299552594443052
1.0,0.0,0.0,1.0,0.0,1.0,0.0,0.0,0.0,0.0,0.0,0.0,0.0,0.0,0.0,1.0,0.0,0.0,1.0,0.0,0.38461538461538464,-0.25,0.0,-1.0,0.0,-0.5,-0.3333333333333333,0.6666666666666666,0.0,-1.0,-0.2222222222222222,2.0,0.0,0.42857142857142855,0.8,2.0,0.8,0.8333333333333334,1.4814814814814814,0.54388036206218,0.5960812650521877
0.0,1.0,1.0,0.0,0.0,0.0,1.0,0.0,0.0,0.0,1.0,0.0,0.0,0.0,0.0,0.0,0.0,1.0,0.0,0.0,0.07692307692307693,0.25,0.0,0.0,0.0,-1.0,1.3333333333333333,1.0,-0.5,0.0,0.7777777777777778,0.0,0.0,0.0,0.2,-0.3333333333333333,0.0,0.0,-0.3333333333333333,-0.789452971271153,-0.35384200504409374
1.0,0.0,0.0,1.0,1.0,0.0,0.0,0.0,0.0,0.0,0.0,0.0,0.0,0.0,0.0,1.0,0.0,0.0,1.0,0.0,-0.6153846153846154,0.0,0.0,0.0,0.0,-1.0,-0.6666666666666666,0.0,0.5,-1.0,-0.5555555555555556,2.0,0.0,-0.14285714285714285,-0.2,0.0,0.0,0.29999999999999993,0.1333333333333334,0.059031877213695266,-0.02049531119268486
1.0,0.0,1.0,0.0,1.0,0.0,0.0,0.0,0.0,0.0,0.0,0.0,0.0,0.0,1.0,0.0,0.0,1.0,0.0,0.0,-0.6923076923076923,0.6666666666666666,0.0,0.5,-1.0,-1.0,-0.6666666666666666,0.8333333333333334,0.5,0.0,-0.2222222222222222,-1.0,-1.0,0.2857142857142857,0.6,2.0,0.0,-0.375,1.7083333333333335,0.3014561196379378,-0.04492742382770188
0.0,1.0,1.0,0.0,1.0,0.0,0.0,0.0,0.0,0.0,0.0,0.0,0.0,0.0,1.0,0.0,0.0,0.0,0.0,0.0,-0.15384615384615385,-0.4166666666666667,0.5,0.5,-1.0,0.0,0.3333333333333333,-0.3333333333333333,0.0,0.0,0.4444444444444444,0.0,0.0,0.2857142857142857,0.0,1.3333333333333333,0.8,1.125,1.125,-0.37733175914994094,-0.564222980371963
0.0,1.0,1.0,0.0,1.0,0.0,0.0,0.0,0.0,0.0,0.0,0.0,1.0,0.0,0.0,0.0,0.0,1.0,0.0,0.0,0.07692307692307693,-0.5,0.0,0.5,-1.0,0.5,-0.3333333333333333,-0.16666666666666666,-0.5,0.0,0.4444444444444444,-1.0,-1.0,1.2857142857142858,1.0,0.6666666666666666,1.6,0.6999999999999998,0.1333333333333334,0.6408500590318772,0.24531229814368485
1.0,0.0,0.0,1.0,1.0,0.0,0.0,0.0,0.0,0.0,0.0,0.0,0.0,0.0,0.0,1.0,0.0,0.0,1.0,0.0,1.7692307692307692,-0.5,-1.0,-1.0,-1.0,0.0,1.6666666666666667,-0.5,0.5,-1.0,1.1111111111111112,-1.0,-1.0,-0.14285714285714285,0.0,0.0,0.0,0.29999999999999993,0.1333333333333334,-0.9799291617473436,0.08526689938137459
0.0,1.0,1.0,0.0,1.0,0.0,0.0,0.0,0.0,0.0,1.0,0.0,0.0,0.0,0.0,0.0,0.0,0.0,0.0,0.0,-0.38461538461538464,0.0,0.5,0.5,0.0,0.5,0.3333333333333333,1.3333333333333333,0.5,0.0,0.0,0.0,-1.0,0.2857142857142857,0.8,0.0,0.8,1.125,-0.04166666666666665,-0.00708382526564351,0.15926802453725722
0.0,1.0,1.0,0.0,0.0,0.0,1.0,0.0,0.0,0.0,0.0,0.0,0.0,0.0,1.0,0.0,0.0,0.0,1.0,0.0,-0.38461538461538464,-0.5,0.5,0.0,0.0,-0.5,-0.3333333333333333,0.5,-0.5,-1.0,-1.0,1.0,0.0,-0.5714285714285714,-0.4,0.0,-0.6,-1.5,0.8333333333333334,-0.30460448642266824,-0.6608529274444541
0.0,1.0,1.0,0.0,0.0,0.0,0.0,0.0,1.0,0.0,0.0,0.0,0.0,0.0,1.0,0.0,0.0,0.0,1.0,0.0,0.0,-0.3333333333333333,0.0,0.0,0.0,-0.5,0.6666666666666666,-0.3333333333333333,0.5,-1.0,0.0,-1.0,0.0,0.42857142857142855,-0.6,2.0,0.8,0.8333333333333334,1.4814814814814814,0.19126328217237307,-0.10442545938790355
0.0,1.0,1.0,0.0,0.0,0.0,1.0,0.0,0.0,0.0,0.0,0.0,0.0,0.0,1.0,0.0,0.0,1.0,0.0,0.0,-0.6923076923076923,0.08333333333333333,0.0,-0.5,1.0,0.0,1.6666666666666667,0.5,-1.0,-1.0,-0.5555555555555556,-3.0,0.0,-0.2857142857142857,-0.2,-0.3333333333333333,-0.2,0.0,-0.3333333333333333,-0.30460448642266824,-0.33606934252395654
0.0,1.0,1.0,0.0,0.0,0.0,1.0,0.0,0.0,0.0,0.0,0.0,0.0,1.0,0.0,0.0,0.0,0.0,1.0,0.0,0.3076923076923077,0.5833333333333334,0.0,0.0,-1.0,0.0,-0.3333333333333333,0.0,-1.0,-1.0,1.2222222222222223,-1.0,1.0,2.142857142857143,0.8,1.0,1.2,-0.21428571428571436,0.1111111111111111,0.5879574970484059,1.3021457816165298
0.0,1.0,1.0,0.0,1.0,0.0,0.0,0.0,0.0,0.0,0.0,0.0,1.0,0.0,0.0,0.0,0.0,1.0,0.0,0.0,-0.8461538461538461,-0.5,0.0,-1.0,0.0,0.0,-0.6666666666666666,-0.3333333333333333,0.5,1.0,-0.5555555555555556,0.0,0.0,-0.14285714285714285,-0.2,0.0,-0.2,-0.29999999999999993,0.1333333333333334,0.059031877213695266,-0.02049531119268486
0.0,0.0,0.0,1.0,1.0,0.0,0.0,0.0,0.0,0.0,0.0,0.0,0.0,0.0,0.0,1.0,0.0,0.0,1.0,0.0,0.38461538461538464,0.25,-0.5,0.5,0.0,0.5,1.6666666666666667,0.0,0.5,-1.0,0.6666666666666666,0.0,0.0,1.2857142857142858,0.0,0.0,1.4,0.4999999999999999,-0.17777777777777778,0.40127786651850805,0.20870598393564307
1.0,0.0,0.0,1.0,1.0,0.0,0.0,0.0,0.0,0.0,0.0,0.0,0.0,0.0,0.0,1.0,0.0,0.0,0.0,0.0,1.0769230769230769,-0.5,0.5,-0.5,0.0,0.0,1.6666666666666667,-0.3333333333333333,0.5,1.0,0.2222222222222222,0.0,0.0,0.14285714285714285,0.0,-0.3333333333333333,-0.4,-1.0714285714285716,-0.3333333333333333,-0.3885205703387521,0.28198166512339423
1.0,0.0,0.0,1.0,0.0,0.0,1.0,0.0,0.0,0.0,0.0,0.0,0.0,0.0,0.0,0.0,1.0,1.0,0.0,0.0,-0.9230769230769231,1.4166666666666667,0.0,0.5,0.0,0.5,-0.6666666666666666,-0.16666666666666666,0.0,1.0,-0.7777777777777778,0.0,0.0,-0.42857142857142855,-0.2,0.3333333333333333,-0.4,-0.5000000000000001,1.222222222222222,-0.30460448642266824,-0.7001212686177257
0.0,1.0,0.0,1.0,0.0,1.0,0.0,0.0,0.0,0.0,0.0,0.0,0.0,0.0,0.0,1.0,0.0,0.0,0.0,1.0,-0.23076923076923078,0.25,1.0,0.5,1.0,0.0,-0.6666666666666666,0.0,0.5,1.0,0.0,0.0,0.0,0.5714285714285714,1.0,-0.3333333333333333,1.0,0.9000000000000001,-0.3333333333333333,0.38961038961038963,0.491203339041099
0.0,1.0,0.0,1.0,1.0,0.0,0.0,0.0,0.0,0.0,0.0,0.0,0.0,0.0,0.0,0.0,1.0,0.0,1.0,0.0,-0.5384615384615384,0.25,0.0,0.0,0.0,0.0,-0.3333333333333333,-0.5,0.0,-1.0,-1.0,3.0,0.0,-0.5714285714285714,-0.6,-0.3333333333333333,-0.6,-1.5,-0.3333333333333333,-0.30460448642266824,-0.6086055942892945
0.0,1.0,1.0,0.0,1.0,0.0,0.0,0.0,0.0,0.0,1.0,0.0,0.0,0.0,0.0,0.0,0.0,1.0,0.0,1.0,0.46153846153846156,-0.3333333333333333,0.0,0.0,1.0,0.5,0.0,-0.16666666666666666,-0.5,0.0,0.7777777777777778,-2.0,-1.0,0.0,0.0,0.0,0.0,0.0,0.05555555555555555,-0.789452971271153,0.04217618004197379
0.0,1.0,1.0,0.0,0.0,0.0,0.0,1.0,0.0,0.0,0.0,0.0,0.0,0.0,0.0,0.0,0.0,0.0,1.0,0.0,0.46153846153846156,-0.4166666666666667,0.5,-1.0,-1.0,0.5,0.3333333333333333,1.5,-0.5,-1.0,0.4444444444444444,3.0,0.0,-0.5714285714285714,-0.6,-0.3333333333333333,-0.6,-1.5,-0.3333333333333333,-1.2500590318772136,0.28945840440495235
0.0,0.0,0.0,1.0,1.0,0.0,0.0,0.0,0.0,0.0,0.0,0.0,0.0,0.0,0.0,0.0,1.0,0.0,1.0,0.0,-0.23076923076923078,0.08333333333333333,-1.0,-0.5,-1.0,0.5,-0.6666666666666666,0.8333333333333334,0.5,-1.0,-0.7777777777777778,-1.0,-1.0,-0.42857142857142855,-0.2,0.3333333333333333,-0.2,0.4999999999999999,1.222222222222222,-0.30460448642266824,-0.7234250601606416
0.0,1.0,1.0,0.0,1.0,0.0,0.0,0.0,0.0,0.0,0.0,0.0,0.0,0.0,1.0,0.0,0.0,0.0,1.0,1.0,-1.3076923076923077,1.5,0.0,-0.5,1.0,0.5,-0.3333333333333333,-0.3333333333333333,0.5,-1.0,-1.0,-1.0,0.0,-0.5714285714285714,-0.6,-0.3333333333333333,-0.4,0.0,-0.3333333333333333,-0.30460448642266824,-0.4894527358018273
0.0,1.0,0.0,1.0,0.0,1.0,0.0,0.0,0.0,0.0,0.0,0.0,0.0,0.0,0.0,1.0,0.0,1.0,0.0,1.0,-0.7692307692307693,1.3333333333333333,0.0,0.0,-1.0,0.5,1.6666666666666667,0.8333333333333334,0.0,0.0,-0.5555555555555556,-1.0,-1.0,-0.42857142857142855,-0.2,-0.3333333333333333,-0.6,-1.5,-0.3333333333333333,-0.6682408500590319,-0.17678391506782398
0.0,1.0,0.0,1.0,1.0,0.0,0.0,0.0,0.0,0.0,0.0,0.0,0.0,0.0,0.0,0.0,1.0,1.0,0.0,0.0,-0.07692307692307693,0.08333333333333333,0.5,-1.0,0.0,0.5,-0.3333333333333333,0.3333333333333333,-0.5,0.0,-0.7777777777777778,-2.0,-1.0,-0.2857142857142857,-0.2,-0.3333333333333333,-0.2,0.0,-0.3333333333333333,0.24085005903187715,-0.6341860434250696
0.0,0.0,1.0,0.0,1.0,0.0,0.0,0.0,0.0,0.0,0.0,1.0,0.0,0.0,0.0,0.0,0.0,1.0,0.0,1.0,0.8461538461538461,1.8333333333333333,0.5,-1.0,0.0,-0.5,-0.3333333333333333,-0.3333333333333333,0.5,0.0,0.0,-1.0,-1.0,0.7142857142857143,0.8,2.6666666666666665,1.2,0.9545454545454547,1.575757575757576,0.5879574970484059,0.8212840582262891
1.0,0.0,1.0,0.0,1.0,0.0,0.0,0.0,0.0,0.0,0.0,0.0,0.0,0.0,1.0,0.0,0.0,0.0,0.0,0.0,-0.46153846153846156,1.3333333333333333,0.0,-1.0,-2.0,0.0,-0.3333333333333333,1.8333333333333333,0.0,2.0,0.0,-1.0,-1.0,0.7142857142857143,0.8,-0.3333333333333333,1.2,0.9545454545454547,-0.3333333333333333,0.5879574970484059,-0.6191200321779339
0.0,1.0,1.0,0.0,1.0,0.0,0.0,0.0,0.0,0.0,1.0,0.0,0.0,0.0,0.0,0.0,0.0,1.0,0.0,0.0,-0.07692307692307693,0.0,-0.5,0.0,-1.0,0.5,-0.3333333333333333,0.6666666666666666,0.5,0.0,-1.0,2.0,-1.0,-0.5714285714285714,-0.6,-0.3333333333333333,-0.4,0.0,-0.3333333333333333,-0.30460448642266824,-0.5914533251363085
0.0,1.0,0.0,1.0,1.0,0.0,0.0,0.0,0.0,0.0,0.0,0.0,0.0,0.0,0.0,1.0,0.0,0.0,0.0,0.0,-0.3076923076923077,0.5,0.5,-0.5,0.0,0.5,0.0,-0.5,0.0,0.0,-0.2222222222222222,0.0,-1.0,0.0,-0.2,-0.3333333333333333,0.0,0.0,-0.3333333333333333,-0.183392365210547,-0.12200655929658462
0.0,1.0,1.0,0.0,1.0,0.0,0.0,0.0,0.0,0.0,1.0,0.0,0.0,0.0,0.0,0.0,0.0,1.0,0.0,0.0,-0.15384615384615385,-0.5,0.0,0.5,-1.0,-0.5,1.0,0.5,-1.0,0.0,-0.3333333333333333,-1.0,-1.0,0.0,0.2,-0.3333333333333333,-0.2,-0.5000000000000001,-0.3333333333333333,-0.031877213695395555,-0.3984777749433878
0.0,1.0,1.0,0.0,0.0,0.0,1.0,0.0,0.0,0.0,0.0,1.0,0.0,0.0,0.0,0.0,0.0,1.0,0.0,1.0,1.4615384615384615,-0.4166666666666667,0.0,0.5,0.0,-1.0,1.0,-0.16666666666666666,0.5,0.0,1.5555555555555556,-1.0,0.0,0.0,-0.2,0.0,0.2,0.4999999999999999,0.05555555555555555,-0.9591499409681227,1.3133925682307883
0.0,0.0,1.0,0.0,1.0,0.0,0.0,0.0,0.0,0.0,0.0,1.0,0.0,0.0,0.0,0.0,0.0,0.0,0.0,0.0,1.0769230769230769,-0.4166666666666667,0.5,-1.0,0.0,-1.0,-0.3333333333333333,-0.5,0.5,0.0,2.3333333333333335,0.0,0.0,3.7142857142857144,0.6,4.333333333333333,0.8,-0.84375,0.6875000000000001,0.7181227863046044,1.2156996099412662
0.0,1.0,1.0,0.0,1.0,0.0,0.0,0.0,0.0,0.0,0.0,0.0,0.0,0.0,1.0,0.0,0.0,1.0,0.0,0.0,0.0,-0.4166666666666667,0.0,0.5,0.0,0.0,0.6666666666666666,-0.16666666666666666,-0.5,0.0,-0.4444444444444444,0.0,0.0,-0.42857142857142855,-0.2,0.3333333333333333,-0.2,0.4999999999999999,1.222222222222222,-0.7721369539551358,-0.6449881601109891
1.0,0.0,1.0,0.0,0.0,0.0,1.0,0.0,0.0,0.0,0.0,0.0,0.0,0.0,0.0,0.0,0.0,1.0,0.0,1.0,1.0769230769230769,1.0833333333333333,1.0,-0.5,0.0,0.0,0.0,0.16666666666666666,0.0,0.0,2.4444444444444446,0.0,0.0,3.5714285714285716,1.0,3.6666666666666665,2.0,-0.2419354838709677,0.5698924731182796,0.5879574970484059,0.7714276672898214
0.0,1.0,1.0,0.0,1.0,0.0,0.0,0.0,0.0,0.0,1.0,0.0,0.0,0.0,0.0,0.0,0.0,1.0,0.0,1.0,-0.6153846153846154,0.4166666666666667,-1.0,0.0,0.0,0.5,-0.3333333333333333,-0.5,0.5,-1.0,-1.0,1.0,-1.0,-0.5714285714285714,-0.4,-0.3333333333333333,-0.6,-1.5,-0.3333333333333333,-0.30460448642266824,-0.6555352726718648
0.0,1.0,1.0,0.0,0.0,0.0,1.0,0.0,0.0,0.0,0.0,0.0,0.0,0.0,0.0,0.0,0.0,1.0,0.0,0.0,-0.38461538461538464,1.3333333333333333,0.0,-0.5,-1.0,0.5,-0.6666666666666666,1.1666666666666667,-0.5,0.0,0.0,-1.0,0.0,0.5714285714285714,-0.6,2.0,1.0,0.9000000000000001,1.3,0.38961038961038963,0.10405681763926329
0.0,1.0,0.0,1.0,0.0,1.0,0.0,0.0,0.0,0.0,0.0,0.0,0.0,0.0,0.0,1.0,0.0,0.0,1.0,1.0,0.0,-0.3333333333333333,0.5,-1.0,0.0,-0.5,0.3333333333333333,0.3333333333333333,0.5,-1.0,0.5555555555555556,0.0,0.0,0.0,0.2,-0.3333333333333333,-0.4,-1.0000000000000002,-0.3333333333333333,-0.7136953955135773,0.5882056327189463
1.0,0.0,1.0,0.0,1.0,0.0,0.0,0.0,0.0,0.0,0.0,0.0,1.0,0.0,0.0,0.0,0.0,0.0,0.0,0.0,-0.6923076923076923,0.25,-0.5,0.5,0.0,-1.0,-0.3333333333333333,1.1666666666666667,0.0,1.0,-0.1111111111111111,1.0,-1.0,0.5714285714285714,0.8,0.0,0.8,0.5999999999999999,-0.09999999999999998,0.5681227863046044,0.5370448231072673
0.0,1.0,0.0,1.0,1.0,0.0,0.0,0.0,0.0,0.0,0.0,0.0,0.0,0.0,0.0,0.0,1.0,1.0,0.0,0.0,-0.3076923076923077,-0.25,-0.5,0.0,0.0,-0.5,0.0,-0.5,-1.0,0.0,-0.4444444444444444,2.0,0.0,-0.14285714285714285,0.0,0.0,-0.2,-0.29999999999999993,0.1333333333333334,-0.14876033057851248,-0.23004310596642638
0.0,1.0,1.0,0.0,0.0,0.0,1.0,0.0,0.0,0.0,0.0,0.0,0.0,0.0,1.0,0.0,0.0,0.0,1.0,0.0,-0.8461538461538461,-0.4166666666666667,-1.0,-1.0,1.0,-1.0,1.6666666666666667,-0.16666666666666666,0.0,-1.0,-0.4444444444444444,0.0,-1.0,-0.14285714285714285,0.0,-0.3333333333333333,-0.4,-0.9,-0.3333333333333333,-0.14876033057851248,-0.36160125768238766
0.0,1.0,0.0,1.0,1.0,0.0,0.0,0.0,0.0,0.0,0.0,1.0,0.0,0.0,0.0,0.0,0.0,1.0,0.0,0.0,0.3076923076923077,-0.4166666666666667,0.5,0.0,0.0,0.0,-0.6666666666666666,0.0,0.5,-1.0,1.2222222222222223,-1.0,0.0,2.142857142857143,2.4,0.0,1.8,0.2142857142857142,-0.2222222222222222,0.5879574970484059,1.2218997972851982
0.0,1.0,1.0,0.0,0.0,0.0,0.0,1.0,0.0,0.0,0.0,0.0,0.0,1.0,0.0,0.0,0.0,1.0,0.0,0.0,1.0,1.25,0.5,-1.0,0.0,-0.5,0.3333333333333333,0.3333333333333333,-0.5,1.0,1.8888888888888888,-1.0,0.0,-0.14285714285714285,-0.2,0.0,-0.2,-0.29999999999999993,0.1333333333333334,-1.0838252656434475,1.1317769992682176
1.0,0.0,1.0,0.0,1.0,0.0,0.0,0.0,0.0,0.0,0.0,0.0,0.0,0.0,0.0,0.0,0.0,0.0,0.0,0.0,-0.23076923076923078,-0.08333333333333333,0.0,0.0,0.0,0.5,0.3333333333333333,1.5,0.0,0.0,0.5555555555555556,-1.0,-2.0,1.1428571428571428,1.6,1.0,0.8,0.0,0.3333333333333333,0.3772136953955135,0.4136522604746354
0.0,1.0,1.0,0.0,1.0,0.0,0.0,0.0,0.0,0.0,0.0,0.0,0.0,0.0,1.0,0.0,0.0,0.0,1.0,0.0,-0.3076923076923077,-0.5,-1.0,0.5,0.0,-1.0,-0.3333333333333333,-0.16666666666666666,0.5,-1.0,-1.0,-1.0,0.0,-0.5714285714285714,-0.6,-0.3333333333333333,-0.6,-1.5,-0.3333333333333333,-0.30460448642266824,-0.5016215485541468
0.0,1.0,0.0,1.0,1.0,0.0,0.0,0.0,0.0,0.0,0.0,0.0,0.0,0.0,0.0,0.0,1.0,0.0,1.0,1.0,0.0,-0.4166666666666667,0.5,0.0,0.0,0.5,0.3333333333333333,1.1666666666666667,0.5,-1.0,-0.3333333333333333,0.0,-1.0,-0.2857142857142857,-0.2,0.0,-0.2,0.0,0.25000000000000006,-0.577331759149941,-0.6078847188925393
0.0,1.0,1.0,0.0,0.0,0.0,0.0,0.0,1.0,0.0,0.0,0.0,1.0,0.0,0.0,0.0,0.0,0.0,1.0,0.0,1.1538461538461537,0.3333333333333333,-0.5,0.5,-1.0,-0.5,0.3333333333333333,0.3333333333333333,-0.5,-1.0,2.111111111111111,-2.0,-1.0,0.0,-0.2,-0.3333333333333333,0.0,0.0,-0.3333333333333333,-1.0318772136953955,0.9199778139772772
1.0,0.0,0.0,1.0,1.0,0.0,0.0,0.0,0.0,0.0,0.0,0.0,0.0,0.0,0.0,0.0,1.0,1.0,0.0,0.0,-0.46153846153846156,0.4166666666666667,0.5,-0.5,-1.0,-1.0,-0.3333333333333333,0.6666666666666666,0.0,0.0,-1.0,-1.0,1.0,-0.5714285714285714,-0.6,-0.3333333333333333,-0.6,-1.5,-0.3333333333333333,-0.30460448642266824,-0.8582054206638373
0.0,1.0,1.0,0.0,0.0,0.0,1.0,0.0,0.0,0.0,0.0,1.0,0.0,0.0,0.0,0.0,0.0,1.0,0.0,0.0,1.3846153846153846,1.25,1.0,-0.5,0.0,0.0,0.3333333333333333,1.8333333333333333,0.0,0.0,2.888888888888889,3.0,0.0,0.7142857142857143,1.0,1.0,0.8,0.40909090909090906,0.5151515151515152,-0.8058329876511694,1.1888482851708275
1.0,0.0,0.0,1.0,0.0,1.0,0.0,0.0,0.0,0.0,0.0,0.0,0.0,0.0,0.0,1.0,0.0,1.0,0.0,0.0,-0.38461538461538464,0.0,0.5,-1.0,0.0,-1.0,0.0,0.0,0.5,1.0,-0.1111111111111111,0.0,0.0,-0.2857142857142857,-0.2,0.3333333333333333,-0.2,0.0,0.8333333333333334,-0.7409681227863046,0.6243812510971509
0.0,1.0,1.0,0.0,0.0,0.0,0.0,1.0,0.0,0.0,1.0,0.0,0.0,0.0,0.0,0.0,0.0,0.0,0.0,0.0,-0.07692307692307693,0.25,0.0,-0.5,0.0,0.5,-0.3333333333333333,1.0,-1.0,0.0,-0.7777777777777778,1.0,-1.0,-0.2857142857142857,-0.2,0.0,-0.2,0.0,0.25000000000000006,0.24085005903187715,-0.23344233535557166
0.0,1.0,1.0,0.0,1.0,0.0,0.0,0.0,0.0,0.0,1.0,0.0,0.0,0.0,0.0,0.0,0.0,0.0,1.0,0.0,0.8461538461538461,0.16666666666666666,0.5,-0.5,0.0,0.0,0.6666666666666666,-0.3333333333333333,0.0,-1.0,-0.3333333333333333,-1.0,0.0,-0.42857142857142855,-0.2,0.3333333333333333,-0.6,-1.5,1.222222222222222,-0.8500590318772137,-0.825054348424359
0.0,1.0,1.0,0.0,0.0,0.0,1.0,0.0,0.0,0.0,1.0,0.0,0.0,0.0,0.0,0.0,0.0,0.0,0.0,0.0,0.6923076923076923,-0.5,0.5,0.5,0.0,0.5,0.3333333333333333,0.0,0.5,1.0,-0.2222222222222222,-1.0,0.0,0.0,0.0,-0.3333333333333333,-0.2,-0.5000000000000001,-0.3333333333333333,-0.183392365210547,-0.7531699109459661
0.0,1.0,1.0,0.0,0.0,0.0,0.0,0.0,1.0,0.0,0.0,0.0,0.0,1.0,0.0,0.0,0.0,0.0,0.0,1.0,-0.6923076923076923,-0.16666666666666666,-1.0,0.0,-1.0,0.5,-0.3333333333333333,0.3333333333333333,-0.5,0.0,-0.1111111111111111,0.0,0.0,0.5714285714285714,1.0,-0.3333333333333333,1.0,0.9000000000000001,-0.3333333333333333,0.5681227863046044,0.8954464753402162
0.0,1.0,1.0,0.0,1.0,0.0,0.0,0.0,0.0,0.0,0.0,0.0,1.0,0.0,0.0,0.0,0.0,0.0,0.0,1.0,0.8461538461538461,-0.25,0.0,0.0,-1.0,-0.5,2.0,-0.3333333333333333,0.0,0.0,2.0,1.0,0.0,2.4285714285714284,1.6,4.333333333333333,1.4,-0.19565217391304351,1.0869565217391306,0.25965883646134413,0.6908297563911965
0.0,1.0,1.0,0.0,1.0,0.0,0.0,0.0,0.0,0.0,0.0,0.0,0.0,0.0,0.0,0.0,0.0,1.0,0.0,1.0,1.4615384615384615,-0.25,0.5,0.5,0.0,0.0,-0.6666666666666666,0.3333333333333333,-0.5,-1.0,-0.6666666666666666,-1.0,0.0,-0.2857142857142857,-0.2,0.0,-0.2,0.0,0.25000000000000006,-0.08642266824085014,-0.20516425540733169
0.0,1.0,0.0,0.0,0.0,0.0,1.0,0.0,0.0,1.0,0.0,0.0,0.0,0.0,0.0,0.0,0.0,1.0,0.0,0.0,1.3846153846153846,1.0,0.5,0.0,0.0,-0.5,0.0,0.16666666666666666,0.0,0.0,0.6666666666666666,-2.0,1.0,0.5714285714285714,0.8,2.0,-0.4,-1.2000000000000002,1.3,-0.24043336342801583,0.7263110541989611
0.0,1.0,1.0,0.0,0.0,0.0,1.0,0.0,0.0,0.0,0.0,0.0,1.0,0.0,0.0,0.0,0.0,0.0,1.0,1.0,-0.38461538461538464,0.0,0.5,0.0,0.0,0.5,-0.3333333333333333,0.0,0.0,-1.0,0.1111111111111111,-1.0,-1.0,0.8571428571428571,1.2,1.0,1.4,1.0000000000000002,0.4444444444444444,0.6044864226682407,0.339015022591158
0.0,1.0,0.0,1.0,1.0,0.0,0.0,0.0,0.0,0.0,0.0,1.0,0.0,0.0,0.0,0.0,0.0,1.0,0.0,0.0,0.38461538461538464,-0.4166666666666667,1.0,-0.5,0.0,-1.0,1.6666666666666667,0.3333333333333333,-0.5,0.0,1.3333333333333333,-1.0,0.0,1.8571428571428572,2.6,3.3333333333333335,1.0,-0.23684210526315796,1.0175438596491229,0.31199630409116574,1.1422857695326951
1.0,0.0,1.0,0.0,1.0,0.0,0.0,0.0,0.0,0.0,0.0,0.0,0.0,0.0,0.0,0.0,0.0,0.0,0.0,0.0,-0.5384615384615384,-0.4166666666666667,-1.0,-1.0,0.0,0.5,-0.3333333333333333,0.8333333333333334,0.5,0.0,-0.4444444444444444,-3.0,1.0,0.14285714285714285,0.2,0.0,0.0,-0.21428571428571436,0.0,0.4746162927981108,0.5435248836302893
0.0,1.0,0.0,1.0,0.0,0.0,1.0,0.0,0.0,0.0,0.0,0.0,0.0,0.0,0.0,1.0,0.0,1.0,0.0,0.0,0.23076923076923078,-0.08333333333333333,0.0,0.5,1.0,0.0,0.0,-0.5,-1.0,0.0,0.1111111111111111,0.0,0.0,0.2857142857142857,0.6,2.0,0.6,0.75,1.7083333333333335,-0.12278630460448638,0.474802596850785
0.0,1.0,1.0,0.0,0.0,0.0,1.0,0.0,0.0,0.0,0.0,0.0,0.0,0.0,0.0,0.0,0.0,0.0,0.0,0.0,0.23076923076923078,-0.5,0.0,0.0,1.0,0.5,-0.6666666666666666,0.5,-1.0,2.0,1.0,2.0,-1.0,1.8571428571428572,1.4,0.6666666666666666,0.8,-0.3947368421052632,0.03508771929824561,0.5681227863046044,0.622005191950478
0.0,1.0,1.0,0.0,1.0,0.0,0.0,0.0,0.0,0.0,0.0,0.0,0.0,0.0,1.0,0.0,0.0,1.0,0.0,1.0,-0.38461538461538464,0.3333333333333333,0.5,0.5,0.0,0.5,0.3333333333333333,0.8333333333333334,-0.5,0.0,-0.2222222222222222,-1.0,0.0,0.14285714285714285,0.2,-0.3333333333333333,-0.2,-0.6428571428571429,-0.3333333333333333,0.059031877213695266,-0.7177476130681592
0.0,1.0,1.0,0.0,1.0,0.0,0.0,0.0,0.0,0.0,0.0,0.0,0.0,0.0,0.0,0.0,0.0,1.0,0.0,1.0,-0.07692307692307693,0.75,0.0,0.5,0.0,0.0,0.6666666666666666,-0.3333333333333333,0.0,-1.0,0.0,-1.0,0.0,0.42857142857142855,0.8,-0.3333333333333333,-0.6,-1.5,-0.3333333333333333,0.19126328217237307,0.4021111672408193
0.0,1.0,1.0,0.0,0.0,0.0,1.0,0.0,0.0,0.0,1.0,0.0,0.0,0.0,0.0,0.0,0.0,0.0,0.0,0.0,-0.9230769230769231,1.8333333333333333,-1.0,-0.5,0.0,-1.0,-0.3333333333333333,-0.16666666666666666,-0.5,2.0,-0.4444444444444444,-1.0,1.0,0.14285714285714285,-0.2,0.0,-0.2,-0.6428571428571429,0.0,0.4746162927981108,-0.23587780110496775
1.0,0.0,1.0,0.0,0.0,0.0,0.0,0.0,1.0,0.0,0.0,0.0,1.0,0.0,0.0,0.0,0.0,1.0,0.0,0.0,-0.6923076923076923,-0.5,-1.0,0.0,-1.0,-1.0,1.0,0.8333333333333334,0.0,0.0,-0.4444444444444444,-2.0,0.0,-0.42857142857142855,-0.2,0.3333333333333333,-0.6,-1.5,1.222222222222222,-0.7721369539551358,-0.1450031270548725
0.0,1.0,1.0,0.0,0.0,0.0,1.0,0.0,0.0,0.0,1.0,0.0,0.0,0.0,0.0,0.0,0.0,1.0,0.0,0.0,-0.7692307692307693,0.8333333333333334,0.5,0.5,-2.0,0.0,-0.3333333333333333,0.16666666666666666,0.0,2.0,-0.7777777777777778,0.0,1.0,-0.2857142857142857,-0.2,-0.3333333333333333,-0.2,0.0,-0.3333333333333333,0.24085005903187715,-0.7385946200615786
0.0,1.0,1.0,0.0,0.0,0.0,0.0,1.0,0.0,0.0,0.0,0.0,0.0,1.0,0.0,0.0,0.0,0.0,0.0,1.0,0.5384615384615384,-0.08333333333333333,0.5,-0.5,-1.0,0.5,0.6666666666666666,0.0,0.0,0.0,1.2222222222222223,0.0,-1.0,-0.5714285714285714,-0.6,-0.3333333333333333,-0.6,-1.5,-0.3333333333333333,-1.296340023612751,1.1441215461255392
0.0,1.0,1.0,0.0,1.0,0.0,0.0,0.0,0.0,0.0,0.0,0.0,0.0,0.0,1.0,0.0,0.0,1.0,0.0,1.0,-0.6923076923076923,0.5833333333333334,0.0,-1.0,0.0,-1.0,-0.3333333333333333,0.0,0.5,1.0,-0.1111111111111111,0.0,-1.0,0.5714285714285714,0.8,1.6666666666666667,1.0,0.9000000000000001,1.0666666666666667,0.5681227863046044,-0.7679715854712094
1.0,0.0,1.0,0.0,0.0,0.0,1.0,0.0,0.0,0.0,1.0,0.0,0.0,0.0,0.0,0.0,0.0,1.0,0.0,0.0,0.0,1.3333333333333333,-0.5,0.0,1.0,0.5,0.6666666666666666,0.5,0.0,0.0,0.7777777777777778,0.0,0.0,0.0,-0.2,-0.3333333333333333,0.0,0.0,-0.3333333333333333,-0.789452971271153,-0.6345564991067298
1.0,0.0,0.0,1.0,0.0,1.0,0.0,0.0,0.0,0.0,0.0,0.0,0.0,0.0,0.0,1.0,0.0,1.0,0.0,1.0,-0.38461538461538464,1.5833333333333333,0.5,-1.0,0.0,0.5,-0.3333333333333333,-0.5,0.0,-1.0,0.0,1.0,0.0,0.7142857142857143,0.8,-0.3333333333333333,1.0,0.6818181818181819,-0.3333333333333333,0.5879574970484059,0.11001253794563373
0.0,1.0,1.0,0.0,0.0,0.0,1.0,0.0,0.0,0.0,0.0,0.0,0.0,1.0,0.0,0.0,0.0,1.0,0.0,0.0,1.0769230769230769,-0.4166666666666667,0.0,0.0,0.0,0.0,1.0,0.3333333333333333,0.5,-1.0,2.2222222222222223,0.0,0.0,-0.14285714285714285,0.0,-0.3333333333333333,0.0,0.29999999999999993,-0.3333333333333333,-1.113988650645542,1.2004256032324983
0.0,0.0,0.0,1.0,0.0,1.0,0.0,0.0,0.0,0.0,0.0,0.0,0.0,0.0,0.0,1.0,0.0,1.0,0.0,0.0,-0.23076923076923078,1.25,-0.5,0.0,0.0,-0.5,-0.6666666666666666,-0.16666666666666666,-1.0,0.0,-0.2222222222222222,-1.0,1.0,0.2857142857142857,0.8,-0.3333333333333333,0.8,1.125,-0.3333333333333333,0.3014561196379378,0.195771261662326
0.0,0.0,1.0,0.0,1.0,0.0,0.0,0.0,0.0,0.0,0.0,0.0,1.0,0.0,0.0,0.0,0.0,0.0,1.0,0.0,0.0,0.9166666666666666,0.5,-1.0,0.0,0.5,0.0,1.0,-1.0,-1.0,0.8888888888888888,-3.0,0.0,0.8571428571428571,1.2,-0.3333333333333333,1.2,0.75,-0.3333333333333333,-0.13235568259491703,0.4202899566456353
0.0,1.0,0.0,0.0,0.0,0.0,0.0,0.0,0.0,1.0,0.0,0.0,0.0,0.0,0.0,0.0,0.0,1.0,0.0,0.0,0.0,0.5,0.0,0.0,0.0,-0.5,0.6666666666666666,-0.16666666666666666,-0.5,0.0,-0.2222222222222222,-1.0,0.0,0.0,-0.2,-0.3333333333333333,0.2,0.4999999999999999,-0.3333333333333333,-0.183392365210547,-0.8080120614660196
0.0,0.0,1.0,0.0,0.0,0.0,0.0,0.0,1.0,0.0,0.0,0.0,1.0,0.0,0.0,0.0,0.0,1.0,0.0,0.0,-0.5384615384615384,-0.5,-1.0,0.5,0.0,0.0,-0.3333333333333333,-0.16666666666666666,-1.0,0.0,0.0,-2.0,0.0,0.7142857142857143,0.8,-0.3333333333333333,1.2,0.9545454545454547,-0.3333333333333333,0.5879574970484059,-0.1403592051585144
0.0,1.0,0.0,0.0,1.0,0.0,0.0,0.0,0.0,1.0,0.0,0.0,0.0,0.0,0.0,0.0,0.0,1.0,0.0,0.0,-0.7692307692307693,1.5,-1.0,0.0,0.0,0.0,-0.3333333333333333,1.5,0.5,0.0,-0.2222222222222222,0.0,0.0,0.42857142857142855,0.8,1.3333333333333333,0.8,0.8333333333333334,0.9629629629629631,0.54388036206218,-0.5061442557568534
0.0,0.0,1.0,0.0,0.0,0.0,1.0,0.0,0.0,0.0,0.0,0.0,0.0,0.0,1.0,0.0,0.0,0.0,0.0,0.0,0.5384615384615384,0.0,0.0,0.5,1.0,0.5,0.6666666666666666,0.0,0.5,2.0,-0.3333333333333333,0.0,1.0,0.0,0.2,0.3333333333333333,-0.2,-0.5000000000000001,0.4444444444444444,-0.031877213695395555,-0.8323222366837927
0.0,1.0,0.0,1.0,0.0,0.0,0.0,0.0,1.0,0.0,0.0,0.0,0.0,0.0,0.0,0.0,1.0,0.0,0.0,1.0,-0.15384615384615385,0.5833333333333334,0.0,0.0,0.0,0.0,-0.3333333333333333,0.6666666666666666,0.5,1.0,-0.2222222222222222,0.0,0.0,0.42857142857142855,-0.2,-0.3333333333333333,0.6,0.4999999999999999,-0.3333333333333333,0.54388036206218,-0.631596878004192
0.0,0.0,0.0,1.0,0.0,1.0,0.0,0.0,0.0,0.0,0.0,0.0,0.0,0.0,0.0,1.0,0.0,1.0,0.0,0.0,0.8461538461538461,-0.4166666666666667,0.5,0.0,0.0,-0.5,1.6666666666666667,-0.5,0.5,0.0,-0.6666666666666666,0.0,-2.0,-0.5714285714285714,-0.6,-0.3333333333333333,-0.6,-1.5,-0.3333333333333333,-0.9591499409681227,-0.005058695427687875
0.0,1.0,1.0,0.0,0.0,0.0,1.0,0.0,0.0,0.0,0.0,0.0,0.0,0.0,0.0,0.0,0.0,1.0,0.0,1.0,0.6923076923076923,1.0833333333333333,-0.5,0.0,0.0,0.5,-0.6666666666666666,0.0,-0.5,-1.0,1.2222222222222223,-1.0,0.0,2.142857142857143,0.8,1.0,1.4,-0.07142857142857151,0.1111111111111111,0.5879574970484059,0.945306708730078
0.0,1.0,1.0,0.0,0.0,0.0,1.0,0.0,0.0,0.0,0.0,0.0,0.0,1.0,0.0,0.0,0.0,1.0,0.0,0.0,0.8461538461538461,-0.4166666666666667,0.5,-1.0,0.0,0.0,0.3333333333333333,0.8333333333333334,-0.5,1.0,1.7777777777777777,-1.0,1.0,2.142857142857143,2.8,1.3333333333333333,0.6,-0.6428571428571429,0.2222222222222222,0.22064803882985687,1.1746895550497207
0.0,1.0,0.0,1.0,0.0,1.0,0.0,0.0,0.0,0.0,0.0,0.0,0.0,0.0,0.0,1.0,0.0,0.0,1.0,1.0,-0.3076923076923077,-0.4166666666666667,0.5,0.0,-1.0,-0.5,1.6666666666666667,-0.3333333333333333,0.0,-1.0,-0.3333333333333333,0.0,-1.0,-0.42857142857142855,-0.2,0.3333333333333333,-0.2,0.4999999999999999,1.222222222222222,-0.8500590318772137,0.6507115099581474
0.0,1.0,1.0,0.0,0.0,0.0,1.0,0.0,0.0,0.0,0.0,0.0,0.0,1.0,0.0,0.0,0.0,0.0,1.0,0.0,1.3076923076923077,-0.4166666666666667,0.0,0.5,1.0,-0.5,0.6666666666666666,-0.3333333333333333,-0.5,-1.0,2.7777777777777777,-1.0,-1.0,0.5714285714285714,1.0,2.3333333333333335,1.0,0.9000000000000001,1.5333333333333337,-0.8500590318772137,1.1424580238899777
0.0,1.0,0.0,1.0,0.0,1.0,0.0,0.0,0.0,0.0,0.0,0.0,0.0,0.0,0.0,1.0,0.0,0.0,1.0,1.0,-0.15384615384615385,-0.4166666666666667,0.0,0.0,0.0,-1.0,-0.6666666666666666,-0.3333333333333333,0.5,-1.0,-0.6666666666666666,0.0,0.0,-0.2857142857142857,-0.2,-0.3333333333333333,-0.2,0.0,-0.3333333333333333,-0.08642266824085014,-0.09323223306365712
0.0,1.0,1.0,0.0,1.0,0.0,0.0,0.0,0.0,0.0,0.0,0.0,1.0,0.0,0.0,0.0,0.0,0.0,1.0,0.0,0.23076923076923078,0.9166666666666666,-0.5,-1.0,0.0,0.0,-0.6666666666666666,-0.5,-1.0,-1.0,-0.1111111111111111,3.0,0.0,0.42857142857142855,0.8,0.0,0.8,0.8333333333333334,-0.07407407407407407,0.34994096812278636,-0.09407243345228324
0.0,0.0,0.0,1.0,0.0,0.0,1.0,0.0,0.0,0.0,0.0,0.0,0.0,0.0,0.0,1.0,0.0,1.0,0.0,0.0,-0.6153846153846154,-0.25,0.0,-0.5,0.0,0.0,-0.3333333333333333,0.16666666666666666,-0.5,-1.0,-0.5555555555555556,0.0,1.0,0.0,0.2,-0.3333333333333333,0.2,0.4999999999999999,-0.3333333333333333,0.42266824085005905,-0.16222711112236538
1.0,0.0,1.0,0.0,0.0,0.0,1.0,0.0,0.0,0.0,0.0,1.0,0.0,0.0,0.0,0.0,0.0,0.0,0.0,0.0,0.9230769230769231,1.25,0.0,0.5,0.0,0.5,0.3333333333333333,-0.5,-0.5,0.0,1.5555555555555556,0.0,0.0,2.4285714285714284,2.8,1.0,0.8,-0.5869565217391304,0.07246376811594205,0.5244864226682407,1.1749670327716033
0.0,1.0,1.0,0.0,0.0,0.0,1.0,0.0,0.0,0.0,0.0,0.0,0.0,0.0,1.0,0.0,0.0,0.0,0.0,1.0,0.07692307692307693,-0.08333333333333333,0.0,0.0,1.0,-1.0,0.6666666666666666,-0.16666666666666666,-1.0,1.0,0.3333333333333333,-1.0,0.0,0.2857142857142857,0.8,1.6666666666666667,0.8,1.125,1.416666666666667,-0.30460448642266824,0.1687251430192562
0.0,1.0,1.0,0.0,1.0,0.0,0.0,0.0,0.0,0.0,0.0,0.0,1.0,0.0,0.0,0.0,0.0,1.0,0.0,1.0,-1.0769230769230769,-0.3333333333333333,-1.0,-0.5,0.0,0.0,-0.6666666666666666,0.8333333333333334,-1.0,0.0,-0.6666666666666666,0.0,1.0,-0.2857142857142857,-0.2,-0.3333333333333333,-0.2,0.0,-0.3333333333333333,-0.08642266824085014,-0.17358056002120925
0.0,1.0,1.0,0.0,1.0,0.0,0.0,0.0,0.0,0.0,0.0,0.0,0.0,1.0,0.0,0.0,0.0,1.0,0.0,0.0,0.7692307692307693,-0.4166666666666667,0.0,-1.0,0.0,0.0,1.3333333333333333,-0.16666666666666666,0.0,-1.0,1.7777777777777777,-1.0,-2.0,-0.2857142857142857,-0.2,-0.3333333333333333,-0.4,-0.75,-0.3333333333333333,-1.1530893349075169,1.2123442637287953
0.0,1.0,1.0,0.0,1.0,0.0,0.0,0.0,0.0,0.0,0.0,0.0,0.0,0.0,0.0,0.0,0.0,0.0,1.0,0.0,0.7692307692307693,0.5,0.5,0.0,0.0,-0.5,1.3333333333333333,0.0,0.5,-1.0,1.0,0.0,0.0,0.7142857142857143,0.8,-0.3333333333333333,1.2,0.9545454545454547,-0.3333333333333333,-0.30460448642266824,0.10063676290438232
0.0,1.0,0.0,1.0,0.0,1.0,0.0,0.0,0.0,0.0,0.0,0.0,0.0,0.0,0.0,1.0,0.0,0.0,1.0,0.0,0.8461538461538461,0.5833333333333334,0.5,0.5,0.0,-1.0,0.0,-0.3333333333333333,0.5,-1.0,1.1111111111111112,-1.0,0.0,0.2857142857142857,0.8,0.0,0.8,1.125,-0.04166666666666665,-0.6682408500590319,-0.008510198219213533
1.0,0.0,0.0,0.0,0.0,0.0,1.0,0.0,0.0,1.0,0.0,0.0,0.0,0.0,0.0,0.0,0.0,1.0,0.0,0.0,-0.9230769230769231,0.25,0.0,-1.0,0.0,0.5,-0.6666666666666666,0.0,0.5,0.0,-0.7777777777777778,-1.0,0.0,-0.42857142857142855,-0.2,0.3333333333333333,-0.4,-0.5000000000000001,1.222222222222222,-0.30460448642266824,-0.8071234858966848
0.0,1.0,1.0,0.0,0.0,0.0,1.0,0.0,0.0,0.0,0.0,0.0,0.0,1.0,0.0,0.0,0.0,1.0,0.0,0.0,0.46153846153846156,-0.08333333333333333,0.0,0.0,0.0,-1.0,2.3333333333333335,-0.16666666666666666,-0.5,0.0,0.8888888888888888,0.0,1.0,1.1428571428571428,0.8,1.3333333333333333,0.8,0.0,0.5000000000000001,0.09730938917541787,0.9347989966828258
1.0,0.0,1.0,0.0,0.0,0.0,1.0,0.0,0.0,0.0,0.0,0.0,1.0,0.0,0.0,0.0,0.0,0.0,1.0,1.0,0.6153846153846154,-0.4166666666666667,-1.0,-0.5,0.0,0.0,1.0,0.6666666666666666,-0.5,-1.0,0.6666666666666666,-1.0,-1.0,-0.42857142857142855,-0.2,0.3333333333333333,-0.2,0.4999999999999999,1.222222222222222,-1.1388290853531493,0.6793253666442516
0.0,1.0,1.0,0.0,0.0,0.0,1.0,0.0,0.0,0.0,0.0,0.0,0.0,0.0,1.0,0.0,0.0,0.0,1.0,1.0,0.6153846153846154,-0.5,0.0,-0.5,0.0,0.5,1.3333333333333333,-0.3333333333333333,0.0,-1.0,-0.4444444444444444,-1.0,0.0,-0.14285714285714285,0.0,0.0,-0.2,-0.29999999999999993,0.1333333333333334,-0.14876033057851248,-0.6859383279500191
0.0,1.0,1.0,0.0,0.0,0.0,1.0,0.0,0.0,0.0,0.0,0.0,0.0,1.0,0.0,0.0,0.0,0.0,1.0,0.0,1.3846153846153846,-0.5,0.0,0.5,0.0,0.5,1.3333333333333333,0.8333333333333334,0.5,-1.0,2.111111111111111,0.0,-1.0,2.142857142857143,0.8,3.6666666666666665,0.8,-0.5000000000000001,1.0,0.059031877213695266,1.18347402024058
0.0,1.0,0.0,0.0,1.0,0.0,0.0,0.0,0.0,1.0,0.0,0.0,0.0,0.0,0.0,0.0,0.0,1.0,0.0,0.0,0.6923076923076923,-0.25,0.0,0.0,-2.0,0.0,0.6666666666666666,1.1666666666666667,0.0,1.0,-0.1111111111111111,-1.0,1.0,0.0,-0.6,-0.3333333333333333,0.0,0.0,-0.3333333333333333,-0.30460448642266824,0.6360758211800775
0.0,0.0,1.0,0.0,0.0,0.0,1.0,0.0,0.0,0.0,0.0,0.0,0.0,0.0,1.0,0.0,0.0,1.0,0.0,0.0,-0.6923076923076923,-0.3333333333333333,0.0,0.5,0.0,0.5,-0.3333333333333333,-0.5,0.0,2.0,-1.1111111111111112,3.0,-1.0,-0.7142857142857143,-0.6,-0.3333333333333333,-0.6,-1.5,-0.3333333333333333,-1.395513577331759,-1.025234246696306
1.0,0.0,1.0,0.0,0.0,0.0,0.0,0.0,1.0,0.0,0.0,0.0,0.0,0.0,1.0,0.0,0.0,0.0,1.0,1.0,-0.46153846153846156,-0.25,0.0,0.0,0.0,0.5,2.3333333333333335,1.5,0.0,-1.0,-0.7777777777777778,1.0,0.0,-0.5714285714285714,-0.6,-0.3333333333333333,-0.6,-1.5,-0.3333333333333333,-0.8500590318772137,-0.7468960421443566
0.0,1.0,1.0,0.0,0.0,0.0,0.0,0.0,1.0,0.0,1.0,0.0,0.0,0.0,0.0,0.0,0.0,1.0,0.0,0.0,-0.6923076923076923,0.75,0.5,0.0,0.0,-0.5,2.3333333333333335,0.0,-0.5,0.0,-0.6666666666666666,-1.0,0.0,-0.42857142857142855,-0.2,0.3333333333333333,-0.2,0.4999999999999999,1.222222222222222,-0.5227863046044864,-0.5495375506103656
0.0,1.0,1.0,0.0,1.0,0.0,0.0,0.0,0.0,0.0,0.0,0.0,0.0,0.0,1.0,0.0,0.0,0.0,0.0,0.0,-0.5384615384615384,-0.5,0.0,-1.0,0.0,0.5,-0.3333333333333333,0.16666666666666666,-1.0,2.0,-0.7777777777777778,2.0,0.0,-0.2857142857142857,-0.2,0.0,-0.2,0.0,0.25000000000000006,0.24085005903187715,-0.2724165293869083
1.0,0.0,1.0,0.0,0.0,0.0,1.0,0.0,0.0,0.0,0.0,0.0,0.0,0.0,1.0,0.0,0.0,1.0,0.0,1.0,-0.7692307692307693,-0.16666666666666666,-0.5,0.0,-1.0,0.0,-0.3333333333333333,0.0,-1.0,0.0,-0.2222222222222222,-1.0,0.0,0.42857142857142855,0.8,0.0,0.8,0.8333333333333334,-0.07407407407407407,0.54388036206218,-0.713712902430774
0.0,1.0,1.0,0.0,1.0,0.0,0.0,0.0,0.0,0.0,0.0,0.0,0.0,0.0,0.0,0.0,0.0,0.0,0.0,0.0,0.0,-0.3333333333333333,-0.5,0.5,1.0,-1.0,1.3333333333333333,1.0,-1.0,0.0,0.3333333333333333,0.0,0.0,0.0,0.2,-0.3333333333333333,0.2,0.4999999999999999,-0.3333333333333333,-0.6162927981109799,0.2979917210118849
0.0,1.0,1.0,0.0,0.0,0.0,0.0,1.0,0.0,0.0,1.0,0.0,0.0,0.0,0.0,0.0,0.0,0.0,1.0,0.0,-0.5384615384615384,0.16666666666666666,1.0,-0.5,-1.0,0.5,-0.6666666666666666,0.5,0.0,-1.0,-0.6666666666666666,-1.0,0.0,-0.2857142857142857,-0.2,0.3333333333333333,-0.2,0.0,0.8333333333333334,-0.08642266824085014,-0.21752249739342444
0.0,1.0,0.0,1.0,0.0,1.0,0.0,0.0,0.0,0.0,0.0,0.0,0.0,0.0,0.0,1.0,0.0,0.0,1.0,0.0,-0.23076923076923078,0.75,0.0,-1.0,0.0,-1.0,1.0,0.16666666666666666,0.0,-1.0,-0.4444444444444444,0.0,0.0,-0.2857142857142857,-0.2,-0.3333333333333333,-0.2,0.0,-0.3333333333333333,-0.46044864226682414,0.05896713108155738
0.0,1.0,1.0,0.0,0.0,0.0,0.0,0.0,1.0,0.0,0.0,0.0,1.0,0.0,0.0,0.0,0.0,1.0,0.0,0.0,1.3846153846153846,0.8333333333333334,0.0,0.0,0.0,0.0,2.0,-0.5,0.0,0.0,1.3333333333333333,-1.0,0.0,0.7142857142857143,0.8,-0.3333333333333333,1.0,0.6818181818181819,-0.3333333333333333,-0.4468969765412453,0.7275541328441367
0.0,1.0,0.0,1.0,0.0,0.0,1.0,0.0,0.0,0.0,0.0,0.0,0.0,0.0,0.0,1.0,0.0,0.0,0.0,0.0,-0.38461538461538464,0.5,0.5,-0.5,0.0,-1.0,0.0,0.5,0.0,-1.0,-0.1111111111111111,-1.0,-2.0,-0.2857142857142857,-0.4,0.0,-0.2,0.0,0.25000000000000006,-0.7409681227863046,-0.15952229219480815
0.0,1.0,1.0,0.0,0.0,0.0,0.0,0.0,1.0,0.0,0.0,0.0,0.0,0.0,1.0,0.0,0.0,0.0,0.0,0.0,0.3076923076923077,1.4166666666666667,-0.5,-1.0,0.0,0.5,-0.3333333333333333,0.5,-1.0,1.0,-0.1111111111111111,0.0,0.0,0.5714285714285714,1.0,1.0,0.8,0.5999999999999999,0.6000000000000001,0.5681227863046044,-0.3912744358176346
0.0,1.0,0.0,0.0,1.0,0.0,0.0,0.0,0.0,0.0,0.0,1.0,0.0,0.0,0.0,0.0,0.0,1.0,0.0,0.0,0.8461538461538461,1.5833333333333333,0.5,0.5,0.0,0.0,0.3333333333333333,-0.5,0.0,0.0,1.8888888888888888,-1.0,0.0,0.0,-0.2,0.0,-0.6,-1.5,0.05555555555555555,-1.0059031877213693,1.3036982897911782
1.0,0.0,1.0,0.0,0.0,0.0,0.0,0.0,1.0,0.0,0.0,0.0,0.0,0.0,1.0,0.0,0.0,0.0,1.0,0.0,-0.46153846153846156,-0.4166666666666667,0.5,0.5,-1.0,-1.0,-0.6666666666666666,0.3333333333333333,0.5,-1.0,0.0,-1.0,0.0,0.5714285714285714,0.8,-0.3333333333333333,0.8,0.5999999999999999,-0.3333333333333333,0.38961038961038963,-0.006974653509844517
0.0,1.0,1.0,0.0,1.0,0.0,0.0,0.0,0.0,0.0,0.0,0.0,0.0,0.0,1.0,0.0,0.0,0.0,0.0,0.0,-0.38461538461538464,1.5833333333333333,-1.0,-1.0,0.0,0.0,-0.3333333333333333,0.5,0.5,0.0,-0.5555555555555556,-2.0,-1.0,0.0,-0.2,1.0,0.0,0.0,1.222222222222222,0.42266824085005905,-0.5162358664023291
1.0,0.0,1.0,0.0,1.0,0.0,0.0,0.0,0.0,0.0,1.0,0.0,0.0,0.0,0.0,0.0,0.0,0.0,1.0,0.0,0.15384615384615385,1.8333333333333333,1.0,0.5,0.0,0.5,-0.3333333333333333,-0.5,0.5,-1.0,0.0,-1.0,0.0,0.7142857142857143,0.0,2.6666666666666665,1.2,0.9545454545454547,1.575757575757576,0.5879574970484059,-0.6977427385251166
0.0,1.0,1.0,0.0,0.0,0.0,0.0,0.0,1.0,0.0,0.0,0.0,1.0,0.0,0.0,0.0,0.0,0.0,1.0,0.0,-0.07692307692307693,-0.16666666666666666,0.5,0.0,0.0,-0.5,-0.6666666666666666,-0.16666666666666666,0.5,-1.0,0.7777777777777778,2.0,0.0,1.5714285714285714,0.6,-0.3333333333333333,2.0,0.7941176470588234,-0.3333333333333333,0.54388036206218,0.4582323732845532
0.0,1.0,1.0,0.0,1.0,0.0,0.0,0.0,0.0,0.0,0.0,0.0,1.0,0.0,0.0,0.0,0.0,1.0,0.0,1.0,1.5384615384615385,1.3333333333333333,0.0,0.5,0.0,-0.5,0.6666666666666666,-0.3333333333333333,-1.0,0.0,2.5555555555555554,-3.0,0.0,2.0,2.6,4.666666666666667,1.2,-0.14999999999999997,1.416666666666667,-0.17626224043336342,0.9386463292384318
1.0,0.0,0.0,1.0,0.0,1.0,0.0,0.0,0.0,0.0,0.0,0.0,0.0,0.0,0.0,0.0,1.0,0.0,0.0,0.0,0.07692307692307693,-0.25,0.5,-1.0,0.0,0.5,0.6666666666666666,0.5,0.0,0.0,0.3333333333333333,-1.0,0.0,0.5714285714285714,1.0,1.3333333333333333,1.0,0.9000000000000001,0.8333333333333334,0.00708382526564351,-0.5556574254135496
0.0,0.0,0.0,1.0,0.0,1.0,0.0,0.0,0.0,0.0,0.0,0.0,0.0,0.0,0.0,1.0,0.0,0.0,1.0,0.0,-0.15384615384615385,1.3333333333333333,0.5,-0.5,0.0,0.0,-0.6666666666666666,1.0,0.0,-1.0,0.0,-1.0,0.0,0.5714285714285714,0.4,2.3333333333333335,0.8,0.5999999999999999,1.5333333333333337,0.38961038961038963,-0.08695423124876327
0.0,1.0,1.0,0.0,1.0,0.0,0.0,0.0,0.0,0.0,1.0,0.0,0.0,0.0,0.0,0.0,0.0,0.0,0.0,1.0,0.38461538461538464,-0.4166666666666667,0.5,-0.5,-2.0,0.5,0.6666666666666666,-0.16666666666666666,0.0,0.0,0.0,-2.0,-1.0,0.2857142857142857,0.8,0.0,-0.6,-1.5,-0.04166666666666665,-0.00708382526564351,-0.5607875143982307
0.0,1.0,1.0,0.0,1.0,0.0,0.0,0.0,0.0,0.0,1.0,0.0,0.0,0.0,0.0,0.0,0.0,1.0,0.0,0.0,0.3076923076923077,-0.5,0.5,-1.0,0.0,0.5,2.0,0.8333333333333334,0.0,1.0,-0.2222222222222222,0.0,-1.0,-0.5714285714285714,-0.6,-0.3333333333333333,-0.6,-1.5,-0.3333333333333333,-1.1530893349075169,-0.6977427385251166
0.0,1.0,1.0,0.0,0.0,0.0,1.0,0.0,0.0,0.0,0.0,0.0,0.0,1.0,0.0,0.0,0.0,0.0,0.0,0.0,1.0769230769230769,-0.5,-0.5,0.5,0.0,0.5,2.3333333333333335,1.3333333333333333,0.0,0.0,2.4444444444444446,-2.0,-1.0,0.0,0.2,0.0,0.0,0.0,0.05555555555555555,-1.0649350649350648,1.1873706425177208
0.0,0.0,1.0,0.0,1.0,0.0,0.0,0.0,0.0,0.0,0.0,0.0,0.0,0.0,0.0,0.0,0.0,1.0,0.0,0.0,0.23076923076923078,1.5,-0.5,0.0,0.0,0.0,0.3333333333333333,1.1666666666666667,-0.5,0.0,0.3333333333333333,-1.0,0.0,0.14285714285714285,0.2,-0.3333333333333333,0.4,0.6428571428571429,-0.3333333333333333,-0.46044864226682414,0.7434810534196201
0.0,1.0,1.0,0.0,0.0,0.0,0.0,0.0,1.0,0.0,0.0,0.0,0.0,0.0,1.0,0.0,0.0,0.0,1.0,1.0,-1.1538461538461537,-0.5,-1.0,0.5,-1.0,-0.5,-0.3333333333333333,-0.5,0.0,-1.0,-0.8888888888888888,3.0,1.0,-0.42857142857142855,-0.2,0.3333333333333333,-0.2,0.4999999999999999,1.222222222222222,0.059031877213695266,-0.8410254682141105
0.0,0.0,0.0,0.0,0.0,0.0,0.0,0.0,0.0,1.0,0.0,0.0,0.0,0.0,0.0,0.0,0.0,0.0,0.0,0.0,0.15384615384615385,-0.4166666666666667,0.0,-1.0,0.0,-0.5,1.0,-0.16666666666666666,0.5,2.0,0.3333333333333333,0.0,0.0,0.8571428571428571,1.4,0.6666666666666666,1.0,0.4999999999999999,0.25000000000000006,0.318772136953955,-0.6268070113664685
0.0,1.0,1.0,0.0,0.0,0.0,1.0,0.0,0.0,0.0,0.0,0.0,0.0,1.0,0.0,0.0,0.0,0.0,1.0,0.0,0.23076923076923078,0.25,-1.0,0.0,0.0,0.0,1.6666666666666667,1.1666666666666667,0.0,-1.0,-0.1111111111111111,0.0,0.0,-0.14285714285714285,0.0,0.3333333333333333,-0.2,-0.29999999999999993,0.6000000000000001,-0.5227863046044864,0.9430445675202754
0.0,1.0,0.0,1.0,0.0,0.0,1.0,0.0,0.0,0.0,0.0,0.0,0.0,0.0,0.0,1.0,0.0,1.0,0.0,1.0,-0.15384615384615385,-0.3333333333333333,-1.0,0.5,-1.0,0.5,0.3333333333333333,-0.3333333333333333,0.0,-1.0,-0.1111111111111111,0.0,-1.0,-0.14285714285714285,-0.2,-0.3333333333333333,-0.4,-0.9,-0.3333333333333333,-0.5227863046044864,0.4591736051922426
0.0,1.0,1.0,0.0,0.0,0.0,1.0,0.0,0.0,0.0,0.0,0.0,0.0,0.0,1.0,0.0,0.0,0.0,1.0,0.0,0.23076923076923078,1.3333333333333333,0.0,0.0,0.0,-1.0,-0.6666666666666666,-0.16666666666666666,-1.0,-1.0,-0.4444444444444444,-1.0,0.0,0.0,-0.2,-0.3333333333333333,0.0,0.0,-0.3333333333333333,0.16292798110979928,-0.2366096561741386
1.0,0.0,1.0,0.0,1.0,0.0,0.0,0.0,0.0,0.0,0.0,0.0,0.0,0.0,1.0,0.0,0.0,0.0,1.0,1.0,-0.3076923076923077,-0.16666666666666666,-0.5,-1.0,1.0,0.0,0.3333333333333333,0.0,-1.0,-1.0,-0.2222222222222222,-1.0,0.0,-0.14285714285714285,-0.4,-0.3333333333333333,0.0,0.29999999999999993,-0.3333333333333333,-0.4258166076347895,-0.6875038268303054
0.0,1.0,1.0,0.0,1.0,0.0,0.0,0.0,0.0,0.0,0.0,0.0,0.0,0.0,1.0,0.0,0.0,0.0,1.0,0.0,-0.23076923076923078,-0.4166666666666667,0.0,0.0,0.0,0.5,-0.6666666666666666,0.0,-1.0,-1.0,-0.6666666666666666,-1.0,1.0,-0.2857142857142857,-0.4,-0.3333333333333333,-0.2,0.0,-0.3333333333333333,-0.08642266824085014,-0.6612338977589698
0.0,1.0,0.0,1.0,0.0,1.0,0.0,0.0,0.0,0.0,0.0,0.0,0.0,0.0,0.0,1.0,0.0,0.0,1.0,0.0,0.15384615384615385,0.0,0.5,0.5,-1.0,0.5,-0.6666666666666666,1.0,-1.0,-1.0,-0.2222222222222222,-1.0,0.0,0.2857142857142857,0.8,-0.3333333333333333,0.4,0.375,-0.3333333333333333,0.3014561196379378,-0.20681855975417446
0.0,1.0,1.0,0.0,0.0,0.0,0.0,0.0,1.0,0.0,0.0,0.0,1.0,0.0,0.0,0.0,0.0,1.0,0.0,1.0,0.6923076923076923,1.8333333333333333,0.0,-0.5,0.0,0.5,0.6666666666666666,0.6666666666666666,0.5,1.0,0.0,1.0,1.0,-0.2857142857142857,-0.4,0.0,-0.2,0.0,0.25000000000000006,-0.8004722550177096,0.5986243557139606
1.0,0.0,1.0,0.0,0.0,0.0,1.0,0.0,0.0,0.0,0.0,0.0,1.0,0.0,0.0,0.0,0.0,0.0,1.0,0.0,0.23076923076923078,-0.25,0.0,-1.0,0.0,0.0,-0.6666666666666666,-0.16666666666666666,0.5,-1.0,0.0,-1.0,-2.0,0.5714285714285714,-0.2,0.6666666666666666,1.0,0.9000000000000001,0.3666666666666667,0.38961038961038963,0.007113057070892801
0.0,1.0,1.0,0.0,1.0,0.0,0.0,0.0,0.0,0.0,0.0,0.0,0.0,0.0,1.0,0.0,0.0,0.0,0.0,1.0,1.5384615384615385,0.08333333333333333,0.0,0.0,0.0,-1.0,0.6666666666666666,0.6666666666666666,0.0,0.0,1.0,0.0,0.0,-0.42857142857142855,-0.2,0.3333333333333333,-0.2,0.4999999999999999,1.222222222222222,-1.177331759149941,-0.15413557660524074
0.0,1.0,1.0,0.0,0.0,0.0,1.0,0.0,0.0,0.0,0.0,0.0,1.0,0.0,0.0,0.0,0.0,0.0,0.0,0.0,0.7692307692307693,0.9166666666666666,0.0,0.0,0.0,0.0,0.0,0.0,0.0,0.0,1.0,2.0,-1.0,0.7142857142857143,0.8,-0.3333333333333333,1.0,0.6818181818181819,-0.3333333333333333,-0.30460448642266824,-0.03776947232838768
1.0,0.0,1.0,0.0,1.0,0.0,0.0,0.0,0.0,0.0,0.0,0.0,0.0,1.0,0.0,0.0,0.0,0.0,1.0,1.0,-0.23076923076923078,-0.5,-0.5,-1.0,0.0,0.5,-0.3333333333333333,-0.3333333333333333,0.0,-1.0,0.5555555555555556,-2.0,0.0,1.4285714285714286,2.2,2.3333333333333335,1.8,0.75,0.8333333333333334,0.6499409681227862,0.9426198175968564
0.0,1.0,0.0,1.0,0.0,0.0,1.0,0.0,0.0,0.0,0.0,1.0,0.0,0.0,0.0,0.0,0.0,0.0,0.0,0.0,1.3076923076923077,-0.4166666666666667,-0.5,0.0,0.0,0.0,1.3333333333333333,-0.16666666666666666,0.0,0.0,1.3333333333333333,0.0,1.0,1.7142857142857142,2.0,4.666666666666667,-0.2,-1.1666666666666667,1.6111111111111112,0.21713464401211421,1.0365413519303996
0.0,1.0,1.0,0.0,1.0,0.0,0.0,0.0,0.0,0.0,0.0,0.0,1.0,0.0,0.0,0.0,0.0,0.0,1.0,0.0,-0.46153846153846156,-0.4166666666666667,0.0,0.0,-2.0,0.5,0.0,1.0,0.0,-1.0,0.1111111111111111,-1.0,0.0,0.0,0.2,-0.3333333333333333,-0.2,-0.5000000000000001,-0.3333333333333333,-0.48642266824085,0.18720598665064947
0.0,1.0,1.0,0.0,1.0,0.0,0.0,0.0,0.0,0.0,0.0,0.0,0.0,1.0,0.0,0.0,0.0,1.0,0.0,0.0,0.8461538461538461,-0.16666666666666666,1.0,0.5,0.0,0.0,0.6666666666666666,-0.5,-0.5,0.0,1.2222222222222223,-1.0,0.0,-0.2857142857142857,-0.2,0.0,-0.4,-0.75,0.25000000000000006,-1.0979929161747344,1.2354831812122553
0.0,1.0,0.0,1.0,1.0,0.0,0.0,0.0,0.0,0.0,0.0,0.0,0.0,0.0,0.0,1.0,0.0,1.0,0.0,0.0,-0.8461538461538461,0.08333333333333333,0.0,0.5,1.0,-0.5,-0.6666666666666666,1.3333333333333333,0.0,0.0,-0.6666666666666666,1.0,0.0,-0.2857142857142857,-0.2,0.0,-0.2,0.0,0.25000000000000006,-0.08642266824085014,-0.02968231081122928
0.0,1.0,1.0,0.0,0.0,0.0,1.0,0.0,0.0,0.0,1.0,0.0,0.0,0.0,0.0,0.0,0.0,1.0,0.0,1.0,-0.6153846153846154,1.4166666666666667,0.0,0.0,0.0,-0.5,-0.3333333333333333,0.5,0.0,2.0,-1.0,0.0,0.0,-0.5714285714285714,-0.4,-0.3333333333333333,-0.6,-1.5,-0.3333333333333333,-0.30460448642266824,-0.6969512125418493
0.0,1.0,1.0,0.0,1.0,0.0,0.0,0.0,0.0,0.0,0.0,0.0,1.0,0.0,0.0,0.0,0.0,1.0,0.0,1.0,-0.07692307692307693,1.3333333333333333,-0.5,-0.5,-1.0,0.0,0.3333333333333333,-0.16666666666666666,-1.0,-1.0,-0.2222222222222222,-2.0,0.0,-0.5714285714285714,-0.6,-0.3333333333333333,-0.4,0.0,-0.3333333333333333,-1.1530893349075169,0.15942909902915903
1.0,0.0,1.0,0.0,0.0,0.0,1.0,0.0,0.0,0.0,0.0,0.0,0.0,0.0,1.0,0.0,0.0,0.0,1.0,0.0,0.5384615384615384,1.75,0.0,-0.5,1.0,0.0,0.6666666666666666,-0.3333333333333333,0.5,-1.0,0.8888888888888888,-1.0,0.0,-0.2857142857142857,-0.2,0.0,-0.2,0.0,0.25000000000000006,-1.0510159696762567,-0.051938470271512445
0.0,1.0,1.0,0.0,1.0,0.0,0.0,0.0,0.0,0.0,0.0,0.0,0.0,0.0,0.0,0.0,0.0,1.0,0.0,0.0,0.5384615384615384,0.0,0.0,0.0,0.0,-1.0,2.0,0.3333333333333333,-1.0,0.0,0.0,-2.0,-1.0,-0.5714285714285714,-0.6,-0.3333333333333333,-0.6,-1.5,-0.3333333333333333,-1.1971664698937425,0.6581845334597072
0.0,1.0,1.0,0.0,0.0,0.0,1.0,0.0,0.0,0.0,0.0,0.0,0.0,0.0,0.0,0.0,0.0,1.0,0.0,0.0,0.7692307692307693,1.1666666666666667,-0.5,0.5,0.0,-0.5,0.6666666666666666,1.3333333333333333,0.5,0.0,0.3333333333333333,-1.0,1.0,0.5714285714285714,0.8,0.6666666666666666,0.8,0.5999999999999999,0.3666666666666667,0.00708382526564351,0.5513499990445884
0.0,1.0,1.0,0.0,1.0,0.0,0.0,0.0,0.0,0.0,0.0,0.0,0.0,0.0,1.0,0.0,0.0,0.0,0.0,1.0,-1.0769230769230769,-0.16666666666666666,0.0,0.5,1.0,-0.5,-0.3333333333333333,0.3333333333333333,-1.0,0.0,-0.6666666666666666,-1.0,-1.0,-0.14285714285714285,-0.2,0.3333333333333333,-0.2,-0.29999999999999993,0.6000000000000001,0.34994096812278636,-0.7291365332521372
0.0,1.0,0.0,1.0,0.0,1.0,0.0,0.0,0.0,0.0,0.0,0.0,0.0,0.0,0.0,1.0,0.0,0.0,1.0,0.0,0.46153846153846156,-0.25,0.5,-0.5,0.0,-1.0,1.6666666666666667,-0.16666666666666666,0.5,-1.0,-0.1111111111111111,0.0,1.0,0.14285714285714285,0.2,0.0,0.4,0.6428571428571429,0.0,-0.08642266824085014,0.028231420376408713
0.0,1.0,1.0,0.0,1.0,0.0,0.0,0.0,0.0,0.0,0.0,0.0,0.0,0.0,1.0,0.0,0.0,0.0,0.0,0.0,-0.15384615384615385,-0.3333333333333333,0.0,0.5,0.0,-0.5,-0.3333333333333333,-0.3333333333333333,0.0,0.0,0.1111111111111111,-1.0,0.0,0.8571428571428571,1.0,2.0,1.2,0.75,1.027777777777778,0.6044864226682407,0.07827752277119995
0.0,1.0,1.0,0.0,0.0,0.0,1.0,0.0,0.0,0.0,0.0,0.0,0.0,0.0,1.0,0.0,0.0,1.0,0.0,0.0,0.9230769230769231,1.0833333333333333,0.5,0.5,0.0,0.0,0.6666666666666666,0.5,-1.0,1.0,0.3333333333333333,-1.0,-1.0,-0.7142857142857143,-0.6,-0.3333333333333333,-0.6,-1.5,-0.3333333333333333,-1.395513577331759,-0.7577971411886338
1.0,0.0,1.0,0.0,0.0,0.0,0.0,0.0,1.0,0.0,0.0,0.0,0.0,0.0,0.0,0.0,0.0,1.0,0.0,0.0,-0.15384615384615385,0.25,0.5,0.5,-1.0,0.0,-0.3333333333333333,0.0,-0.5,0.0,-0.2222222222222222,0.0,-1.0,0.42857142857142855,-0.2,2.0,0.8,0.8333333333333334,1.4814814814814814,0.54388036206218,0.011073276841339217
0.0,1.0,0.0,1.0,1.0,0.0,0.0,0.0,0.0,0.0,0.0,0.0,0.0,0.0,0.0,1.0,0.0,1.0,0.0,0.0,1.4615384615384615,-0.5,-0.5,-1.0,0.0,0.5,0.3333333333333333,0.0,0.5,0.0,1.5555555555555556,1.0,0.0,-0.5714285714285714,-0.6,0.0,-0.6,-1.5,0.8333333333333334,-1.3082408500590317,0.6821214485397272
0.0,1.0,1.0,0.0,0.0,0.0,1.0,0.0,0.0,0.0,0.0,0.0,0.0,0.0,0.0,0.0,0.0,0.0,1.0,0.0,0.8461538461538461,1.5,0.0,-1.0,0.0,0.0,0.0,1.5,-0.5,-1.0,1.6666666666666667,0.0,0.0,1.7142857142857142,2.2,3.6666666666666665,1.6,0.3333333333333335,1.222222222222222,0.0310598492416674,0.5195461037215318
0.0,0.0,1.0,0.0,0.0,0.0,1.0,0.0,0.0,0.0,0.0,0.0,0.0,0.0,1.0,0.0,0.0,1.0,0.0,0.0,1.2307692307692308,1.0,0.5,0.5,0.0,0.5,-0.6666666666666666,0.6666666666666666,-1.0,0.0,-0.5555555555555556,0.0,0.0,-0.14285714285714285,0.0,0.0,-0.2,-0.29999999999999993,0.1333333333333334,0.059031877213695266,-0.15391178953621573
0.0,1.0,0.0,1.0,1.0,0.0,0.0,0.0,0.0,0.0,0.0,0.0,0.0,0.0,0.0,0.0,1.0,0.0,1.0,0.0,-1.2307692307692308,0.16666666666666666,-1.0,0.5,0.0,-1.0,-0.3333333333333333,-0.5,-1.0,-1.0,-0.8888888888888888,0.0,0.0,-0.42857142857142855,-0.2,-0.3333333333333333,-0.2,0.4999999999999999,-0.3333333333333333,0.059031877213695266,-0.5780900453990208
0.0,1.0,1.0,0.0,1.0,0.0,0.0,0.0,0.0,0.0,0.0,0.0,0.0,0.0,0.0,0.0,0.0,1.0,0.0,1.0,-0.07692307692307693,1.1666666666666667,-1.0,0.5,0.0,0.5,-0.3333333333333333,1.8333333333333333,0.5,0.0,0.0,-1.0,-2.0,0.7142857142857143,0.6,-0.3333333333333333,0.8,0.40909090909090906,-0.3333333333333333,0.5879574970484059,-0.21013580855534808
0.0,1.0,1.0,0.0,0.0,0.0,0.0,1.0,0.0,0.0,0.0,0.0,0.0,0.0,0.0,0.0,0.0,1.0,0.0,1.0,0.6153846153846154,0.25,0.5,0.5,0.0,0.5,0.0,-0.16666666666666666,0.5,-1.0,-0.1111111111111111,2.0,1.0,-0.14285714285714285,-0.2,0.0,0.0,0.29999999999999993,0.1333333333333334,-0.5227863046044864,0.24398674734476178
0.0,1.0,1.0,0.0,0.0,0.0,1.0,0.0,0.0,0.0,0.0,0.0,0.0,0.0,1.0,0.0,0.0,1.0,0.0,0.0,-1.0,-0.25,0.0,-1.0,1.0,-1.0,0.0,0.3333333333333333,-1.0,0.0,-0.5555555555555556,0.0,1.0,-0.2857142857142857,-0.2,-0.3333333333333333,-0.2,0.0,-0.3333333333333333,-0.30460448642266824,-0.5468301702978059
0.0,1.0,1.0,0.0,0.0,0.0,1.0,0.0,0.0,0.0,0.0,0.0,0.0,1.0,0.0,0.0,0.0,1.0,0.0,0.0,0.15384615384615385,0.25,0.0,-0.5,-2.0,0.0,0.3333333333333333,-0.3333333333333333,-1.0,0.0,1.1111111111111112,0.0,0.0,1.8571428571428572,2.6,0.0,1.6,0.23684210526315796,-0.21052631578947367,0.4746162927981108,0.9246071834343329
0.0,1.0,1.0,0.0,0.0,0.0,1.0,0.0,0.0,0.0,0.0,0.0,0.0,0.0,0.0,0.0,0.0,0.0,0.0,1.0,0.6923076923076923,1.0833333333333333,0.0,-0.5,-2.0,-1.0,0.0,0.6666666666666666,-0.5,0.0,1.5555555555555556,-1.0,0.0,0.2857142857142857,0.8,-0.3333333333333333,0.8,1.125,-0.3333333333333333,-0.7846044864226681,0.7374408174449693
0.0,1.0,0.0,1.0,1.0,0.0,0.0,0.0,0.0,0.0,0.0,0.0,0.0,0.0,0.0,1.0,0.0,0.0,1.0,0.0,-0.3076923076923077,-0.5,-0.5,-1.0,-2.0,-0.5,1.3333333333333333,0.16666666666666666,-0.5,-1.0,0.0,-1.0,0.0,-0.7142857142857143,-0.6,-0.3333333333333333,-0.6,-1.5,-0.3333333333333333,-1.395513577331759,0.28297252753772156
0.0,1.0,0.0,1.0,0.0,1.0,0.0,0.0,0.0,0.0,0.0,0.0,0.0,0.0,0.0,1.0,0.0,1.0,0.0,1.0,0.3076923076923077,1.25,-0.5,0.0,-1.0,0.0,0.0,-0.3333333333333333,-1.0,1.0,-0.2222222222222222,3.0,0.0,0.14285714285714285,0.2,0.0,-0.6,-1.5,0.0,0.059031877213695266,0.23137587375265528
0.0,1.0,0.0,1.0,1.0,0.0,0.0,0.0,0.0,0.0,0.0,0.0,0.0,0.0,0.0,1.0,0.0,1.0,0.0,1.0,-0.07692307692307693,0.8333333333333334,0.5,0.0,0.0,-1.0,0.3333333333333333,0.16666666666666666,0.5,2.0,0.5555555555555556,-1.0,0.0,0.2857142857142857,0.8,0.0,0.8,1.125,-0.04166666666666665,-0.4409681227863046,0.5556106397797372
0.0,1.0,1.0,0.0,1.0,0.0,0.0,0.0,0.0,0.0,1.0,0.0,0.0,0.0,0.0,0.0,0.0,0.0,1.0,0.0,1.3076923076923077,-0.08333333333333333,0.0,0.5,0.0,0.5,0.0,0.5,0.5,-1.0,1.0,1.0,0.0,-0.42857142857142855,-0.2,0.3333333333333333,-0.2,0.4999999999999999,1.222222222222222,-1.177331759149941,-0.6804792454253555
0.0,1.0,0.0,1.0,0.0,0.0,1.0,0.0,0.0,0.0,0.0,0.0,0.0,0.0,0.0,1.0,0.0,1.0,0.0,0.0,-0.3076923076923077,0.08333333333333333,0.0,0.0,1.0,0.5,-0.3333333333333333,0.16666666666666666,0.0,1.0,0.0,1.0,1.0,0.7142857142857143,0.8,-0.3333333333333333,1.0,0.6818181818181819,-0.3333333333333333,0.5879574970484059,0.2054887247414203
0.0,1.0,0.0,1.0,0.0,1.0,0.0,0.0,0.0,0.0,0.0,0.0,0.0,0.0,0.0,1.0,0.0,1.0,0.0,0.0,-0.15384615384615385,1.75,0.0,0.5,-1.0,0.0,-0.3333333333333333,1.1666666666666667,0.5,1.0,-0.2222222222222222,-1.0,0.0,0.42857142857142855,0.8,0.0,0.8,0.8333333333333334,-0.07407407407407407,0.54388036206218,0.27971296063503376
0.0,1.0,1.0,0.0,0.0,0.0,0.0,0.0,1.0,0.0,0.0,0.0,0.0,0.0,1.0,0.0,0.0,1.0,0.0,1.0,-0.6923076923076923,0.8333333333333334,0.0,0.0,0.0,-0.5,-0.6666666666666666,0.3333333333333333,0.5,0.0,-0.4444444444444444,0.0,-1.0,0.0,-0.2,0.0,-0.4,-1.0000000000000002,0.05555555555555555,0.16292798110979928,-0.46930272096783837
1.0,0.0,1.0,0.0,0.0,0.0,1.0,0.0,0.0,0.0,1.0,0.0,0.0,0.0,0.0,0.0,0.0,0.0,1.0,0.0,0.46153846153846156,0.16666666666666666,-0.5,-1.0,0.0,0.5,-0.3333333333333333,-0.16666666666666666,0.0,-1.0,0.2222222222222222,0.0,0.0,1.0,1.2,1.3333333333333333,1.0,0.34615384615384626,0.5641025641025642,0.6184724366542549,-0.2947203742749276
1.0,0.0,0.0,1.0,1.0,0.0,0.0,0.0,0.0,0.0,0.0,0.0,0.0,0.0,0.0,1.0,0.0,1.0,0.0,1.0,-0.6153846153846154,-0.5,-0.5,0.0,-1.0,0.5,-0.3333333333333333,-0.3333333333333333,0.0,0.0,-0.3333333333333333,-1.0,0.0,0.2857142857142857,0.8,-0.3333333333333333,0.8,1.125,-0.3333333333333333,0.5135773317591499,0.29687694126310593
0.0,1.0,1.0,0.0,1.0,0.0,0.0,0.0,0.0,0.0,1.0,0.0,0.0,0.0,0.0,0.0,0.0,0.0,0.0,0.0,0.6923076923076923,0.16666666666666666,0.0,-0.5,0.0,-0.5,2.0,0.6666666666666666,0.0,0.0,1.1111111111111112,-1.0,-2.0,1.7142857142857142,1.2,-0.3333333333333333,2.4,1.0000000000000002,-0.3333333333333333,0.37072018890200703,-0.72098772576541
0.0,1.0,1.0,0.0,1.0,0.0,0.0,0.0,0.0,0.0,1.0,0.0,0.0,0.0,0.0,0.0,0.0,1.0,0.0,0.0,0.3076923076923077,-0.4166666666666667,-0.5,0.0,0.0,-1.0,0.6666666666666666,0.5,0.5,0.0,-0.3333333333333333,2.0,-1.0,-0.14285714285714285,0.0,-0.3333333333333333,-0.2,-0.29999999999999993,-0.3333333333333333,-0.30460448642266824,-0.3747694430167624
0.0,1.0,1.0,0.0,0.0,0.0,0.0,1.0,0.0,0.0,1.0,0.0,0.0,0.0,0.0,0.0,0.0,1.0,0.0,0.0,1.2307692307692308,0.08333333333333333,0.5,0.0,0.0,-1.0,2.3333333333333335,-0.16666666666666666,0.0,-1.0,0.2222222222222222,-1.0,-2.0,0.0,0.2,-0.3333333333333333,0.2,0.4999999999999999,-0.3333333333333333,-0.5563527381709199,-0.5035572240247747
0.0,0.0,1.0,0.0,1.0,0.0,0.0,0.0,0.0,0.0,1.0,0.0,0.0,0.0,0.0,0.0,0.0,0.0,1.0,0.0,-1.3846153846153846,-0.5,0.0,0.5,0.0,0.5,-0.3333333333333333,0.16666666666666666,0.0,-1.0,-1.1111111111111112,2.0,1.0,-0.7142857142857143,-0.6,-0.3333333333333333,-0.6,-1.5,-0.3333333333333333,-1.395513577331759,-1.0798045831684757
0.0,1.0,1.0,0.0,0.0,0.0,1.0,0.0,0.0,0.0,1.0,0.0,0.0,0.0,0.0,0.0,0.0,1.0,0.0,0.0,-0.07692307692307693,-0.5,0.0,0.5,-1.0,0.5,-0.6666666666666666,-0.3333333333333333,-0.5,0.0,0.0,-3.0,0.0,0.5714285714285714,0.8,-0.3333333333333333,-0.6,-1.5,-0.3333333333333333,0.38961038961038963,0.06592139375558888
0.0,1.0,1.0,0.0,0.0,0.0,0.0,0.0,1.0,0.0,0.0,0.0,1.0,0.0,0.0,0.0,0.0,0.0,0.0,0.0,0.7692307692307693,-0.4166666666666667,0.5,0.5,0.0,0.5,0.0,-0.5,0.0,0.0,0.2222222222222222,0.0,-1.0,0.14285714285714285,0.0,0.0,0.2,0.2142857142857142,0.0,-0.3885205703387521,0.3699881902050891
0.0,1.0,1.0,0.0,0.0,0.0,1.0,0.0,0.0,0.0,1.0,0.0,0.0,0.0,0.0,0.0,0.0,0.0,0.0,1.0,0.46153846153846156,-0.4166666666666667,0.0,0.5,-1.0,-1.0,-0.6666666666666666,-0.5,0.0,0.0,0.0,1.0,0.0,0.5714285714285714,0.6,2.0,1.0,0.9000000000000001,1.3,0.38961038961038963,-0.6264395553260304
0.0,1.0,0.0,0.0,0.0,0.0,0.0,0.0,0.0,1.0,0.0,0.0,0.0,0.0,0.0,0.0,0.0,1.0,0.0,0.0,-0.15384615384615385,-0.3333333333333333,-0.5,0.0,0.0,0.5,-0.6666666666666666,0.8333333333333334,0.0,0.0,-0.6666666666666666,-2.0,-2.0,-0.2857142857142857,-0.2,-0.3333333333333333,-0.2,0.0,-0.3333333333333333,-0.08642266824085014,-0.2782623768329975
0.0,1.0,1.0,0.0,0.0,0.0,0.0,1.0,0.0,0.0,0.0,1.0,0.0,0.0,0.0,0.0,0.0,0.0,1.0,0.0,0.46153846153846156,0.16666666666666666,-0.5,0.5,-1.0,0.5,2.0,1.3333333333333333,0.5,-1.0,1.5555555555555556,-1.0,0.0,-0.5714285714285714,-0.6,-0.3333333333333333,-0.4,0.0,-0.3333333333333333,-1.3082408500590317,1.301514352018347
0.0,1.0,0.0,1.0,0.0,1.0,0.0,0.0,0.0,0.0,0.0,0.0,0.0,0.0,0.0,1.0,0.0,1.0,0.0,0.0,1.3076923076923077,0.08333333333333333,0.0,-1.0,0.0,0.5,1.0,0.0,0.0,0.0,2.0,0.0,0.0,-0.42857142857142855,-0.6,0.3333333333333333,-0.2,0.4999999999999999,1.222222222222222,-1.2450433578960223,0.8202380021430541
0.0,1.0,0.0,1.0,1.0,0.0,0.0,0.0,0.0,0.0,0.0,0.0,0.0,0.0,0.0,1.0,0.0,1.0,0.0,0.0,-0.46153846153846156,-0.16666666666666666,0.0,-0.5,0.0,0.5,0.0,-0.3333333333333333,0.0,0.0,0.2222222222222222,-1.0,0.0,0.7142857142857143,1.2,2.0,0.2,-0.40909090909090906,1.1515151515151516,0.2828081009899192,0.6025780757547093
0.0,1.0,1.0,0.0,1.0,0.0,0.0,0.0,0.0,0.0,1.0,0.0,0.0,0.0,0.0,0.0,0.0,0.0,1.0,0.0,1.3846153846153846,0.08333333333333333,0.5,0.0,0.0,0.0,1.6666666666666667,-0.5,0.0,-1.0,1.0,0.0,0.0,-0.5714285714285714,-0.6,-0.3333333333333333,-0.6,-1.5,-0.3333333333333333,-1.28642266824085,-0.26736216999711454
0.0,1.0,1.0,0.0,1.0,0.0,0.0,0.0,0.0,0.0,0.0,0.0,1.0,0.0,0.0,0.0,0.0,0.0,1.0,0.0,-0.38461538461538464,0.08333333333333333,0.5,0.0,0.0,0.5,-0.3333333333333333,1.5,0.5,-1.0,0.1111111111111111,-1.0,0.0,0.8571428571428571,0.8,0.0,1.0,0.4999999999999999,-0.1388888888888889,0.6044864226682407,-0.1174730946797832
0.0,1.0,1.0,0.0,1.0,0.0,0.0,0.0,0.0,0.0,1.0,0.0,0.0,0.0,0.0,0.0,0.0,0.0,1.0,0.0,-0.5384615384615384,0.0,0.0,0.5,0.0,-1.0,0.3333333333333333,0.0,-0.5,-1.0,0.1111111111111111,-1.0,0.0,-0.2857142857142857,-0.2,0.0,-0.2,0.0,0.25000000000000006,-0.8500590318772137,-0.8447138994427322
0.0,0.0,1.0,0.0,0.0,0.0,1.0,0.0,0.0,0.0,0.0,0.0,1.0,0.0,0.0,0.0,0.0,0.0,1.0,0.0,-0.38461538461538464,-0.16666666666666666,0.0,-0.5,0.0,-1.0,-0.6666666666666666,0.8333333333333334,-0.5,-1.0,0.0,-1.0,0.0,0.5714285714285714,0.2,0.0,0.8,0.5999999999999999,-0.09999999999999998,0.38961038961038963,0.6534967898085524
0.0,1.0,1.0,0.0,0.0,0.0,1.0,0.0,0.0,0.0,0.0,0.0,0.0,0.0,0.0,0.0,0.0,1.0,0.0,1.0,-0.38461538461538464,0.3333333333333333,-0.5,0.0,0.0,-1.0,-0.3333333333333333,-0.3333333333333333,0.5,-1.0,-0.4444444444444444,-1.0,-1.0,0.14285714285714285,0.4,-0.3333333333333333,-0.4,-1.0714285714285716,-0.3333333333333333,0.4746162927981108,0.29673750206041694
1.0,0.0,1.0,0.0,1.0,0.0,0.0,0.0,0.0,0.0,0.0,0.0,0.0,0.0,0.0,0.0,0.0,0.0,0.0,0.0,-0.23076923076923078,0.0,-0.5,0.5,0.0,0.0,-0.3333333333333333,1.0,0.0,2.0,-0.1111111111111111,-1.0,0.0,0.5714285714285714,0.8,0.3333333333333333,1.0,0.9000000000000001,0.1333333333333334,0.5681227863046044,0.16776767753777733
0.0,1.0,1.0,0.0,0.0,0.0,0.0,0.0,1.0,0.0,1.0,0.0,0.0,0.0,0.0,0.0,0.0,0.0,1.0,0.0,-1.2307692307692308,-0.25,0.0,-1.0,0.0,-1.0,-0.3333333333333333,0.8333333333333334,-0.5,-1.0,-1.0,-1.0,0.0,-0.5714285714285714,-0.6,-0.3333333333333333,-0.6,-1.5,-0.3333333333333333,-0.30460448642266824,-0.49615838980806026
0.0,1.0,1.0,0.0,1.0,0.0,0.0,0.0,0.0,0.0,0.0,0.0,0.0,1.0,0.0,0.0,0.0,0.0,0.0,1.0,1.0,0.9166666666666666,0.5,0.5,-1.0,0.0,-0.3333333333333333,0.5,0.0,0.0,2.3333333333333335,2.0,0.0,3.7142857142857144,1.2,-0.3333333333333333,1.2,-0.65625,-0.3333333333333333,0.7181227863046044,1.2961058096272609
0.0,1.0,1.0,0.0,0.0,0.0,0.0,1.0,0.0,0.0,0.0,0.0,0.0,0.0,0.0,0.0,0.0,0.0,1.0,0.0,1.0,0.0,0.0,-0.5,-1.0,0.0,2.0,1.6666666666666667,0.0,-1.0,1.7777777777777777,-1.0,0.0,0.0,-0.2,-0.3333333333333333,-0.6,-1.5,-0.3333333333333333,-0.9914731732913551,0.7473998121107045
1.0,0.0,1.0,0.0,0.0,0.0,1.0,0.0,0.0,0.0,0.0,0.0,0.0,0.0,0.0,0.0,0.0,1.0,0.0,1.0,1.4615384615384615,0.9166666666666666,0.5,0.0,0.0,-0.5,0.3333333333333333,0.0,0.5,1.0,0.7777777777777778,0.0,0.0,0.42857142857142855,0.8,1.6666666666666667,0.8,0.8333333333333334,1.222222222222222,-0.4258166076347895,0.23212232732655014
0.0,1.0,1.0,0.0,1.0,0.0,0.0,0.0,0.0,0.0,1.0,0.0,0.0,0.0,0.0,0.0,0.0,1.0,0.0,0.0,-0.9230769230769231,0.9166666666666666,-1.0,-0.5,0.0,0.0,-0.6666666666666666,-0.3333333333333333,0.0,0.0,-0.4444444444444444,-1.0,0.0,0.0,0.0,0.0,-0.2,-0.5000000000000001,0.05555555555555555,0.16292798110979928,-0.5621602150015279
0.0,1.0,1.0,0.0,0.0,0.0,1.0,0.0,0.0,0.0,0.0,0.0,1.0,0.0,0.0,0.0,0.0,1.0,0.0,1.0,1.6923076923076923,0.0,0.5,0.0,-1.0,-1.0,1.6666666666666667,0.0,0.5,-1.0,2.3333333333333335,-3.0,-1.0,0.7142857142857143,1.2,1.3333333333333333,1.2,0.9545454545454547,0.7272727272727273,-0.7136953955135773,0.6603769761639867
0.0,1.0,1.0,0.0,1.0,0.0,0.0,0.0,0.0,0.0,0.0,0.0,0.0,0.0,0.0,0.0,0.0,0.0,0.0,0.0,-0.23076923076923078,-0.16666666666666666,0.0,0.5,-1.0,0.5,0.6666666666666666,0.16666666666666666,0.0,0.0,-0.1111111111111111,-1.0,0.0,-0.2857142857142857,-0.2,0.0,-0.2,0.0,0.25000000000000006,-0.7409681227863046,0.33580807431841764
0.0,0.0,1.0,0.0,0.0,0.0,0.0,0.0,1.0,0.0,1.0,0.0,0.0,0.0,0.0,0.0,0.0,0.0,1.0,0.0,0.07692307692307693,-0.16666666666666666,-0.5,0.0,1.0,0.0,-0.6666666666666666,0.0,-1.0,-1.0,-0.3333333333333333,-1.0,-2.0,0.14285714285714285,0.4,0.0,0.0,-0.21428571428571436,0.0,0.24085005903187715,-0.3406856652402812
0.0,1.0,1.0,0.0,1.0,0.0,0.0,0.0,0.0,0.0,0.0,0.0,0.0,0.0,1.0,0.0,0.0,1.0,0.0,1.0,0.07692307692307693,1.1666666666666667,0.0,-0.5,1.0,-1.0,-0.3333333333333333,-0.3333333333333333,-1.0,0.0,-0.2222222222222222,0.0,-1.0,0.42857142857142855,0.8,0.0,0.8,0.8333333333333334,-0.07407407407407407,0.54388036206218,-0.3234217279021091
0.0,1.0,0.0,1.0,0.0,0.0,1.0,0.0,0.0,0.0,0.0,0.0,0.0,0.0,0.0,1.0,0.0,1.0,0.0,1.0,-0.9230769230769231,-0.25,-1.0,0.5,0.0,0.0,-0.3333333333333333,-0.3333333333333333,0.0,1.0,-0.5555555555555556,0.0,0.0,0.0,0.2,-0.3333333333333333,0.0,0.0,-0.3333333333333333,0.42266824085005905,-0.17563862322337342
0.0,0.0,1.0,0.0,1.0,0.0,0.0,0.0,0.0,0.0,0.0,0.0,0.0,0.0,0.0,0.0,0.0,0.0,0.0,1.0,1.6923076923076923,-0.5,0.5,0.5,-2.0,0.0,0.0,-0.16666666666666666,0.5,0.0,0.2222222222222222,-1.0,0.0,0.0,0.0,0.0,-0.2,-0.5000000000000001,0.05555555555555555,-0.5563527381709199,0.11727897635073163
1.0,0.0,1.0,0.0,1.0,0.0,0.0,0.0,0.0,0.0,0.0,0.0,0.0,0.0,1.0,0.0,0.0,0.0,1.0,1.0,-0.3076923076923077,0.75,-1.0,-0.5,-2.0,-1.0,-0.3333333333333333,1.3333333333333333,-0.5,-1.0,0.0,2.0,0.0,0.7142857142857143,-0.2,1.6666666666666667,0.8,0.40909090909090906,0.9393939393939393,0.5879574970484059,-0.23295598820081115
1.0,0.0,0.0,1.0,0.0,1.0,0.0,0.0,0.0,0.0,0.0,0.0,0.0,0.0,0.0,0.0,1.0,0.0,1.0,1.0,-1.2307692307692308,0.16666666666666666,0.0,0.5,0.0,0.5,-0.3333333333333333,0.0,-0.5,-1.0,-0.8888888888888888,0.0,0.0,-0.42857142857142855,-0.2,-0.3333333333333333,-0.2,0.4999999999999999,-0.3333333333333333,0.059031877213695266,-0.7311846690696362
1.0,0.0,0.0,1.0,1.0,0.0,0.0,0.0,0.0,0.0,0.0,1.0,0.0,0.0,0.0,0.0,0.0,1.0,0.0,1.0,0.5384615384615384,1.5833333333333333,-0.5,0.0,0.0,0.5,-0.3333333333333333,-0.3333333333333333,0.5,1.0,1.6666666666666667,0.0,1.0,2.857142857142857,1.8,1.0,1.8,-0.11538461538461531,0.025641025641025682,0.7023885205703387,1.1629619286969373
0.0,1.0,0.0,1.0,0.0,1.0,0.0,0.0,0.0,0.0,0.0,0.0,0.0,0.0,0.0,1.0,0.0,0.0,1.0,0.0,-0.23076923076923078,0.25,0.5,-0.5,0.0,0.0,-0.3333333333333333,0.0,-0.5,-1.0,0.0,-1.0,-1.0,0.7142857142857143,0.2,-0.3333333333333333,1.2,0.9545454545454547,-0.3333333333333333,0.5879574970484059,0.08770112095790038
0.0,1.0,0.0,1.0,1.0,0.0,0.0,0.0,0.0,0.0,0.0,0.0,0.0,0.0,0.0,1.0,0.0,0.0,1.0,1.0,-0.23076923076923078,0.75,0.0,-1.0,0.0,-1.0,0.0,1.0,0.0,-1.0,0.1111111111111111,-1.0,-1.0,-0.7142857142857143,-0.6,-0.3333333333333333,-0.6,-1.5,-0.3333333333333333,-1.395513577331759,0.5118994775694163
0.0,1.0,0.0,1.0,1.0,0.0,0.0,0.0,0.0,0.0,0.0,0.0,0.0,0.0,0.0,1.0,0.0,1.0,0.0,0.0,-0.3076923076923077,0.0,0.0,0.5,-1.0,0.0,-0.3333333333333333,0.0,0.0,0.0,0.3333333333333333,0.0,-1.0,1.1428571428571428,1.0,1.0,1.0,0.2142857142857142,0.3333333333333333,0.6304604486422668,0.08718002522137601
1.0,0.0,1.0,0.0,0.0,0.0,1.0,0.0,0.0,0.0,0.0,1.0,0.0,0.0,0.0,0.0,0.0,0.0,0.0,0.0,1.3846153846153846,0.3333333333333333,0.5,-0.5,0.0,0.5,0.3333333333333333,1.0,-1.0,0.0,1.7777777777777777,-1.0,0.0,1.2857142857142858,1.2,0.0,1.8,0.9000000000000001,-0.17777777777777778,-0.2642004460186279,1.1093953533012177
0.0,1.0,1.0,0.0,1.0,0.0,0.0,0.0,0.0,0.0,1.0,0.0,0.0,0.0,0.0,0.0,0.0,1.0,0.0,0.0,-0.38461538461538464,-0.5,-0.5,0.5,-1.0,-1.0,-0.3333333333333333,-0.3333333333333333,0.0,0.0,-0.6666666666666666,0.0,0.0,-0.14285714285714285,-0.2,0.6666666666666666,-0.2,-0.29999999999999993,1.0666666666666667,0.34994096812278636,-0.7752447758330142
1.0,0.0,0.0,1.0,1.0,0.0,0.0,0.0,0.0,0.0,0.0,0.0,0.0,0.0,0.0,0.0,1.0,0.0,1.0,0.0,-0.38461538461538464,-0.4166666666666667,0.0,0.0,-1.0,0.5,1.6666666666666667,0.0,0.0,-1.0,-0.7777777777777778,0.0,1.0,-0.5714285714285714,-0.6,-0.3333333333333333,-0.6,-1.5,-0.3333333333333333,-0.8500590318772137,-0.5583900358279524
0.0,1.0,1.0,0.0,0.0,0.0,1.0,0.0,0.0,0.0,1.0,0.0,0.0,0.0,0.0,0.0,0.0,1.0,0.0,0.0,0.46153846153846156,-0.4166666666666667,0.0,0.0,-1.0,-0.5,0.6666666666666666,0.0,-0.5,0.0,-0.6666666666666666,0.0,0.0,-0.5714285714285714,-0.6,-0.3333333333333333,-0.6,-1.5,-0.3333333333333333,-0.9591499409681227,-0.031648470429769156
0.0,1.0,0.0,1.0,0.0,1.0,0.0,0.0,0.0,0.0,0.0,0.0,0.0,0.0,0.0,1.0,0.0,0.0,0.0,1.0,0.46153846153846156,0.4166666666666667,0.5,-0.5,0.0,0.5,0.3333333333333333,-0.3333333333333333,0.0,1.0,0.4444444444444444,1.0,0.0,-0.7142857142857143,-0.6,-0.3333333333333333,-0.6,-1.5,-0.3333333333333333,-1.395513577331759,0.01557918229972307
0.0,1.0,1.0,0.0,0.0,0.0,1.0,0.0,0.0,0.0,0.0,1.0,0.0,0.0,0.0,0.0,0.0,0.0,0.0,1.0,1.4615384615384615,0.08333333333333333,0.0,0.5,0.0,0.0,0.0,0.0,0.0,2.0,1.2222222222222223,-1.0,0.0,0.0,-0.6,-0.3333333333333333,-0.2,-0.5000000000000001,-0.3333333333333333,-0.8996458087367177,1.03036181430452
0.0,1.0,1.0,0.0,0.0,0.0,1.0,0.0,0.0,0.0,1.0,0.0,0.0,0.0,0.0,0.0,0.0,1.0,0.0,0.0,-0.23076923076923078,-0.25,0.5,-1.0,-1.0,-0.5,2.0,-0.5,0.5,-1.0,-0.2222222222222222,2.0,0.0,0.0,0.2,-0.3333333333333333,-0.2,-0.5000000000000001,-0.3333333333333333,-0.183392365210547,-0.2528543204523774
0.0,1.0,1.0,0.0,1.0,0.0,0.0,0.0,0.0,0.0,0.0,0.0,0.0,0.0,1.0,0.0,0.0,1.0,0.0,1.0,-0.46153846153846156,1.25,0.0,-1.0,0.0,0.0,0.6666666666666666,-0.5,-0.5,-1.0,-0.3333333333333333,-1.0,0.0,0.0,-0.2,-0.3333333333333333,-0.4,-1.0000000000000002,-0.3333333333333333,-0.031877213695395555,-0.812914092157428
1.0,0.0,0.0,1.0,1.0,0.0,0.0,0.0,0.0,0.0,0.0,0.0,0.0,0.0,0.0,1.0,0.0,1.0,0.0,0.0,1.5384615384615385,-0.08333333333333333,0.0,0.0,1.0,-1.0,2.3333333333333335,-0.5,0.5,2.0,2.888888888888889,-3.0,-1.0,0.2857142857142857,0.8,2.0,0.8,1.125,1.7083333333333335,-0.9827371645553463,0.9250400360817744
0.0,0.0,1.0,0.0,1.0,0.0,0.0,0.0,0.0,0.0,0.0,0.0,0.0,1.0,0.0,0.0,0.0,0.0,0.0,0.0,0.38461538461538464,0.0,-1.0,-0.5,-2.0,0.0,-0.3333333333333333,1.3333333333333333,-0.5,1.0,1.2222222222222223,0.0,0.0,2.2857142857142856,2.6,1.3333333333333333,1.4,-0.1363636363636364,0.196969696969697,0.6871310507674144,1.3188473044219517
0.0,1.0,0.0,1.0,1.0,0.0,0.0,0.0,0.0,0.0,0.0,0.0,0.0,0.0,0.0,1.0,0.0,1.0,0.0,0.0,-0.8461538461538461,1.75,0.0,-1.0,-1.0,0.0,0.0,0.6666666666666666,0.5,-1.0,-0.4444444444444444,0.0,0.0,-0.42857142857142855,-0.2,0.3333333333333333,-0.2,0.4999999999999999,1.222222222222222,-0.7721369539551358,0.5202081372521978
0.0,1.0,0.0,1.0,1.0,0.0,0.0,0.0,0.0,0.0,0.0,0.0,0.0,0.0,0.0,1.0,0.0,0.0,0.0,0.0,-0.38461538461538464,0.08333333333333333,-0.5,-1.0,0.0,0.5,-0.3333333333333333,0.6666666666666666,-1.0,0.0,0.3333333333333333,2.0,0.0,1.1428571428571428,0.8,2.6666666666666665,1.2,0.4285714285714287,1.1666666666666667,0.6304604486422668,0.7323337333122831
0.0,1.0,1.0,0.0,0.0,0.0,0.0,0.0,1.0,0.0,0.0,0.0,0.0,0.0,1.0,0.0,0.0,0.0,0.0,0.0,1.4615384615384615,1.25,0.0,-1.0,-1.0,-0.5,1.0,-0.3333333333333333,0.5,0.0,-0.2222222222222222,-2.0,0.0,-0.14285714285714285,-0.2,0.0,-0.2,-0.29999999999999993,0.1333333333333334,-0.4258166076347895,-0.3306668494328419
1.0,0.0,0.0,1.0,1.0,0.0,0.0,0.0,0.0,0.0,0.0,0.0,0.0,0.0,0.0,1.0,0.0,0.0,1.0,1.0,0.8461538461538461,1.6666666666666667,-0.5,-0.5,1.0,0.0,0.6666666666666666,-0.3333333333333333,0.5,-1.0,-0.2222222222222222,-1.0,0.0,0.0,0.2,0.0,0.0,0.0,0.05555555555555555,-0.183392365210547,0.2339114340392554
0.0,0.0,0.0,1.0,1.0,0.0,0.0,0.0,0.0,0.0,0.0,1.0,0.0,0.0,0.0,0.0,0.0,0.0,1.0,1.0,1.2307692307692308,-0.4166666666666667,0.5,-1.0,-1.0,0.0,-0.3333333333333333,0.6666666666666666,0.5,-1.0,2.5555555555555554,-1.0,1.0,4.0,0.8,4.666666666666667,1.8,-0.4411764705882352,0.6960784313725491,0.7221334814917701,1.2746592549890083
0.0,1.0,0.0,1.0,1.0,0.0,0.0,0.0,0.0,0.0,0.0,0.0,0.0,0.0,0.0,1.0,0.0,0.0,1.0,1.0,1.2307692307692308,-0.16666666666666666,0.0,-0.5,0.0,-0.5,2.3333333333333335,0.8333333333333334,0.0,-1.0,0.0,-1.0,-1.0,0.42857142857142855,0.8,2.0,0.8,0.8333333333333334,1.4814814814814814,0.19126328217237307,0.49867875378165905
0.0,1.0,1.0,0.0,0.0,0.0,1.0,0.0,0.0,0.0,0.0,0.0,0.0,0.0,1.0,0.0,0.0,1.0,0.0,0.0,-0.23076923076923078,-0.25,0.5,0.0,-1.0,-0.5,1.3333333333333333,1.1666666666666667,0.5,-1.0,-0.3333333333333333,0.0,0.0,-0.2857142857142857,-0.2,0.0,-0.4,-0.75,0.25000000000000006,-0.577331759149941,-0.6158444990462417
0.0,1.0,1.0,0.0,0.0,0.0,1.0,0.0,0.0,0.0,1.0,0.0,0.0,0.0,0.0,0.0,0.0,0.0,0.0,0.0,-0.6923076923076923,-0.5,-0.5,0.5,0.0,-0.5,-0.3333333333333333,-0.5,-0.5,0.0,-0.5555555555555556,-1.0,0.0,0.0,-0.2,-0.3333333333333333,0.2,0.4999999999999999,-0.3333333333333333,0.42266824085005905,-0.2583313310970004
0.0,1.0,1.0,0.0,1.0,0.0,0.0,0.0,0.0,0.0,0.0,0.0,0.0,0.0,0.0,0.0,0.0,0.0,1.0,0.0,-0.07692307692307693,0.75,0.0,0.5,-1.0,-0.5,-0.3333333333333333,0.8333333333333334,0.5,-1.0,0.1111111111111111,0.0,-2.0,0.8571428571428571,1.0,0.6666666666666666,0.0,-0.75,0.25000000000000006,0.6044864226682407,0.5165612482932362
0.0,1.0,0.0,1.0,0.0,1.0,0.0,0.0,0.0,0.0,0.0,0.0,0.0,0.0,0.0,0.0,1.0,0.0,1.0,1.0,-1.3076923076923077,1.25,-1.0,0.5,0.0,0.0,-0.3333333333333333,0.8333333333333334,0.5,-1.0,-1.1111111111111112,-1.0,-1.0,-0.7142857142857143,-0.6,-0.3333333333333333,-0.6,-1.5,-0.3333333333333333,-1.395513577331759,-1.0427002479022813
1.0,0.0,1.0,0.0,1.0,0.0,0.0,0.0,0.0,0.0,0.0,0.0,1.0,0.0,0.0,0.0,0.0,0.0,0.0,0.0,0.0,-0.25,-0.5,0.5,0.0,-0.5,1.6666666666666667,-0.16666666666666666,-0.5,2.0,0.8888888888888888,0.0,0.0,-0.14285714285714285,-0.2,-0.3333333333333333,-0.2,-0.29999999999999993,-0.3333333333333333,-0.9361834337910893,0.02378507998222537
0.0,1.0,1.0,0.0,0.0,0.0,0.0,0.0,1.0,0.0,0.0,0.0,0.0,0.0,1.0,0.0,0.0,1.0,0.0,0.0,0.6923076923076923,1.75,0.0,0.5,0.0,0.5,0.6666666666666666,1.0,0.5,0.0,-0.2222222222222222,0.0,0.0,0.0,0.2,-0.3333333333333333,0.0,0.0,-0.3333333333333333,-0.183392365210547,-0.812914092157428
1.0,0.0,1.0,0.0,1.0,0.0,0.0,0.0,0.0,0.0,1.0,0.0,0.0,0.0,0.0,0.0,0.0,0.0,1.0,1.0,-0.15384615384615385,0.0,0.0,-1.0,-2.0,0.0,-0.3333333333333333,1.6666666666666667,0.5,-1.0,-0.1111111111111111,0.0,0.0,0.5714285714285714,0.8,-0.3333333333333333,0.6,0.29999999999999993,-0.3333333333333333,0.5681227863046044,0.18454288754045828
0.0,1.0,1.0,0.0,1.0,0.0,0.0,0.0,0.0,0.0,0.0,0.0,0.0,0.0,0.0,0.0,0.0,1.0,0.0,0.0,-0.5384615384615384,-0.5,0.0,-1.0,0.0,-1.0,-0.6666666666666666,-0.3333333333333333,-1.0,0.0,-0.4444444444444444,2.0,-1.0,0.0,0.0,-0.3333333333333333,-0.2,-0.5000000000000001,-0.3333333333333333,0.16292798110979928,0.06769639376410211
0.0,1.0,1.0,0.0,1.0,0.0,0.0,0.0,0.0,0.0,0.0,0.0,0.0,0.0,1.0,0.0,0.0,0.0,1.0,0.0,-0.15384615384615385,-0.5,0.5,-0.5,1.0,0.5,0.0,0.3333333333333333,0.0,-1.0,0.0,-1.0,0.0,-0.14285714285714285,-0.2,0.0,0.0,0.29999999999999993,0.1333333333333334,-0.602125147579693,-0.4025355551636597
0.0,1.0,0.0,1.0,0.0,1.0,0.0,0.0,0.0,0.0,0.0,0.0,0.0,0.0,0.0,1.0,0.0,0.0,0.0,1.0,0.38461538461538464,-0.25,-1.0,0.0,0.0,0.0,-0.6666666666666666,-0.16666666666666666,0.5,0.0,1.4444444444444444,0.0,1.0,2.4285714285714284,2.2,4.0,0.4,-0.8478260869565218,0.9855072463768115,0.6044864226682407,0.701285224954555
0.0,1.0,1.0,0.0,1.0,0.0,0.0,0.0,0.0,0.0,1.0,0.0,0.0,0.0,0.0,0.0,0.0,1.0,0.0,0.0,-0.38461538461538464,-0.4166666666666667,0.5,-0.5,0.0,0.0,-0.3333333333333333,0.0,0.5,0.0,-0.4444444444444444,-1.0,1.0,0.0,-0.2,-0.3333333333333333,0.0,0.0,-0.3333333333333333,0.16292798110979928,-0.34696708539298543
0.0,1.0,1.0,0.0,0.0,0.0,1.0,0.0,0.0,0.0,0.0,0.0,1.0,0.0,0.0,0.0,0.0,0.0,1.0,0.0,0.38461538461538464,0.0,-0.5,0.5,0.0,0.0,1.3333333333333333,0.0,-0.5,-1.0,-0.2222222222222222,3.0,0.0,-0.42857142857142855,-0.2,0.3333333333333333,-0.4,-0.5000000000000001,1.222222222222222,-0.9106650924832743,-0.000285585033741888
0.0,1.0,1.0,0.0,1.0,0.0,0.0,0.0,0.0,0.0,0.0,0.0,0.0,0.0,0.0,0.0,0.0,1.0,0.0,1.0,1.0,-0.08333333333333333,-1.0,0.0,-1.0,0.0,0.0,0.8333333333333334,-0.5,0.0,2.2222222222222223,0.0,0.0,1.4285714285714286,1.6,0.3333333333333333,1.8,0.75,-0.04166666666666665,-0.33979510225844534,0.9779277712852624
1.0,0.0,0.0,1.0,0.0,0.0,1.0,0.0,0.0,0.0,0.0,0.0,0.0,0.0,0.0,1.0,0.0,0.0,0.0,0.0,-0.3076923076923077,0.16666666666666666,-0.5,0.5,-2.0,0.5,-0.6666666666666666,0.5,0.5,2.0,-0.1111111111111111,-1.0,1.0,0.42857142857142855,0.8,-0.3333333333333333,0.8,0.8333333333333334,-0.3333333333333333,0.34994096812278636,-0.06632131384344457
1.0,0.0,0.0,1.0,1.0,0.0,0.0,0.0,0.0,0.0,0.0,0.0,0.0,0.0,0.0,1.0,0.0,1.0,0.0,0.0,0.5384615384615384,-0.4166666666666667,0.5,-1.0,0.0,0.5,-0.3333333333333333,1.0,0.0,0.0,-0.3333333333333333,2.0,0.0,0.2857142857142857,0.8,2.0,0.8,1.125,1.7083333333333335,0.5135773317591499,0.1198008016621221
0.0,1.0,1.0,0.0,1.0,0.0,0.0,0.0,0.0,0.0,1.0,0.0,0.0,0.0,0.0,0.0,0.0,0.0,1.0,1.0,0.3076923076923077,0.0,0.0,-1.0,0.0,-1.0,0.3333333333333333,0.0,-0.5,-1.0,0.0,0.0,-2.0,-0.14285714285714285,-0.2,-0.3333333333333333,0.0,0.29999999999999993,-0.3333333333333333,-0.602125147579693,-0.79784312421676
0.0,1.0,0.0,1.0,0.0,0.0,1.0,0.0,0.0,0.0,0.0,0.0,0.0,0.0,0.0,1.0,0.0,0.0,1.0,0.0,-0.6153846153846154,-0.16666666666666666,0.5,-1.0,0.0,0.5,-0.3333333333333333,0.0,-0.5,-1.0,-0.6666666666666666,0.0,0.0,-0.14285714285714285,-0.2,-0.3333333333333333,-0.2,-0.29999999999999993,-0.3333333333333333,0.34994096812278636,-0.018552004587272863
0.0,1.0,1.0,0.0,0.0,0.0,0.0,1.0,0.0,0.0,0.0,0.0,1.0,0.0,0.0,0.0,0.0,1.0,0.0,0.0,0.0,-0.5,0.0,0.0,0.0,-0.5,-0.6666666666666666,0.16666666666666666,-1.0,0.0,0.0,-1.0,0.0,0.5714285714285714,0.8,-0.3333333333333333,0.4,0.0,-0.3333333333333333,0.38961038961038963,0.04162957995296028
0.0,1.0,1.0,0.0,1.0,0.0,0.0,0.0,0.0,0.0,1.0,0.0,0.0,0.0,0.0,0.0,0.0,1.0,0.0,1.0,0.6153846153846154,0.08333333333333333,0.5,-1.0,1.0,0.5,0.0,1.6666666666666667,0.0,0.0,0.0,-1.0,-1.0,-0.2857142857142857,-0.2,-0.3333333333333333,-0.2,0.0,-0.3333333333333333,-0.8004722550177096,-0.5471681725106302
0.0,1.0,1.0,0.0,1.0,0.0,0.0,0.0,0.0,0.0,1.0,0.0,0.0,0.0,0.0,0.0,0.0,0.0,1.0,0.0,0.0,0.0,0.0,-1.0,0.0,-0.5,0.0,-0.5,0.0,-1.0,0.5555555555555556,1.0,0.0,-0.14285714285714285,0.0,0.0,0.0,0.29999999999999993,0.1333333333333334,-0.8500590318772137,-0.8676224659563629
0.0,1.0,1.0,0.0,0.0,0.0,1.0,0.0,0.0,0.0,0.0,0.0,1.0,0.0,0.0,0.0,0.0,0.0,0.0,0.0,-0.6153846153846154,-0.3333333333333333,0.0,0.5,0.0,-0.5,-0.6666666666666666,0.5,-0.5,2.0,0.0,0.0,-1.0,0.5714285714285714,0.8,0.0,0.8,0.5999999999999999,-0.09999999999999998,0.38961038961038963,0.40497845127552273
0.0,1.0,0.0,1.0,1.0,0.0,0.0,0.0,0.0,0.0,0.0,0.0,0.0,0.0,0.0,0.0,1.0,0.0,1.0,0.0,-1.1538461538461537,0.4166666666666667,0.0,0.0,1.0,-0.5,-0.3333333333333333,0.16666666666666666,0.5,-1.0,-1.0,-3.0,0.0,-0.5714285714285714,-0.6,-0.3333333333333333,-0.6,-1.5,-0.3333333333333333,-0.30460448642266824,-0.5822898196395114
1.0,0.0,0.0,0.0,0.0,0.0,0.0,0.0,0.0,1.0,0.0,0.0,0.0,0.0,0.0,0.0,0.0,0.0,0.0,0.0,-0.46153846153846156,0.08333333333333333,0.0,0.0,-1.0,0.5,1.3333333333333333,-0.5,0.0,0.0,-0.4444444444444444,-3.0,-1.0,-0.14285714285714285,-0.2,0.0,-0.2,-0.29999999999999993,0.1333333333333334,-0.14876033057851248,-0.7917060463349003
0.0,1.0,0.0,1.0,0.0,0.0,0.0,0.0,1.0,0.0,0.0,0.0,0.0,0.0,0.0,1.0,0.0,0.0,1.0,0.0,-0.7692307692307693,0.08333333333333333,0.0,0.5,-1.0,-1.0,1.3333333333333333,0.5,0.0,-1.0,-0.4444444444444444,-1.0,-1.0,-0.14285714285714285,0.0,0.0,-0.2,-0.29999999999999993,0.1333333333333334,-0.14876033057851248,0.05932499711245008
0.0,0.0,1.0,0.0,1.0,0.0,0.0,0.0,0.0,0.0,0.0,0.0,0.0,0.0,0.0,0.0,0.0,1.0,0.0,0.0,0.3076923076923077,0.16666666666666666,1.0,0.5,-1.0,0.5,2.3333333333333335,0.0,0.5,0.0,-0.5555555555555556,2.0,-2.0,-0.2857142857142857,-0.2,-0.3333333333333333,-0.2,0.0,-0.3333333333333333,-0.30460448642266824,-0.02478458583108903
0.0,0.0,1.0,0.0,1.0,0.0,0.0,0.0,0.0,0.0,1.0,0.0,0.0,0.0,0.0,0.0,0.0,1.0,0.0,0.0,-0.9230769230769231,-0.25,-1.0,-1.0,-1.0,0.5,-0.6666666666666666,0.5,0.5,-1.0,-0.4444444444444444,-1.0,-1.0,0.0,-0.2,0.6666666666666666,0.2,0.4999999999999999,0.8333333333333334,0.16292798110979928,-0.43744127977356323
0.0,1.0,1.0,0.0,0.0,0.0,1.0,0.0,0.0,0.0,0.0,0.0,0.0,0.0,1.0,0.0,0.0,0.0,1.0,0.0,-0.07692307692307693,-0.5,0.0,-0.5,-1.0,0.0,-0.3333333333333333,0.6666666666666666,-1.0,-1.0,-0.4444444444444444,0.0,0.0,0.14285714285714285,0.2,-0.3333333333333333,0.2,0.2142857142857142,-0.3333333333333333,0.4746162927981108,-0.5334074522183486
0.0,1.0,1.0,0.0,0.0,0.0,1.0,0.0,0.0,0.0,0.0,0.0,0.0,0.0,1.0,0.0,0.0,1.0,0.0,1.0,0.07692307692307693,0.0,0.5,0.5,0.0,-1.0,1.0,1.3333333333333333,0.0,0.0,0.6666666666666666,-1.0,0.0,0.0,0.0,-0.3333333333333333,0.2,0.4999999999999999,-0.3333333333333333,-0.753802347385235,-0.1481116948639872
1.0,0.0,1.0,0.0,0.0,0.0,1.0,0.0,0.0,0.0,0.0,0.0,0.0,0.0,0.0,0.0,0.0,1.0,0.0,1.0,-0.7692307692307693,0.3333333333333333,-0.5,-1.0,0.0,-1.0,-0.3333333333333333,-0.16666666666666666,0.0,0.0,-0.5555555555555556,0.0,0.0,0.0,0.0,0.6666666666666666,0.0,0.0,0.8333333333333334,0.42266824085005905,-0.05153644654520843
0.0,1.0,0.0,1.0,0.0,0.0,1.0,0.0,0.0,0.0,0.0,0.0,0.0,0.0,0.0,1.0,0.0,0.0,1.0,0.0,0.7692307692307693,0.16666666666666666,-0.5,0.0,-1.0,0.5,-0.3333333333333333,0.3333333333333333,0.5,-1.0,-0.1111111111111111,0.0,0.0,0.5714285714285714,1.0,1.0,0.8,0.5999999999999999,0.6000000000000001,0.5681227863046044,0.6225997623528792
0.0,1.0,0.0,1.0,0.0,0.0,1.0,0.0,0.0,0.0,0.0,0.0,0.0,0.0,0.0,1.0,0.0,0.0,1.0,0.0,-0.6153846153846154,-0.16666666666666666,0.0,0.5,0.0,-1.0,-0.6666666666666666,0.6666666666666666,0.5,-1.0,-0.4444444444444444,1.0,0.0,0.0,0.2,0.0,0.0,0.0,0.05555555555555555,0.16292798110979928,0.5005947798417968
0.0,1.0,1.0,0.0,0.0,0.0,0.0,0.0,1.0,0.0,1.0,0.0,0.0,0.0,0.0,0.0,0.0,0.0,0.0,1.0,-0.5384615384615384,0.0,0.0,-0.5,0.0,0.0,0.3333333333333333,-0.16666666666666666,-1.0,1.0,0.0,-1.0,0.0,0.2857142857142857,0.8,2.0,0.8,1.125,1.7083333333333335,-0.00708382526564351,-0.3855507115305294
0.0,1.0,1.0,0.0,1.0,0.0,0.0,0.0,0.0,0.0,1.0,0.0,0.0,0.0,0.0,0.0,0.0,0.0,1.0,0.0,0.0,-0.25,0.5,-1.0,-1.0,0.5,-0.3333333333333333,0.3333333333333333,0.0,-1.0,0.0,-1.0,-1.0,0.7142857142857143,0.2,0.0,1.0,0.6818181818181819,-0.12121212121212119,0.5879574970484059,0.14220187237565993
0.0,1.0,1.0,0.0,0.0,0.0,1.0,0.0,0.0,0.0,1.0,0.0,0.0,0.0,0.0,0.0,0.0,0.0,1.0,0.0,-0.46153846153846156,0.16666666666666666,-0.5,0.5,-1.0,0.0,-0.3333333333333333,-0.16666666666666666,-1.0,-1.0,0.0,2.0,0.0,0.7142857142857143,-0.6,0.0,1.0,0.6818181818181819,-0.12121212121212119,0.5879574970484059,-0.7804124191996871
1.0,0.0,1.0,0.0,1.0,0.0,0.0,0.0,0.0,0.0,0.0,0.0,0.0,0.0,1.0,0.0,0.0,0.0,0.0,0.0,-0.5384615384615384,-0.5,0.5,-0.5,-2.0,0.5,-0.3333333333333333,0.6666666666666666,0.5,0.0,0.0,2.0,0.0,0.7142857142857143,0.8,0.3333333333333333,1.0,0.6818181818181819,0.09090909090909094,0.5879574970484059,-0.5808878374387852
0.0,1.0,1.0,0.0,1.0,0.0,0.0,0.0,0.0,0.0,0.0,0.0,0.0,0.0,0.0,0.0,0.0,0.0,0.0,0.0,-0.5384615384615384,1.8333333333333333,-1.0,0.5,-2.0,0.0,2.0,0.5,0.5,1.0,0.1111111111111111,0.0,0.0,0.2857142857142857,-0.6,0.0,0.6,0.75,-0.04166666666666665,-0.12278630460448638,0.23197308337838454
0.0,1.0,0.0,1.0,1.0,0.0,0.0,0.0,0.0,0.0,0.0,0.0,0.0,0.0,0.0,0.0,1.0,1.0,0.0,1.0,-0.15384615384615385,0.25,0.5,0.0,0.0,0.0,-0.3333333333333333,0.8333333333333334,0.5,0.0,-1.0,-1.0,0.0,-0.5714285714285714,-0.4,-0.3333333333333333,-0.6,-1.5,-0.3333333333333333,-0.30460448642266824,-0.7743862197127209
0.0,1.0,1.0,0.0,1.0,0.0,0.0,0.0,0.0,0.0,0.0,0.0,1.0,0.0,0.0,0.0,0.0,1.0,0.0,0.0,-0.3076923076923077,-0.25,0.0,0.0,-1.0,0.0,-0.3333333333333333,-0.3333333333333333,0.0,0.0,0.4444444444444444,0.0,0.0,1.2857142857142858,2.0,1.6666666666666667,1.0,0.09999999999999998,0.6000000000000001,0.6408500590318772,0.19824859135389022
0.0,1.0,0.0,0.0,0.0,0.0,0.0,0.0,1.0,1.0,0.0,0.0,0.0,0.0,0.0,0.0,0.0,0.0,0.0,1.0,0.46153846153846156,-0.4166666666666667,-1.0,0.0,0.0,0.0,-0.6666666666666666,-0.5,0.0,0.0,-0.6666666666666666,2.0,0.0,-0.2857142857142857,-0.2,0.0,-0.6,-1.5,0.25000000000000006,-0.08642266824085014,-0.589330835998228
0.0,1.0,1.0,0.0,0.0,0.0,1.0,0.0,0.0,0.0,1.0,0.0,0.0,0.0,0.0,0.0,0.0,1.0,0.0,0.0,-0.46153846153846156,-0.5,-0.5,0.5,0.0,-0.5,-0.3333333333333333,-0.16666666666666666,0.0,-1.0,0.2222222222222222,3.0,-1.0,1.0,1.0,0.0,0.8,0.11538461538461531,-0.15384615384615383,0.6184724366542549,-0.27546206240463406
0.0,1.0,0.0,1.0,0.0,1.0,0.0,0.0,0.0,0.0,0.0,0.0,0.0,0.0,0.0,1.0,0.0,1.0,0.0,0.0,0.9230769230769231,-0.4166666666666667,1.0,-0.5,0.0,0.5,0.0,0.0,-1.0,0.0,0.4444444444444444,-1.0,0.0,0.5714285714285714,0.8,1.6666666666666667,0.8,0.5999999999999999,1.0666666666666667,-0.08642266824085014,-0.20139373721846962
0.0,1.0,1.0,0.0,1.0,0.0,0.0,0.0,0.0,0.0,0.0,0.0,0.0,0.0,1.0,0.0,0.0,0.0,1.0,1.0,0.15384615384615385,-0.4166666666666667,0.0,0.5,0.0,0.5,1.0,-0.5,0.0,-1.0,-0.4444444444444444,0.0,0.0,-0.2857142857142857,-0.2,0.0,-0.2,0.0,0.25000000000000006,-0.46044864226682414,-0.22689749844427198
0.0,1.0,1.0,0.0,0.0,0.0,0.0,0.0,1.0,0.0,1.0,0.0,0.0,0.0,0.0,0.0,0.0,0.0,1.0,0.0,-0.3076923076923077,-0.4166666666666667,-1.0,0.5,-1.0,-1.0,0.6666666666666666,-0.16666666666666666,0.5,-1.0,-0.1111111111111111,2.0,0.0,0.14285714285714285,-0.2,-0.3333333333333333,0.2,0.2142857142857142,-0.3333333333333333,-0.08642266824085014,-0.7934554680819177
0.0,1.0,0.0,1.0,0.0,1.0,0.0,0.0,0.0,0.0,0.0,0.0,0.0,0.0,0.0,1.0,0.0,1.0,0.0,0.0,-0.07692307692307693,0.75,0.0,0.0,0.0,-0.5,-0.6666666666666666,0.16666666666666666,0.0,1.0,0.2222222222222222,0.0,-1.0,0.8571428571428571,1.2,1.6666666666666667,1.2,0.75,0.8333333333333334,0.4506402688220869,0.4493628183908479
0.0,1.0,0.0,0.0,1.0,0.0,0.0,0.0,0.0,1.0,0.0,0.0,0.0,0.0,0.0,0.0,0.0,0.0,0.0,1.0,0.6153846153846154,-0.5,0.0,0.0,0.0,0.5,0.6666666666666666,0.6666666666666666,-1.0,2.0,-0.2222222222222222,-1.0,0.0,-0.42857142857142855,-0.2,0.3333333333333333,-0.2,0.4999999999999999,1.222222222222222,-0.9106650924832743,-0.42755004188105344
0.0,1.0,1.0,0.0,1.0,0.0,0.0,0.0,0.0,0.0,0.0,0.0,0.0,0.0,1.0,0.0,0.0,1.0,0.0,0.0,1.6153846153846154,-0.5,-0.5,-0.5,1.0,0.0,-0.6666666666666666,1.6666666666666667,-1.0,0.0,0.3333333333333333,-1.0,-1.0,1.0,1.2,0.3333333333333333,1.0,0.34615384615384626,0.025641025641025682,0.4746162927981108,-0.02010633272644071
0.0,1.0,1.0,0.0,0.0,0.0,1.0,0.0,0.0,0.0,0.0,0.0,0.0,0.0,1.0,0.0,0.0,1.0,0.0,1.0,-0.15384615384615385,-0.4166666666666667,0.5,0.5,1.0,0.5,-0.6666666666666666,0.0,-1.0,2.0,-0.4444444444444444,0.0,0.0,0.0,-0.6,0.0,-0.2,-0.5000000000000001,0.05555555555555555,0.16292798110979928,-0.5093879526564822
0.0,1.0,0.0,1.0,0.0,1.0,0.0,0.0,0.0,0.0,0.0,0.0,0.0,0.0,0.0,1.0,0.0,1.0,0.0,0.0,1.0,0.3333333333333333,0.0,0.0,0.0,0.5,-0.3333333333333333,0.6666666666666666,-1.0,1.0,-0.1111111111111111,0.0,1.0,0.5714285714285714,1.0,2.0,0.8,0.5999999999999999,1.3,0.5681227863046044,0.40485396597339696
0.0,0.0,1.0,0.0,0.0,0.0,1.0,0.0,0.0,0.0,0.0,0.0,0.0,0.0,1.0,0.0,0.0,0.0,0.0,1.0,0.15384615384615385,-0.08333333333333333,0.0,-0.5,-2.0,0.5,1.6666666666666667,-0.3333333333333333,0.5,2.0,0.7777777777777778,0.0,0.0,1.1428571428571428,1.6,0.0,1.2,0.4285714285714287,-0.16666666666666666,0.18024399842581654,0.05986154431386239
0.0,1.0,1.0,0.0,0.0,0.0,1.0,0.0,0.0,0.0,0.0,1.0,0.0,0.0,0.0,0.0,0.0,1.0,0.0,0.0,0.3076923076923077,-0.25,-1.0,0.5,0.0,0.0,-0.3333333333333333,0.0,-0.5,0.0,1.2222222222222223,-1.0,0.0,2.142857142857143,1.0,2.6666666666666665,1.2,-0.21428571428571436,0.6666666666666666,0.5879574970484059,1.2729084788087301
0.0,1.0,1.0,0.0,0.0,0.0,1.0,0.0,0.0,0.0,0.0,1.0,0.0,0.0,0.0,0.0,0.0,0.0,0.0,0.0,1.3076923076923077,0.0,-0.5,0.5,0.0,0.0,0.3333333333333333,0.6666666666666666,-0.5,0.0,1.7777777777777777,3.0,0.0,0.2857142857142857,0.8,1.0,0.8,1.125,0.8333333333333334,-0.8298570116751935,1.2512859250170296
0.0,1.0,1.0,0.0,1.0,0.0,0.0,0.0,0.0,0.0,0.0,0.0,0.0,0.0,1.0,0.0,0.0,0.0,1.0,0.0,-0.5384615384615384,1.3333333333333333,0.0,0.5,0.0,0.5,2.3333333333333335,0.3333333333333333,0.5,-1.0,-0.4444444444444444,1.0,0.0,-0.2857142857142857,-0.2,0.0,-0.2,0.0,0.25000000000000006,-0.46044864226682414,-0.7825739017072977
1.0,0.0,1.0,0.0,0.0,0.0,1.0,0.0,0.0,0.0,0.0,0.0,0.0,0.0,1.0,0.0,0.0,0.0,0.0,1.0,0.6153846153846154,-0.5,-0.5,0.0,0.0,-0.5,-0.3333333333333333,-0.3333333333333333,0.0,2.0,-0.4444444444444444,-1.0,-1.0,0.0,0.0,0.3333333333333333,0.0,0.0,0.4444444444444444,0.16292798110979928,-0.7234250601606416
1.0,0.0,0.0,1.0,1.0,0.0,0.0,0.0,0.0,0.0,0.0,0.0,0.0,0.0,0.0,1.0,0.0,1.0,0.0,0.0,-0.23076923076923078,-0.16666666666666666,-1.0,-0.5,0.0,0.5,1.3333333333333333,-0.16666666666666666,-1.0,-1.0,-0.2222222222222222,-1.0,1.0,0.0,0.2,0.0,-0.2,-0.5000000000000001,0.05555555555555555,-0.183392365210547,0.6594243599020697
0.0,1.0,1.0,0.0,0.0,0.0,1.0,0.0,0.0,0.0,0.0,0.0,0.0,0.0,0.0,0.0,0.0,1.0,0.0,0.0,0.6153846153846154,0.0,0.5,-1.0,-1.0,0.5,0.3333333333333333,0.0,0.5,0.0,1.5555555555555556,1.0,0.0,2.4285714285714284,0.6,1.3333333333333333,2.8,0.7173913043478259,0.1739130434782609,0.5244864226682407,0.6829586758922837
0.0,1.0,1.0,0.0,1.0,0.0,0.0,0.0,0.0,0.0,0.0,0.0,1.0,0.0,0.0,0.0,0.0,0.0,1.0,0.0,-0.23076923076923078,1.5,0.0,0.5,-1.0,-0.5,-0.3333333333333333,-0.16666666666666666,0.5,-1.0,-0.5555555555555556,-1.0,0.0,0.0,0.0,-0.3333333333333333,-0.2,-0.5000000000000001,-0.3333333333333333,0.42266824085005905,-0.14013862947668973
1.0,0.0,0.0,0.0,0.0,0.0,0.0,0.0,0.0,1.0,0.0,0.0,0.0,0.0,0.0,0.0,0.0,1.0,0.0,0.0,-0.6923076923076923,1.25,0.0,-1.0,-1.0,-0.5,-0.3333333333333333,-0.3333333333333333,-1.0,-1.0,-1.0,-1.0,0.0,-0.5714285714285714,-0.6,-0.3333333333333333,-0.6,-1.5,-0.3333333333333333,-0.30460448642266824,-0.5320755201649626
0.0,1.0,0.0,1.0,0.0,0.0,1.0,0.0,0.0,0.0,0.0,0.0,0.0,0.0,0.0,1.0,0.0,0.0,0.0,1.0,-0.5384615384615384,-0.16666666666666666,0.0,-1.0,-1.0,-0.5,-0.3333333333333333,-0.16666666666666666,-0.5,0.0,0.0,0.0,-1.0,0.7142857142857143,-0.6,-0.3333333333333333,1.2,0.9545454545454547,-0.3333333333333333,0.5879574970484059,-0.16993271928377068
0.0,0.0,1.0,0.0,1.0,0.0,0.0,0.0,0.0,0.0,0.0,0.0,0.0,0.0,1.0,0.0,0.0,0.0,1.0,0.0,-1.3846153846153846,-0.16666666666666666,-0.5,-0.5,0.0,0.5,-0.3333333333333333,0.16666666666666666,0.5,-1.0,-1.1111111111111112,-1.0,0.0,-0.7142857142857143,-0.6,-0.3333333333333333,-0.6,-1.5,-0.3333333333333333,-1.395513577331759,-1.4865271514533704
0.0,1.0,0.0,1.0,0.0,1.0,0.0,0.0,0.0,0.0,0.0,0.0,0.0,0.0,0.0,1.0,0.0,0.0,1.0,0.0,0.5384615384615384,-0.25,0.5,0.5,-1.0,0.5,0.3333333333333333,0.0,0.5,-1.0,1.4444444444444444,0.0,1.0,2.2857142857142856,0.8,4.666666666666667,2.8,0.8181818181818181,1.2575757575757573,0.5135773317591499,0.6813766284712797
0.0,1.0,1.0,0.0,0.0,0.0,0.0,0.0,1.0,0.0,0.0,0.0,1.0,0.0,0.0,0.0,0.0,0.0,0.0,0.0,-0.5384615384615384,1.0,0.0,0.5,0.0,0.5,0.6666666666666666,-0.3333333333333333,-0.5,1.0,-0.2222222222222222,-1.0,1.0,-0.2857142857142857,-0.2,0.0,-0.2,0.0,0.25000000000000006,-0.6682408500590319,-0.15301716639699453
0.0,1.0,1.0,0.0,0.0,0.0,1.0,0.0,0.0,0.0,0.0,0.0,1.0,0.0,0.0,0.0,0.0,1.0,0.0,0.0,-0.3076923076923077,-0.3333333333333333,0.5,0.0,0.0,-1.0,-0.3333333333333333,-0.3333333333333333,0.0,0.0,-0.2222222222222222,-1.0,1.0,0.42857142857142855,0.8,1.6666666666666667,0.0,-0.5000000000000001,1.222222222222222,0.54388036206218,0.28155669422267693
0.0,1.0,0.0,1.0,0.0,1.0,0.0,0.0,0.0,0.0,0.0,0.0,0.0,0.0,0.0,1.0,0.0,0.0,0.0,1.0,1.0769230769230769,1.75,0.0,0.5,-1.0,-1.0,0.6666666666666666,-0.16666666666666666,-0.5,0.0,1.1111111111111112,0.0,0.0,-0.2857142857142857,-0.2,0.3333333333333333,-0.6,-1.5,0.8333333333333334,-1.0838252656434475,0.7377042340115517
1.0,0.0,0.0,1.0,1.0,0.0,0.0,0.0,0.0,0.0,0.0,0.0,0.0,0.0,0.0,0.0,1.0,0.0,1.0,1.0,-0.38461538461538464,-0.5,0.0,0.5,0.0,-0.5,-0.3333333333333333,-0.5,-1.0,-1.0,-0.7777777777777778,-1.0,1.0,-0.2857142857142857,-0.2,0.3333333333333333,-0.2,0.0,0.8333333333333334,0.24085005903187715,-0.739835232815306
0.0,1.0,1.0,0.0,1.0,0.0,0.0,0.0,0.0,0.0,0.0,0.0,0.0,0.0,0.0,0.0,0.0,0.0,0.0,0.0,0.3076923076923077,-0.5,0.0,0.0,0.0,0.5,0.6666666666666666,0.5,0.5,0.0,0.2222222222222222,0.0,0.0,0.0,0.0,-0.3333333333333333,0.0,0.0,-0.3333333333333333,-0.5563527381709199,0.25103514110679387
0.0,1.0,1.0,0.0,1.0,0.0,0.0,0.0,0.0,0.0,0.0,0.0,0.0,0.0,0.0,0.0,0.0,1.0,0.0,0.0,-0.46153846153846156,-0.4166666666666667,0.0,0.0,-1.0,0.5,-0.3333333333333333,0.8333333333333334,-1.0,2.0,0.1111111111111111,0.0,0.0,0.8571428571428571,1.4,3.0,1.0,0.4999999999999999,1.6111111111111112,0.6044864226682407,-0.17793058495597694
0.0,1.0,0.0,1.0,1.0,0.0,0.0,0.0,0.0,0.0,0.0,0.0,0.0,0.0,0.0,1.0,0.0,1.0,0.0,1.0,-0.38461538461538464,-0.08333333333333333,0.5,-0.5,-2.0,0.0,0.6666666666666666,0.6666666666666666,-0.5,-1.0,0.2222222222222222,0.0,-1.0,0.2857142857142857,0.8,2.0,0.8,1.125,1.7083333333333335,-0.2206884025065844,0.19979365853582387
0.0,1.0,1.0,0.0,0.0,0.0,1.0,0.0,0.0,0.0,0.0,0.0,0.0,0.0,0.0,0.0,0.0,0.0,1.0,1.0,-0.07692307692307693,0.25,0.5,-1.0,0.0,0.0,0.3333333333333333,0.3333333333333333,0.0,-1.0,0.0,1.0,0.0,0.0,-0.2,-0.3333333333333333,0.2,0.4999999999999999,-0.3333333333333333,-0.40377804014167656,0.19515092170286727
0.0,1.0,1.0,0.0,1.0,0.0,0.0,0.0,0.0,0.0,0.0,0.0,0.0,0.0,1.0,0.0,0.0,1.0,0.0,0.0,-0.15384615384615385,-0.5,1.0,-0.5,0.0,0.5,-0.3333333333333333,-0.3333333333333333,0.5,0.0,0.0,1.0,-1.0,0.7142857142857143,1.2,2.3333333333333335,1.0,0.6818181818181819,1.363636363636364,0.5879574970484059,-0.59109924850988
0.0,0.0,1.0,0.0,1.0,0.0,0.0,0.0,0.0,0.0,1.0,0.0,0.0,0.0,0.0,0.0,0.0,1.0,0.0,0.0,-0.6153846153846154,-0.5,0.0,0.0,-2.0,0.5,-0.6666666666666666,-0.5,-1.0,2.0,0.0,3.0,0.0,0.5714285714285714,1.0,2.0,0.4,0.0,1.3,0.38961038961038963,0.2743030425060925
0.0,0.0,1.0,0.0,0.0,0.0,0.0,1.0,0.0,0.0,1.0,0.0,0.0,0.0,0.0,0.0,0.0,0.0,0.0,0.0,0.3076923076923077,0.16666666666666666,0.5,0.0,0.0,0.0,0.3333333333333333,-0.5,0.0,1.0,0.1111111111111111,-1.0,1.0,0.42857142857142855,0.8,-0.3333333333333333,0.8,0.8333333333333334,-0.3333333333333333,0.059031877213695266,-0.21943807035811988
0.0,1.0,0.0,1.0,1.0,0.0,0.0,0.0,0.0,0.0,0.0,1.0,0.0,0.0,0.0,0.0,0.0,0.0,1.0,0.0,0.7692307692307693,-0.5,0.5,0.5,1.0,-1.0,-0.3333333333333333,0.16666666666666666,-0.5,-1.0,1.8888888888888888,2.0,-2.0,3.0,-0.6,-0.3333333333333333,1.8,-0.16666666666666674,-0.3333333333333333,0.6304604486422668,1.1965278586208612
0.0,1.0,0.0,1.0,1.0,0.0,0.0,0.0,0.0,0.0,0.0,0.0,0.0,0.0,0.0,1.0,0.0,1.0,0.0,0.0,-0.7692307692307693,-0.5,0.0,0.0,0.0,0.0,-0.3333333333333333,0.5,-0.5,0.0,-0.2222222222222222,0.0,0.0,0.42857142857142855,0.8,2.0,0.8,0.8333333333333334,1.4814814814814814,0.54388036206218,0.05394284484160672
0.0,1.0,0.0,1.0,0.0,1.0,0.0,0.0,0.0,0.0,0.0,0.0,0.0,0.0,0.0,1.0,0.0,0.0,0.0,0.0,-0.46153846153846156,0.6666666666666666,-0.5,0.0,-1.0,-1.0,0.0,-0.5,-1.0,0.0,0.2222222222222222,-1.0,0.0,0.2857142857142857,0.8,0.0,0.8,1.125,-0.04166666666666665,-0.2206884025065844,0.33861474373512057
0.0,1.0,1.0,0.0,0.0,0.0,0.0,1.0,0.0,0.0,1.0,0.0,0.0,0.0,0.0,0.0,0.0,0.0,0.0,1.0,-0.07692307692307693,0.5833333333333334,0.5,0.0,-1.0,-0.5,-0.3333333333333333,1.6666666666666667,0.5,0.0,-0.5555555555555556,-1.0,-2.0,-0.14285714285714285,-0.2,-0.3333333333333333,-0.2,-0.29999999999999993,-0.3333333333333333,0.059031877213695266,-0.276733912625531
0.0,1.0,1.0,0.0,0.0,0.0,1.0,0.0,0.0,0.0,1.0,0.0,0.0,0.0,0.0,0.0,0.0,0.0,1.0,0.0,-0.3076923076923077,0.16666666666666666,0.0,-1.0,0.0,-1.0,1.6666666666666667,1.3333333333333333,-1.0,-1.0,0.0,-1.0,1.0,0.0,0.2,-0.3333333333333333,0.2,0.4999999999999999,-0.3333333333333333,-0.40377804014167656,-0.16697909575416936
0.0,1.0,1.0,0.0,0.0,0.0,0.0,1.0,0.0,0.0,0.0,0.0,1.0,0.0,0.0,0.0,0.0,1.0,0.0,0.0,-0.46153846153846156,1.0833333333333333,0.0,0.0,0.0,-1.0,-0.6666666666666666,0.16666666666666666,0.0,0.0,-0.3333333333333333,-2.0,-1.0,0.14285714285714285,-0.2,-0.3333333333333333,-0.2,-0.6428571428571429,-0.3333333333333333,0.24085005903187715,0.6555086469830244
0.0,1.0,0.0,1.0,0.0,0.0,0.0,0.0,1.0,0.0,0.0,0.0,0.0,0.0,0.0,1.0,0.0,1.0,0.0,0.0,-0.15384615384615385,0.08333333333333333,-0.5,-0.5,1.0,0.0,-0.3333333333333333,1.1666666666666667,0.0,1.0,0.0,2.0,0.0,0.7142857142857143,1.0,1.0,1.0,0.6818181818181819,0.5151515151515152,0.5879574970484059,0.2919843888205299
0.0,1.0,0.0,1.0,0.0,0.0,1.0,0.0,0.0,0.0,0.0,0.0,0.0,0.0,0.0,1.0,0.0,0.0,1.0,0.0,-0.07692307692307693,-0.5,0.0,-1.0,0.0,0.0,-0.3333333333333333,0.3333333333333333,0.5,-1.0,-0.5555555555555556,0.0,0.0,0.0,0.2,-0.3333333333333333,0.0,0.0,-0.3333333333333333,0.42266824085005905,-0.028112298546629357
0.0,1.0,0.0,1.0,0.0,1.0,0.0,0.0,0.0,0.0,0.0,0.0,0.0,0.0,0.0,1.0,0.0,1.0,0.0,0.0,0.3076923076923077,-0.4166666666666667,-0.5,-0.5,0.0,-0.5,0.3333333333333333,0.0,0.0,0.0,0.5555555555555556,1.0,0.0,0.8571428571428571,1.0,1.3333333333333333,1.4,1.0000000000000002,0.638888888888889,0.1044864226682408,0.12013654139752084
0.0,1.0,0.0,1.0,0.0,0.0,1.0,0.0,0.0,0.0,0.0,0.0,0.0,0.0,0.0,1.0,0.0,0.0,1.0,1.0,-0.15384615384615385,1.4166666666666667,0.5,-1.0,-1.0,-0.5,-0.6666666666666666,1.5,0.0,-1.0,0.6666666666666666,-1.0,1.0,1.4285714285714286,1.2,3.0,1.4,0.375,1.125,0.5296201125078129,-0.08051012029467323
0.0,1.0,1.0,0.0,1.0,0.0,0.0,0.0,0.0,0.0,0.0,0.0,0.0,0.0,1.0,0.0,0.0,0.0,0.0,0.0,0.15384615384615385,0.16666666666666666,-0.5,-0.5,0.0,0.5,0.0,0.8333333333333334,0.5,1.0,0.0,-3.0,1.0,0.0,-0.2,-0.3333333333333333,0.0,0.0,-0.3333333333333333,-0.40377804014167656,-0.045526353707519056
0.0,1.0,1.0,0.0,0.0,0.0,1.0,0.0,0.0,0.0,0.0,1.0,0.0,0.0,0.0,0.0,0.0,1.0,0.0,1.0,-0.46153846153846156,0.8333333333333334,0.5,-0.5,0.0,-1.0,-0.3333333333333333,1.5,0.5,1.0,-0.1111111111111111,-1.0,0.0,0.5714285714285714,-0.4,-0.3333333333333333,1.0,0.9000000000000001,-0.3333333333333333,0.5681227863046044,0.8266571371582804
0.0,1.0,0.0,1.0,0.0,1.0,0.0,0.0,0.0,0.0,0.0,0.0,0.0,0.0,0.0,1.0,0.0,1.0,0.0,1.0,0.7692307692307693,0.25,0.0,0.0,-1.0,0.5,0.0,0.8333333333333334,0.0,0.0,0.5555555555555556,0.0,0.0,-0.2857142857142857,-0.2,0.0,-0.2,0.0,0.25000000000000006,-0.98642266824085,0.566705028511495
0.0,1.0,1.0,0.0,1.0,0.0,0.0,0.0,0.0,0.0,0.0,0.0,0.0,1.0,0.0,0.0,0.0,1.0,0.0,0.0,1.1538461538461537,0.08333333333333333,0.5,-0.5,-1.0,-0.5,1.0,0.3333333333333333,0.5,1.0,0.6666666666666666,2.0,-2.0,0.7142857142857143,1.2,1.0,0.8,0.40909090909090906,0.5151515151515152,-0.11209111743871102,0.8714884453369253
0.0,1.0,1.0,0.0,0.0,0.0,1.0,0.0,0.0,0.0,0.0,0.0,0.0,0.0,1.0,0.0,0.0,0.0,1.0,0.0,-1.0,0.25,-1.0,-1.0,1.0,0.0,-0.3333333333333333,0.6666666666666666,0.5,-1.0,-0.8888888888888888,0.0,0.0,-0.42857142857142855,-0.2,-0.3333333333333333,-0.2,0.4999999999999999,-0.3333333333333333,0.059031877213695266,-0.33932560046103144
0.0,1.0,1.0,0.0,0.0,0.0,1.0,0.0,0.0,0.0,0.0,0.0,0.0,1.0,0.0,0.0,0.0,0.0,1.0,0.0,1.4615384615384615,0.5833333333333334,0.5,0.0,1.0,-0.5,2.0,-0.5,0.5,-1.0,2.888888888888889,0.0,0.0,2.7142857142857144,2.4,0.3333333333333333,2.4,0.29999999999999993,-0.14666666666666664,0.01971983790165612,1.2572086699617098
0.0,1.0,0.0,1.0,1.0,0.0,0.0,0.0,0.0,0.0,0.0,0.0,0.0,0.0,0.0,1.0,0.0,0.0,0.0,1.0,0.7692307692307693,-0.4166666666666667,0.0,0.0,0.0,0.5,0.6666666666666666,-0.3333333333333333,-0.5,0.0,0.3333333333333333,2.0,-1.0,0.7142857142857143,0.6,-0.3333333333333333,0.0,-0.6818181818181819,-0.3333333333333333,0.16292798110979928,0.6940519884149718
0.0,1.0,1.0,0.0,1.0,0.0,0.0,0.0,0.0,0.0,0.0,0.0,0.0,0.0,1.0,0.0,0.0,0.0,1.0,0.0,-0.46153846153846156,0.9166666666666666,0.0,-1.0,0.0,0.0,-0.3333333333333333,0.0,0.0,-1.0,-0.5555555555555556,1.0,-1.0,0.0,0.2,-0.3333333333333333,0.2,0.4999999999999999,-0.3333333333333333,0.42266824085005905,-0.6122181734032783
1.0,0.0,1.0,0.0,1.0,0.0,0.0,0.0,0.0,0.0,0.0,0.0,0.0,1.0,0.0,0.0,0.0,1.0,0.0,1.0,1.6923076923076923,0.6666666666666666,0.5,-1.0,0.0,0.0,0.0,0.0,-0.5,-1.0,1.4444444444444444,0.0,0.0,-0.42857142857142855,-0.2,0.3333333333333333,-0.2,0.4999999999999999,1.222222222222222,-1.2136953955135772,1.0947202057636047
0.0,1.0,1.0,0.0,0.0,0.0,0.0,0.0,1.0,0.0,0.0,1.0,0.0,0.0,0.0,0.0,0.0,1.0,0.0,0.0,1.1538461538461537,-0.3333333333333333,0.0,-1.0,0.0,0.0,0.0,-0.5,0.5,-1.0,0.5555555555555556,-1.0,0.0,-0.42857142857142855,-0.2,0.3333333333333333,-0.2,0.4999999999999999,1.222222222222222,-1.1227863046044864,0.9180906901347511
1.0,0.0,1.0,0.0,0.0,0.0,0.0,1.0,0.0,0.0,1.0,0.0,0.0,0.0,0.0,0.0,0.0,1.0,0.0,0.0,0.46153846153846156,-0.16666666666666666,-0.5,-0.5,0.0,0.0,0.6666666666666666,0.5,0.5,0.0,-0.2222222222222222,1.0,0.0,-0.42857142857142855,-0.2,0.3333333333333333,-0.6,-1.5,1.222222222222222,-0.9106650924832743,-0.8305000616944821
0.0,1.0,0.0,1.0,0.0,1.0,0.0,0.0,0.0,0.0,0.0,0.0,0.0,0.0,0.0,1.0,0.0,0.0,0.0,0.0,-0.38461538461538464,0.0,0.0,0.5,0.0,0.5,0.6666666666666666,-0.3333333333333333,0.5,2.0,0.3333333333333333,0.0,0.0,0.2857142857142857,0.8,0.0,0.8,1.125,-0.04166666666666665,-0.30460448642266824,0.39143919425014606
0.0,1.0,0.0,1.0,0.0,0.0,0.0,0.0,1.0,0.0,0.0,0.0,0.0,0.0,0.0,0.0,1.0,1.0,0.0,1.0,-0.15384615384615385,0.0,-0.5,-0.5,0.0,0.0,-0.6666666666666666,1.8333333333333333,-0.5,0.0,0.2222222222222222,1.0,0.0,0.8571428571428571,1.4,1.3333333333333333,0.8,0.2500000000000001,0.638888888888889,0.4506402688220869,-0.7373556202392962
0.0,1.0,1.0,0.0,1.0,0.0,0.0,0.0,0.0,0.0,0.0,1.0,0.0,0.0,0.0,0.0,0.0,1.0,0.0,0.0,1.8461538461538463,0.0,0.0,-1.0,0.0,-1.0,1.0,-0.5,0.5,-1.0,2.5555555555555554,2.0,-2.0,3.4285714285714284,1.0,3.3333333333333335,1.4,-0.5000000000000001,0.5222222222222223,0.4654489895131605,1.2992279942811709
0.0,1.0,1.0,0.0,0.0,0.0,1.0,0.0,0.0,0.0,1.0,0.0,0.0,0.0,0.0,0.0,0.0,0.0,1.0,0.0,0.07692307692307693,0.3333333333333333,0.0,-1.0,0.0,0.0,0.6666666666666666,0.6666666666666666,-1.0,-1.0,-0.2222222222222222,3.0,0.0,-0.2857142857142857,-0.2,-0.3333333333333333,-0.2,0.0,-0.3333333333333333,-0.6682408500590319,-0.30620240749572775
0.0,1.0,0.0,1.0,0.0,0.0,1.0,0.0,0.0,0.0,0.0,0.0,0.0,0.0,0.0,1.0,0.0,1.0,0.0,0.0,-0.07692307692307693,0.9166666666666666,0.5,-0.5,0.0,-1.0,-0.6666666666666666,0.3333333333333333,0.5,0.0,-0.4444444444444444,-1.0,-2.0,0.0,0.0,-0.3333333333333333,0.2,0.4999999999999999,-0.3333333333333333,0.16292798110979928,0.10046543755936897
0.0,0.0,1.0,0.0,0.0,0.0,1.0,0.0,0.0,0.0,0.0,0.0,1.0,0.0,0.0,0.0,0.0,1.0,0.0,0.0,0.7692307692307693,0.0,0.5,0.0,0.0,0.0,0.0,0.0,0.0,-1.0,-0.3333333333333333,-1.0,1.0,-0.5714285714285714,-0.6,-0.3333333333333333,-0.6,-1.5,-0.3333333333333333,-1.1227863046044864,0.047081524050266374
0.0,1.0,0.0,1.0,1.0,0.0,0.0,0.0,0.0,0.0,0.0,0.0,0.0,0.0,0.0,0.0,1.0,0.0,0.0,1.0,-1.0,0.0,0.0,0.0,0.0,0.5,-0.3333333333333333,1.1666666666666667,-0.5,0.0,-0.7777777777777778,-1.0,0.0,-0.2857142857142857,-0.2,-0.3333333333333333,-0.2,0.0,-0.3333333333333333,0.24085005903187715,-0.7510740287968924
0.0,1.0,0.0,1.0,1.0,0.0,0.0,0.0,0.0,0.0,0.0,0.0,0.0,0.0,0.0,1.0,0.0,0.0,0.0,0.0,0.15384615384615385,-0.4166666666666667,-0.5,-0.5,0.0,-1.0,0.3333333333333333,0.16666666666666666,0.5,0.0,0.1111111111111111,0.0,0.0,0.2857142857142857,0.8,0.0,0.8,1.125,-0.04166666666666665,-0.12278630460448638,0.30506795046353885
0.0,1.0,1.0,0.0,1.0,0.0,0.0,0.0,0.0,0.0,1.0,0.0,0.0,0.0,0.0,0.0,0.0,1.0,0.0,0.0,-1.0769230769230769,0.08333333333333333,-1.0,-0.5,-2.0,-1.0,-0.3333333333333333,0.16666666666666666,-1.0,0.0,-0.6666666666666666,0.0,-1.0,-0.14285714285714285,0.0,0.0,-0.4,-0.9,0.1333333333333334,0.34994096812278636,-0.6800905049634811
0.0,1.0,1.0,0.0,0.0,0.0,0.0,1.0,0.0,0.0,0.0,0.0,0.0,0.0,1.0,0.0,0.0,1.0,0.0,1.0,0.0,-0.4166666666666667,0.5,0.5,0.0,-0.5,0.6666666666666666,1.3333333333333333,0.5,0.0,0.5555555555555556,-1.0,0.0,-0.5714285714285714,-0.6,-0.3333333333333333,-0.6,-1.5,-0.3333333333333333,-1.2591499409681228,0.3145588001840303
1.0,0.0,0.0,1.0,1.0,0.0,0.0,0.0,0.0,0.0,0.0,0.0,0.0,0.0,0.0,1.0,0.0,0.0,0.0,0.0,0.23076923076923078,1.0833333333333333,0.0,0.0,0.0,0.5,0.0,0.6666666666666666,0.5,0.0,-0.3333333333333333,3.0,0.0,-0.42857142857142855,-0.4,0.3333333333333333,-0.2,0.4999999999999999,1.222222222222222,-0.8500590318772137,-0.183684721680569
